DateTime,Date,Time,Currency,Impact,Event
2011-01-06T13:30:00+00:00,2011-01-06,13:30,USD,High Impact Expected,Initial Jobless Claims
2011-01-07T13:30:00+00:00,2011-01-07,13:30,USD,High Impact Expected,Non-Farm Employment Change
2011-01-13T13:30:00+00:00,2011-01-13,13:30,USD,High Impact Expected,CPI m/m
2011-01-13T13:30:00+00:00,2011-01-13,13:30,USD,High Impact Expected,Initial Jobless Claims
2011-01-20T13:30:00+00:00,2011-01-20,13:30,USD,High Impact Expected,Initial Jobless Claims
2011-01-26T19:00:00+00:00,2011-01-26,19:00,USD,High Impact Expected,FOMC Statement
2011-01-27T13:30:00+00:00,2011-01-27,13:30,USD,High Impact Expected,Initial Jobless Claims
2011-01-28T13:30:00+00:00,2011-01-28,13:30,USD,High Impact Expected,Core PCE m/m
2011-02-03T13:30:00+00:00,2011-02-03,13:30,USD,High Impact Expected,Initial Jobless Claims
2011-02-04T13:30:00+00:00,2011-02-04,13:30,USD,High Impact Expected,Non-Farm Employment Change
2011-02-10T13:30:00+00:00,2011-02-10,13:30,USD,High Impact Expected,Initial Jobless Claims
2011-02-14T13:30:00+00:00,2011-02-14,13:30,USD,High Impact Expected,CPI m/m
2011-02-17T13:30:00+00:00,2011-02-17,13:30,USD,High Impact Expected,Initial Jobless Claims
2011-02-24T13:30:00+00:00,2011-02-24,13:30,USD,High Impact Expected,Initial Jobless Claims
2011-02-25T13:30:00+00:00,2011-02-25,13:30,USD,High Impact Expected,Core PCE m/m
2011-03-03T13:30:00+00:00,2011-03-03,13:30,USD,High Impact Expected,Initial Jobless Claims
2011-03-04T13:30:00+00:00,2011-03-04,13:30,USD,High Impact Expected,Non-Farm Employment Change
2011-03-10T13:30:00+00:00,2011-03-10,13:30,USD,High Impact Expected,Initial Jobless Claims
2011-03-14T13:30:00+00:00,2011-03-14,13:30,USD,High Impact Expected,CPI m/m
2011-03-15T19:00:00+00:00,2011-03-15,19:00,USD,High Impact Expected,FOMC Statement
2011-03-17T13:30:00+00:00,2011-03-17,13:30,USD,High Impact Expected,Initial Jobless Claims
2011-03-24T13:30:00+00:00,2011-03-24,13:30,USD,High Impact Expected,Initial Jobless Claims
2011-03-25T13:30:00+00:00,2011-03-25,13:30,USD,High Impact Expected,Core PCE m/m
2011-03-31T13:30:00+00:00,2011-03-31,13:30,USD,High Impact Expected,Initial Jobless Claims
2011-04-01T13:30:00+00:00,2011-04-01,13:30,USD,High Impact Expected,Non-Farm Employment Change
2011-04-07T13:30:00+00:00,2011-04-07,13:30,USD,High Impact Expected,Initial Jobless Claims
2011-04-13T13:30:00+00:00,2011-04-13,13:30,USD,High Impact Expected,CPI m/m
2011-04-14T13:30:00+00:00,2011-04-14,13:30,USD,High Impact Expected,Initial Jobless Claims
2011-04-21T13:30:00+00:00,2011-04-21,13:30,USD,High Impact Expected,Initial Jobless Claims
2011-04-27T19:00:00+00:00,2011-04-27,19:00,USD,High Impact Expected,FOMC Statement
2011-04-28T13:30:00+00:00,2011-04-28,13:30,USD,High Impact Expected,Initial Jobless Claims
2011-04-29T13:30:00+00:00,2011-04-29,13:30,USD,High Impact Expected,Core PCE m/m
2011-05-05T13:30:00+00:00,2011-05-05,13:30,USD,High Impact Expected,Initial Jobless Claims
2011-05-06T13:30:00+00:00,2011-05-06,13:30,USD,High Impact Expected,Non-Farm Employment Change
2011-05-12T13:30:00+00:00,2011-05-12,13:30,USD,High Impact Expected,Initial Jobless Claims
2011-05-13T13:30:00+00:00,2011-05-13,13:30,USD,High Impact Expected,CPI m/m
2011-05-19T13:30:00+00:00,2011-05-19,13:30,USD,High Impact Expected,Initial Jobless Claims
2011-05-26T13:30:00+00:00,2011-05-26,13:30,USD,High Impact Expected,Initial Jobless Claims
2011-05-27T13:30:00+00:00,2011-05-27,13:30,USD,High Impact Expected,Core PCE m/m
2011-06-02T13:30:00+00:00,2011-06-02,13:30,USD,High Impact Expected,Initial Jobless Claims
2011-06-03T13:30:00+00:00,2011-06-03,13:30,USD,High Impact Expected,Non-Farm Employment Change
2011-06-09T13:30:00+00:00,2011-06-09,13:30,USD,High Impact Expected,Initial Jobless Claims
2011-06-13T13:30:00+00:00,2011-06-13,13:30,USD,High Impact Expected,CPI m/m
2011-06-16T13:30:00+00:00,2011-06-16,13:30,USD,High Impact Expected,Initial Jobless Claims
2011-06-22T19:00:00+00:00,2011-06-22,19:00,USD,High Impact Expected,FOMC Statement
2011-06-23T13:30:00+00:00,2011-06-23,13:30,USD,High Impact Expected,Initial Jobless Claims
2011-06-24T13:30:00+00:00,2011-06-24,13:30,USD,High Impact Expected,Core PCE m/m
2011-06-30T13:30:00+00:00,2011-06-30,13:30,USD,High Impact Expected,Initial Jobless Claims
2011-07-01T13:30:00+00:00,2011-07-01,13:30,USD,High Impact Expected,Non-Farm Employment Change
2011-07-07T13:30:00+00:00,2011-07-07,13:30,USD,High Impact Expected,Initial Jobless Claims
2011-07-13T13:30:00+00:00,2011-07-13,13:30,USD,High Impact Expected,CPI m/m
2011-07-14T13:30:00+00:00,2011-07-14,13:30,USD,High Impact Expected,Initial Jobless Claims
2011-07-21T13:30:00+00:00,2011-07-21,13:30,USD,High Impact Expected,Initial Jobless Claims
2011-07-28T13:30:00+00:00,2011-07-28,13:30,USD,High Impact Expected,Initial Jobless Claims
2011-07-29T13:30:00+00:00,2011-07-29,13:30,USD,High Impact Expected,Core PCE m/m
2011-08-04T13:30:00+00:00,2011-08-04,13:30,USD,High Impact Expected,Initial Jobless Claims
2011-08-05T13:30:00+00:00,2011-08-05,13:30,USD,High Impact Expected,Non-Farm Employment Change
2011-08-09T19:00:00+00:00,2011-08-09,19:00,USD,High Impact Expected,FOMC Statement
2011-08-11T13:30:00+00:00,2011-08-11,13:30,USD,High Impact Expected,Initial Jobless Claims
2011-08-15T13:30:00+00:00,2011-08-15,13:30,USD,High Impact Expected,CPI m/m
2011-08-18T13:30:00+00:00,2011-08-18,13:30,USD,High Impact Expected,Initial Jobless Claims
2011-08-25T13:30:00+00:00,2011-08-25,13:30,USD,High Impact Expected,Initial Jobless Claims
2011-08-26T13:30:00+00:00,2011-08-26,13:30,USD,High Impact Expected,Core PCE m/m
2011-09-01T13:30:00+00:00,2011-09-01,13:30,USD,High Impact Expected,Initial Jobless Claims
2011-09-02T13:30:00+00:00,2011-09-02,13:30,USD,High Impact Expected,Non-Farm Employment Change
2011-09-08T13:30:00+00:00,2011-09-08,13:30,USD,High Impact Expected,Initial Jobless Claims
2011-09-13T13:30:00+00:00,2011-09-13,13:30,USD,High Impact Expected,CPI m/m
2011-09-15T13:30:00+00:00,2011-09-15,13:30,USD,High Impact Expected,Initial Jobless Claims
2011-09-21T19:00:00+00:00,2011-09-21,19:00,USD,High Impact Expected,FOMC Statement
2011-09-22T13:30:00+00:00,2011-09-22,13:30,USD,High Impact Expected,Initial Jobless Claims
2011-09-29T13:30:00+00:00,2011-09-29,13:30,USD,High Impact Expected,Initial Jobless Claims
2011-09-30T13:30:00+00:00,2011-09-30,13:30,USD,High Impact Expected,Core PCE m/m
2011-10-06T13:30:00+00:00,2011-10-06,13:30,USD,High Impact Expected,Initial Jobless Claims
2011-10-07T13:30:00+00:00,2011-10-07,13:30,USD,High Impact Expected,Non-Farm Employment Change
2011-10-13T13:30:00+00:00,2011-10-13,13:30,USD,High Impact Expected,CPI m/m
2011-10-13T13:30:00+00:00,2011-10-13,13:30,USD,High Impact Expected,Initial Jobless Claims
2011-10-20T13:30:00+00:00,2011-10-20,13:30,USD,High Impact Expected,Initial Jobless Claims
2011-10-27T13:30:00+00:00,2011-10-27,13:30,USD,High Impact Expected,Initial Jobless Claims
2011-10-28T13:30:00+00:00,2011-10-28,13:30,USD,High Impact Expected,Core PCE m/m
2011-11-02T19:00:00+00:00,2011-11-02,19:00,USD,High Impact Expected,FOMC Statement
2011-11-03T13:30:00+00:00,2011-11-03,13:30,USD,High Impact Expected,Initial Jobless Claims
2011-11-04T13:30:00+00:00,2011-11-04,13:30,USD,High Impact Expected,Non-Farm Employment Change
2011-11-10T13:30:00+00:00,2011-11-10,13:30,USD,High Impact Expected,Initial Jobless Claims
2011-11-14T13:30:00+00:00,2011-11-14,13:30,USD,High Impact Expected,CPI m/m
2011-11-17T13:30:00+00:00,2011-11-17,13:30,USD,High Impact Expected,Initial Jobless Claims
2011-11-24T13:30:00+00:00,2011-11-24,13:30,USD,High Impact Expected,Initial Jobless Claims
2011-11-25T13:30:00+00:00,2011-11-25,13:30,USD,High Impact Expected,Core PCE m/m
2011-12-01T13:30:00+00:00,2011-12-01,13:30,USD,High Impact Expected,Initial Jobless Claims
2011-12-01T15:00:00+00:00,2011-12-01,15:00,USD,High Impact Expected,ISM Manufacturing PMI
2011-12-02T13:30:00+00:00,2011-12-02,13:30,USD,High Impact Expected,Non-Farm Employment Change
2011-12-08T13:30:00+00:00,2011-12-08,13:30,USD,High Impact Expected,Initial Jobless Claims
2011-12-13T13:30:00+00:00,2011-12-13,13:30,USD,High Impact Expected,CPI m/m
2011-12-13T19:00:00+00:00,2011-12-13,19:00,USD,High Impact Expected,FOMC Statement
2011-12-15T13:30:00+00:00,2011-12-15,13:30,USD,High Impact Expected,Initial Jobless Claims
2011-12-22T13:30:00+00:00,2011-12-22,13:30,USD,High Impact Expected,Initial Jobless Claims
2011-12-29T13:30:00+00:00,2011-12-29,13:30,USD,High Impact Expected,Initial Jobless Claims
2011-12-30T13:30:00+00:00,2011-12-30,13:30,USD,High Impact Expected,Core PCE m/m
2012-01-05T13:30:00+00:00,2012-01-05,13:30,USD,High Impact Expected,Initial Jobless Claims
2012-01-06T13:30:00+00:00,2012-01-06,13:30,USD,High Impact Expected,Non-Farm Employment Change
2012-01-12T13:30:00+00:00,2012-01-12,13:30,USD,High Impact Expected,Initial Jobless Claims
2012-01-13T13:30:00+00:00,2012-01-13,13:30,USD,High Impact Expected,CPI m/m
2012-01-19T13:30:00+00:00,2012-01-19,13:30,USD,High Impact Expected,Initial Jobless Claims
2012-01-25T19:00:00+00:00,2012-01-25,19:00,USD,High Impact Expected,FOMC Statement
2012-01-26T13:30:00+00:00,2012-01-26,13:30,USD,High Impact Expected,Initial Jobless Claims
2012-01-27T13:30:00+00:00,2012-01-27,13:30,USD,High Impact Expected,Core PCE m/m
2012-02-02T13:30:00+00:00,2012-02-02,13:30,USD,High Impact Expected,Initial Jobless Claims
2012-02-03T13:30:00+00:00,2012-02-03,13:30,USD,High Impact Expected,Non-Farm Employment Change
2012-02-09T13:30:00+00:00,2012-02-09,13:30,USD,High Impact Expected,Initial Jobless Claims
2012-02-13T13:30:00+00:00,2012-02-13,13:30,USD,High Impact Expected,CPI m/m
2012-02-16T13:30:00+00:00,2012-02-16,13:30,USD,High Impact Expected,Initial Jobless Claims
2012-02-23T13:30:00+00:00,2012-02-23,13:30,USD,High Impact Expected,Initial Jobless Claims
2012-02-24T13:30:00+00:00,2012-02-24,13:30,USD,High Impact Expected,Core PCE m/m
2012-03-01T13:30:00+00:00,2012-03-01,13:30,USD,High Impact Expected,Initial Jobless Claims
2012-03-02T13:30:00+00:00,2012-03-02,13:30,USD,High Impact Expected,Non-Farm Employment Change
2012-03-08T13:30:00+00:00,2012-03-08,13:30,USD,High Impact Expected,Initial Jobless Claims
2012-03-13T13:30:00+00:00,2012-03-13,13:30,USD,High Impact Expected,CPI m/m
2012-03-13T19:00:00+00:00,2012-03-13,19:00,USD,High Impact Expected,FOMC Statement
2012-03-15T13:30:00+00:00,2012-03-15,13:30,USD,High Impact Expected,Initial Jobless Claims
2012-03-22T13:30:00+00:00,2012-03-22,13:30,USD,High Impact Expected,Initial Jobless Claims
2012-03-29T13:30:00+00:00,2012-03-29,13:30,USD,High Impact Expected,Initial Jobless Claims
2012-03-30T13:30:00+00:00,2012-03-30,13:30,USD,High Impact Expected,Core PCE m/m
2012-04-05T13:30:00+00:00,2012-04-05,13:30,USD,High Impact Expected,Initial Jobless Claims
2012-04-06T13:30:00+00:00,2012-04-06,13:30,USD,High Impact Expected,Non-Farm Employment Change
2012-04-12T13:30:00+00:00,2012-04-12,13:30,USD,High Impact Expected,Initial Jobless Claims
2012-04-13T13:30:00+00:00,2012-04-13,13:30,USD,High Impact Expected,CPI m/m
2012-04-19T13:30:00+00:00,2012-04-19,13:30,USD,High Impact Expected,Initial Jobless Claims
2012-04-25T19:00:00+00:00,2012-04-25,19:00,USD,High Impact Expected,FOMC Statement
2012-04-26T13:30:00+00:00,2012-04-26,13:30,USD,High Impact Expected,Initial Jobless Claims
2012-04-27T13:30:00+00:00,2012-04-27,13:30,USD,High Impact Expected,Core PCE m/m
2012-05-03T13:30:00+00:00,2012-05-03,13:30,USD,High Impact Expected,Initial Jobless Claims
2012-05-04T13:30:00+00:00,2012-05-04,13:30,USD,High Impact Expected,Non-Farm Employment Change
2012-05-10T13:30:00+00:00,2012-05-10,13:30,USD,High Impact Expected,Initial Jobless Claims
2012-05-14T13:30:00+00:00,2012-05-14,13:30,USD,High Impact Expected,CPI m/m
2012-05-17T13:30:00+00:00,2012-05-17,13:30,USD,High Impact Expected,Initial Jobless Claims
2012-05-24T13:30:00+00:00,2012-05-24,13:30,USD,High Impact Expected,Initial Jobless Claims
2012-05-25T13:30:00+00:00,2012-05-25,13:30,USD,High Impact Expected,Core PCE m/m
2012-05-31T13:30:00+00:00,2012-05-31,13:30,USD,High Impact Expected,Initial Jobless Claims
2012-06-01T13:30:00+00:00,2012-06-01,13:30,USD,High Impact Expected,Non-Farm Employment Change
2012-06-07T13:30:00+00:00,2012-06-07,13:30,USD,High Impact Expected,Initial Jobless Claims
2012-06-13T13:30:00+00:00,2012-06-13,13:30,USD,High Impact Expected,CPI m/m
2012-06-14T13:30:00+00:00,2012-06-14,13:30,USD,High Impact Expected,Initial Jobless Claims
2012-06-20T19:00:00+00:00,2012-06-20,19:00,USD,High Impact Expected,FOMC Statement
2012-06-21T13:30:00+00:00,2012-06-21,13:30,USD,High Impact Expected,Initial Jobless Claims
2012-06-28T13:30:00+00:00,2012-06-28,13:30,USD,High Impact Expected,Initial Jobless Claims
2012-06-29T13:30:00+00:00,2012-06-29,13:30,USD,High Impact Expected,Core PCE m/m
2012-07-05T13:30:00+00:00,2012-07-05,13:30,USD,High Impact Expected,Initial Jobless Claims
2012-07-06T13:30:00+00:00,2012-07-06,13:30,USD,High Impact Expected,Non-Farm Employment Change
2012-07-12T13:30:00+00:00,2012-07-12,13:30,USD,High Impact Expected,Initial Jobless Claims
2012-07-13T13:30:00+00:00,2012-07-13,13:30,USD,High Impact Expected,CPI m/m
2012-07-19T13:30:00+00:00,2012-07-19,13:30,USD,High Impact Expected,Initial Jobless Claims
2012-07-26T13:30:00+00:00,2012-07-26,13:30,USD,High Impact Expected,Initial Jobless Claims
2012-07-27T13:30:00+00:00,2012-07-27,13:30,USD,High Impact Expected,Core PCE m/m
2012-08-01T19:00:00+00:00,2012-08-01,19:00,USD,High Impact Expected,FOMC Statement
2012-08-02T13:30:00+00:00,2012-08-02,13:30,USD,High Impact Expected,Initial Jobless Claims
2012-08-03T13:30:00+00:00,2012-08-03,13:30,USD,High Impact Expected,Non-Farm Employment Change
2012-08-09T13:30:00+00:00,2012-08-09,13:30,USD,High Impact Expected,Initial Jobless Claims
2012-08-13T13:30:00+00:00,2012-08-13,13:30,USD,High Impact Expected,CPI m/m
2012-08-16T13:30:00+00:00,2012-08-16,13:30,USD,High Impact Expected,Initial Jobless Claims
2012-08-23T13:30:00+00:00,2012-08-23,13:30,USD,High Impact Expected,Initial Jobless Claims
2012-08-30T13:30:00+00:00,2012-08-30,13:30,USD,High Impact Expected,Initial Jobless Claims
2012-08-31T13:30:00+00:00,2012-08-31,13:30,USD,High Impact Expected,Core PCE m/m
2012-09-06T13:30:00+00:00,2012-09-06,13:30,USD,High Impact Expected,Initial Jobless Claims
2012-09-07T13:30:00+00:00,2012-09-07,13:30,USD,High Impact Expected,Non-Farm Employment Change
2012-09-13T13:30:00+00:00,2012-09-13,13:30,USD,High Impact Expected,CPI m/m
2012-09-13T13:30:00+00:00,2012-09-13,13:30,USD,High Impact Expected,Initial Jobless Claims
2012-09-13T19:00:00+00:00,2012-09-13,19:00,USD,High Impact Expected,FOMC Statement
2012-09-20T13:30:00+00:00,2012-09-20,13:30,USD,High Impact Expected,Initial Jobless Claims
2012-09-27T13:30:00+00:00,2012-09-27,13:30,USD,High Impact Expected,Initial Jobless Claims
2012-09-28T13:30:00+00:00,2012-09-28,13:30,USD,High Impact Expected,Core PCE m/m
2012-10-04T13:30:00+00:00,2012-10-04,13:30,USD,High Impact Expected,Initial Jobless Claims
2012-10-05T13:30:00+00:00,2012-10-05,13:30,USD,High Impact Expected,Non-Farm Employment Change
2012-10-11T13:30:00+00:00,2012-10-11,13:30,USD,High Impact Expected,Initial Jobless Claims
2012-10-15T13:30:00+00:00,2012-10-15,13:30,USD,High Impact Expected,CPI m/m
2012-10-18T13:30:00+00:00,2012-10-18,13:30,USD,High Impact Expected,Initial Jobless Claims
2012-10-24T19:00:00+00:00,2012-10-24,19:00,USD,High Impact Expected,FOMC Statement
2012-10-25T13:30:00+00:00,2012-10-25,13:30,USD,High Impact Expected,Initial Jobless Claims
2012-10-26T13:30:00+00:00,2012-10-26,13:30,USD,High Impact Expected,Core PCE m/m
2012-11-01T13:30:00+00:00,2012-11-01,13:30,USD,High Impact Expected,Initial Jobless Claims
2012-11-02T13:30:00+00:00,2012-11-02,13:30,USD,High Impact Expected,Non-Farm Employment Change
2012-11-08T13:30:00+00:00,2012-11-08,13:30,USD,High Impact Expected,Initial Jobless Claims
2012-11-13T13:30:00+00:00,2012-11-13,13:30,USD,High Impact Expected,CPI m/m
2012-11-15T13:30:00+00:00,2012-11-15,13:30,USD,High Impact Expected,Initial Jobless Claims
2012-11-22T13:30:00+00:00,2012-11-22,13:30,USD,High Impact Expected,Initial Jobless Claims
2012-11-29T13:30:00+00:00,2012-11-29,13:30,USD,High Impact Expected,Initial Jobless Claims
2012-11-30T13:30:00+00:00,2012-11-30,13:30,USD,High Impact Expected,Core PCE m/m
2012-12-03T15:00:00+00:00,2012-12-03,15:00,USD,High Impact Expected,ISM Manufacturing PMI
2012-12-06T13:30:00+00:00,2012-12-06,13:30,USD,High Impact Expected,Initial Jobless Claims
2012-12-07T13:30:00+00:00,2012-12-07,13:30,USD,High Impact Expected,Non-Farm Employment Change
2012-12-12T19:00:00+00:00,2012-12-12,19:00,USD,High Impact Expected,FOMC Statement
2012-12-13T13:30:00+00:00,2012-12-13,13:30,USD,High Impact Expected,CPI m/m
2012-12-13T13:30:00+00:00,2012-12-13,13:30,USD,High Impact Expected,Initial Jobless Claims
2012-12-20T13:30:00+00:00,2012-12-20,13:30,USD,High Impact Expected,Initial Jobless Claims
2012-12-27T13:30:00+00:00,2012-12-27,13:30,USD,High Impact Expected,Initial Jobless Claims
2012-12-28T13:30:00+00:00,2012-12-28,13:30,USD,High Impact Expected,Core PCE m/m
2013-01-03T13:30:00+00:00,2013-01-03,13:30,USD,High Impact Expected,Initial Jobless Claims
2013-01-04T13:30:00+00:00,2013-01-04,13:30,USD,High Impact Expected,Non-Farm Employment Change
2013-01-10T13:30:00+00:00,2013-01-10,13:30,USD,High Impact Expected,Initial Jobless Claims
2013-01-14T13:30:00+00:00,2013-01-14,13:30,USD,High Impact Expected,CPI m/m
2013-01-17T13:30:00+00:00,2013-01-17,13:30,USD,High Impact Expected,Initial Jobless Claims
2013-01-24T13:30:00+00:00,2013-01-24,13:30,USD,High Impact Expected,Initial Jobless Claims
2013-01-25T13:30:00+00:00,2013-01-25,13:30,USD,High Impact Expected,Core PCE m/m
2013-01-30T19:00:00+00:00,2013-01-30,19:00,USD,High Impact Expected,FOMC Statement
2013-01-31T13:30:00+00:00,2013-01-31,13:30,USD,High Impact Expected,Initial Jobless Claims
2013-02-01T13:30:00+00:00,2013-02-01,13:30,USD,High Impact Expected,Non-Farm Employment Change
2013-02-07T13:30:00+00:00,2013-02-07,13:30,USD,High Impact Expected,Initial Jobless Claims
2013-02-13T13:30:00+00:00,2013-02-13,13:30,USD,High Impact Expected,CPI m/m
2013-02-14T13:30:00+00:00,2013-02-14,13:30,USD,High Impact Expected,Initial Jobless Claims
2013-02-21T13:30:00+00:00,2013-02-21,13:30,USD,High Impact Expected,Initial Jobless Claims
2013-02-22T13:30:00+00:00,2013-02-22,13:30,USD,High Impact Expected,Core PCE m/m
2013-02-28T13:30:00+00:00,2013-02-28,13:30,USD,High Impact Expected,Initial Jobless Claims
2013-03-01T13:30:00+00:00,2013-03-01,13:30,USD,High Impact Expected,Non-Farm Employment Change
2013-03-07T13:30:00+00:00,2013-03-07,13:30,USD,High Impact Expected,Initial Jobless Claims
2013-03-13T13:30:00+00:00,2013-03-13,13:30,USD,High Impact Expected,CPI m/m
2013-03-14T13:30:00+00:00,2013-03-14,13:30,USD,High Impact Expected,Initial Jobless Claims
2013-03-20T19:00:00+00:00,2013-03-20,19:00,USD,High Impact Expected,FOMC Statement
2013-03-21T13:30:00+00:00,2013-03-21,13:30,USD,High Impact Expected,Initial Jobless Claims
2013-03-28T13:30:00+00:00,2013-03-28,13:30,USD,High Impact Expected,Initial Jobless Claims
2013-03-29T13:30:00+00:00,2013-03-29,13:30,USD,High Impact Expected,Core PCE m/m
2013-04-04T13:30:00+00:00,2013-04-04,13:30,USD,High Impact Expected,Initial Jobless Claims
2013-04-05T13:30:00+00:00,2013-04-05,13:30,USD,High Impact Expected,Non-Farm Employment Change
2013-04-11T13:30:00+00:00,2013-04-11,13:30,USD,High Impact Expected,Initial Jobless Claims
2013-04-15T13:30:00+00:00,2013-04-15,13:30,USD,High Impact Expected,CPI m/m
2013-04-18T13:30:00+00:00,2013-04-18,13:30,USD,High Impact Expected,Initial Jobless Claims
2013-04-25T13:30:00+00:00,2013-04-25,13:30,USD,High Impact Expected,Initial Jobless Claims
2013-04-26T13:30:00+00:00,2013-04-26,13:30,USD,High Impact Expected,Core PCE m/m
2013-05-01T19:00:00+00:00,2013-05-01,19:00,USD,High Impact Expected,FOMC Statement
2013-05-02T13:30:00+00:00,2013-05-02,13:30,USD,High Impact Expected,Initial Jobless Claims
2013-05-03T13:30:00+00:00,2013-05-03,13:30,USD,High Impact Expected,Non-Farm Employment Change
2013-05-09T13:30:00+00:00,2013-05-09,13:30,USD,High Impact Expected,Initial Jobless Claims
2013-05-13T13:30:00+00:00,2013-05-13,13:30,USD,High Impact Expected,CPI m/m
2013-05-16T13:30:00+00:00,2013-05-16,13:30,USD,High Impact Expected,Initial Jobless Claims
2013-05-23T13:30:00+00:00,2013-05-23,13:30,USD,High Impact Expected,Initial Jobless Claims
2013-05-30T13:30:00+00:00,2013-05-30,13:30,USD,High Impact Expected,Initial Jobless Claims
2013-05-31T13:30:00+00:00,2013-05-31,13:30,USD,High Impact Expected,Core PCE m/m
2013-06-06T13:30:00+00:00,2013-06-06,13:30,USD,High Impact Expected,Initial Jobless Claims
2013-06-07T13:30:00+00:00,2013-06-07,13:30,USD,High Impact Expected,Non-Farm Employment Change
2013-06-13T13:30:00+00:00,2013-06-13,13:30,USD,High Impact Expected,CPI m/m
2013-06-13T13:30:00+00:00,2013-06-13,13:30,USD,High Impact Expected,Initial Jobless Claims
2013-06-19T19:00:00+00:00,2013-06-19,19:00,USD,High Impact Expected,FOMC Statement
2013-06-20T13:30:00+00:00,2013-06-20,13:30,USD,High Impact Expected,Initial Jobless Claims
2013-06-27T13:30:00+00:00,2013-06-27,13:30,USD,High Impact Expected,Initial Jobless Claims
2013-06-28T13:30:00+00:00,2013-06-28,13:30,USD,High Impact Expected,Core PCE m/m
2013-07-04T13:30:00+00:00,2013-07-04,13:30,USD,High Impact Expected,Initial Jobless Claims
2013-07-05T13:30:00+00:00,2013-07-05,13:30,USD,High Impact Expected,Non-Farm Employment Change
2013-07-11T13:30:00+00:00,2013-07-11,13:30,USD,High Impact Expected,Initial Jobless Claims
2013-07-15T13:30:00+00:00,2013-07-15,13:30,USD,High Impact Expected,CPI m/m
2013-07-18T13:30:00+00:00,2013-07-18,13:30,USD,High Impact Expected,Initial Jobless Claims
2013-07-25T13:30:00+00:00,2013-07-25,13:30,USD,High Impact Expected,Initial Jobless Claims
2013-07-26T13:30:00+00:00,2013-07-26,13:30,USD,High Impact Expected,Core PCE m/m
2013-07-31T19:00:00+00:00,2013-07-31,19:00,USD,High Impact Expected,FOMC Statement
2013-08-01T13:30:00+00:00,2013-08-01,13:30,USD,High Impact Expected,Initial Jobless Claims
2013-08-02T13:30:00+00:00,2013-08-02,13:30,USD,High Impact Expected,Non-Farm Employment Change
2013-08-08T13:30:00+00:00,2013-08-08,13:30,USD,High Impact Expected,Initial Jobless Claims
2013-08-13T13:30:00+00:00,2013-08-13,13:30,USD,High Impact Expected,CPI m/m
2013-08-15T13:30:00+00:00,2013-08-15,13:30,USD,High Impact Expected,Initial Jobless Claims
2013-08-22T13:30:00+00:00,2013-08-22,13:30,USD,High Impact Expected,Initial Jobless Claims
2013-08-29T13:30:00+00:00,2013-08-29,13:30,USD,High Impact Expected,Initial Jobless Claims
2013-08-30T13:30:00+00:00,2013-08-30,13:30,USD,High Impact Expected,Core PCE m/m
2013-09-05T13:30:00+00:00,2013-09-05,13:30,USD,High Impact Expected,Initial Jobless Claims
2013-09-06T13:30:00+00:00,2013-09-06,13:30,USD,High Impact Expected,Non-Farm Employment Change
2013-09-12T13:30:00+00:00,2013-09-12,13:30,USD,High Impact Expected,Initial Jobless Claims
2013-09-13T13:30:00+00:00,2013-09-13,13:30,USD,High Impact Expected,CPI m/m
2013-09-18T19:00:00+00:00,2013-09-18,19:00,USD,High Impact Expected,FOMC Statement
2013-09-19T13:30:00+00:00,2013-09-19,13:30,USD,High Impact Expected,Initial Jobless Claims
2013-09-26T13:30:00+00:00,2013-09-26,13:30,USD,High Impact Expected,Initial Jobless Claims
2013-09-27T13:30:00+00:00,2013-09-27,13:30,USD,High Impact Expected,Core PCE m/m
2013-10-03T13:30:00+00:00,2013-10-03,13:30,USD,High Impact Expected,Initial Jobless Claims
2013-10-04T13:30:00+00:00,2013-10-04,13:30,USD,High Impact Expected,Non-Farm Employment Change
2013-10-10T13:30:00+00:00,2013-10-10,13:30,USD,High Impact Expected,Initial Jobless Claims
2013-10-14T13:30:00+00:00,2013-10-14,13:30,USD,High Impact Expected,CPI m/m
2013-10-17T13:30:00+00:00,2013-10-17,13:30,USD,High Impact Expected,Initial Jobless Claims
2013-10-24T13:30:00+00:00,2013-10-24,13:30,USD,High Impact Expected,Initial Jobless Claims
2013-10-25T13:30:00+00:00,2013-10-25,13:30,USD,High Impact Expected,Core PCE m/m
2013-10-30T19:00:00+00:00,2013-10-30,19:00,USD,High Impact Expected,FOMC Statement
2013-10-31T13:30:00+00:00,2013-10-31,13:30,USD,High Impact Expected,Initial Jobless Claims
2013-11-01T13:30:00+00:00,2013-11-01,13:30,USD,High Impact Expected,Non-Farm Employment Change
2013-11-07T13:30:00+00:00,2013-11-07,13:30,USD,High Impact Expected,Initial Jobless Claims
2013-11-13T13:30:00+00:00,2013-11-13,13:30,USD,High Impact Expected,CPI m/m
2013-11-14T13:30:00+00:00,2013-11-14,13:30,USD,High Impact Expected,Initial Jobless Claims
2013-11-21T13:30:00+00:00,2013-11-21,13:30,USD,High Impact Expected,Initial Jobless Claims
2013-11-28T13:30:00+00:00,2013-11-28,13:30,USD,High Impact Expected,Initial Jobless Claims
2013-11-29T13:30:00+00:00,2013-11-29,13:30,USD,High Impact Expected,Core PCE m/m
2013-12-02T15:00:00+00:00,2013-12-02,15:00,USD,High Impact Expected,ISM Manufacturing PMI
2013-12-05T13:30:00+00:00,2013-12-05,13:30,USD,High Impact Expected,Initial Jobless Claims
2013-12-06T13:30:00+00:00,2013-12-06,13:30,USD,High Impact Expected,Non-Farm Employment Change
2013-12-12T13:30:00+00:00,2013-12-12,13:30,USD,High Impact Expected,Initial Jobless Claims
2013-12-13T13:30:00+00:00,2013-12-13,13:30,USD,High Impact Expected,CPI m/m
2013-12-18T19:00:00+00:00,2013-12-18,19:00,USD,High Impact Expected,FOMC Statement
2013-12-19T13:30:00+00:00,2013-12-19,13:30,USD,High Impact Expected,Initial Jobless Claims
2013-12-26T13:30:00+00:00,2013-12-26,13:30,USD,High Impact Expected,Initial Jobless Claims
2013-12-27T13:30:00+00:00,2013-12-27,13:30,USD,High Impact Expected,Core PCE m/m
2014-01-02T13:30:00+00:00,2014-01-02,13:30,USD,High Impact Expected,Initial Jobless Claims
2014-01-03T13:30:00+00:00,2014-01-03,13:30,USD,High Impact Expected,Non-Farm Employment Change
2014-01-09T13:30:00+00:00,2014-01-09,13:30,USD,High Impact Expected,Initial Jobless Claims
2014-01-13T13:30:00+00:00,2014-01-13,13:30,USD,High Impact Expected,CPI m/m
2014-01-16T13:30:00+00:00,2014-01-16,13:30,USD,High Impact Expected,Initial Jobless Claims
2014-01-23T13:30:00+00:00,2014-01-23,13:30,USD,High Impact Expected,Initial Jobless Claims
2014-01-29T19:00:00+00:00,2014-01-29,19:00,USD,High Impact Expected,FOMC Statement
2014-01-30T13:30:00+00:00,2014-01-30,13:30,USD,High Impact Expected,Initial Jobless Claims
2014-01-31T13:30:00+00:00,2014-01-31,13:30,USD,High Impact Expected,Core PCE m/m
2014-02-06T13:30:00+00:00,2014-02-06,13:30,USD,High Impact Expected,Initial Jobless Claims
2014-02-07T13:30:00+00:00,2014-02-07,13:30,USD,High Impact Expected,Non-Farm Employment Change
2014-02-13T13:30:00+00:00,2014-02-13,13:30,USD,High Impact Expected,CPI m/m
2014-02-13T13:30:00+00:00,2014-02-13,13:30,USD,High Impact Expected,Initial Jobless Claims
2014-02-20T13:30:00+00:00,2014-02-20,13:30,USD,High Impact Expected,Initial Jobless Claims
2014-02-27T13:30:00+00:00,2014-02-27,13:30,USD,High Impact Expected,Initial Jobless Claims
2014-02-28T13:30:00+00:00,2014-02-28,13:30,USD,High Impact Expected,Core PCE m/m
2014-03-06T13:30:00+00:00,2014-03-06,13:30,USD,High Impact Expected,Initial Jobless Claims
2014-03-07T13:30:00+00:00,2014-03-07,13:30,USD,High Impact Expected,Non-Farm Employment Change
2014-03-13T13:30:00+00:00,2014-03-13,13:30,USD,High Impact Expected,CPI m/m
2014-03-13T13:30:00+00:00,2014-03-13,13:30,USD,High Impact Expected,Initial Jobless Claims
2014-03-19T19:00:00+00:00,2014-03-19,19:00,USD,High Impact Expected,FOMC Statement
2014-03-20T13:30:00+00:00,2014-03-20,13:30,USD,High Impact Expected,Initial Jobless Claims
2014-03-27T13:30:00+00:00,2014-03-27,13:30,USD,High Impact Expected,Initial Jobless Claims
2014-03-28T13:30:00+00:00,2014-03-28,13:30,USD,High Impact Expected,Core PCE m/m
2014-04-03T13:30:00+00:00,2014-04-03,13:30,USD,High Impact Expected,Initial Jobless Claims
2014-04-04T13:30:00+00:00,2014-04-04,13:30,USD,High Impact Expected,Non-Farm Employment Change
2014-04-10T13:30:00+00:00,2014-04-10,13:30,USD,High Impact Expected,Initial Jobless Claims
2014-04-14T13:30:00+00:00,2014-04-14,13:30,USD,High Impact Expected,CPI m/m
2014-04-17T13:30:00+00:00,2014-04-17,13:30,USD,High Impact Expected,Initial Jobless Claims
2014-04-24T13:30:00+00:00,2014-04-24,13:30,USD,High Impact Expected,Initial Jobless Claims
2014-04-25T13:30:00+00:00,2014-04-25,13:30,USD,High Impact Expected,Core PCE m/m
2014-04-30T19:00:00+00:00,2014-04-30,19:00,USD,High Impact Expected,FOMC Statement
2014-05-01T13:30:00+00:00,2014-05-01,13:30,USD,High Impact Expected,Initial Jobless Claims
2014-05-02T13:30:00+00:00,2014-05-02,13:30,USD,High Impact Expected,Non-Farm Employment Change
2014-05-08T13:30:00+00:00,2014-05-08,13:30,USD,High Impact Expected,Initial Jobless Claims
2014-05-13T13:30:00+00:00,2014-05-13,13:30,USD,High Impact Expected,CPI m/m
2014-05-15T13:30:00+00:00,2014-05-15,13:30,USD,High Impact Expected,Initial Jobless Claims
2014-05-22T13:30:00+00:00,2014-05-22,13:30,USD,High Impact Expected,Initial Jobless Claims
2014-05-29T13:30:00+00:00,2014-05-29,13:30,USD,High Impact Expected,Initial Jobless Claims
2014-05-30T13:30:00+00:00,2014-05-30,13:30,USD,High Impact Expected,Core PCE m/m
2014-06-05T13:30:00+00:00,2014-06-05,13:30,USD,High Impact Expected,Initial Jobless Claims
2014-06-06T13:30:00+00:00,2014-06-06,13:30,USD,High Impact Expected,Non-Farm Employment Change
2014-06-12T13:30:00+00:00,2014-06-12,13:30,USD,High Impact Expected,Initial Jobless Claims
2014-06-13T13:30:00+00:00,2014-06-13,13:30,USD,High Impact Expected,CPI m/m
2014-06-18T19:00:00+00:00,2014-06-18,19:00,USD,High Impact Expected,FOMC Statement
2014-06-19T13:30:00+00:00,2014-06-19,13:30,USD,High Impact Expected,Initial Jobless Claims
2014-06-26T13:30:00+00:00,2014-06-26,13:30,USD,High Impact Expected,Initial Jobless Claims
2014-06-27T13:30:00+00:00,2014-06-27,13:30,USD,High Impact Expected,Core PCE m/m
2014-07-03T13:30:00+00:00,2014-07-03,13:30,USD,High Impact Expected,Initial Jobless Claims
2014-07-04T13:30:00+00:00,2014-07-04,13:30,USD,High Impact Expected,Non-Farm Employment Change
2014-07-10T13:30:00+00:00,2014-07-10,13:30,USD,High Impact Expected,Initial Jobless Claims
2014-07-14T13:30:00+00:00,2014-07-14,13:30,USD,High Impact Expected,CPI m/m
2014-07-17T13:30:00+00:00,2014-07-17,13:30,USD,High Impact Expected,Initial Jobless Claims
2014-07-24T13:30:00+00:00,2014-07-24,13:30,USD,High Impact Expected,Initial Jobless Claims
2014-07-25T13:30:00+00:00,2014-07-25,13:30,USD,High Impact Expected,Core PCE m/m
2014-07-30T19:00:00+00:00,2014-07-30,19:00,USD,High Impact Expected,FOMC Statement
2014-07-31T13:30:00+00:00,2014-07-31,13:30,USD,High Impact Expected,Initial Jobless Claims
2014-08-01T13:30:00+00:00,2014-08-01,13:30,USD,High Impact Expected,Non-Farm Employment Change
2014-08-07T13:30:00+00:00,2014-08-07,13:30,USD,High Impact Expected,Initial Jobless Claims
2014-08-13T13:30:00+00:00,2014-08-13,13:30,USD,High Impact Expected,CPI m/m
2014-08-14T13:30:00+00:00,2014-08-14,13:30,USD,High Impact Expected,Initial Jobless Claims
2014-08-21T13:30:00+00:00,2014-08-21,13:30,USD,High Impact Expected,Initial Jobless Claims
2014-08-28T13:30:00+00:00,2014-08-28,13:30,USD,High Impact Expected,Initial Jobless Claims
2014-08-29T13:30:00+00:00,2014-08-29,13:30,USD,High Impact Expected,Core PCE m/m
2014-09-04T13:30:00+00:00,2014-09-04,13:30,USD,High Impact Expected,Initial Jobless Claims
2014-09-05T13:30:00+00:00,2014-09-05,13:30,USD,High Impact Expected,Non-Farm Employment Change
2014-09-11T13:30:00+00:00,2014-09-11,13:30,USD,High Impact Expected,Initial Jobless Claims
2014-09-15T13:30:00+00:00,2014-09-15,13:30,USD,High Impact Expected,CPI m/m
2014-09-17T19:00:00+00:00,2014-09-17,19:00,USD,High Impact Expected,FOMC Statement
2014-09-18T13:30:00+00:00,2014-09-18,13:30,USD,High Impact Expected,Initial Jobless Claims
2014-09-25T13:30:00+00:00,2014-09-25,13:30,USD,High Impact Expected,Initial Jobless Claims
2014-09-26T13:30:00+00:00,2014-09-26,13:30,USD,High Impact Expected,Core PCE m/m
2014-10-02T13:30:00+00:00,2014-10-02,13:30,USD,High Impact Expected,Initial Jobless Claims
2014-10-03T13:30:00+00:00,2014-10-03,13:30,USD,High Impact Expected,Non-Farm Employment Change
2014-10-09T13:30:00+00:00,2014-10-09,13:30,USD,High Impact Expected,Initial Jobless Claims
2014-10-13T13:30:00+00:00,2014-10-13,13:30,USD,High Impact Expected,CPI m/m
2014-10-16T13:30:00+00:00,2014-10-16,13:30,USD,High Impact Expected,Initial Jobless Claims
2014-10-23T13:30:00+00:00,2014-10-23,13:30,USD,High Impact Expected,Initial Jobless Claims
2014-10-29T19:00:00+00:00,2014-10-29,19:00,USD,High Impact Expected,FOMC Statement
2014-10-30T13:30:00+00:00,2014-10-30,13:30,USD,High Impact Expected,Initial Jobless Claims
2014-10-31T13:30:00+00:00,2014-10-31,13:30,USD,High Impact Expected,Core PCE m/m
2014-11-06T13:30:00+00:00,2014-11-06,13:30,USD,High Impact Expected,Initial Jobless Claims
2014-11-07T13:30:00+00:00,2014-11-07,13:30,USD,High Impact Expected,Non-Farm Employment Change
2014-11-13T13:30:00+00:00,2014-11-13,13:30,USD,High Impact Expected,CPI m/m
2014-11-13T13:30:00+00:00,2014-11-13,13:30,USD,High Impact Expected,Initial Jobless Claims
2014-11-20T13:30:00+00:00,2014-11-20,13:30,USD,High Impact Expected,Initial Jobless Claims
2014-11-27T13:30:00+00:00,2014-11-27,13:30,USD,High Impact Expected,Initial Jobless Claims
2014-11-28T13:30:00+00:00,2014-11-28,13:30,USD,High Impact Expected,Core PCE m/m
2014-12-01T15:00:00+00:00,2014-12-01,15:00,USD,High Impact Expected,ISM Manufacturing PMI
2014-12-04T13:30:00+00:00,2014-12-04,13:30,USD,High Impact Expected,Initial Jobless Claims
2014-12-05T13:30:00+00:00,2014-12-05,13:30,USD,High Impact Expected,Non-Farm Employment Change
2014-12-11T13:30:00+00:00,2014-12-11,13:30,USD,High Impact Expected,Initial Jobless Claims
2014-12-15T13:30:00+00:00,2014-12-15,13:30,USD,High Impact Expected,CPI m/m
2014-12-17T19:00:00+00:00,2014-12-17,19:00,USD,High Impact Expected,FOMC Statement
2014-12-18T13:30:00+00:00,2014-12-18,13:30,USD,High Impact Expected,Initial Jobless Claims
2014-12-25T13:30:00+00:00,2014-12-25,13:30,USD,High Impact Expected,Initial Jobless Claims
2014-12-26T13:30:00+00:00,2014-12-26,13:30,USD,High Impact Expected,Core PCE m/m
2015-01-01T13:30:00+00:00,2015-01-01,13:30,USD,High Impact Expected,Initial Jobless Claims
2015-01-02T13:30:00+00:00,2015-01-02,13:30,USD,High Impact Expected,Non-Farm Employment Change
2015-01-08T13:30:00+00:00,2015-01-08,13:30,USD,High Impact Expected,Initial Jobless Claims
2015-01-13T13:30:00+00:00,2015-01-13,13:30,USD,High Impact Expected,CPI m/m
2015-01-15T13:30:00+00:00,2015-01-15,13:30,USD,High Impact Expected,Initial Jobless Claims
2015-01-22T13:30:00+00:00,2015-01-22,13:30,USD,High Impact Expected,Initial Jobless Claims
2015-01-28T19:00:00+00:00,2015-01-28,19:00,USD,High Impact Expected,FOMC Statement
2015-01-29T13:30:00+00:00,2015-01-29,13:30,USD,High Impact Expected,Initial Jobless Claims
2015-01-30T13:30:00+00:00,2015-01-30,13:30,USD,High Impact Expected,Core PCE m/m
2015-02-05T13:30:00+00:00,2015-02-05,13:30,USD,High Impact Expected,Initial Jobless Claims
2015-02-06T13:30:00+00:00,2015-02-06,13:30,USD,High Impact Expected,Non-Farm Employment Change
2015-02-12T13:30:00+00:00,2015-02-12,13:30,USD,High Impact Expected,Initial Jobless Claims
2015-02-13T13:30:00+00:00,2015-02-13,13:30,USD,High Impact Expected,CPI m/m
2015-02-19T13:30:00+00:00,2015-02-19,13:30,USD,High Impact Expected,Initial Jobless Claims
2015-02-26T13:30:00+00:00,2015-02-26,13:30,USD,High Impact Expected,Initial Jobless Claims
2015-02-27T13:30:00+00:00,2015-02-27,13:30,USD,High Impact Expected,Core PCE m/m
2015-03-05T13:30:00+00:00,2015-03-05,13:30,USD,High Impact Expected,Initial Jobless Claims
2015-03-06T13:30:00+00:00,2015-03-06,13:30,USD,High Impact Expected,Non-Farm Employment Change
2015-03-12T13:30:00+00:00,2015-03-12,13:30,USD,High Impact Expected,Initial Jobless Claims
2015-03-13T13:30:00+00:00,2015-03-13,13:30,USD,High Impact Expected,CPI m/m
2015-03-18T19:00:00+00:00,2015-03-18,19:00,USD,High Impact Expected,FOMC Statement
2015-03-19T13:30:00+00:00,2015-03-19,13:30,USD,High Impact Expected,Initial Jobless Claims
2015-03-26T13:30:00+00:00,2015-03-26,13:30,USD,High Impact Expected,Initial Jobless Claims
2015-03-27T13:30:00+00:00,2015-03-27,13:30,USD,High Impact Expected,Core PCE m/m
2015-04-02T13:30:00+00:00,2015-04-02,13:30,USD,High Impact Expected,Initial Jobless Claims
2015-04-03T13:30:00+00:00,2015-04-03,13:30,USD,High Impact Expected,Non-Farm Employment Change
2015-04-09T13:30:00+00:00,2015-04-09,13:30,USD,High Impact Expected,Initial Jobless Claims
2015-04-13T13:30:00+00:00,2015-04-13,13:30,USD,High Impact Expected,CPI m/m
2015-04-16T13:30:00+00:00,2015-04-16,13:30,USD,High Impact Expected,Initial Jobless Claims
2015-04-23T13:30:00+00:00,2015-04-23,13:30,USD,High Impact Expected,Initial Jobless Claims
2015-04-24T13:30:00+00:00,2015-04-24,13:30,USD,High Impact Expected,Core PCE m/m
2015-04-29T19:00:00+00:00,2015-04-29,19:00,USD,High Impact Expected,FOMC Statement
2015-04-30T13:30:00+00:00,2015-04-30,13:30,USD,High Impact Expected,Initial Jobless Claims
2015-05-01T13:30:00+00:00,2015-05-01,13:30,USD,High Impact Expected,Non-Farm Employment Change
2015-05-07T13:30:00+00:00,2015-05-07,13:30,USD,High Impact Expected,Initial Jobless Claims
2015-05-13T13:30:00+00:00,2015-05-13,13:30,USD,High Impact Expected,CPI m/m
2015-05-14T13:30:00+00:00,2015-05-14,13:30,USD,High Impact Expected,Initial Jobless Claims
2015-05-21T13:30:00+00:00,2015-05-21,13:30,USD,High Impact Expected,Initial Jobless Claims
2015-05-28T13:30:00+00:00,2015-05-28,13:30,USD,High Impact Expected,Initial Jobless Claims
2015-05-29T13:30:00+00:00,2015-05-29,13:30,USD,High Impact Expected,Core PCE m/m
2015-06-04T13:30:00+00:00,2015-06-04,13:30,USD,High Impact Expected,Initial Jobless Claims
2015-06-05T13:30:00+00:00,2015-06-05,13:30,USD,High Impact Expected,Non-Farm Employment Change
2015-06-11T13:30:00+00:00,2015-06-11,13:30,USD,High Impact Expected,Initial Jobless Claims
2015-06-15T13:30:00+00:00,2015-06-15,13:30,USD,High Impact Expected,CPI m/m
2015-06-17T19:00:00+00:00,2015-06-17,19:00,USD,High Impact Expected,FOMC Statement
2015-06-18T13:30:00+00:00,2015-06-18,13:30,USD,High Impact Expected,Initial Jobless Claims
2015-06-25T13:30:00+00:00,2015-06-25,13:30,USD,High Impact Expected,Initial Jobless Claims
2015-06-26T13:30:00+00:00,2015-06-26,13:30,USD,High Impact Expected,Core PCE m/m
2015-07-02T13:30:00+00:00,2015-07-02,13:30,USD,High Impact Expected,Initial Jobless Claims
2015-07-03T13:30:00+00:00,2015-07-03,13:30,USD,High Impact Expected,Non-Farm Employment Change
2015-07-09T13:30:00+00:00,2015-07-09,13:30,USD,High Impact Expected,Initial Jobless Claims
2015-07-13T13:30:00+00:00,2015-07-13,13:30,USD,High Impact Expected,CPI m/m
2015-07-16T13:30:00+00:00,2015-07-16,13:30,USD,High Impact Expected,Initial Jobless Claims
2015-07-23T13:30:00+00:00,2015-07-23,13:30,USD,High Impact Expected,Initial Jobless Claims
2015-07-29T19:00:00+00:00,2015-07-29,19:00,USD,High Impact Expected,FOMC Statement
2015-07-30T13:30:00+00:00,2015-07-30,13:30,USD,High Impact Expected,Initial Jobless Claims
2015-07-31T13:30:00+00:00,2015-07-31,13:30,USD,High Impact Expected,Core PCE m/m
2015-08-06T13:30:00+00:00,2015-08-06,13:30,USD,High Impact Expected,Initial Jobless Claims
2015-08-07T13:30:00+00:00,2015-08-07,13:30,USD,High Impact Expected,Non-Farm Employment Change
2015-08-13T13:30:00+00:00,2015-08-13,13:30,USD,High Impact Expected,CPI m/m
2015-08-13T13:30:00+00:00,2015-08-13,13:30,USD,High Impact Expected,Initial Jobless Claims
2015-08-20T13:30:00+00:00,2015-08-20,13:30,USD,High Impact Expected,Initial Jobless Claims
2015-08-27T13:30:00+00:00,2015-08-27,13:30,USD,High Impact Expected,Initial Jobless Claims
2015-08-28T13:30:00+00:00,2015-08-28,13:30,USD,High Impact Expected,Core PCE m/m
2015-09-03T13:30:00+00:00,2015-09-03,13:30,USD,High Impact Expected,Initial Jobless Claims
2015-09-04T13:30:00+00:00,2015-09-04,13:30,USD,High Impact Expected,Non-Farm Employment Change
2015-09-10T13:30:00+00:00,2015-09-10,13:30,USD,High Impact Expected,Initial Jobless Claims
2015-09-14T13:30:00+00:00,2015-09-14,13:30,USD,High Impact Expected,CPI m/m
2015-09-17T13:30:00+00:00,2015-09-17,13:30,USD,High Impact Expected,Initial Jobless Claims
2015-09-17T19:00:00+00:00,2015-09-17,19:00,USD,High Impact Expected,FOMC Statement
2015-09-24T13:30:00+00:00,2015-09-24,13:30,USD,High Impact Expected,Initial Jobless Claims
2015-09-25T13:30:00+00:00,2015-09-25,13:30,USD,High Impact Expected,Core PCE m/m
2015-10-01T13:30:00+00:00,2015-10-01,13:30,USD,High Impact Expected,Initial Jobless Claims
2015-10-02T13:30:00+00:00,2015-10-02,13:30,USD,High Impact Expected,Non-Farm Employment Change
2015-10-08T13:30:00+00:00,2015-10-08,13:30,USD,High Impact Expected,Initial Jobless Claims
2015-10-13T13:30:00+00:00,2015-10-13,13:30,USD,High Impact Expected,CPI m/m
2015-10-15T13:30:00+00:00,2015-10-15,13:30,USD,High Impact Expected,Initial Jobless Claims
2015-10-22T13:30:00+00:00,2015-10-22,13:30,USD,High Impact Expected,Initial Jobless Claims
2015-10-28T19:00:00+00:00,2015-10-28,19:00,USD,High Impact Expected,FOMC Statement
2015-10-29T13:30:00+00:00,2015-10-29,13:30,USD,High Impact Expected,Initial Jobless Claims
2015-10-30T13:30:00+00:00,2015-10-30,13:30,USD,High Impact Expected,Core PCE m/m
2015-11-05T13:30:00+00:00,2015-11-05,13:30,USD,High Impact Expected,Initial Jobless Claims
2015-11-06T13:30:00+00:00,2015-11-06,13:30,USD,High Impact Expected,Non-Farm Employment Change
2015-11-12T13:30:00+00:00,2015-11-12,13:30,USD,High Impact Expected,Initial Jobless Claims
2015-11-13T13:30:00+00:00,2015-11-13,13:30,USD,High Impact Expected,CPI m/m
2015-11-19T13:30:00+00:00,2015-11-19,13:30,USD,High Impact Expected,Initial Jobless Claims
2015-11-26T13:30:00+00:00,2015-11-26,13:30,USD,High Impact Expected,Initial Jobless Claims
2015-11-27T13:30:00+00:00,2015-11-27,13:30,USD,High Impact Expected,Core PCE m/m
2015-12-01T15:00:00+00:00,2015-12-01,15:00,USD,High Impact Expected,ISM Manufacturing PMI
2015-12-03T13:30:00+00:00,2015-12-03,13:30,USD,High Impact Expected,Initial Jobless Claims
2015-12-04T13:30:00+00:00,2015-12-04,13:30,USD,High Impact Expected,Non-Farm Employment Change
2015-12-10T13:30:00+00:00,2015-12-10,13:30,USD,High Impact Expected,Initial Jobless Claims
2015-12-14T13:30:00+00:00,2015-12-14,13:30,USD,High Impact Expected,CPI m/m
2015-12-16T19:00:00+00:00,2015-12-16,19:00,USD,High Impact Expected,FOMC Statement
2015-12-17T13:30:00+00:00,2015-12-17,13:30,USD,High Impact Expected,Initial Jobless Claims
2015-12-24T13:30:00+00:00,2015-12-24,13:30,USD,High Impact Expected,Initial Jobless Claims
2015-12-25T13:30:00+00:00,2015-12-25,13:30,USD,High Impact Expected,Core PCE m/m
2015-12-31T13:30:00+00:00,2015-12-31,13:30,USD,High Impact Expected,Initial Jobless Claims
2016-01-01T13:30:00+00:00,2016-01-01,13:30,USD,High Impact Expected,Non-Farm Employment Change
2016-01-07T13:30:00+00:00,2016-01-07,13:30,USD,High Impact Expected,Initial Jobless Claims
2016-01-13T13:30:00+00:00,2016-01-13,13:30,USD,High Impact Expected,CPI m/m
2016-01-14T13:30:00+00:00,2016-01-14,13:30,USD,High Impact Expected,Initial Jobless Claims
2016-01-21T13:30:00+00:00,2016-01-21,13:30,USD,High Impact Expected,Initial Jobless Claims
2016-01-27T19:00:00+00:00,2016-01-27,19:00,USD,High Impact Expected,FOMC Statement
2016-01-28T13:30:00+00:00,2016-01-28,13:30,USD,High Impact Expected,Initial Jobless Claims
2016-01-29T13:30:00+00:00,2016-01-29,13:30,USD,High Impact Expected,Core PCE m/m
2016-02-04T13:30:00+00:00,2016-02-04,13:30,USD,High Impact Expected,Initial Jobless Claims
2016-02-05T13:30:00+00:00,2016-02-05,13:30,USD,High Impact Expected,Non-Farm Employment Change
2016-02-11T13:30:00+00:00,2016-02-11,13:30,USD,High Impact Expected,Initial Jobless Claims
2016-02-15T13:30:00+00:00,2016-02-15,13:30,USD,High Impact Expected,CPI m/m
2016-02-18T13:30:00+00:00,2016-02-18,13:30,USD,High Impact Expected,Initial Jobless Claims
2016-02-25T13:30:00+00:00,2016-02-25,13:30,USD,High Impact Expected,Initial Jobless Claims
2016-02-26T13:30:00+00:00,2016-02-26,13:30,USD,High Impact Expected,Core PCE m/m
2016-03-03T13:30:00+00:00,2016-03-03,13:30,USD,High Impact Expected,Initial Jobless Claims
2016-03-04T13:30:00+00:00,2016-03-04,13:30,USD,High Impact Expected,Non-Farm Employment Change
2016-03-10T13:30:00+00:00,2016-03-10,13:30,USD,High Impact Expected,Initial Jobless Claims
2016-03-14T13:30:00+00:00,2016-03-14,13:30,USD,High Impact Expected,CPI m/m
2016-03-16T19:00:00+00:00,2016-03-16,19:00,USD,High Impact Expected,FOMC Statement
2016-03-17T13:30:00+00:00,2016-03-17,13:30,USD,High Impact Expected,Initial Jobless Claims
2016-03-24T13:30:00+00:00,2016-03-24,13:30,USD,High Impact Expected,Initial Jobless Claims
2016-03-25T13:30:00+00:00,2016-03-25,13:30,USD,High Impact Expected,Core PCE m/m
2016-03-31T13:30:00+00:00,2016-03-31,13:30,USD,High Impact Expected,Initial Jobless Claims
2016-04-01T13:30:00+00:00,2016-04-01,13:30,USD,High Impact Expected,Non-Farm Employment Change
2016-04-07T13:30:00+00:00,2016-04-07,13:30,USD,High Impact Expected,Initial Jobless Claims
2016-04-13T13:30:00+00:00,2016-04-13,13:30,USD,High Impact Expected,CPI m/m
2016-04-14T13:30:00+00:00,2016-04-14,13:30,USD,High Impact Expected,Initial Jobless Claims
2016-04-21T13:30:00+00:00,2016-04-21,13:30,USD,High Impact Expected,Initial Jobless Claims
2016-04-27T19:00:00+00:00,2016-04-27,19:00,USD,High Impact Expected,FOMC Statement
2016-04-28T13:30:00+00:00,2016-04-28,13:30,USD,High Impact Expected,Initial Jobless Claims
2016-04-29T13:30:00+00:00,2016-04-29,13:30,USD,High Impact Expected,Core PCE m/m
2016-05-05T13:30:00+00:00,2016-05-05,13:30,USD,High Impact Expected,Initial Jobless Claims
2016-05-06T13:30:00+00:00,2016-05-06,13:30,USD,High Impact Expected,Non-Farm Employment Change
2016-05-12T13:30:00+00:00,2016-05-12,13:30,USD,High Impact Expected,Initial Jobless Claims
2016-05-13T13:30:00+00:00,2016-05-13,13:30,USD,High Impact Expected,CPI m/m
2016-05-19T13:30:00+00:00,2016-05-19,13:30,USD,High Impact Expected,Initial Jobless Claims
2016-05-26T13:30:00+00:00,2016-05-26,13:30,USD,High Impact Expected,Initial Jobless Claims
2016-05-27T13:30:00+00:00,2016-05-27,13:30,USD,High Impact Expected,Core PCE m/m
2016-06-02T13:30:00+00:00,2016-06-02,13:30,USD,High Impact Expected,Initial Jobless Claims
2016-06-03T13:30:00+00:00,2016-06-03,13:30,USD,High Impact Expected,Non-Farm Employment Change
2016-06-09T13:30:00+00:00,2016-06-09,13:30,USD,High Impact Expected,Initial Jobless Claims
2016-06-13T13:30:00+00:00,2016-06-13,13:30,USD,High Impact Expected,CPI m/m
2016-06-15T19:00:00+00:00,2016-06-15,19:00,USD,High Impact Expected,FOMC Statement
2016-06-16T13:30:00+00:00,2016-06-16,13:30,USD,High Impact Expected,Initial Jobless Claims
2016-06-23T13:30:00+00:00,2016-06-23,13:30,USD,High Impact Expected,Initial Jobless Claims
2016-06-24T13:30:00+00:00,2016-06-24,13:30,USD,High Impact Expected,Core PCE m/m
2016-06-30T13:30:00+00:00,2016-06-30,13:30,USD,High Impact Expected,Initial Jobless Claims
2016-07-01T13:30:00+00:00,2016-07-01,13:30,USD,High Impact Expected,Non-Farm Employment Change
2016-07-07T13:30:00+00:00,2016-07-07,13:30,USD,High Impact Expected,Initial Jobless Claims
2016-07-13T13:30:00+00:00,2016-07-13,13:30,USD,High Impact Expected,CPI m/m
2016-07-14T13:30:00+00:00,2016-07-14,13:30,USD,High Impact Expected,Initial Jobless Claims
2016-07-21T13:30:00+00:00,2016-07-21,13:30,USD,High Impact Expected,Initial Jobless Claims
2016-07-27T19:00:00+00:00,2016-07-27,19:00,USD,High Impact Expected,FOMC Statement
2016-07-28T13:30:00+00:00,2016-07-28,13:30,USD,High Impact Expected,Initial Jobless Claims
2016-07-29T13:30:00+00:00,2016-07-29,13:30,USD,High Impact Expected,Core PCE m/m
2016-08-04T13:30:00+00:00,2016-08-04,13:30,USD,High Impact Expected,Initial Jobless Claims
2016-08-05T13:30:00+00:00,2016-08-05,13:30,USD,High Impact Expected,Non-Farm Employment Change
2016-08-11T13:30:00+00:00,2016-08-11,13:30,USD,High Impact Expected,Initial Jobless Claims
2016-08-15T13:30:00+00:00,2016-08-15,13:30,USD,High Impact Expected,CPI m/m
2016-08-18T13:30:00+00:00,2016-08-18,13:30,USD,High Impact Expected,Initial Jobless Claims
2016-08-25T13:30:00+00:00,2016-08-25,13:30,USD,High Impact Expected,Initial Jobless Claims
2016-08-26T13:30:00+00:00,2016-08-26,13:30,USD,High Impact Expected,Core PCE m/m
2016-09-01T13:30:00+00:00,2016-09-01,13:30,USD,High Impact Expected,Initial Jobless Claims
2016-09-02T13:30:00+00:00,2016-09-02,13:30,USD,High Impact Expected,Non-Farm Employment Change
2016-09-08T13:30:00+00:00,2016-09-08,13:30,USD,High Impact Expected,Initial Jobless Claims
2016-09-13T13:30:00+00:00,2016-09-13,13:30,USD,High Impact Expected,CPI m/m
2016-09-15T13:30:00+00:00,2016-09-15,13:30,USD,High Impact Expected,Initial Jobless Claims
2016-09-21T19:00:00+00:00,2016-09-21,19:00,USD,High Impact Expected,FOMC Statement
2016-09-22T13:30:00+00:00,2016-09-22,13:30,USD,High Impact Expected,Initial Jobless Claims
2016-09-29T13:30:00+00:00,2016-09-29,13:30,USD,High Impact Expected,Initial Jobless Claims
2016-09-30T13:30:00+00:00,2016-09-30,13:30,USD,High Impact Expected,Core PCE m/m
2016-10-06T13:30:00+00:00,2016-10-06,13:30,USD,High Impact Expected,Initial Jobless Claims
2016-10-07T13:30:00+00:00,2016-10-07,13:30,USD,High Impact Expected,Non-Farm Employment Change
2016-10-13T13:30:00+00:00,2016-10-13,13:30,USD,High Impact Expected,CPI m/m
2016-10-13T13:30:00+00:00,2016-10-13,13:30,USD,High Impact Expected,Initial Jobless Claims
2016-10-20T13:30:00+00:00,2016-10-20,13:30,USD,High Impact Expected,Initial Jobless Claims
2016-10-27T13:30:00+00:00,2016-10-27,13:30,USD,High Impact Expected,Initial Jobless Claims
2016-10-28T13:30:00+00:00,2016-10-28,13:30,USD,High Impact Expected,Core PCE m/m
2016-11-02T19:00:00+00:00,2016-11-02,19:00,USD,High Impact Expected,FOMC Statement
2016-11-03T13:30:00+00:00,2016-11-03,13:30,USD,High Impact Expected,Initial Jobless Claims
2016-11-04T13:30:00+00:00,2016-11-04,13:30,USD,High Impact Expected,Non-Farm Employment Change
2016-11-10T13:30:00+00:00,2016-11-10,13:30,USD,High Impact Expected,Initial Jobless Claims
2016-11-14T13:30:00+00:00,2016-11-14,13:30,USD,High Impact Expected,CPI m/m
2016-11-17T13:30:00+00:00,2016-11-17,13:30,USD,High Impact Expected,Initial Jobless Claims
2016-11-24T13:30:00+00:00,2016-11-24,13:30,USD,High Impact Expected,Initial Jobless Claims
2016-11-25T13:30:00+00:00,2016-11-25,13:30,USD,High Impact Expected,Core PCE m/m
2016-12-01T13:30:00+00:00,2016-12-01,13:30,USD,High Impact Expected,Initial Jobless Claims
2016-12-01T15:00:00+00:00,2016-12-01,15:00,USD,High Impact Expected,ISM Manufacturing PMI
2016-12-02T13:30:00+00:00,2016-12-02,13:30,USD,High Impact Expected,Non-Farm Employment Change
2016-12-08T13:30:00+00:00,2016-12-08,13:30,USD,High Impact Expected,Initial Jobless Claims
2016-12-13T13:30:00+00:00,2016-12-13,13:30,USD,High Impact Expected,CPI m/m
2016-12-14T19:00:00+00:00,2016-12-14,19:00,USD,High Impact Expected,FOMC Statement
2016-12-15T13:30:00+00:00,2016-12-15,13:30,USD,High Impact Expected,Initial Jobless Claims
2016-12-22T13:30:00+00:00,2016-12-22,13:30,USD,High Impact Expected,Initial Jobless Claims
2016-12-29T13:30:00+00:00,2016-12-29,13:30,USD,High Impact Expected,Initial Jobless Claims
2016-12-30T13:30:00+00:00,2016-12-30,13:30,USD,High Impact Expected,Core PCE m/m
2017-01-05T13:30:00+00:00,2017-01-05,13:30,USD,High Impact Expected,Initial Jobless Claims
2017-01-06T13:30:00+00:00,2017-01-06,13:30,USD,High Impact Expected,Non-Farm Employment Change
2017-01-12T13:30:00+00:00,2017-01-12,13:30,USD,High Impact Expected,Initial Jobless Claims
2017-01-13T13:30:00+00:00,2017-01-13,13:30,USD,High Impact Expected,CPI m/m
2017-01-19T13:30:00+00:00,2017-01-19,13:30,USD,High Impact Expected,Initial Jobless Claims
2017-01-26T13:30:00+00:00,2017-01-26,13:30,USD,High Impact Expected,Initial Jobless Claims
2017-01-27T13:30:00+00:00,2017-01-27,13:30,USD,High Impact Expected,Core PCE m/m
2017-02-01T19:00:00+00:00,2017-02-01,19:00,USD,High Impact Expected,FOMC Statement
2017-02-02T13:30:00+00:00,2017-02-02,13:30,USD,High Impact Expected,Initial Jobless Claims
2017-02-03T13:30:00+00:00,2017-02-03,13:30,USD,High Impact Expected,Non-Farm Employment Change
2017-02-09T13:30:00+00:00,2017-02-09,13:30,USD,High Impact Expected,Initial Jobless Claims
2017-02-13T13:30:00+00:00,2017-02-13,13:30,USD,High Impact Expected,CPI m/m
2017-02-16T13:30:00+00:00,2017-02-16,13:30,USD,High Impact Expected,Initial Jobless Claims
2017-02-23T13:30:00+00:00,2017-02-23,13:30,USD,High Impact Expected,Initial Jobless Claims
2017-02-24T13:30:00+00:00,2017-02-24,13:30,USD,High Impact Expected,Core PCE m/m
2017-03-02T13:30:00+00:00,2017-03-02,13:30,USD,High Impact Expected,Initial Jobless Claims
2017-03-03T13:30:00+00:00,2017-03-03,13:30,USD,High Impact Expected,Non-Farm Employment Change
2017-03-09T13:30:00+00:00,2017-03-09,13:30,USD,High Impact Expected,Initial Jobless Claims
2017-03-13T13:30:00+00:00,2017-03-13,13:30,USD,High Impact Expected,CPI m/m
2017-03-15T19:00:00+00:00,2017-03-15,19:00,USD,High Impact Expected,FOMC Statement
2017-03-16T13:30:00+00:00,2017-03-16,13:30,USD,High Impact Expected,Initial Jobless Claims
2017-03-23T13:30:00+00:00,2017-03-23,13:30,USD,High Impact Expected,Initial Jobless Claims
2017-03-30T13:30:00+00:00,2017-03-30,13:30,USD,High Impact Expected,Initial Jobless Claims
2017-03-31T13:30:00+00:00,2017-03-31,13:30,USD,High Impact Expected,Core PCE m/m
2017-04-06T13:30:00+00:00,2017-04-06,13:30,USD,High Impact Expected,Initial Jobless Claims
2017-04-07T13:30:00+00:00,2017-04-07,13:30,USD,High Impact Expected,Non-Farm Employment Change
2017-04-13T13:30:00+00:00,2017-04-13,13:30,USD,High Impact Expected,CPI m/m
2017-04-13T13:30:00+00:00,2017-04-13,13:30,USD,High Impact Expected,Initial Jobless Claims
2017-04-20T13:30:00+00:00,2017-04-20,13:30,USD,High Impact Expected,Initial Jobless Claims
2017-04-27T13:30:00+00:00,2017-04-27,13:30,USD,High Impact Expected,Initial Jobless Claims
2017-04-28T13:30:00+00:00,2017-04-28,13:30,USD,High Impact Expected,Core PCE m/m
2017-05-03T19:00:00+00:00,2017-05-03,19:00,USD,High Impact Expected,FOMC Statement
2017-05-04T13:30:00+00:00,2017-05-04,13:30,USD,High Impact Expected,Initial Jobless Claims
2017-05-05T13:30:00+00:00,2017-05-05,13:30,USD,High Impact Expected,Non-Farm Employment Change
2017-05-11T13:30:00+00:00,2017-05-11,13:30,USD,High Impact Expected,Initial Jobless Claims
2017-05-15T13:30:00+00:00,2017-05-15,13:30,USD,High Impact Expected,CPI m/m
2017-05-18T13:30:00+00:00,2017-05-18,13:30,USD,High Impact Expected,Initial Jobless Claims
2017-05-25T13:30:00+00:00,2017-05-25,13:30,USD,High Impact Expected,Initial Jobless Claims
2017-05-26T13:30:00+00:00,2017-05-26,13:30,USD,High Impact Expected,Core PCE m/m
2017-06-01T13:30:00+00:00,2017-06-01,13:30,USD,High Impact Expected,Initial Jobless Claims
2017-06-02T13:30:00+00:00,2017-06-02,13:30,USD,High Impact Expected,Non-Farm Employment Change
2017-06-08T13:30:00+00:00,2017-06-08,13:30,USD,High Impact Expected,Initial Jobless Claims
2017-06-13T13:30:00+00:00,2017-06-13,13:30,USD,High Impact Expected,CPI m/m
2017-06-14T19:00:00+00:00,2017-06-14,19:00,USD,High Impact Expected,FOMC Statement
2017-06-15T13:30:00+00:00,2017-06-15,13:30,USD,High Impact Expected,Initial Jobless Claims
2017-06-22T13:30:00+00:00,2017-06-22,13:30,USD,High Impact Expected,Initial Jobless Claims
2017-06-29T13:30:00+00:00,2017-06-29,13:30,USD,High Impact Expected,Initial Jobless Claims
2017-06-30T13:30:00+00:00,2017-06-30,13:30,USD,High Impact Expected,Core PCE m/m
2017-07-06T13:30:00+00:00,2017-07-06,13:30,USD,High Impact Expected,Initial Jobless Claims
2017-07-07T13:30:00+00:00,2017-07-07,13:30,USD,High Impact Expected,Non-Farm Employment Change
2017-07-13T13:30:00+00:00,2017-07-13,13:30,USD,High Impact Expected,CPI m/m
2017-07-13T13:30:00+00:00,2017-07-13,13:30,USD,High Impact Expected,Initial Jobless Claims
2017-07-20T13:30:00+00:00,2017-07-20,13:30,USD,High Impact Expected,Initial Jobless Claims
2017-07-26T19:00:00+00:00,2017-07-26,19:00,USD,High Impact Expected,FOMC Statement
2017-07-27T13:30:00+00:00,2017-07-27,13:30,USD,High Impact Expected,Initial Jobless Claims
2017-07-28T13:30:00+00:00,2017-07-28,13:30,USD,High Impact Expected,Core PCE m/m
2017-08-03T13:30:00+00:00,2017-08-03,13:30,USD,High Impact Expected,Initial Jobless Claims
2017-08-04T13:30:00+00:00,2017-08-04,13:30,USD,High Impact Expected,Non-Farm Employment Change
2017-08-10T13:30:00+00:00,2017-08-10,13:30,USD,High Impact Expected,Initial Jobless Claims
2017-08-14T13:30:00+00:00,2017-08-14,13:30,USD,High Impact Expected,CPI m/m
2017-08-17T13:30:00+00:00,2017-08-17,13:30,USD,High Impact Expected,Initial Jobless Claims
2017-08-24T13:30:00+00:00,2017-08-24,13:30,USD,High Impact Expected,Initial Jobless Claims
2017-08-25T13:30:00+00:00,2017-08-25,13:30,USD,High Impact Expected,Core PCE m/m
2017-08-31T13:30:00+00:00,2017-08-31,13:30,USD,High Impact Expected,Initial Jobless Claims
2017-09-01T13:30:00+00:00,2017-09-01,13:30,USD,High Impact Expected,Non-Farm Employment Change
2017-09-07T13:30:00+00:00,2017-09-07,13:30,USD,High Impact Expected,Initial Jobless Claims
2017-09-13T13:30:00+00:00,2017-09-13,13:30,USD,High Impact Expected,CPI m/m
2017-09-14T13:30:00+00:00,2017-09-14,13:30,USD,High Impact Expected,Initial Jobless Claims
2017-09-20T19:00:00+00:00,2017-09-20,19:00,USD,High Impact Expected,FOMC Statement
2017-09-21T13:30:00+00:00,2017-09-21,13:30,USD,High Impact Expected,Initial Jobless Claims
2017-09-28T13:30:00+00:00,2017-09-28,13:30,USD,High Impact Expected,Initial Jobless Claims
2017-09-29T13:30:00+00:00,2017-09-29,13:30,USD,High Impact Expected,Core PCE m/m
2017-10-05T13:30:00+00:00,2017-10-05,13:30,USD,High Impact Expected,Initial Jobless Claims
2017-10-06T13:30:00+00:00,2017-10-06,13:30,USD,High Impact Expected,Non-Farm Employment Change
2017-10-12T13:30:00+00:00,2017-10-12,13:30,USD,High Impact Expected,Initial Jobless Claims
2017-10-13T13:30:00+00:00,2017-10-13,13:30,USD,High Impact Expected,CPI m/m
2017-10-19T13:30:00+00:00,2017-10-19,13:30,USD,High Impact Expected,Initial Jobless Claims
2017-10-26T13:30:00+00:00,2017-10-26,13:30,USD,High Impact Expected,Initial Jobless Claims
2017-10-27T13:30:00+00:00,2017-10-27,13:30,USD,High Impact Expected,Core PCE m/m
2017-11-01T19:00:00+00:00,2017-11-01,19:00,USD,High Impact Expected,FOMC Statement
2017-11-02T13:30:00+00:00,2017-11-02,13:30,USD,High Impact Expected,Initial Jobless Claims
2017-11-03T13:30:00+00:00,2017-11-03,13:30,USD,High Impact Expected,Non-Farm Employment Change
2017-11-09T13:30:00+00:00,2017-11-09,13:30,USD,High Impact Expected,Initial Jobless Claims
2017-11-13T13:30:00+00:00,2017-11-13,13:30,USD,High Impact Expected,CPI m/m
2017-11-16T13:30:00+00:00,2017-11-16,13:30,USD,High Impact Expected,Initial Jobless Claims
2017-11-23T13:30:00+00:00,2017-11-23,13:30,USD,High Impact Expected,Initial Jobless Claims
2017-11-24T13:30:00+00:00,2017-11-24,13:30,USD,High Impact Expected,Core PCE m/m
2017-11-30T13:30:00+00:00,2017-11-30,13:30,USD,High Impact Expected,Initial Jobless Claims
2017-12-01T13:30:00+00:00,2017-12-01,13:30,USD,High Impact Expected,Non-Farm Employment Change
2017-12-01T15:00:00+00:00,2017-12-01,15:00,USD,High Impact Expected,ISM Manufacturing PMI
2017-12-07T13:30:00+00:00,2017-12-07,13:30,USD,High Impact Expected,Initial Jobless Claims
2017-12-13T13:30:00+00:00,2017-12-13,13:30,USD,High Impact Expected,CPI m/m
2017-12-13T19:00:00+00:00,2017-12-13,19:00,USD,High Impact Expected,FOMC Statement
2017-12-14T13:30:00+00:00,2017-12-14,13:30,USD,High Impact Expected,Initial Jobless Claims
2017-12-21T13:30:00+00:00,2017-12-21,13:30,USD,High Impact Expected,Initial Jobless Claims
2017-12-28T13:30:00+00:00,2017-12-28,13:30,USD,High Impact Expected,Initial Jobless Claims
2017-12-29T13:30:00+00:00,2017-12-29,13:30,USD,High Impact Expected,Core PCE m/m
2018-01-04T13:30:00+00:00,2018-01-04,13:30,USD,High Impact Expected,Initial Jobless Claims
2018-01-05T13:30:00+00:00,2018-01-05,13:30,USD,High Impact Expected,Non-Farm Employment Change
2018-01-11T13:30:00+00:00,2018-01-11,13:30,USD,High Impact Expected,Initial Jobless Claims
2018-01-15T13:30:00+00:00,2018-01-15,13:30,USD,High Impact Expected,CPI m/m
2018-01-18T13:30:00+00:00,2018-01-18,13:30,USD,High Impact Expected,Initial Jobless Claims
2018-01-25T13:30:00+00:00,2018-01-25,13:30,USD,High Impact Expected,Initial Jobless Claims
2018-01-26T13:30:00+00:00,2018-01-26,13:30,USD,High Impact Expected,Core PCE m/m
2018-01-31T19:00:00+00:00,2018-01-31,19:00,USD,High Impact Expected,FOMC Statement
2018-02-01T13:30:00+00:00,2018-02-01,13:30,USD,High Impact Expected,Initial Jobless Claims
2018-02-02T13:30:00+00:00,2018-02-02,13:30,USD,High Impact Expected,Non-Farm Employment Change
2018-02-08T13:30:00+00:00,2018-02-08,13:30,USD,High Impact Expected,Initial Jobless Claims
2018-02-13T13:30:00+00:00,2018-02-13,13:30,USD,High Impact Expected,CPI m/m
2018-02-15T13:30:00+00:00,2018-02-15,13:30,USD,High Impact Expected,Initial Jobless Claims
2018-02-22T13:30:00+00:00,2018-02-22,13:30,USD,High Impact Expected,Initial Jobless Claims
2018-02-23T13:30:00+00:00,2018-02-23,13:30,USD,High Impact Expected,Core PCE m/m
2018-03-01T13:30:00+00:00,2018-03-01,13:30,USD,High Impact Expected,Initial Jobless Claims
2018-03-02T13:30:00+00:00,2018-03-02,13:30,USD,High Impact Expected,Non-Farm Employment Change
2018-03-08T13:30:00+00:00,2018-03-08,13:30,USD,High Impact Expected,Initial Jobless Claims
2018-03-13T13:30:00+00:00,2018-03-13,13:30,USD,High Impact Expected,CPI m/m
2018-03-15T13:30:00+00:00,2018-03-15,13:30,USD,High Impact Expected,Initial Jobless Claims
2018-03-21T19:00:00+00:00,2018-03-21,19:00,USD,High Impact Expected,FOMC Statement
2018-03-22T13:30:00+00:00,2018-03-22,13:30,USD,High Impact Expected,Initial Jobless Claims
2018-03-29T13:30:00+00:00,2018-03-29,13:30,USD,High Impact Expected,Initial Jobless Claims
2018-03-30T13:30:00+00:00,2018-03-30,13:30,USD,High Impact Expected,Core PCE m/m
2018-04-05T13:30:00+00:00,2018-04-05,13:30,USD,High Impact Expected,Initial Jobless Claims
2018-04-06T13:30:00+00:00,2018-04-06,13:30,USD,High Impact Expected,Non-Farm Employment Change
2018-04-12T13:30:00+00:00,2018-04-12,13:30,USD,High Impact Expected,Initial Jobless Claims
2018-04-13T13:30:00+00:00,2018-04-13,13:30,USD,High Impact Expected,CPI m/m
2018-04-19T13:30:00+00:00,2018-04-19,13:30,USD,High Impact Expected,Initial Jobless Claims
2018-04-26T13:30:00+00:00,2018-04-26,13:30,USD,High Impact Expected,Initial Jobless Claims
2018-04-27T13:30:00+00:00,2018-04-27,13:30,USD,High Impact Expected,Core PCE m/m
2018-05-02T19:00:00+00:00,2018-05-02,19:00,USD,High Impact Expected,FOMC Statement
2018-05-03T13:30:00+00:00,2018-05-03,13:30,USD,High Impact Expected,Initial Jobless Claims
2018-05-04T13:30:00+00:00,2018-05-04,13:30,USD,High Impact Expected,Non-Farm Employment Change
2018-05-10T13:30:00+00:00,2018-05-10,13:30,USD,High Impact Expected,Initial Jobless Claims
2018-05-14T13:30:00+00:00,2018-05-14,13:30,USD,High Impact Expected,CPI m/m
2018-05-17T13:30:00+00:00,2018-05-17,13:30,USD,High Impact Expected,Initial Jobless Claims
2018-05-24T13:30:00+00:00,2018-05-24,13:30,USD,High Impact Expected,Initial Jobless Claims
2018-05-25T13:30:00+00:00,2018-05-25,13:30,USD,High Impact Expected,Core PCE m/m
2018-05-31T13:30:00+00:00,2018-05-31,13:30,USD,High Impact Expected,Initial Jobless Claims
2018-06-01T13:30:00+00:00,2018-06-01,13:30,USD,High Impact Expected,Non-Farm Employment Change
2018-06-07T13:30:00+00:00,2018-06-07,13:30,USD,High Impact Expected,Initial Jobless Claims
2018-06-13T13:30:00+00:00,2018-06-13,13:30,USD,High Impact Expected,CPI m/m
2018-06-13T19:00:00+00:00,2018-06-13,19:00,USD,High Impact Expected,FOMC Statement
2018-06-14T13:30:00+00:00,2018-06-14,13:30,USD,High Impact Expected,Initial Jobless Claims
2018-06-21T13:30:00+00:00,2018-06-21,13:30,USD,High Impact Expected,Initial Jobless Claims
2018-06-28T13:30:00+00:00,2018-06-28,13:30,USD,High Impact Expected,Initial Jobless Claims
2018-06-29T13:30:00+00:00,2018-06-29,13:30,USD,High Impact Expected,Core PCE m/m
2018-07-05T13:30:00+00:00,2018-07-05,13:30,USD,High Impact Expected,Initial Jobless Claims
2018-07-06T13:30:00+00:00,2018-07-06,13:30,USD,High Impact Expected,Non-Farm Employment Change
2018-07-12T13:30:00+00:00,2018-07-12,13:30,USD,High Impact Expected,Initial Jobless Claims
2018-07-13T13:30:00+00:00,2018-07-13,13:30,USD,High Impact Expected,CPI m/m
2018-07-19T13:30:00+00:00,2018-07-19,13:30,USD,High Impact Expected,Initial Jobless Claims
2018-07-26T13:30:00+00:00,2018-07-26,13:30,USD,High Impact Expected,Initial Jobless Claims
2018-07-27T13:30:00+00:00,2018-07-27,13:30,USD,High Impact Expected,Core PCE m/m
2018-08-01T19:00:00+00:00,2018-08-01,19:00,USD,High Impact Expected,FOMC Statement
2018-08-02T13:30:00+00:00,2018-08-02,13:30,USD,High Impact Expected,Initial Jobless Claims
2018-08-03T13:30:00+00:00,2018-08-03,13:30,USD,High Impact Expected,Non-Farm Employment Change
2018-08-09T13:30:00+00:00,2018-08-09,13:30,USD,High Impact Expected,Initial Jobless Claims
2018-08-13T13:30:00+00:00,2018-08-13,13:30,USD,High Impact Expected,CPI m/m
2018-08-16T13:30:00+00:00,2018-08-16,13:30,USD,High Impact Expected,Initial Jobless Claims
2018-08-23T13:30:00+00:00,2018-08-23,13:30,USD,High Impact Expected,Initial Jobless Claims
2018-08-30T13:30:00+00:00,2018-08-30,13:30,USD,High Impact Expected,Initial Jobless Claims
2018-08-31T13:30:00+00:00,2018-08-31,13:30,USD,High Impact Expected,Core PCE m/m
2018-09-06T13:30:00+00:00,2018-09-06,13:30,USD,High Impact Expected,Initial Jobless Claims
2018-09-07T13:30:00+00:00,2018-09-07,13:30,USD,High Impact Expected,Non-Farm Employment Change
2018-09-13T13:30:00+00:00,2018-09-13,13:30,USD,High Impact Expected,CPI m/m
2018-09-13T13:30:00+00:00,2018-09-13,13:30,USD,High Impact Expected,Initial Jobless Claims
2018-09-20T13:30:00+00:00,2018-09-20,13:30,USD,High Impact Expected,Initial Jobless Claims
2018-09-26T19:00:00+00:00,2018-09-26,19:00,USD,High Impact Expected,FOMC Statement
2018-09-27T13:30:00+00:00,2018-09-27,13:30,USD,High Impact Expected,Initial Jobless Claims
2018-09-28T13:30:00+00:00,2018-09-28,13:30,USD,High Impact Expected,Core PCE m/m
2018-10-04T13:30:00+00:00,2018-10-04,13:30,USD,High Impact Expected,Initial Jobless Claims
2018-10-05T13:30:00+00:00,2018-10-05,13:30,USD,High Impact Expected,Non-Farm Employment Change
2018-10-11T13:30:00+00:00,2018-10-11,13:30,USD,High Impact Expected,Initial Jobless Claims
2018-10-15T13:30:00+00:00,2018-10-15,13:30,USD,High Impact Expected,CPI m/m
2018-10-18T13:30:00+00:00,2018-10-18,13:30,USD,High Impact Expected,Initial Jobless Claims
2018-10-25T13:30:00+00:00,2018-10-25,13:30,USD,High Impact Expected,Initial Jobless Claims
2018-10-26T13:30:00+00:00,2018-10-26,13:30,USD,High Impact Expected,Core PCE m/m
2018-11-01T13:30:00+00:00,2018-11-01,13:30,USD,High Impact Expected,Initial Jobless Claims
2018-11-02T13:30:00+00:00,2018-11-02,13:30,USD,High Impact Expected,Non-Farm Employment Change
2018-11-08T13:30:00+00:00,2018-11-08,13:30,USD,High Impact Expected,Initial Jobless Claims
2018-11-08T19:00:00+00:00,2018-11-08,19:00,USD,High Impact Expected,FOMC Statement
2018-11-13T13:30:00+00:00,2018-11-13,13:30,USD,High Impact Expected,CPI m/m
2018-11-15T13:30:00+00:00,2018-11-15,13:30,USD,High Impact Expected,Initial Jobless Claims
2018-11-22T13:30:00+00:00,2018-11-22,13:30,USD,High Impact Expected,Initial Jobless Claims
2018-11-29T13:30:00+00:00,2018-11-29,13:30,USD,High Impact Expected,Initial Jobless Claims
2018-11-30T13:30:00+00:00,2018-11-30,13:30,USD,High Impact Expected,Core PCE m/m
2018-12-03T15:00:00+00:00,2018-12-03,15:00,USD,High Impact Expected,ISM Manufacturing PMI
2018-12-06T13:30:00+00:00,2018-12-06,13:30,USD,High Impact Expected,Initial Jobless Claims
2018-12-07T13:30:00+00:00,2018-12-07,13:30,USD,High Impact Expected,Non-Farm Employment Change
2018-12-13T13:30:00+00:00,2018-12-13,13:30,USD,High Impact Expected,CPI m/m
2018-12-13T13:30:00+00:00,2018-12-13,13:30,USD,High Impact Expected,Initial Jobless Claims
2018-12-19T19:00:00+00:00,2018-12-19,19:00,USD,High Impact Expected,FOMC Statement
2018-12-20T13:30:00+00:00,2018-12-20,13:30,USD,High Impact Expected,Initial Jobless Claims
2018-12-27T13:30:00+00:00,2018-12-27,13:30,USD,High Impact Expected,Initial Jobless Claims
2018-12-28T13:30:00+00:00,2018-12-28,13:30,USD,High Impact Expected,Core PCE m/m
2019-01-03T13:30:00+00:00,2019-01-03,13:30,USD,High Impact Expected,Initial Jobless Claims
2019-01-04T13:30:00+00:00,2019-01-04,13:30,USD,High Impact Expected,Non-Farm Employment Change
2019-01-10T13:30:00+00:00,2019-01-10,13:30,USD,High Impact Expected,Initial Jobless Claims
2019-01-14T13:30:00+00:00,2019-01-14,13:30,USD,High Impact Expected,CPI m/m
2019-01-17T13:30:00+00:00,2019-01-17,13:30,USD,High Impact Expected,Initial Jobless Claims
2019-01-24T13:30:00+00:00,2019-01-24,13:30,USD,High Impact Expected,Initial Jobless Claims
2019-01-25T13:30:00+00:00,2019-01-25,13:30,USD,High Impact Expected,Core PCE m/m
2019-01-30T19:00:00+00:00,2019-01-30,19:00,USD,High Impact Expected,FOMC Statement
2019-01-31T13:30:00+00:00,2019-01-31,13:30,USD,High Impact Expected,Initial Jobless Claims
2019-02-01T13:30:00+00:00,2019-02-01,13:30,USD,High Impact Expected,Non-Farm Employment Change
2019-02-07T13:30:00+00:00,2019-02-07,13:30,USD,High Impact Expected,Initial Jobless Claims
2019-02-13T13:30:00+00:00,2019-02-13,13:30,USD,High Impact Expected,CPI m/m
2019-02-14T13:30:00+00:00,2019-02-14,13:30,USD,High Impact Expected,Initial Jobless Claims
2019-02-21T13:30:00+00:00,2019-02-21,13:30,USD,High Impact Expected,Initial Jobless Claims
2019-02-22T13:30:00+00:00,2019-02-22,13:30,USD,High Impact Expected,Core PCE m/m
2019-02-28T13:30:00+00:00,2019-02-28,13:30,USD,High Impact Expected,Initial Jobless Claims
2019-03-01T13:30:00+00:00,2019-03-01,13:30,USD,High Impact Expected,Non-Farm Employment Change
2019-03-07T13:30:00+00:00,2019-03-07,13:30,USD,High Impact Expected,Initial Jobless Claims
2019-03-13T13:30:00+00:00,2019-03-13,13:30,USD,High Impact Expected,CPI m/m
2019-03-14T13:30:00+00:00,2019-03-14,13:30,USD,High Impact Expected,Initial Jobless Claims
2019-03-20T19:00:00+00:00,2019-03-20,19:00,USD,High Impact Expected,FOMC Statement
2019-03-21T13:30:00+00:00,2019-03-21,13:30,USD,High Impact Expected,Initial Jobless Claims
2019-03-28T13:30:00+00:00,2019-03-28,13:30,USD,High Impact Expected,Initial Jobless Claims
2019-03-29T13:30:00+00:00,2019-03-29,13:30,USD,High Impact Expected,Core PCE m/m
2019-04-04T13:30:00+00:00,2019-04-04,13:30,USD,High Impact Expected,Initial Jobless Claims
2019-04-05T13:30:00+00:00,2019-04-05,13:30,USD,High Impact Expected,Non-Farm Employment Change
2019-04-11T13:30:00+00:00,2019-04-11,13:30,USD,High Impact Expected,Initial Jobless Claims
2019-04-15T13:30:00+00:00,2019-04-15,13:30,USD,High Impact Expected,CPI m/m
2019-04-18T13:30:00+00:00,2019-04-18,13:30,USD,High Impact Expected,Initial Jobless Claims
2019-04-25T13:30:00+00:00,2019-04-25,13:30,USD,High Impact Expected,Initial Jobless Claims
2019-04-26T13:30:00+00:00,2019-04-26,13:30,USD,High Impact Expected,Core PCE m/m
2019-05-01T19:00:00+00:00,2019-05-01,19:00,USD,High Impact Expected,FOMC Statement
2019-05-02T13:30:00+00:00,2019-05-02,13:30,USD,High Impact Expected,Initial Jobless Claims
2019-05-03T13:30:00+00:00,2019-05-03,13:30,USD,High Impact Expected,Non-Farm Employment Change
2019-05-09T13:30:00+00:00,2019-05-09,13:30,USD,High Impact Expected,Initial Jobless Claims
2019-05-13T13:30:00+00:00,2019-05-13,13:30,USD,High Impact Expected,CPI m/m
2019-05-16T13:30:00+00:00,2019-05-16,13:30,USD,High Impact Expected,Initial Jobless Claims
2019-05-23T13:30:00+00:00,2019-05-23,13:30,USD,High Impact Expected,Initial Jobless Claims
2019-05-30T13:30:00+00:00,2019-05-30,13:30,USD,High Impact Expected,Initial Jobless Claims
2019-05-31T13:30:00+00:00,2019-05-31,13:30,USD,High Impact Expected,Core PCE m/m
2019-06-06T13:30:00+00:00,2019-06-06,13:30,USD,High Impact Expected,Initial Jobless Claims
2019-06-07T13:30:00+00:00,2019-06-07,13:30,USD,High Impact Expected,Non-Farm Employment Change
2019-06-13T13:30:00+00:00,2019-06-13,13:30,USD,High Impact Expected,CPI m/m
2019-06-13T13:30:00+00:00,2019-06-13,13:30,USD,High Impact Expected,Initial Jobless Claims
2019-06-19T19:00:00+00:00,2019-06-19,19:00,USD,High Impact Expected,FOMC Statement
2019-06-20T13:30:00+00:00,2019-06-20,13:30,USD,High Impact Expected,Initial Jobless Claims
2019-06-27T13:30:00+00:00,2019-06-27,13:30,USD,High Impact Expected,Initial Jobless Claims
2019-06-28T13:30:00+00:00,2019-06-28,13:30,USD,High Impact Expected,Core PCE m/m
2019-07-04T13:30:00+00:00,2019-07-04,13:30,USD,High Impact Expected,Initial Jobless Claims
2019-07-05T13:30:00+00:00,2019-07-05,13:30,USD,High Impact Expected,Non-Farm Employment Change
2019-07-11T13:30:00+00:00,2019-07-11,13:30,USD,High Impact Expected,Initial Jobless Claims
2019-07-15T13:30:00+00:00,2019-07-15,13:30,USD,High Impact Expected,CPI m/m
2019-07-18T13:30:00+00:00,2019-07-18,13:30,USD,High Impact Expected,Initial Jobless Claims
2019-07-25T13:30:00+00:00,2019-07-25,13:30,USD,High Impact Expected,Initial Jobless Claims
2019-07-26T13:30:00+00:00,2019-07-26,13:30,USD,High Impact Expected,Core PCE m/m
2019-07-31T19:00:00+00:00,2019-07-31,19:00,USD,High Impact Expected,FOMC Statement
2019-08-01T13:30:00+00:00,2019-08-01,13:30,USD,High Impact Expected,Initial Jobless Claims
2019-08-02T13:30:00+00:00,2019-08-02,13:30,USD,High Impact Expected,Non-Farm Employment Change
2019-08-08T13:30:00+00:00,2019-08-08,13:30,USD,High Impact Expected,Initial Jobless Claims
2019-08-13T13:30:00+00:00,2019-08-13,13:30,USD,High Impact Expected,CPI m/m
2019-08-15T13:30:00+00:00,2019-08-15,13:30,USD,High Impact Expected,Initial Jobless Claims
2019-08-22T13:30:00+00:00,2019-08-22,13:30,USD,High Impact Expected,Initial Jobless Claims
2019-08-29T13:30:00+00:00,2019-08-29,13:30,USD,High Impact Expected,Initial Jobless Claims
2019-08-30T13:30:00+00:00,2019-08-30,13:30,USD,High Impact Expected,Core PCE m/m
2019-09-05T13:30:00+00:00,2019-09-05,13:30,USD,High Impact Expected,Initial Jobless Claims
2019-09-06T13:30:00+00:00,2019-09-06,13:30,USD,High Impact Expected,Non-Farm Employment Change
2019-09-12T13:30:00+00:00,2019-09-12,13:30,USD,High Impact Expected,Initial Jobless Claims
2019-09-13T13:30:00+00:00,2019-09-13,13:30,USD,High Impact Expected,CPI m/m
2019-09-18T19:00:00+00:00,2019-09-18,19:00,USD,High Impact Expected,FOMC Statement
2019-09-19T13:30:00+00:00,2019-09-19,13:30,USD,High Impact Expected,Initial Jobless Claims
2019-09-26T13:30:00+00:00,2019-09-26,13:30,USD,High Impact Expected,Initial Jobless Claims
2019-09-27T13:30:00+00:00,2019-09-27,13:30,USD,High Impact Expected,Core PCE m/m
2019-10-03T13:30:00+00:00,2019-10-03,13:30,USD,High Impact Expected,Initial Jobless Claims
2019-10-04T13:30:00+00:00,2019-10-04,13:30,USD,High Impact Expected,Non-Farm Employment Change
2019-10-10T13:30:00+00:00,2019-10-10,13:30,USD,High Impact Expected,Initial Jobless Claims
2019-10-14T13:30:00+00:00,2019-10-14,13:30,USD,High Impact Expected,CPI m/m
2019-10-17T13:30:00+00:00,2019-10-17,13:30,USD,High Impact Expected,Initial Jobless Claims
2019-10-24T13:30:00+00:00,2019-10-24,13:30,USD,High Impact Expected,Initial Jobless Claims
2019-10-25T13:30:00+00:00,2019-10-25,13:30,USD,High Impact Expected,Core PCE m/m
2019-10-30T19:00:00+00:00,2019-10-30,19:00,USD,High Impact Expected,FOMC Statement
2019-10-31T13:30:00+00:00,2019-10-31,13:30,USD,High Impact Expected,Initial Jobless Claims
2019-11-01T13:30:00+00:00,2019-11-01,13:30,USD,High Impact Expected,Non-Farm Employment Change
2019-11-07T13:30:00+00:00,2019-11-07,13:30,USD,High Impact Expected,Initial Jobless Claims
2019-11-13T13:30:00+00:00,2019-11-13,13:30,USD,High Impact Expected,CPI m/m
2019-11-14T13:30:00+00:00,2019-11-14,13:30,USD,High Impact Expected,Initial Jobless Claims
2019-11-21T13:30:00+00:00,2019-11-21,13:30,USD,High Impact Expected,Initial Jobless Claims
2019-11-28T13:30:00+00:00,2019-11-28,13:30,USD,High Impact Expected,Initial Jobless Claims
2019-11-29T13:30:00+00:00,2019-11-29,13:30,USD,High Impact Expected,Core PCE m/m
2019-12-02T15:00:00+00:00,2019-12-02,15:00,USD,High Impact Expected,ISM Manufacturing PMI
2019-12-05T13:30:00+00:00,2019-12-05,13:30,USD,High Impact Expected,Initial Jobless Claims
2019-12-06T13:30:00+00:00,2019-12-06,13:30,USD,High Impact Expected,Non-Farm Employment Change
2019-12-11T19:00:00+00:00,2019-12-11,19:00,USD,High Impact Expected,FOMC Statement
2019-12-12T13:30:00+00:00,2019-12-12,13:30,USD,High Impact Expected,Initial Jobless Claims
2019-12-13T13:30:00+00:00,2019-12-13,13:30,USD,High Impact Expected,CPI m/m
2019-12-19T13:30:00+00:00,2019-12-19,13:30,USD,High Impact Expected,Initial Jobless Claims
2019-12-26T13:30:00+00:00,2019-12-26,13:30,USD,High Impact Expected,Initial Jobless Claims
2019-12-27T13:30:00+00:00,2019-12-27,13:30,USD,High Impact Expected,Core PCE m/m
2020-01-02T13:30:00+00:00,2020-01-02,13:30,USD,High Impact Expected,Initial Jobless Claims
2020-01-03T13:30:00+00:00,2020-01-03,13:30,USD,High Impact Expected,Non-Farm Employment Change
2020-01-09T13:30:00+00:00,2020-01-09,13:30,USD,High Impact Expected,Initial Jobless Claims
2020-01-13T13:30:00+00:00,2020-01-13,13:30,USD,High Impact Expected,CPI m/m
2020-01-16T13:30:00+00:00,2020-01-16,13:30,USD,High Impact Expected,Initial Jobless Claims
2020-01-23T13:30:00+00:00,2020-01-23,13:30,USD,High Impact Expected,Initial Jobless Claims
2020-01-29T19:00:00+00:00,2020-01-29,19:00,USD,High Impact Expected,FOMC Statement
2020-01-30T13:30:00+00:00,2020-01-30,13:30,USD,High Impact Expected,Initial Jobless Claims
2020-01-31T13:30:00+00:00,2020-01-31,13:30,USD,High Impact Expected,Core PCE m/m
2020-02-06T13:30:00+00:00,2020-02-06,13:30,USD,High Impact Expected,Initial Jobless Claims
2020-02-07T13:30:00+00:00,2020-02-07,13:30,USD,High Impact Expected,Non-Farm Employment Change
2020-02-13T13:30:00+00:00,2020-02-13,13:30,USD,High Impact Expected,CPI m/m
2020-02-13T13:30:00+00:00,2020-02-13,13:30,USD,High Impact Expected,Initial Jobless Claims
2020-02-20T13:30:00+00:00,2020-02-20,13:30,USD,High Impact Expected,Initial Jobless Claims
2020-02-27T13:30:00+00:00,2020-02-27,13:30,USD,High Impact Expected,Initial Jobless Claims
2020-02-28T13:30:00+00:00,2020-02-28,13:30,USD,High Impact Expected,Core PCE m/m
2020-03-03T19:00:00+00:00,2020-03-03,19:00,USD,High Impact Expected,FOMC Statement
2020-03-05T13:30:00+00:00,2020-03-05,13:30,USD,High Impact Expected,Initial Jobless Claims
2020-03-06T13:30:00+00:00,2020-03-06,13:30,USD,High Impact Expected,Non-Farm Employment Change
2020-03-12T13:30:00+00:00,2020-03-12,13:30,USD,High Impact Expected,Initial Jobless Claims
2020-03-13T13:30:00+00:00,2020-03-13,13:30,USD,High Impact Expected,CPI m/m
2020-03-15T19:00:00+00:00,2020-03-15,19:00,USD,High Impact Expected,FOMC Statement
2020-03-19T13:30:00+00:00,2020-03-19,13:30,USD,High Impact Expected,Initial Jobless Claims
2020-03-26T13:30:00+00:00,2020-03-26,13:30,USD,High Impact Expected,Initial Jobless Claims
2020-03-27T13:30:00+00:00,2020-03-27,13:30,USD,High Impact Expected,Core PCE m/m
2020-04-02T13:30:00+00:00,2020-04-02,13:30,USD,High Impact Expected,Initial Jobless Claims
2020-04-03T13:30:00+00:00,2020-04-03,13:30,USD,High Impact Expected,Non-Farm Employment Change
2020-04-09T13:30:00+00:00,2020-04-09,13:30,USD,High Impact Expected,Initial Jobless Claims
2020-04-13T13:30:00+00:00,2020-04-13,13:30,USD,High Impact Expected,CPI m/m
2020-04-16T13:30:00+00:00,2020-04-16,13:30,USD,High Impact Expected,Initial Jobless Claims
2020-04-23T13:30:00+00:00,2020-04-23,13:30,USD,High Impact Expected,Initial Jobless Claims
2020-04-24T13:30:00+00:00,2020-04-24,13:30,USD,High Impact Expected,Core PCE m/m
2020-04-29T19:00:00+00:00,2020-04-29,19:00,USD,High Impact Expected,FOMC Statement
2020-04-30T13:30:00+00:00,2020-04-30,13:30,USD,High Impact Expected,Initial Jobless Claims
2020-05-01T13:30:00+00:00,2020-05-01,13:30,USD,High Impact Expected,Non-Farm Employment Change
2020-05-07T13:30:00+00:00,2020-05-07,13:30,USD,High Impact Expected,Initial Jobless Claims
2020-05-13T13:30:00+00:00,2020-05-13,13:30,USD,High Impact Expected,CPI m/m
2020-05-14T13:30:00+00:00,2020-05-14,13:30,USD,High Impact Expected,Initial Jobless Claims
2020-05-21T13:30:00+00:00,2020-05-21,13:30,USD,High Impact Expected,Initial Jobless Claims
2020-05-28T13:30:00+00:00,2020-05-28,13:30,USD,High Impact Expected,Initial Jobless Claims
2020-05-29T13:30:00+00:00,2020-05-29,13:30,USD,High Impact Expected,Core PCE m/m
2020-06-04T13:30:00+00:00,2020-06-04,13:30,USD,High Impact Expected,Initial Jobless Claims
2020-06-05T13:30:00+00:00,2020-06-05,13:30,USD,High Impact Expected,Non-Farm Employment Change
2020-06-10T19:00:00+00:00,2020-06-10,19:00,USD,High Impact Expected,FOMC Statement
2020-06-11T13:30:00+00:00,2020-06-11,13:30,USD,High Impact Expected,Initial Jobless Claims
2020-06-15T13:30:00+00:00,2020-06-15,13:30,USD,High Impact Expected,CPI m/m
2020-06-18T13:30:00+00:00,2020-06-18,13:30,USD,High Impact Expected,Initial Jobless Claims
2020-06-25T13:30:00+00:00,2020-06-25,13:30,USD,High Impact Expected,Initial Jobless Claims
2020-06-26T13:30:00+00:00,2020-06-26,13:30,USD,High Impact Expected,Core PCE m/m
2020-07-02T13:30:00+00:00,2020-07-02,13:30,USD,High Impact Expected,Initial Jobless Claims
2020-07-03T13:30:00+00:00,2020-07-03,13:30,USD,High Impact Expected,Non-Farm Employment Change
2020-07-09T13:30:00+00:00,2020-07-09,13:30,USD,High Impact Expected,Initial Jobless Claims
2020-07-13T13:30:00+00:00,2020-07-13,13:30,USD,High Impact Expected,CPI m/m
2020-07-16T13:30:00+00:00,2020-07-16,13:30,USD,High Impact Expected,Initial Jobless Claims
2020-07-23T13:30:00+00:00,2020-07-23,13:30,USD,High Impact Expected,Initial Jobless Claims
2020-07-29T19:00:00+00:00,2020-07-29,19:00,USD,High Impact Expected,FOMC Statement
2020-07-30T13:30:00+00:00,2020-07-30,13:30,USD,High Impact Expected,Initial Jobless Claims
2020-07-31T13:30:00+00:00,2020-07-31,13:30,USD,High Impact Expected,Core PCE m/m
2020-08-06T13:30:00+00:00,2020-08-06,13:30,USD,High Impact Expected,Initial Jobless Claims
2020-08-07T13:30:00+00:00,2020-08-07,13:30,USD,High Impact Expected,Non-Farm Employment Change
2020-08-13T13:30:00+00:00,2020-08-13,13:30,USD,High Impact Expected,CPI m/m
2020-08-13T13:30:00+00:00,2020-08-13,13:30,USD,High Impact Expected,Initial Jobless Claims
2020-08-20T13:30:00+00:00,2020-08-20,13:30,USD,High Impact Expected,Initial Jobless Claims
2020-08-27T13:30:00+00:00,2020-08-27,13:30,USD,High Impact Expected,Initial Jobless Claims
2020-08-28T13:30:00+00:00,2020-08-28,13:30,USD,High Impact Expected,Core PCE m/m
2020-09-03T13:30:00+00:00,2020-09-03,13:30,USD,High Impact Expected,Initial Jobless Claims
2020-09-04T13:30:00+00:00,2020-09-04,13:30,USD,High Impact Expected,Non-Farm Employment Change
2020-09-10T13:30:00+00:00,2020-09-10,13:30,USD,High Impact Expected,Initial Jobless Claims
2020-09-14T13:30:00+00:00,2020-09-14,13:30,USD,High Impact Expected,CPI m/m
2020-09-16T19:00:00+00:00,2020-09-16,19:00,USD,High Impact Expected,FOMC Statement
2020-09-17T13:30:00+00:00,2020-09-17,13:30,USD,High Impact Expected,Initial Jobless Claims
2020-09-24T13:30:00+00:00,2020-09-24,13:30,USD,High Impact Expected,Initial Jobless Claims
2020-09-25T13:30:00+00:00,2020-09-25,13:30,USD,High Impact Expected,Core PCE m/m
2020-10-01T13:30:00+00:00,2020-10-01,13:30,USD,High Impact Expected,Initial Jobless Claims
2020-10-02T13:30:00+00:00,2020-10-02,13:30,USD,High Impact Expected,Non-Farm Employment Change
2020-10-08T13:30:00+00:00,2020-10-08,13:30,USD,High Impact Expected,Initial Jobless Claims
2020-10-13T13:30:00+00:00,2020-10-13,13:30,USD,High Impact Expected,CPI m/m
2020-10-15T13:30:00+00:00,2020-10-15,13:30,USD,High Impact Expected,Initial Jobless Claims
2020-10-22T13:30:00+00:00,2020-10-22,13:30,USD,High Impact Expected,Initial Jobless Claims
2020-10-29T13:30:00+00:00,2020-10-29,13:30,USD,High Impact Expected,Initial Jobless Claims
2020-10-30T13:30:00+00:00,2020-10-30,13:30,USD,High Impact Expected,Core PCE m/m
2020-11-05T13:30:00+00:00,2020-11-05,13:30,USD,High Impact Expected,Initial Jobless Claims
2020-11-05T19:00:00+00:00,2020-11-05,19:00,USD,High Impact Expected,FOMC Statement
2020-11-06T13:30:00+00:00,2020-11-06,13:30,USD,High Impact Expected,Non-Farm Employment Change
2020-11-12T13:30:00+00:00,2020-11-12,13:30,USD,High Impact Expected,Initial Jobless Claims
2020-11-13T13:30:00+00:00,2020-11-13,13:30,USD,High Impact Expected,CPI m/m
2020-11-19T13:30:00+00:00,2020-11-19,13:30,USD,High Impact Expected,Initial Jobless Claims
2020-11-26T13:30:00+00:00,2020-11-26,13:30,USD,High Impact Expected,Initial Jobless Claims
2020-11-27T13:30:00+00:00,2020-11-27,13:30,USD,High Impact Expected,Core PCE m/m
2020-12-01T15:00:00+00:00,2020-12-01,15:00,USD,High Impact Expected,ISM Manufacturing PMI
2020-12-03T13:30:00+00:00,2020-12-03,13:30,USD,High Impact Expected,Initial Jobless Claims
2020-12-04T13:30:00+00:00,2020-12-04,13:30,USD,High Impact Expected,Non-Farm Employment Change
2020-12-10T13:30:00+00:00,2020-12-10,13:30,USD,High Impact Expected,Initial Jobless Claims
2020-12-14T13:30:00+00:00,2020-12-14,13:30,USD,High Impact Expected,CPI m/m
2020-12-16T19:00:00+00:00,2020-12-16,19:00,USD,High Impact Expected,FOMC Statement
2020-12-17T13:30:00+00:00,2020-12-17,13:30,USD,High Impact Expected,Initial Jobless Claims
2020-12-24T13:30:00+00:00,2020-12-24,13:30,USD,High Impact Expected,Initial Jobless Claims
2020-12-25T13:30:00+00:00,2020-12-25,13:30,USD,High Impact Expected,Core PCE m/m
2020-12-31T13:30:00+00:00,2020-12-31,13:30,USD,High Impact Expected,Initial Jobless Claims
2021-01-01T13:30:00+00:00,2021-01-01,13:30,USD,High Impact Expected,Non-Farm Employment Change
2021-01-07T13:30:00+00:00,2021-01-07,13:30,USD,High Impact Expected,Initial Jobless Claims
2021-01-13T13:30:00+00:00,2021-01-13,13:30,USD,High Impact Expected,CPI m/m
2021-01-14T13:30:00+00:00,2021-01-14,13:30,USD,High Impact Expected,Initial Jobless Claims
2021-01-21T13:30:00+00:00,2021-01-21,13:30,USD,High Impact Expected,Initial Jobless Claims
2021-01-27T19:00:00+00:00,2021-01-27,19:00,USD,High Impact Expected,FOMC Statement
2021-01-28T13:30:00+00:00,2021-01-28,13:30,USD,High Impact Expected,Initial Jobless Claims
2021-01-29T13:30:00+00:00,2021-01-29,13:30,USD,High Impact Expected,Core PCE m/m
2021-02-04T13:30:00+00:00,2021-02-04,13:30,USD,High Impact Expected,Initial Jobless Claims
2021-02-05T13:30:00+00:00,2021-02-05,13:30,USD,High Impact Expected,Non-Farm Employment Change
2021-02-11T13:30:00+00:00,2021-02-11,13:30,USD,High Impact Expected,Initial Jobless Claims
2021-02-15T13:30:00+00:00,2021-02-15,13:30,USD,High Impact Expected,CPI m/m
2021-02-18T13:30:00+00:00,2021-02-18,13:30,USD,High Impact Expected,Initial Jobless Claims
2021-02-25T13:30:00+00:00,2021-02-25,13:30,USD,High Impact Expected,Initial Jobless Claims
2021-02-26T13:30:00+00:00,2021-02-26,13:30,USD,High Impact Expected,Core PCE m/m
2021-03-04T13:30:00+00:00,2021-03-04,13:30,USD,High Impact Expected,Initial Jobless Claims
2021-03-05T13:30:00+00:00,2021-03-05,13:30,USD,High Impact Expected,Non-Farm Employment Change
2021-03-11T13:30:00+00:00,2021-03-11,13:30,USD,High Impact Expected,Initial Jobless Claims
2021-03-15T13:30:00+00:00,2021-03-15,13:30,USD,High Impact Expected,CPI m/m
2021-03-17T19:00:00+00:00,2021-03-17,19:00,USD,High Impact Expected,FOMC Statement
2021-03-18T13:30:00+00:00,2021-03-18,13:30,USD,High Impact Expected,Initial Jobless Claims
2021-03-25T13:30:00+00:00,2021-03-25,13:30,USD,High Impact Expected,Initial Jobless Claims
2021-03-26T13:30:00+00:00,2021-03-26,13:30,USD,High Impact Expected,Core PCE m/m
2021-04-01T13:30:00+00:00,2021-04-01,13:30,USD,High Impact Expected,Initial Jobless Claims
2021-04-02T13:30:00+00:00,2021-04-02,13:30,USD,High Impact Expected,Non-Farm Employment Change
2021-04-08T13:30:00+00:00,2021-04-08,13:30,USD,High Impact Expected,Initial Jobless Claims
2021-04-13T13:30:00+00:00,2021-04-13,13:30,USD,High Impact Expected,CPI m/m
2021-04-15T13:30:00+00:00,2021-04-15,13:30,USD,High Impact Expected,Initial Jobless Claims
2021-04-22T13:30:00+00:00,2021-04-22,13:30,USD,High Impact Expected,Initial Jobless Claims
2021-04-28T19:00:00+00:00,2021-04-28,19:00,USD,High Impact Expected,FOMC Statement
2021-04-29T13:30:00+00:00,2021-04-29,13:30,USD,High Impact Expected,Initial Jobless Claims
2021-04-30T13:30:00+00:00,2021-04-30,13:30,USD,High Impact Expected,Core PCE m/m
2021-05-06T13:30:00+00:00,2021-05-06,13:30,USD,High Impact Expected,Initial Jobless Claims
2021-05-07T13:30:00+00:00,2021-05-07,13:30,USD,High Impact Expected,Non-Farm Employment Change
2021-05-13T13:30:00+00:00,2021-05-13,13:30,USD,High Impact Expected,CPI m/m
2021-05-13T13:30:00+00:00,2021-05-13,13:30,USD,High Impact Expected,Initial Jobless Claims
2021-05-20T13:30:00+00:00,2021-05-20,13:30,USD,High Impact Expected,Initial Jobless Claims
2021-05-27T13:30:00+00:00,2021-05-27,13:30,USD,High Impact Expected,Initial Jobless Claims
2021-05-28T13:30:00+00:00,2021-05-28,13:30,USD,High Impact Expected,Core PCE m/m
2021-06-03T13:30:00+00:00,2021-06-03,13:30,USD,High Impact Expected,Initial Jobless Claims
2021-06-04T13:30:00+00:00,2021-06-04,13:30,USD,High Impact Expected,Non-Farm Employment Change
2021-06-10T13:30:00+00:00,2021-06-10,13:30,USD,High Impact Expected,Initial Jobless Claims
2021-06-14T13:30:00+00:00,2021-06-14,13:30,USD,High Impact Expected,CPI m/m
2021-06-16T19:00:00+00:00,2021-06-16,19:00,USD,High Impact Expected,FOMC Statement
2021-06-17T13:30:00+00:00,2021-06-17,13:30,USD,High Impact Expected,Initial Jobless Claims
2021-06-24T13:30:00+00:00,2021-06-24,13:30,USD,High Impact Expected,Initial Jobless Claims
2021-06-25T13:30:00+00:00,2021-06-25,13:30,USD,High Impact Expected,Core PCE m/m
2021-07-01T13:30:00+00:00,2021-07-01,13:30,USD,High Impact Expected,Initial Jobless Claims
2021-07-02T13:30:00+00:00,2021-07-02,13:30,USD,High Impact Expected,Non-Farm Employment Change
2021-07-08T13:30:00+00:00,2021-07-08,13:30,USD,High Impact Expected,Initial Jobless Claims
2021-07-13T13:30:00+00:00,2021-07-13,13:30,USD,High Impact Expected,CPI m/m
2021-07-15T13:30:00+00:00,2021-07-15,13:30,USD,High Impact Expected,Initial Jobless Claims
2021-07-22T13:30:00+00:00,2021-07-22,13:30,USD,High Impact Expected,Initial Jobless Claims
2021-07-28T19:00:00+00:00,2021-07-28,19:00,USD,High Impact Expected,FOMC Statement
2021-07-29T13:30:00+00:00,2021-07-29,13:30,USD,High Impact Expected,Initial Jobless Claims
2021-07-30T13:30:00+00:00,2021-07-30,13:30,USD,High Impact Expected,Core PCE m/m
2021-08-05T13:30:00+00:00,2021-08-05,13:30,USD,High Impact Expected,Initial Jobless Claims
2021-08-06T13:30:00+00:00,2021-08-06,13:30,USD,High Impact Expected,Non-Farm Employment Change
2021-08-12T13:30:00+00:00,2021-08-12,13:30,USD,High Impact Expected,Initial Jobless Claims
2021-08-13T13:30:00+00:00,2021-08-13,13:30,USD,High Impact Expected,CPI m/m
2021-08-19T13:30:00+00:00,2021-08-19,13:30,USD,High Impact Expected,Initial Jobless Claims
2021-08-26T13:30:00+00:00,2021-08-26,13:30,USD,High Impact Expected,Initial Jobless Claims
2021-08-27T13:30:00+00:00,2021-08-27,13:30,USD,High Impact Expected,Core PCE m/m
2021-09-02T13:30:00+00:00,2021-09-02,13:30,USD,High Impact Expected,Initial Jobless Claims
2021-09-03T13:30:00+00:00,2021-09-03,13:30,USD,High Impact Expected,Non-Farm Employment Change
2021-09-09T13:30:00+00:00,2021-09-09,13:30,USD,High Impact Expected,Initial Jobless Claims
2021-09-13T13:30:00+00:00,2021-09-13,13:30,USD,High Impact Expected,CPI m/m
2021-09-16T13:30:00+00:00,2021-09-16,13:30,USD,High Impact Expected,Initial Jobless Claims
2021-09-22T19:00:00+00:00,2021-09-22,19:00,USD,High Impact Expected,FOMC Statement
2021-09-23T13:30:00+00:00,2021-09-23,13:30,USD,High Impact Expected,Initial Jobless Claims
2021-09-24T13:30:00+00:00,2021-09-24,13:30,USD,High Impact Expected,Core PCE m/m
2021-09-30T13:30:00+00:00,2021-09-30,13:30,USD,High Impact Expected,Initial Jobless Claims
2021-10-01T13:30:00+00:00,2021-10-01,13:30,USD,High Impact Expected,Non-Farm Employment Change
2021-10-07T13:30:00+00:00,2021-10-07,13:30,USD,High Impact Expected,Initial Jobless Claims
2021-10-13T13:30:00+00:00,2021-10-13,13:30,USD,High Impact Expected,CPI m/m
2021-10-14T13:30:00+00:00,2021-10-14,13:30,USD,High Impact Expected,Initial Jobless Claims
2021-10-21T13:30:00+00:00,2021-10-21,13:30,USD,High Impact Expected,Initial Jobless Claims
2021-10-28T13:30:00+00:00,2021-10-28,13:30,USD,High Impact Expected,Initial Jobless Claims
2021-10-29T13:30:00+00:00,2021-10-29,13:30,USD,High Impact Expected,Core PCE m/m
2021-11-03T19:00:00+00:00,2021-11-03,19:00,USD,High Impact Expected,FOMC Statement
2021-11-04T13:30:00+00:00,2021-11-04,13:30,USD,High Impact Expected,Initial Jobless Claims
2021-11-05T13:30:00+00:00,2021-11-05,13:30,USD,High Impact Expected,Non-Farm Employment Change
2021-11-11T13:30:00+00:00,2021-11-11,13:30,USD,High Impact Expected,Initial Jobless Claims
2021-11-15T13:30:00+00:00,2021-11-15,13:30,USD,High Impact Expected,CPI m/m
2021-11-18T13:30:00+00:00,2021-11-18,13:30,USD,High Impact Expected,Initial Jobless Claims
2021-11-25T13:30:00+00:00,2021-11-25,13:30,USD,High Impact Expected,Initial Jobless Claims
2021-11-26T13:30:00+00:00,2021-11-26,13:30,USD,High Impact Expected,Core PCE m/m
2021-12-01T15:00:00+00:00,2021-12-01,15:00,USD,High Impact Expected,ISM Manufacturing PMI
2021-12-02T13:30:00+00:00,2021-12-02,13:30,USD,High Impact Expected,Initial Jobless Claims
2021-12-03T13:30:00+00:00,2021-12-03,13:30,USD,High Impact Expected,Non-Farm Employment Change
2021-12-09T13:30:00+00:00,2021-12-09,13:30,USD,High Impact Expected,Initial Jobless Claims
2021-12-13T13:30:00+00:00,2021-12-13,13:30,USD,High Impact Expected,CPI m/m
2021-12-15T19:00:00+00:00,2021-12-15,19:00,USD,High Impact Expected,FOMC Statement
2021-12-16T13:30:00+00:00,2021-12-16,13:30,USD,High Impact Expected,Initial Jobless Claims
2021-12-23T13:30:00+00:00,2021-12-23,13:30,USD,High Impact Expected,Initial Jobless Claims
2021-12-30T13:30:00+00:00,2021-12-30,13:30,USD,High Impact Expected,Initial Jobless Claims
2021-12-31T13:30:00+00:00,2021-12-31,13:30,USD,High Impact Expected,Core PCE m/m
2022-01-06T13:30:00+00:00,2022-01-06,13:30,USD,High Impact Expected,Initial Jobless Claims
2022-01-07T13:30:00+00:00,2022-01-07,13:30,USD,High Impact Expected,Non-Farm Employment Change
2022-01-13T13:30:00+00:00,2022-01-13,13:30,USD,High Impact Expected,CPI m/m
2022-01-13T13:30:00+00:00,2022-01-13,13:30,USD,High Impact Expected,Initial Jobless Claims
2022-01-20T13:30:00+00:00,2022-01-20,13:30,USD,High Impact Expected,Initial Jobless Claims
2022-01-26T19:00:00+00:00,2022-01-26,19:00,USD,High Impact Expected,FOMC Statement
2022-01-27T13:30:00+00:00,2022-01-27,13:30,USD,High Impact Expected,Initial Jobless Claims
2022-01-28T13:30:00+00:00,2022-01-28,13:30,USD,High Impact Expected,Core PCE m/m
2022-02-03T13:30:00+00:00,2022-02-03,13:30,USD,High Impact Expected,Initial Jobless Claims
2022-02-04T13:30:00+00:00,2022-02-04,13:30,USD,High Impact Expected,Non-Farm Employment Change
2022-02-10T13:30:00+00:00,2022-02-10,13:30,USD,High Impact Expected,Initial Jobless Claims
2022-02-14T13:30:00+00:00,2022-02-14,13:30,USD,High Impact Expected,CPI m/m
2022-02-17T13:30:00+00:00,2022-02-17,13:30,USD,High Impact Expected,Initial Jobless Claims
2022-02-24T13:30:00+00:00,2022-02-24,13:30,USD,High Impact Expected,Initial Jobless Claims
2022-02-25T13:30:00+00:00,2022-02-25,13:30,USD,High Impact Expected,Core PCE m/m
2022-03-03T13:30:00+00:00,2022-03-03,13:30,USD,High Impact Expected,Initial Jobless Claims
2022-03-04T13:30:00+00:00,2022-03-04,13:30,USD,High Impact Expected,Non-Farm Employment Change
2022-03-10T13:30:00+00:00,2022-03-10,13:30,USD,High Impact Expected,Initial Jobless Claims
2022-03-14T13:30:00+00:00,2022-03-14,13:30,USD,High Impact Expected,CPI m/m
2022-03-16T19:00:00+00:00,2022-03-16,19:00,USD,High Impact Expected,FOMC Statement
2022-03-17T13:30:00+00:00,2022-03-17,13:30,USD,High Impact Expected,Initial Jobless Claims
2022-03-24T13:30:00+00:00,2022-03-24,13:30,USD,High Impact Expected,Initial Jobless Claims
2022-03-25T13:30:00+00:00,2022-03-25,13:30,USD,High Impact Expected,Core PCE m/m
2022-03-31T13:30:00+00:00,2022-03-31,13:30,USD,High Impact Expected,Initial Jobless Claims
2022-04-01T13:30:00+00:00,2022-04-01,13:30,USD,High Impact Expected,Non-Farm Employment Change
2022-04-07T13:30:00+00:00,2022-04-07,13:30,USD,High Impact Expected,Initial Jobless Claims
2022-04-13T13:30:00+00:00,2022-04-13,13:30,USD,High Impact Expected,CPI m/m
2022-04-14T13:30:00+00:00,2022-04-14,13:30,USD,High Impact Expected,Initial Jobless Claims
2022-04-21T13:30:00+00:00,2022-04-21,13:30,USD,High Impact Expected,Initial Jobless Claims
2022-04-28T13:30:00+00:00,2022-04-28,13:30,USD,High Impact Expected,Initial Jobless Claims
2022-04-29T13:30:00+00:00,2022-04-29,13:30,USD,High Impact Expected,Core PCE m/m
2022-05-04T19:00:00+00:00,2022-05-04,19:00,USD,High Impact Expected,FOMC Statement
2022-05-05T13:30:00+00:00,2022-05-05,13:30,USD,High Impact Expected,Initial Jobless Claims
2022-05-06T13:30:00+00:00,2022-05-06,13:30,USD,High Impact Expected,Non-Farm Employment Change
2022-05-12T13:30:00+00:00,2022-05-12,13:30,USD,High Impact Expected,Initial Jobless Claims
2022-05-13T13:30:00+00:00,2022-05-13,13:30,USD,High Impact Expected,CPI m/m
2022-05-19T13:30:00+00:00,2022-05-19,13:30,USD,High Impact Expected,Initial Jobless Claims
2022-05-26T13:30:00+00:00,2022-05-26,13:30,USD,High Impact Expected,Initial Jobless Claims
2022-05-27T13:30:00+00:00,2022-05-27,13:30,USD,High Impact Expected,Core PCE m/m
2022-06-02T13:30:00+00:00,2022-06-02,13:30,USD,High Impact Expected,Initial Jobless Claims
2022-06-03T13:30:00+00:00,2022-06-03,13:30,USD,High Impact Expected,Non-Farm Employment Change
2022-06-09T13:30:00+00:00,2022-06-09,13:30,USD,High Impact Expected,Initial Jobless Claims
2022-06-13T13:30:00+00:00,2022-06-13,13:30,USD,High Impact Expected,CPI m/m
2022-06-15T19:00:00+00:00,2022-06-15,19:00,USD,High Impact Expected,FOMC Statement
2022-06-16T13:30:00+00:00,2022-06-16,13:30,USD,High Impact Expected,Initial Jobless Claims
2022-06-23T13:30:00+00:00,2022-06-23,13:30,USD,High Impact Expected,Initial Jobless Claims
2022-06-24T13:30:00+00:00,2022-06-24,13:30,USD,High Impact Expected,Core PCE m/m
2022-06-30T13:30:00+00:00,2022-06-30,13:30,USD,High Impact Expected,Initial Jobless Claims
2022-07-01T13:30:00+00:00,2022-07-01,13:30,USD,High Impact Expected,Non-Farm Employment Change
2022-07-07T13:30:00+00:00,2022-07-07,13:30,USD,High Impact Expected,Initial Jobless Claims
2022-07-13T13:30:00+00:00,2022-07-13,13:30,USD,High Impact Expected,CPI m/m
2022-07-14T13:30:00+00:00,2022-07-14,13:30,USD,High Impact Expected,Initial Jobless Claims
2022-07-21T13:30:00+00:00,2022-07-21,13:30,USD,High Impact Expected,Initial Jobless Claims
2022-07-27T19:00:00+00:00,2022-07-27,19:00,USD,High Impact Expected,FOMC Statement
2022-07-28T13:30:00+00:00,2022-07-28,13:30,USD,High Impact Expected,Initial Jobless Claims
2022-07-29T13:30:00+00:00,2022-07-29,13:30,USD,High Impact Expected,Core PCE m/m
2022-08-04T13:30:00+00:00,2022-08-04,13:30,USD,High Impact Expected,Initial Jobless Claims
2022-08-05T13:30:00+00:00,2022-08-05,13:30,USD,High Impact Expected,Non-Farm Employment Change
2022-08-11T13:30:00+00:00,2022-08-11,13:30,USD,High Impact Expected,Initial Jobless Claims
2022-08-15T13:30:00+00:00,2022-08-15,13:30,USD,High Impact Expected,CPI m/m
2022-08-18T13:30:00+00:00,2022-08-18,13:30,USD,High Impact Expected,Initial Jobless Claims
2022-08-25T13:30:00+00:00,2022-08-25,13:30,USD,High Impact Expected,Initial Jobless Claims
2022-08-26T13:30:00+00:00,2022-08-26,13:30,USD,High Impact Expected,Core PCE m/m
2022-09-01T13:30:00+00:00,2022-09-01,13:30,USD,High Impact Expected,Initial Jobless Claims
2022-09-02T13:30:00+00:00,2022-09-02,13:30,USD,High Impact Expected,Non-Farm Employment Change
2022-09-08T13:30:00+00:00,2022-09-08,13:30,USD,High Impact Expected,Initial Jobless Claims
2022-09-13T13:30:00+00:00,2022-09-13,13:30,USD,High Impact Expected,CPI m/m
2022-09-15T13:30:00+00:00,2022-09-15,13:30,USD,High Impact Expected,Initial Jobless Claims
2022-09-21T19:00:00+00:00,2022-09-21,19:00,USD,High Impact Expected,FOMC Statement
2022-09-22T13:30:00+00:00,2022-09-22,13:30,USD,High Impact Expected,Initial Jobless Claims
2022-09-29T13:30:00+00:00,2022-09-29,13:30,USD,High Impact Expected,Initial Jobless Claims
2022-09-30T13:30:00+00:00,2022-09-30,13:30,USD,High Impact Expected,Core PCE m/m
2022-10-06T13:30:00+00:00,2022-10-06,13:30,USD,High Impact Expected,Initial Jobless Claims
2022-10-07T13:30:00+00:00,2022-10-07,13:30,USD,High Impact Expected,Non-Farm Employment Change
2022-10-13T13:30:00+00:00,2022-10-13,13:30,USD,High Impact Expected,CPI m/m
2022-10-13T13:30:00+00:00,2022-10-13,13:30,USD,High Impact Expected,Initial Jobless Claims
2022-10-20T13:30:00+00:00,2022-10-20,13:30,USD,High Impact Expected,Initial Jobless Claims
2022-10-27T13:30:00+00:00,2022-10-27,13:30,USD,High Impact Expected,Initial Jobless Claims
2022-10-28T13:30:00+00:00,2022-10-28,13:30,USD,High Impact Expected,Core PCE m/m
2022-11-02T19:00:00+00:00,2022-11-02,19:00,USD,High Impact Expected,FOMC Statement
2022-11-03T13:30:00+00:00,2022-11-03,13:30,USD,High Impact Expected,Initial Jobless Claims
2022-11-04T13:30:00+00:00,2022-11-04,13:30,USD,High Impact Expected,Non-Farm Employment Change
2022-11-10T13:30:00+00:00,2022-11-10,13:30,USD,High Impact Expected,Initial Jobless Claims
2022-11-14T13:30:00+00:00,2022-11-14,13:30,USD,High Impact Expected,CPI m/m
2022-11-17T13:30:00+00:00,2022-11-17,13:30,USD,High Impact Expected,Initial Jobless Claims
2022-11-24T13:30:00+00:00,2022-11-24,13:30,USD,High Impact Expected,Initial Jobless Claims
2022-11-25T13:30:00+00:00,2022-11-25,13:30,USD,High Impact Expected,Core PCE m/m
2022-12-01T13:30:00+00:00,2022-12-01,13:30,USD,High Impact Expected,Initial Jobless Claims
2022-12-01T15:00:00+00:00,2022-12-01,15:00,USD,High Impact Expected,ISM Manufacturing PMI
2022-12-02T13:30:00+00:00,2022-12-02,13:30,USD,High Impact Expected,Non-Farm Employment Change
2022-12-08T13:30:00+00:00,2022-12-08,13:30,USD,High Impact Expected,Initial Jobless Claims
2022-12-13T13:30:00+00:00,2022-12-13,13:30,USD,High Impact Expected,CPI m/m
2022-12-14T19:00:00+00:00,2022-12-14,19:00,USD,High Impact Expected,FOMC Statement
2022-12-15T13:30:00+00:00,2022-12-15,13:30,USD,High Impact Expected,Initial Jobless Claims
2022-12-22T13:30:00+00:00,2022-12-22,13:30,USD,High Impact Expected,Initial Jobless Claims
2022-12-29T13:30:00+00:00,2022-12-29,13:30,USD,High Impact Expected,Initial Jobless Claims
2022-12-30T13:30:00+00:00,2022-12-30,13:30,USD,High Impact Expected,Core PCE m/m
2023-01-05T13:30:00+00:00,2023-01-05,13:30,USD,High Impact Expected,Initial Jobless Claims
2023-01-06T13:30:00+00:00,2023-01-06,13:30,USD,High Impact Expected,Non-Farm Employment Change
2023-01-12T13:30:00+00:00,2023-01-12,13:30,USD,High Impact Expected,Initial Jobless Claims
2023-01-13T13:30:00+00:00,2023-01-13,13:30,USD,High Impact Expected,CPI m/m
2023-01-19T13:30:00+00:00,2023-01-19,13:30,USD,High Impact Expected,Initial Jobless Claims
2023-01-26T13:30:00+00:00,2023-01-26,13:30,USD,High Impact Expected,Initial Jobless Claims
2023-01-27T13:30:00+00:00,2023-01-27,13:30,USD,High Impact Expected,Core PCE m/m
2023-02-01T19:00:00+00:00,2023-02-01,19:00,USD,High Impact Expected,FOMC Statement
2023-02-02T13:30:00+00:00,2023-02-02,13:30,USD,High Impact Expected,Initial Jobless Claims
2023-02-03T13:30:00+00:00,2023-02-03,13:30,USD,High Impact Expected,Non-Farm Employment Change
2023-02-09T13:30:00+00:00,2023-02-09,13:30,USD,High Impact Expected,Initial Jobless Claims
2023-02-13T13:30:00+00:00,2023-02-13,13:30,USD,High Impact Expected,CPI m/m
2023-02-16T13:30:00+00:00,2023-02-16,13:30,USD,High Impact Expected,Initial Jobless Claims
2023-02-23T13:30:00+00:00,2023-02-23,13:30,USD,High Impact Expected,Initial Jobless Claims
2023-02-24T13:30:00+00:00,2023-02-24,13:30,USD,High Impact Expected,Core PCE m/m
2023-03-02T13:30:00+00:00,2023-03-02,13:30,USD,High Impact Expected,Initial Jobless Claims
2023-03-03T13:30:00+00:00,2023-03-03,13:30,USD,High Impact Expected,Non-Farm Employment Change
2023-03-09T13:30:00+00:00,2023-03-09,13:30,USD,High Impact Expected,Initial Jobless Claims
2023-03-13T13:30:00+00:00,2023-03-13,13:30,USD,High Impact Expected,CPI m/m
2023-03-16T13:30:00+00:00,2023-03-16,13:30,USD,High Impact Expected,Initial Jobless Claims
2023-03-22T19:00:00+00:00,2023-03-22,19:00,USD,High Impact Expected,FOMC Statement
2023-03-23T13:30:00+00:00,2023-03-23,13:30,USD,High Impact Expected,Initial Jobless Claims
2023-03-30T13:30:00+00:00,2023-03-30,13:30,USD,High Impact Expected,Initial Jobless Claims
2023-03-31T13:30:00+00:00,2023-03-31,13:30,USD,High Impact Expected,Core PCE m/m
2023-04-06T13:30:00+00:00,2023-04-06,13:30,USD,High Impact Expected,Initial Jobless Claims
2023-04-07T13:30:00+00:00,2023-04-07,13:30,USD,High Impact Expected,Non-Farm Employment Change
2023-04-13T13:30:00+00:00,2023-04-13,13:30,USD,High Impact Expected,CPI m/m
2023-04-13T13:30:00+00:00,2023-04-13,13:30,USD,High Impact Expected,Initial Jobless Claims
2023-04-20T13:30:00+00:00,2023-04-20,13:30,USD,High Impact Expected,Initial Jobless Claims
2023-04-27T13:30:00+00:00,2023-04-27,13:30,USD,High Impact Expected,Initial Jobless Claims
2023-04-28T13:30:00+00:00,2023-04-28,13:30,USD,High Impact Expected,Core PCE m/m
2023-05-03T19:00:00+00:00,2023-05-03,19:00,USD,High Impact Expected,FOMC Statement
2023-05-04T13:30:00+00:00,2023-05-04,13:30,USD,High Impact Expected,Initial Jobless Claims
2023-05-05T13:30:00+00:00,2023-05-05,13:30,USD,High Impact Expected,Non-Farm Employment Change
2023-05-11T13:30:00+00:00,2023-05-11,13:30,USD,High Impact Expected,Initial Jobless Claims
2023-05-15T13:30:00+00:00,2023-05-15,13:30,USD,High Impact Expected,CPI m/m
2023-05-18T13:30:00+00:00,2023-05-18,13:30,USD,High Impact Expected,Initial Jobless Claims
2023-05-25T13:30:00+00:00,2023-05-25,13:30,USD,High Impact Expected,Initial Jobless Claims
2023-05-26T13:30:00+00:00,2023-05-26,13:30,USD,High Impact Expected,Core PCE m/m
2023-06-01T13:30:00+00:00,2023-06-01,13:30,USD,High Impact Expected,Initial Jobless Claims
2023-06-02T13:30:00+00:00,2023-06-02,13:30,USD,High Impact Expected,Non-Farm Employment Change
2023-06-08T13:30:00+00:00,2023-06-08,13:30,USD,High Impact Expected,Initial Jobless Claims
2023-06-13T13:30:00+00:00,2023-06-13,13:30,USD,High Impact Expected,CPI m/m
2023-06-14T19:00:00+00:00,2023-06-14,19:00,USD,High Impact Expected,FOMC Statement
2023-06-15T13:30:00+00:00,2023-06-15,13:30,USD,High Impact Expected,Initial Jobless Claims
2023-06-22T13:30:00+00:00,2023-06-22,13:30,USD,High Impact Expected,Initial Jobless Claims
2023-06-29T13:30:00+00:00,2023-06-29,13:30,USD,High Impact Expected,Initial Jobless Claims
2023-06-30T13:30:00+00:00,2023-06-30,13:30,USD,High Impact Expected,Core PCE m/m
2023-07-06T13:30:00+00:00,2023-07-06,13:30,USD,High Impact Expected,Initial Jobless Claims
2023-07-07T13:30:00+00:00,2023-07-07,13:30,USD,High Impact Expected,Non-Farm Employment Change
2023-07-13T13:30:00+00:00,2023-07-13,13:30,USD,High Impact Expected,CPI m/m
2023-07-13T13:30:00+00:00,2023-07-13,13:30,USD,High Impact Expected,Initial Jobless Claims
2023-07-20T13:30:00+00:00,2023-07-20,13:30,USD,High Impact Expected,Initial Jobless Claims
2023-07-26T19:00:00+00:00,2023-07-26,19:00,USD,High Impact Expected,FOMC Statement
2023-07-27T13:30:00+00:00,2023-07-27,13:30,USD,High Impact Expected,Initial Jobless Claims
2023-07-28T13:30:00+00:00,2023-07-28,13:30,USD,High Impact Expected,Core PCE m/m
2023-08-03T13:30:00+00:00,2023-08-03,13:30,USD,High Impact Expected,Initial Jobless Claims
2023-08-04T13:30:00+00:00,2023-08-04,13:30,USD,High Impact Expected,Non-Farm Employment Change
2023-08-10T13:30:00+00:00,2023-08-10,13:30,USD,High Impact Expected,Initial Jobless Claims
2023-08-14T13:30:00+00:00,2023-08-14,13:30,USD,High Impact Expected,CPI m/m
2023-08-17T13:30:00+00:00,2023-08-17,13:30,USD,High Impact Expected,Initial Jobless Claims
2023-08-24T13:30:00+00:00,2023-08-24,13:30,USD,High Impact Expected,Initial Jobless Claims
2023-08-25T13:30:00+00:00,2023-08-25,13:30,USD,High Impact Expected,Core PCE m/m
2023-08-31T13:30:00+00:00,2023-08-31,13:30,USD,High Impact Expected,Initial Jobless Claims
2023-09-01T13:30:00+00:00,2023-09-01,13:30,USD,High Impact Expected,Non-Farm Employment Change
2023-09-07T13:30:00+00:00,2023-09-07,13:30,USD,High Impact Expected,Initial Jobless Claims
2023-09-13T13:30:00+00:00,2023-09-13,13:30,USD,High Impact Expected,CPI m/m
2023-09-14T13:30:00+00:00,2023-09-14,13:30,USD,High Impact Expected,Initial Jobless Claims
2023-09-20T19:00:00+00:00,2023-09-20,19:00,USD,High Impact Expected,FOMC Statement
2023-09-21T13:30:00+00:00,2023-09-21,13:30,USD,High Impact Expected,Initial Jobless Claims
2023-09-28T13:30:00+00:00,2023-09-28,13:30,USD,High Impact Expected,Initial Jobless Claims
2023-09-29T13:30:00+00:00,2023-09-29,13:30,USD,High Impact Expected,Core PCE m/m
2023-10-05T13:30:00+00:00,2023-10-05,13:30,USD,High Impact Expected,Initial Jobless Claims
2023-10-06T13:30:00+00:00,2023-10-06,13:30,USD,High Impact Expected,Non-Farm Employment Change
2023-10-12T13:30:00+00:00,2023-10-12,13:30,USD,High Impact Expected,Initial Jobless Claims
2023-10-13T13:30:00+00:00,2023-10-13,13:30,USD,High Impact Expected,CPI m/m
2023-10-19T13:30:00+00:00,2023-10-19,13:30,USD,High Impact Expected,Initial Jobless Claims
2023-10-26T13:30:00+00:00,2023-10-26,13:30,USD,High Impact Expected,Initial Jobless Claims
2023-10-27T13:30:00+00:00,2023-10-27,13:30,USD,High Impact Expected,Core PCE m/m
2023-11-01T19:00:00+00:00,2023-11-01,19:00,USD,High Impact Expected,FOMC Statement
2023-11-02T13:30:00+00:00,2023-11-02,13:30,USD,High Impact Expected,Initial Jobless Claims
2023-11-03T13:30:00+00:00,2023-11-03,13:30,USD,High Impact Expected,Non-Farm Employment Change
2023-11-09T13:30:00+00:00,2023-11-09,13:30,USD,High Impact Expected,Initial Jobless Claims
2023-11-13T13:30:00+00:00,2023-11-13,13:30,USD,High Impact Expected,CPI m/m
2023-11-16T13:30:00+00:00,2023-11-16,13:30,USD,High Impact Expected,Initial Jobless Claims
2023-11-23T13:30:00+00:00,2023-11-23,13:30,USD,High Impact Expected,Initial Jobless Claims
2023-11-24T13:30:00+00:00,2023-11-24,13:30,USD,High Impact Expected,Core PCE m/m
2023-11-30T13:30:00+00:00,2023-11-30,13:30,USD,High Impact Expected,Initial Jobless Claims
2023-12-01T13:30:00+00:00,2023-12-01,13:30,USD,High Impact Expected,Non-Farm Employment Change
2023-12-01T15:00:00+00:00,2023-12-01,15:00,USD,High Impact Expected,ISM Manufacturing PMI
2023-12-07T13:30:00+00:00,2023-12-07,13:30,USD,High Impact Expected,Initial Jobless Claims
2023-12-13T13:30:00+00:00,2023-12-13,13:30,USD,High Impact Expected,CPI m/m
2023-12-13T19:00:00+00:00,2023-12-13,19:00,USD,High Impact Expected,FOMC Statement
2023-12-14T13:30:00+00:00,2023-12-14,13:30,USD,High Impact Expected,Initial Jobless Claims
2023-12-21T13:30:00+00:00,2023-12-21,13:30,USD,High Impact Expected,Initial Jobless Claims
2023-12-28T13:30:00+00:00,2023-12-28,13:30,USD,High Impact Expected,Initial Jobless Claims
2023-12-29T13:30:00+00:00,2023-12-29,13:30,USD,High Impact Expected,Core PCE m/m
2024-01-04T13:30:00+00:00,2024-01-04,13:30,USD,High Impact Expected,Initial Jobless Claims
2024-01-05T13:30:00+00:00,2024-01-05,13:30,USD,High Impact Expected,Non-Farm Employment Change
2024-01-11T13:30:00+00:00,2024-01-11,13:30,USD,High Impact Expected,Initial Jobless Claims
2024-01-15T13:30:00+00:00,2024-01-15,13:30,USD,High Impact Expected,CPI m/m
2024-01-18T13:30:00+00:00,2024-01-18,13:30,USD,High Impact Expected,Initial Jobless Claims
2024-01-25T13:30:00+00:00,2024-01-25,13:30,USD,High Impact Expected,Initial Jobless Claims
2024-01-26T13:30:00+00:00,2024-01-26,13:30,USD,High Impact Expected,Core PCE m/m
2024-01-31T19:00:00+00:00,2024-01-31,19:00,USD,High Impact Expected,FOMC Statement
2024-02-01T13:30:00+00:00,2024-02-01,13:30,USD,High Impact Expected,Initial Jobless Claims
2024-02-02T13:30:00+00:00,2024-02-02,13:30,USD,High Impact Expected,Non-Farm Employment Change
2024-02-08T13:30:00+00:00,2024-02-08,13:30,USD,High Impact Expected,Initial Jobless Claims
2024-02-13T13:30:00+00:00,2024-02-13,13:30,USD,High Impact Expected,CPI m/m
2024-02-15T13:30:00+00:00,2024-02-15,13:30,USD,High Impact Expected,Initial Jobless Claims
2024-02-22T13:30:00+00:00,2024-02-22,13:30,USD,High Impact Expected,Initial Jobless Claims
2024-02-23T13:30:00+00:00,2024-02-23,13:30,USD,High Impact Expected,Core PCE m/m
2024-02-29T13:30:00+00:00,2024-02-29,13:30,USD,High Impact Expected,Initial Jobless Claims
2024-03-01T13:30:00+00:00,2024-03-01,13:30,USD,High Impact Expected,Non-Farm Employment Change
2024-03-07T13:30:00+00:00,2024-03-07,13:30,USD,High Impact Expected,Initial Jobless Claims
2024-03-13T13:30:00+00:00,2024-03-13,13:30,USD,High Impact Expected,CPI m/m
2024-03-14T13:30:00+00:00,2024-03-14,13:30,USD,High Impact Expected,Initial Jobless Claims
2024-03-20T19:00:00+00:00,2024-03-20,19:00,USD,High Impact Expected,FOMC Statement
2024-03-21T13:30:00+00:00,2024-03-21,13:30,USD,High Impact Expected,Initial Jobless Claims
2024-03-28T13:30:00+00:00,2024-03-28,13:30,USD,High Impact Expected,Initial Jobless Claims
2024-03-29T13:30:00+00:00,2024-03-29,13:30,USD,High Impact Expected,Core PCE m/m
2024-04-04T13:30:00+00:00,2024-04-04,13:30,USD,High Impact Expected,Initial Jobless Claims
2024-04-05T13:30:00+00:00,2024-04-05,13:30,USD,High Impact Expected,Non-Farm Employment Change
2024-04-11T13:30:00+00:00,2024-04-11,13:30,USD,High Impact Expected,Initial Jobless Claims
2024-04-15T13:30:00+00:00,2024-04-15,13:30,USD,High Impact Expected,CPI m/m
2024-04-18T13:30:00+00:00,2024-04-18,13:30,USD,High Impact Expected,Initial Jobless Claims
2024-04-25T13:30:00+00:00,2024-04-25,13:30,USD,High Impact Expected,Initial Jobless Claims
2024-04-26T13:30:00+00:00,2024-04-26,13:30,USD,High Impact Expected,Core PCE m/m
2024-05-01T19:00:00+00:00,2024-05-01,19:00,USD,High Impact Expected,FOMC Statement
2024-05-02T13:30:00+00:00,2024-05-02,13:30,USD,High Impact Expected,Initial Jobless Claims
2024-05-03T13:30:00+00:00,2024-05-03,13:30,USD,High Impact Expected,Non-Farm Employment Change
2024-05-09T13:30:00+00:00,2024-05-09,13:30,USD,High Impact Expected,Initial Jobless Claims
2024-05-13T13:30:00+00:00,2024-05-13,13:30,USD,High Impact Expected,CPI m/m
2024-05-16T13:30:00+00:00,2024-05-16,13:30,USD,High Impact Expected,Initial Jobless Claims
2024-05-23T13:30:00+00:00,2024-05-23,13:30,USD,High Impact Expected,Initial Jobless Claims
2024-05-30T13:30:00+00:00,2024-05-30,13:30,USD,High Impact Expected,Initial Jobless Claims
2024-05-31T13:30:00+00:00,2024-05-31,13:30,USD,High Impact Expected,Core PCE m/m
2024-06-06T13:30:00+00:00,2024-06-06,13:30,USD,High Impact Expected,Initial Jobless Claims
2024-06-07T13:30:00+00:00,2024-06-07,13:30,USD,High Impact Expected,Non-Farm Employment Change
2024-06-12T19:00:00+00:00,2024-06-12,19:00,USD,High Impact Expected,FOMC Statement
2024-06-13T13:30:00+00:00,2024-06-13,13:30,USD,High Impact Expected,CPI m/m
2024-06-13T13:30:00+00:00,2024-06-13,13:30,USD,High Impact Expected,Initial Jobless Claims
2024-06-20T13:30:00+00:00,2024-06-20,13:30,USD,High Impact Expected,Initial Jobless Claims
2024-06-27T13:30:00+00:00,2024-06-27,13:30,USD,High Impact Expected,Initial Jobless Claims
2024-06-28T13:30:00+00:00,2024-06-28,13:30,USD,High Impact Expected,Core PCE m/m
2024-07-04T13:30:00+00:00,2024-07-04,13:30,USD,High Impact Expected,Initial Jobless Claims
2024-07-05T13:30:00+00:00,2024-07-05,13:30,USD,High Impact Expected,Non-Farm Employment Change
2024-07-11T13:30:00+00:00,2024-07-11,13:30,USD,High Impact Expected,Initial Jobless Claims
2024-07-15T13:30:00+00:00,2024-07-15,13:30,USD,High Impact Expected,CPI m/m
2024-07-18T13:30:00+00:00,2024-07-18,13:30,USD,High Impact Expected,Initial Jobless Claims
2024-07-25T13:30:00+00:00,2024-07-25,13:30,USD,High Impact Expected,Initial Jobless Claims
2024-07-26T13:30:00+00:00,2024-07-26,13:30,USD,High Impact Expected,Core PCE m/m
2024-07-31T19:00:00+00:00,2024-07-31,19:00,USD,High Impact Expected,FOMC Statement
2024-08-01T13:30:00+00:00,2024-08-01,13:30,USD,High Impact Expected,Initial Jobless Claims
2024-08-02T13:30:00+00:00,2024-08-02,13:30,USD,High Impact Expected,Non-Farm Employment Change
2024-08-08T13:30:00+00:00,2024-08-08,13:30,USD,High Impact Expected,Initial Jobless Claims
2024-08-13T13:30:00+00:00,2024-08-13,13:30,USD,High Impact Expected,CPI m/m
2024-08-15T13:30:00+00:00,2024-08-15,13:30,USD,High Impact Expected,Initial Jobless Claims
2024-08-22T13:30:00+00:00,2024-08-22,13:30,USD,High Impact Expected,Initial Jobless Claims
2024-08-29T13:30:00+00:00,2024-08-29,13:30,USD,High Impact Expected,Initial Jobless Claims
2024-08-30T13:30:00+00:00,2024-08-30,13:30,USD,High Impact Expected,Core PCE m/m
2024-09-05T13:30:00+00:00,2024-09-05,13:30,USD,High Impact Expected,Initial Jobless Claims
2024-09-06T13:30:00+00:00,2024-09-06,13:30,USD,High Impact Expected,Non-Farm Employment Change
2024-09-12T13:30:00+00:00,2024-09-12,13:30,USD,High Impact Expected,Initial Jobless Claims
2024-09-13T13:30:00+00:00,2024-09-13,13:30,USD,High Impact Expected,CPI m/m
2024-09-18T19:00:00+00:00,2024-09-18,19:00,USD,High Impact Expected,FOMC Statement
2024-09-19T13:30:00+00:00,2024-09-19,13:30,USD,High Impact Expected,Initial Jobless Claims
2024-09-26T13:30:00+00:00,2024-09-26,13:30,USD,High Impact Expected,Initial Jobless Claims
2024-09-27T13:30:00+00:00,2024-09-27,13:30,USD,High Impact Expected,Core PCE m/m
2024-10-03T13:30:00+00:00,2024-10-03,13:30,USD,High Impact Expected,Initial Jobless Claims
2024-10-04T13:30:00+00:00,2024-10-04,13:30,USD,High Impact Expected,Non-Farm Employment Change
2024-10-10T13:30:00+00:00,2024-10-10,13:30,USD,High Impact Expected,Initial Jobless Claims
2024-10-14T13:30:00+00:00,2024-10-14,13:30,USD,High Impact Expected,CPI m/m
2024-10-17T13:30:00+00:00,2024-10-17,13:30,USD,High Impact Expected,Initial Jobless Claims
2024-10-24T13:30:00+00:00,2024-10-24,13:30,USD,High Impact Expected,Initial Jobless Claims
2024-10-25T13:30:00+00:00,2024-10-25,13:30,USD,High Impact Expected,Core PCE m/m
2024-10-31T13:30:00+00:00,2024-10-31,13:30,USD,High Impact Expected,Initial Jobless Claims
2024-11-01T13:30:00+00:00,2024-11-01,13:30,USD,High Impact Expected,Non-Farm Employment Change
2024-11-07T13:30:00+00:00,2024-11-07,13:30,USD,High Impact Expected,Initial Jobless Claims
2024-11-07T19:00:00+00:00,2024-11-07,19:00,USD,High Impact Expected,FOMC Statement
2024-11-13T13:30:00+00:00,2024-11-13,13:30,USD,High Impact Expected,CPI m/m
2024-11-14T13:30:00+00:00,2024-11-14,13:30,USD,High Impact Expected,Initial Jobless Claims
2024-11-21T13:30:00+00:00,2024-11-21,13:30,USD,High Impact Expected,Initial Jobless Claims
2024-11-28T13:30:00+00:00,2024-11-28,13:30,USD,High Impact Expected,Initial Jobless Claims
2024-11-29T13:30:00+00:00,2024-11-29,13:30,USD,High Impact Expected,Core PCE m/m
2024-12-02T15:00:00+00:00,2024-12-02,15:00,USD,High Impact Expected,ISM Manufacturing PMI
2024-12-05T13:30:00+00:00,2024-12-05,13:30,USD,High Impact Expected,Initial Jobless Claims
2024-12-06T13:30:00+00:00,2024-12-06,13:30,USD,High Impact Expected,Non-Farm Employment Change
2024-12-12T13:30:00+00:00,2024-12-12,13:30,USD,High Impact Expected,Initial Jobless Claims
2024-12-13T13:30:00+00:00,2024-12-13,13:30,USD,High Impact Expected,CPI m/m
2024-12-18T19:00:00+00:00,2024-12-18,19:00,USD,High Impact Expected,FOMC Statement
2024-12-19T13:30:00+00:00,2024-12-19,13:30,USD,High Impact Expected,Initial Jobless Claims
2024-12-26T13:30:00+00:00,2024-12-26,13:30,USD,High Impact Expected,Initial Jobless Claims
2024-12-27T13:30:00+00:00,2024-12-27,13:30,USD,High Impact Expected,Core PCE m/m
2025-01-02T13:30:00+00:00,2025-01-02,13:30,USD,High Impact Expected,Initial Jobless Claims
2025-01-03T13:30:00+00:00,2025-01-03,13:30,USD,High Impact Expected,Non-Farm Employment Change
2025-01-09T13:30:00+00:00,2025-01-09,13:30,USD,High Impact Expected,Initial Jobless Claims
2025-01-13T13:30:00+00:00,2025-01-13,13:30,USD,High Impact Expected,CPI m/m
2025-01-16T13:30:00+00:00,2025-01-16,13:30,USD,High Impact Expected,Initial Jobless Claims
2025-01-23T13:30:00+00:00,2025-01-23,13:30,USD,High Impact Expected,Initial Jobless Claims
2025-01-29T19:00:00+00:00,2025-01-29,19:00,USD,High Impact Expected,FOMC Statement
2025-01-30T13:30:00+00:00,2025-01-30,13:30,USD,High Impact Expected,Initial Jobless Claims
2025-01-31T13:30:00+00:00,2025-01-31,13:30,USD,High Impact Expected,Core PCE m/m
2025-02-06T13:30:00+00:00,2025-02-06,13:30,USD,High Impact Expected,Initial Jobless Claims
2025-02-07T13:30:00+00:00,2025-02-07,13:30,USD,High Impact Expected,Non-Farm Employment Change
2025-02-13T13:30:00+00:00,2025-02-13,13:30,USD,High Impact Expected,CPI m/m
2025-02-13T13:30:00+00:00,2025-02-13,13:30,USD,High Impact Expected,Initial Jobless Claims
2025-02-20T13:30:00+00:00,2025-02-20,13:30,USD,High Impact Expected,Initial Jobless Claims
2025-02-27T13:30:00+00:00,2025-02-27,13:30,USD,High Impact Expected,Initial Jobless Claims
2025-02-28T13:30:00+00:00,2025-02-28,13:30,USD,High Impact Expected,Core PCE m/m
2025-03-06T13:30:00+00:00,2025-03-06,13:30,USD,High Impact Expected,Initial Jobless Claims
2025-03-07T13:30:00+00:00,2025-03-07,13:30,USD,High Impact Expected,Non-Farm Employment Change
2025-03-13T13:30:00+00:00,2025-03-13,13:30,USD,High Impact Expected,CPI m/m
2025-03-13T13:30:00+00:00,2025-03-13,13:30,USD,High Impact Expected,Initial Jobless Claims
2025-03-19T19:00:00+00:00,2025-03-19,19:00,USD,High Impact Expected,FOMC Statement
2025-03-20T13:30:00+00:00,2025-03-20,13:30,USD,High Impact Expected,Initial Jobless Claims
2025-03-27T13:30:00+00:00,2025-03-27,13:30,USD,High Impact Expected,Initial Jobless Claims
2025-03-28T13:30:00+00:00,2025-03-28,13:30,USD,High Impact Expected,Core PCE m/m
2025-04-03T13:30:00+00:00,2025-04-03,13:30,USD,High Impact Expected,Initial Jobless Claims
2025-04-04T13:30:00+00:00,2025-04-04,13:30,USD,High Impact Expected,Non-Farm Employment Change
2025-04-10T13:30:00+00:00,2025-04-10,13:30,USD,High Impact Expected,Initial Jobless Claims
2025-04-14T13:30:00+00:00,2025-04-14,13:30,USD,High Impact Expected,CPI m/m
2025-04-17T13:30:00+00:00,2025-04-17,13:30,USD,High Impact Expected,Initial Jobless Claims
2025-04-24T13:30:00+00:00,2025-04-24,13:30,USD,High Impact Expected,Initial Jobless Claims
2025-04-25T13:30:00+00:00,2025-04-25,13:30,USD,High Impact Expected,Core PCE m/m
2025-05-01T13:30:00+00:00,2025-05-01,13:30,USD,High Impact Expected,Initial Jobless Claims
2025-05-02T13:30:00+00:00,2025-05-02,13:30,USD,High Impact Expected,Non-Farm Employment Change
2025-05-07T19:00:00+00:00,2025-05-07,19:00,USD,High Impact Expected,FOMC Statement
2025-05-08T13:30:00+00:00,2025-05-08,13:30,USD,High Impact Expected,Initial Jobless Claims
2025-05-13T13:30:00+00:00,2025-05-13,13:30,USD,High Impact Expected,CPI m/m
2025-05-15T13:30:00+00:00,2025-05-15,13:30,USD,High Impact Expected,Initial Jobless Claims
2025-05-22T13:30:00+00:00,2025-05-22,13:30,USD,High Impact Expected,Initial Jobless Claims
2025-05-29T13:30:00+00:00,2025-05-29,13:30,USD,High Impact Expected,Initial Jobless Claims
2025-05-30T13:30:00+00:00,2025-05-30,13:30,USD,High Impact Expected,Core PCE m/m
2025-06-05T13:30:00+00:00,2025-06-05,13:30,USD,High Impact Expected,Initial Jobless Claims
2025-06-06T13:30:00+00:00,2025-06-06,13:30,USD,High Impact Expected,Non-Farm Employment Change
2025-06-12T13:30:00+00:00,2025-06-12,13:30,USD,High Impact Expected,Initial Jobless Claims
2025-06-13T13:30:00+00:00,2025-06-13,13:30,USD,High Impact Expected,CPI m/m
2025-06-18T19:00:00+00:00,2025-06-18,19:00,USD,High Impact Expected,FOMC Statement
2025-06-19T13:30:00+00:00,2025-06-19,13:30,USD,High Impact Expected,Initial Jobless Claims
2025-06-26T13:30:00+00:00,2025-06-26,13:30,USD,High Impact Expected,Initial Jobless Claims
2025-06-27T13:30:00+00:00,2025-06-27,13:30,USD,High Impact Expected,Core PCE m/m
2025-07-03T13:30:00+00:00,2025-07-03,13:30,USD,High Impact Expected,Initial Jobless Claims
2025-07-04T13:30:00+00:00,2025-07-04,13:30,USD,High Impact Expected,Non-Farm Employment Change
2025-07-10T13:30:00+00:00,2025-07-10,13:30,USD,High Impact Expected,Initial Jobless Claims
2025-07-14T13:30:00+00:00,2025-07-14,13:30,USD,High Impact Expected,CPI m/m
2025-07-17T13:30:00+00:00,2025-07-17,13:30,USD,High Impact Expected,Initial Jobless Claims
2025-07-24T13:30:00+00:00,2025-07-24,13:30,USD,High Impact Expected,Initial Jobless Claims
2025-07-25T13:30:00+00:00,2025-07-25,13:30,USD,High Impact Expected,Core PCE m/m
2025-07-30T19:00:00+00:00,2025-07-30,19:00,USD,High Impact Expected,FOMC Statement
2025-07-31T13:30:00+00:00,2025-07-31,13:30,USD,High Impact Expected,Initial Jobless Claims
2025-08-01T13:30:00+00:00,2025-08-01,13:30,USD,High Impact Expected,Non-Farm Employment Change
2025-08-07T13:30:00+00:00,2025-08-07,13:30,USD,High Impact Expected,Initial Jobless Claims
2025-08-13T13:30:00+00:00,2025-08-13,13:30,USD,High Impact Expected,CPI m/m
2025-08-14T13:30:00+00:00,2025-08-14,13:30,USD,High Impact Expected,Initial Jobless Claims
2025-08-21T13:30:00+00:00,2025-08-21,13:30,USD,High Impact Expected,Initial Jobless Claims
2025-08-28T13:30:00+00:00,2025-08-28,13:30,USD,High Impact Expected,Initial Jobless Claims
2025-08-29T13:30:00+00:00,2025-08-29,13:30,USD,High Impact Expected,Core PCE m/m
2025-09-04T13:30:00+00:00,2025-09-04,13:30,USD,High Impact Expected,Initial Jobless Claims
2025-09-05T13:30:00+00:00,2025-09-05,13:30,USD,High Impact Expected,Non-Farm Employment Change
2025-09-11T13:30:00+00:00,2025-09-11,13:30,USD,High Impact Expected,Initial Jobless Claims
2025-09-15T13:30:00+00:00,2025-09-15,13:30,USD,High Impact Expected,CPI m/m
2025-09-17T19:00:00+00:00,2025-09-17,19:00,USD,High Impact Expected,FOMC Statement
2025-09-18T13:30:00+00:00,2025-09-18,13:30,USD,High Impact Expected,Initial Jobless Claims
2025-09-25T13:30:00+00:00,2025-09-25,13:30,USD,High Impact Expected,Initial Jobless Claims
2025-09-26T13:30:00+00:00,2025-09-26,13:30,USD,High Impact Expected,Core PCE m/m
2025-10-02T13:30:00+00:00,2025-10-02,13:30,USD,High Impact Expected,Initial Jobless Claims
2025-10-03T13:30:00+00:00,2025-10-03,13:30,USD,High Impact Expected,Non-Farm Employment Change
2025-10-09T13:30:00+00:00,2025-10-09,13:30,USD,High Impact Expected,Initial Jobless Claims
2025-10-13T13:30:00+00:00,2025-10-13,13:30,USD,High Impact Expected,CPI m/m
2025-10-16T13:30:00+00:00,2025-10-16,13:30,USD,High Impact Expected,Initial Jobless Claims
2025-10-23T13:30:00+00:00,2025-10-23,13:30,USD,High Impact Expected,Initial Jobless Claims
2025-10-29T19:00:00+00:00,2025-10-29,19:00,USD,High Impact Expected,FOMC Statement
2025-10-30T13:30:00+00:00,2025-10-30,13:30,USD,High Impact Expected,Initial Jobless Claims
2025-10-31T13:30:00+00:00,2025-10-31,13:30,USD,High Impact Expected,Core PCE m/m
2025-11-06T13:30:00+00:00,2025-11-06,13:30,USD,High Impact Expected,Initial Jobless Claims
2025-11-07T13:30:00+00:00,2025-11-07,13:30,USD,High Impact Expected,Non-Farm Employment Change
2025-11-13T13:30:00+00:00,2025-11-13,13:30,USD,High Impact Expected,CPI m/m
2025-11-13T13:30:00+00:00,2025-11-13,13:30,USD,High Impact Expected,Initial Jobless Claims
2025-11-20T13:30:00+00:00,2025-11-20,13:30,USD,High Impact Expected,Initial Jobless Claims
2025-11-27T13:30:00+00:00,2025-11-27,13:30,USD,High Impact Expected,Initial Jobless Claims
2025-11-28T13:30:00+00:00,2025-11-28,13:30,USD,High Impact Expected,Core PCE m/m
2025-12-01T15:00:00+00:00,2025-12-01,15:00,USD,High Impact Expected,ISM Manufacturing PMI
2025-12-04T13:30:00+00:00,2025-12-04,13:30,USD,High Impact Expected,Initial Jobless Claims
2025-12-05T13:30:00+00:00,2025-12-05,13:30,USD,High Impact Expected,Non-Farm Employment Change
2025-12-11T13:30:00+00:00,2025-12-11,13:30,USD,High Impact Expected,Initial Jobless Claims
2025-12-15T13:30:00+00:00,2025-12-15,13:30,USD,High Impact Expected,CPI m/m
2025-12-17T19:00:00+00:00,2025-12-17,19:00,USD,High Impact Expected,FOMC Statement
2025-12-18T13:30:00+00:00,2025-12-18,13:30,USD,High Impact Expected,Initial Jobless Claims
2025-12-25T13:30:00+00:00,2025-12-25,13:30,USD,High Impact Expected,Initial Jobless Claims
2025-12-26T13:30:00+00:00,2025-12-26,13:30,USD,High Impact Expected,Core PCE m/m
2026-01-01T13:30:00+00:00,2026-01-01,13:30,USD,High Impact Expected,Initial Jobless Claims
2026-01-02T13:30:00+00:00,2026-01-02,13:30,USD,High Impact Expected,Non-Farm Employment Change
2026-01-08T13:30:00+00:00,2026-01-08,13:30,USD,High Impact Expected,Initial Jobless Claims
2026-01-13T13:30:00+00:00,2026-01-13,13:30,USD,High Impact Expected,CPI m/m
2026-01-15T13:30:00+00:00,2026-01-15,13:30,USD,High Impact Expected,Initial Jobless Claims
2026-01-22T13:30:00+00:00,2026-01-22,13:30,USD,High Impact Expected,Initial Jobless Claims
2026-01-28T19:00:00+00:00,2026-01-28,19:00,USD,High Impact Expected,FOMC Statement
2026-01-29T13:30:00+00:00,2026-01-29,13:30,USD,High Impact Expected,Initial Jobless Claims
2026-01-30T13:30:00+00:00,2026-01-30,13:30,USD,High Impact Expected,Core PCE m/m
2026-02-05T13:30:00+00:00,2026-02-05,13:30,USD,High Impact Expected,Initial Jobless Claims
2026-02-06T13:30:00+00:00,2026-02-06,13:30,USD,High Impact Expected,Non-Farm Employment Change
2026-02-12T13:30:00+00:00,2026-02-12,13:30,USD,High Impact Expected,Initial Jobless Claims
2026-02-13T13:30:00+00:00,2026-02-13,13:30,USD,High Impact Expected,CPI m/m
2026-02-19T13:30:00+00:00,2026-02-19,13:30,USD,High Impact Expected,Initial Jobless Claims
2026-02-26T13:30:00+00:00,2026-02-26,13:30,USD,High Impact Expected,Initial Jobless Claims
2026-02-27T13:30:00+00:00,2026-02-27,13:30,USD,High Impact Expected,Core PCE m/m
2026-03-05T13:30:00+00:00,2026-03-05,13:30,USD,High Impact Expected,Initial Jobless Claims
2026-03-06T13:30:00+00:00,2026-03-06,13:30,USD,High Impact Expected,Non-Farm Employment Change
2026-03-12T13:30:00+00:00,2026-03-12,13:30,USD,High Impact Expected,Initial Jobless Claims
2026-03-13T13:30:00+00:00,2026-03-13,13:30,USD,High Impact Expected,CPI m/m
2026-03-18T19:00:00+00:00,2026-03-18,19:00,USD,High Impact Expected,FOMC Statement
2026-03-19T13:30:00+00:00,2026-03-19,13:30,USD,High Impact Expected,Initial Jobless Claims
2026-03-26T13:30:00+00:00,2026-03-26,13:30,USD,High Impact Expected,Initial Jobless Claims
2026-03-27T13:30:00+00:00,2026-03-27,13:30,USD,High Impact Expected,Core PCE m/m
2026-04-02T13:30:00+00:00,2026-04-02,13:30,USD,High Impact Expected,Initial Jobless Claims
2026-04-03T13:30:00+00:00,2026-04-03,13:30,USD,High Impact Expected,Non-Farm Employment Change
2026-04-09T13:30:00+00:00,2026-04-09,13:30,USD,High Impact Expected,Initial Jobless Claims
2026-04-13T13:30:00+00:00,2026-04-13,13:30,USD,High Impact Expected,CPI m/m
2026-04-16T13:30:00+00:00,2026-04-16,13:30,USD,High Impact Expected,Initial Jobless Claims
2026-04-23T13:30:00+00:00,2026-04-23,13:30,USD,High Impact Expected,Initial Jobless Claims
2026-04-24T13:30:00+00:00,2026-04-24,13:30,USD,High Impact Expected,Core PCE m/m
2026-04-29T19:00:00+00:00,2026-04-29,19:00,USD,High Impact Expected,FOMC Statement
2026-04-30T13:30:00+00:00,2026-04-30,13:30,USD,High Impact Expected,Initial Jobless Claims
2026-05-01T13:30:00+00:00,2026-05-01,13:30,USD,High Impact Expected,Non-Farm Employment Change
2026-05-07T13:30:00+00:00,2026-05-07,13:30,USD,High Impact Expected,Initial Jobless Claims
2026-05-13T13:30:00+00:00,2026-05-13,13:30,USD,High Impact Expected,CPI m/m
2026-05-14T13:30:00+00:00,2026-05-14,13:30,USD,High Impact Expected,Initial Jobless Claims
2026-05-21T13:30:00+00:00,2026-05-21,13:30,USD,High Impact Expected,Initial Jobless Claims
2026-05-28T13:30:00+00:00,2026-05-28,13:30,USD,High Impact Expected,Initial Jobless Claims
2026-05-29T13:30:00+00:00,2026-05-29,13:30,USD,High Impact Expected,Core PCE m/m
2026-06-04T13:30:00+00:00,2026-06-04,13:30,USD,High Impact Expected,Initial Jobless Claims
2026-06-05T13:30:00+00:00,2026-06-05,13:30,USD,High Impact Expected,Non-Farm Employment Change
2026-06-11T13:30:00+00:00,2026-06-11,13:30,USD,High Impact Expected,Initial Jobless Claims
2026-06-15T13:30:00+00:00,2026-06-15,13:30,USD,High Impact Expected,CPI m/m
2026-06-17T19:00:00+00:00,2026-06-17,19:00,USD,High Impact Expected,FOMC Statement
2026-06-18T13:30:00+00:00,2026-06-18,13:30,USD,High Impact Expected,Initial Jobless Claims
2026-06-25T13:30:00+00:00,2026-06-25,13:30,USD,High Impact Expected,Initial Jobless Claims
2026-06-26T13:30:00+00:00,2026-06-26,13:30,USD,High Impact Expected,Core PCE m/m
2026-07-02T13:30:00+00:00,2026-07-02,13:30,USD,High Impact Expected,Initial Jobless Claims
2026-07-03T13:30:00+00:00,2026-07-03,13:30,USD,High Impact Expected,Non-Farm Employment Change
2026-07-09T13:30:00+00:00,2026-07-09,13:30,USD,High Impact Expected,Initial Jobless Claims
2026-07-13T13:30:00+00:00,2026-07-13,13:30,USD,High Impact Expected,CPI m/m
2026-07-16T13:30:00+00:00,2026-07-16,13:30,USD,High Impact Expected,Initial Jobless Claims
2026-07-23T13:30:00+00:00,2026-07-23,13:30,USD,High Impact Expected,Initial Jobless Claims
2026-07-30T13:30:00+00:00,2026-07-30,13:30,USD,High Impact Expected,Initial Jobless Claims
2026-07-31T13:30:00+00:00,2026-07-31,13:30,USD,High Impact Expected,Core PCE m/m
2026-08-06T13:30:00+00:00,2026-08-06,13:30,USD,High Impact Expected,Initial Jobless Claims
2026-08-07T13:30:00+00:00,2026-08-07,13:30,USD,High Impact Expected,Non-Farm Employment Change
2026-08-13T13:30:00+00:00,2026-08-13,13:30,USD,High Impact Expected,CPI m/m
2026-08-13T13:30:00+00:00,2026-08-13,13:30,USD,High Impact Expected,Initial Jobless Claims
2026-08-20T13:30:00+00:00,2026-08-20,13:30,USD,High Impact Expected,Initial Jobless Claims
2026-08-27T13:30:00+00:00,2026-08-27,13:30,USD,High Impact Expected,Initial Jobless Claims
2026-08-28T13:30:00+00:00,2026-08-28,13:30,USD,High Impact Expected,Core PCE m/m
2026-09-03T13:30:00+00:00,2026-09-03,13:30,USD,High Impact Expected,Initial Jobless Claims
2026-09-04T13:30:00+00:00,2026-09-04,13:30,USD,High Impact Expected,Non-Farm Employment Change
2026-09-10T13:30:00+00:00,2026-09-10,13:30,USD,High Impact Expected,Initial Jobless Claims
2026-09-14T13:30:00+00:00,2026-09-14,13:30,USD,High Impact Expected,CPI m/m
2026-09-17T13:30:00+00:00,2026-09-17,13:30,USD,High Impact Expected,Initial Jobless Claims
2026-09-24T13:30:00+00:00,2026-09-24,13:30,USD,High Impact Expected,Initial Jobless Claims
2026-09-25T13:30:00+00:00,2026-09-25,13:30,USD,High Impact Expected,Core PCE m/m
2026-10-01T13:30:00+00:00,2026-10-01,13:30,USD,High Impact Expected,Initial Jobless Claims
2026-10-02T13:30:00+00:00,2026-10-02,13:30,USD,High Impact Expected,Non-Farm Employment Change
2026-10-08T13:30:00+00:00,2026-10-08,13:30,USD,High Impact Expected,Initial Jobless Claims
2026-10-13T13:30:00+00:00,2026-10-13,13:30,USD,High Impact Expected,CPI m/m
2026-10-15T13:30:00+00:00,2026-10-15,13:30,USD,High Impact Expected,Initial Jobless Claims
2026-10-22T13:30:00+00:00,2026-10-22,13:30,USD,High Impact Expected,Initial Jobless Claims
2026-10-29T13:30:00+00:00,2026-10-29,13:30,USD,High Impact Expected,Initial Jobless Claims
2026-10-30T13:30:00+00:00,2026-10-30,13:30,USD,High Impact Expected,Core PCE m/m
2026-11-05T13:30:00+00:00,2026-11-05,13:30,USD,High Impact Expected,Initial Jobless Claims
2026-11-06T13:30:00+00:00,2026-11-06,13:30,USD,High Impact Expected,Non-Farm Employment Change
2026-11-12T13:30:00+00:00,2026-11-12,13:30,USD,High Impact Expected,Initial Jobless Claims
2026-11-13T13:30:00+00:00,2026-11-13,13:30,USD,High Impact Expected,CPI m/m
2026-11-19T13:30:00+00:00,2026-11-19,13:30,USD,High Impact Expected,Initial Jobless Claims
2026-11-26T13:30:00+00:00,2026-11-26,13:30,USD,High Impact Expected,Initial Jobless Claims
2026-11-27T13:30:00+00:00,2026-11-27,13:30,USD,High Impact Expected,Core PCE m/m
2026-12-01T15:00:00+00:00,2026-12-01,15:00,USD,High Impact Expected,ISM Manufacturing PMI
2026-12-03T13:30:00+00:00,2026-12-03,13:30,USD,High Impact Expected,Initial Jobless Claims
2026-12-04T13:30:00+00:00,2026-12-04,13:30,USD,High Impact Expected,Non-Farm Employment Change
2026-12-10T13:30:00+00:00,2026-12-10,13:30,USD,High Impact Expected,Initial Jobless Claims
2026-12-14T13:30:00+00:00,2026-12-14,13:30,USD,High Impact Expected,CPI m/m
2026-12-17T13:30:00+00:00,2026-12-17,13:30,USD,High Impact Expected,Initial Jobless Claims
2026-12-24T13:30:00+00:00,2026-12-24,13:30,USD,High Impact Expected,Initial Jobless Claims
2026-12-25T13:30:00+00:00,2026-12-25,13:30,USD,High Impact Expected,Core PCE m/m
2026-12-31T13:30:00+00:00,2026-12-31,13:30,USD,High Impact Expected,Initial Jobless Claims
