{
  "parameter_sensitivity": [
    {
      "initial_capital": 10000.0,
      "final_equity": 9896.870020140615,
      "trades": 2,
      "win_rate": 0.0,
      "gross_profit": 0,
      "gross_loss": -103.12997985938432,
      "profit_factor": 0.0,
      "max_drawdown": 0.010312997985938455,
      "sharpe": -0.7302708173234599,
      "sortino": -0.03352470010771031,
      "cagr": -0.0038918721655666344,
      "calmar": -0.3773754412512362,
      "k_ratio": -0.04600273743727986,
      "ulcer_index": 0.004913163605638029,
      "recovery_factor": -9999.999999999978,
      "monthly_win_rate": 0.0,
      "daily_avg_return": -1.0918398693769239e-05,
      "weekly_avg_return": -7.385516830713906e-05,
      "avg_trade_pnl": -51.56498992969216,
      "avg_win": 0.0,
      "avg_loss": 51.56498992969216,
      "win_loss_ratio": 0.0,
      "expectancy": -51.56498992969216,
      "max_consecutive_losses": 2,
      "average_trade_duration_seconds": 19800.0,
      "params": {
        "risk_per_trade": 0.005,
        "partial_exit_enabled": true,
        "slippage_bps": 0.5,
        "spread_bps": 1.0,
        "fee_per_trade": 0.0
      }
    },
    {
      "initial_capital": 10000.0,
      "final_equity": 9896.870020140615,
      "trades": 2,
      "win_rate": 0.0,
      "gross_profit": 0,
      "gross_loss": -103.12997985938432,
      "profit_factor": 0.0,
      "max_drawdown": 0.010312997985938455,
      "sharpe": -0.7302708173234599,
      "sortino": -0.03352470010771031,
      "cagr": -0.0038918721655666344,
      "calmar": -0.3773754412512362,
      "k_ratio": -0.04600273743727986,
      "ulcer_index": 0.004913163605638029,
      "recovery_factor": -9999.999999999978,
      "monthly_win_rate": 0.0,
      "daily_avg_return": -1.0918398693769239e-05,
      "weekly_avg_return": -7.385516830713906e-05,
      "avg_trade_pnl": -51.56498992969216,
      "avg_win": 0.0,
      "avg_loss": 51.56498992969216,
      "win_loss_ratio": 0.0,
      "expectancy": -51.56498992969216,
      "max_consecutive_losses": 2,
      "average_trade_duration_seconds": 19800.0,
      "params": {
        "risk_per_trade": 0.005,
        "partial_exit_enabled": false,
        "slippage_bps": 0.5,
        "spread_bps": 1.0,
        "fee_per_trade": 0.0
      }
    },
    {
      "initial_capital": 10000.0,
      "final_equity": 9794.274551822451,
      "trades": 2,
      "win_rate": 0.0,
      "gross_profit": 0,
      "gross_loss": -205.7254481775484,
      "profit_factor": 0.0,
      "max_drawdown": 0.020572544817754897,
      "sharpe": -0.73027081732346,
      "sortino": -0.03352470010771032,
      "cagr": -0.007788758418585617,
      "calmar": -0.37859965733863027,
      "k_ratio": -0.04600273743727987,
      "ulcer_index": 0.009812727916587655,
      "recovery_factor": -9999.999999999973,
      "monthly_win_rate": 0.0,
      "daily_avg_return": -2.183679738753849e-05,
      "weekly_avg_return": -0.00014771033661427823,
      "avg_trade_pnl": -102.8627240887742,
      "avg_win": 0.0,
      "avg_loss": 102.8627240887742,
      "win_loss_ratio": 0.0,
      "expectancy": -102.8627240887742,
      "max_consecutive_losses": 2,
      "average_trade_duration_seconds": 19800.0,
      "params": {
        "risk_per_trade": 0.01,
        "partial_exit_enabled": true,
        "slippage_bps": 0.5,
        "spread_bps": 1.0,
        "fee_per_trade": 0.0
      }
    },
    {
      "initial_capital": 10000.0,
      "final_equity": 9794.274551822451,
      "trades": 2,
      "win_rate": 0.0,
      "gross_profit": 0,
      "gross_loss": -205.7254481775484,
      "profit_factor": 0.0,
      "max_drawdown": 0.020572544817754897,
      "sharpe": -0.73027081732346,
      "sortino": -0.03352470010771032,
      "cagr": -0.007788758418585617,
      "calmar": -0.37859965733863027,
      "k_ratio": -0.04600273743727987,
      "ulcer_index": 0.009812727916587655,
      "recovery_factor": -9999.999999999973,
      "monthly_win_rate": 0.0,
      "daily_avg_return": -2.183679738753849e-05,
      "weekly_avg_return": -0.00014771033661427823,
      "avg_trade_pnl": -102.8627240887742,
      "avg_win": 0.0,
      "avg_loss": 102.8627240887742,
      "win_loss_ratio": 0.0,
      "expectancy": -102.8627240887742,
      "max_consecutive_losses": 2,
      "average_trade_duration_seconds": 19800.0,
      "params": {
        "risk_per_trade": 0.01,
        "partial_exit_enabled": false,
        "slippage_bps": 0.5,
        "spread_bps": 1.0,
        "fee_per_trade": 0.0
      }
    },
    {
      "initial_capital": 10000.0,
      "final_equity": 9590.687149809784,
      "trades": 2,
      "win_rate": 0.0,
      "gross_profit": 0,
      "gross_loss": -409.3128501902157,
      "profit_factor": 0.0,
      "max_drawdown": 0.04093128501902156,
      "sharpe": -0.7302708173234599,
      "sortino": -0.03352470010771031,
      "cagr": -0.015597704457961603,
      "calmar": -0.38107048070230504,
      "k_ratio": -0.04600273743727986,
      "ulcer_index": 0.019571157683032653,
      "recovery_factor": -10000.000000000004,
      "monthly_win_rate": 0.0,
      "daily_avg_return": -4.367359477507684e-05,
      "weekly_avg_return": -0.0002954206732285555,
      "avg_trade_pnl": -204.65642509510786,
      "avg_win": 0.0,
      "avg_loss": 204.65642509510786,
      "win_loss_ratio": 0.0,
      "expectancy": -204.65642509510786,
      "max_consecutive_losses": 2,
      "average_trade_duration_seconds": 19800.0,
      "params": {
        "risk_per_trade": 0.02,
        "partial_exit_enabled": true,
        "slippage_bps": 0.5,
        "spread_bps": 1.0,
        "fee_per_trade": 0.0
      }
    },
    {
      "initial_capital": 10000.0,
      "final_equity": 9590.687149809784,
      "trades": 2,
      "win_rate": 0.0,
      "gross_profit": 0,
      "gross_loss": -409.3128501902157,
      "profit_factor": 0.0,
      "max_drawdown": 0.04093128501902156,
      "sharpe": -0.7302708173234599,
      "sortino": -0.03352470010771031,
      "cagr": -0.015597704457961603,
      "calmar": -0.38107048070230504,
      "k_ratio": -0.04600273743727986,
      "ulcer_index": 0.019571157683032653,
      "recovery_factor": -10000.000000000004,
      "monthly_win_rate": 0.0,
      "daily_avg_return": -4.367359477507684e-05,
      "weekly_avg_return": -0.0002954206732285555,
      "avg_trade_pnl": -204.65642509510786,
      "avg_win": 0.0,
      "avg_loss": 204.65642509510786,
      "win_loss_ratio": 0.0,
      "expectancy": -204.65642509510786,
      "max_consecutive_losses": 2,
      "average_trade_duration_seconds": 19800.0,
      "params": {
        "risk_per_trade": 0.02,
        "partial_exit_enabled": false,
        "slippage_bps": 0.5,
        "spread_bps": 1.0,
        "fee_per_trade": 0.0
      }
    }
  ]
}