params,final_equity,trades,win_rate,profit_factor,max_drawdown,sharpe,sortino,cagr,ulcer_index
"{'risk_per_trade': 0.005, 'partial_exit_enabled': True}",10708.799171997203,150,0.7066666666666667,1.3501723435534705,0.04371543448017355,0.010214862038773665,0.003965186882004924,0.026094235808883814,0.01693639903861151
"{'risk_per_trade': 0.005, 'partial_exit_enabled': False}",11551.780880293583,94,0.43617021276595747,1.5390780397080972,0.052446486938624436,0.014416235664725502,0.008432704169234225,0.05576178612994731,0.02382909125777989
"{'risk_per_trade': 0.01, 'partial_exit_enabled': True}",11443.385523697483,150,0.7066666666666667,1.3401789168774472,0.08605142959478242,0.010212336657076757,0.003964004120898837,0.05202434448446458,0.03370022968313093
"{'risk_per_trade': 0.01, 'partial_exit_enabled': False}",13296.607766922481,94,0.43617021276595747,1.531489598564704,0.10245813645294298,0.014493312251285787,0.0084804375151513,0.11313076935149047,0.04689872590901673
"{'risk_per_trade': 0.02, 'partial_exit_enabled': True}",12984.251817352391,150,0.7066666666666667,1.3209472279641306,0.1666354638782275,0.01020735229022096,0.0039616676209491275,0.10322159259427188,0.0666902618137046
"{'risk_per_trade': 0.02, 'partial_exit_enabled': False}",17432.432273853978,94,0.43617021276595747,1.5176086286287935,0.19555700908139437,0.014645090831643637,0.008574406593272674,0.23250554603919205,0.090916617472545
