params,final_equity,trades,win_rate,profit_factor,max_drawdown,sharpe,sortino,cagr,ulcer_index
"{'risk_per_trade': 0.005, 'partial_exit_enabled': True, 'slippage_bps': 0.5, 'spread_bps': 1.0, 'fee_per_trade': 0.0}",9545.723801201872,53,0.5094339622641509,0.6205316077138139,0.048638602355337214,-0.6042725184921004,-0.20903040477356802,-0.017336260837666928,0.024866322565069217
"{'risk_per_trade': 0.005, 'partial_exit_enabled': False, 'slippage_bps': 0.5, 'spread_bps': 1.0, 'fee_per_trade': 0.0}",9497.185846581484,38,0.2631578947368421,0.6583704904700591,0.067069145553302,-0.4909890332307115,-0.20982953001721114,-0.019218776935148396,0.03555883801677282
"{'risk_per_trade': 0.01, 'partial_exit_enabled': True, 'slippage_bps': 0.5, 'spread_bps': 1.0, 'fee_per_trade': 0.0}",9103.130656722911,53,0.5094339622641509,0.6192818486986411,0.09530880312266361,-0.604139208935076,-0.20898112367534072,-0.03472899819394415,0.04902224690026039
"{'risk_per_trade': 0.01, 'partial_exit_enabled': False, 'slippage_bps': 0.5, 'spread_bps': 1.0, 'fee_per_trade': 0.0}",9005.147163381827,38,0.2631578947368421,0.6570763003942233,0.13033504612842087,-0.49100211597754767,-0.20987467774729748,-0.038650447390332965,0.069505722615878
"{'risk_per_trade': 0.02, 'partial_exit_enabled': True, 'slippage_bps': 0.5, 'spread_bps': 1.0, 'fee_per_trade': 0.0}",8254.117143426456,53,0.5094339622641509,0.6168990006261442,0.18297976637346852,-0.6038333359138441,-0.20887025084641656,-0.06963162344874607,0.09526125342283841
"{'risk_per_trade': 0.02, 'partial_exit_enabled': False, 'slippage_bps': 0.5, 'spread_bps': 1.0, 'fee_per_trade': 0.0}",8057.403584630662,38,0.2631578947368421,0.6547507423650137,0.246114464160041,-0.490936783980196,-0.20992601338921832,-0.0780348890855983,0.13281970758148617
