params,final_equity,trades,win_rate,profit_factor,max_drawdown,sharpe,sortino,cagr,ulcer_index
"{'risk_per_trade': 0.005, 'partial_exit_enabled': True}",10451.9334751963,127,0.6929133858267716,1.2484993692063397,0.028955854478120643,0.5612949880870439,0.32408794477621716,0.016765917520400242,0.012364299493913267
"{'risk_per_trade': 0.005, 'partial_exit_enabled': False}",11413.610078698948,81,0.4444444444444444,1.5784861203330518,0.031266002721072265,0.9757513432008886,0.7861340936068362,0.050993831785473454,0.012502104830951004
"{'risk_per_trade': 0.01, 'partial_exit_enabled': True}",10902.39936138478,127,0.6929133858267716,1.2389360529632847,0.057688547504413726,0.5619030577089966,0.3245709004383255,0.03303314344796582,0.02469408781076893
"{'risk_per_trade': 0.01, 'partial_exit_enabled': False}",12956.52065504061,81,0.4444444444444444,1.5576642895593404,0.061775306134859084,0.9771065923564834,0.7891568403310816,0.10233469301182452,0.024863305912337916
"{'risk_per_trade': 0.02, 'partial_exit_enabled': True}",11791.245855998224,127,0.6929133858267716,1.2205312998885756,0.11437628374246787,0.5631436978347739,0.3255547447200607,0.06394161098738183,0.049253619461133866
"{'risk_per_trade': 0.02, 'partial_exit_enabled': False}",16437.921788383126,81,0.4444444444444444,1.518010954984488,0.12056573579264228,0.9799797811575479,0.7953118389680012,0.2055706634682486,0.04917263843843584
