{
  "parameter_sensitivity": [
    {
      "initial_capital": 10000.0,
      "final_equity": 2221.3879761347407,
      "trades": 292,
      "win_rate": 0.4006849315068493,
      "win_rate_p_value": 0.9997335366144844,
      "gross_profit": 1597.4105850822841,
      "gross_loss": -9376.022608947549,
      "profit_factor": 0.17037187853598745,
      "max_drawdown": 0.7790089023870499,
      "sharpe": -1.4993744538098335,
      "sortino": -0.28639593765250765,
      "cagr": -0.10189781774868689,
      "calmar": -0.13080443296148503,
      "k_ratio": -0.0944517125462886,
      "ulcer_index": 0.5322249927244311,
      "recovery_factor": -9985.267177345386,
      "monthly_win_rate": 0.21428571428571427,
      "daily_avg_return": -0.00022722519295329254,
      "weekly_avg_return": -0.002035106070377328,
      "avg_trade_pnl": -26.639082273511182,
      "avg_win": 13.653081923780206,
      "avg_loss": 53.57727205112885,
      "win_loss_ratio": 0.2548297328529727,
      "expectancy": -26.639082273511182,
      "max_consecutive_losses": 11,
      "average_trade_duration_seconds": 72579.45205479451,
      "params": {
        "risk_per_trade": 0.005,
        "partial_exit_enabled": true,
        "slippage_bps": 1.0,
        "spread_bps": 2.0,
        "fee_per_trade": 0.0,
        "stop_slippage_pips": 0.5
      }
    },
    {
      "initial_capital": 10000.0,
      "final_equity": 1573.6044916183318,
      "trades": 225,
      "win_rate": 0.18666666666666668,
      "win_rate_p_value": 1.0,
      "gross_profit": 1701.837009283908,
      "gross_loss": -10128.232517665574,
      "profit_factor": 0.16802902246917997,
      "max_drawdown": 0.8434525676975617,
      "sharpe": -1.5454762733358955,
      "sortino": -0.3774844532727883,
      "cagr": -0.1237464522092735,
      "calmar": -0.14671418043942155,
      "k_ratio": -0.09735585419994436,
      "ulcer_index": 0.6010757462622657,
      "recovery_factor": -9990.360846708732,
      "monthly_win_rate": 0.125,
      "daily_avg_return": -0.00029385552033140235,
      "weekly_avg_return": -0.0024986065366198063,
      "avg_trade_pnl": -37.450646703918515,
      "avg_win": 40.519928792474,
      "avg_loss": 55.345532883418436,
      "win_loss_ratio": 0.7321264550442842,
      "expectancy": -37.450646703918515,
      "max_consecutive_losses": 20,
      "average_trade_duration_seconds": 118816.0,
      "params": {
        "risk_per_trade": 0.005,
        "partial_exit_enabled": false,
        "slippage_bps": 1.0,
        "spread_bps": 2.0,
        "fee_per_trade": 0.0,
        "stop_slippage_pips": 0.5
      }
    },
    {
      "initial_capital": 10000.0,
      "final_equity": 475.1805767231773,
      "trades": 292,
      "win_rate": 0.4006849315068493,
      "win_rate_p_value": 0.9997335366144844,
      "gross_profit": 1819.7436410903906,
      "gross_loss": -11344.563064367214,
      "profit_factor": 0.16040667505354414,
      "max_drawdown": 0.9529704311113586,
      "sharpe": -1.4998845549053768,
      "sortino": -0.28650705323065184,
      "cagr": -0.1955840678263958,
      "calmar": -0.20523623969980345,
      "k_ratio": -0.094483845894915,
      "ulcer_index": 0.7420659053649133,
      "recovery_factor": -9994.874040497703,
      "monthly_win_rate": 0.21428571428571427,
      "daily_avg_return": -0.0004552909014622469,
      "weekly_avg_return": -0.004070035275131184,
      "avg_trade_pnl": -32.619244600263094,
      "avg_win": 15.553364453764022,
      "avg_loss": 64.82607465352693,
      "win_loss_ratio": 0.2399245139689763,
      "expectancy": -32.619244600263094,
      "max_consecutive_losses": 11,
      "average_trade_duration_seconds": 72579.45205479451,
      "params": {
        "risk_per_trade": 0.01,
        "partial_exit_enabled": true,
        "slippage_bps": 1.0,
        "spread_bps": 2.0,
        "fee_per_trade": 0.0,
        "stop_slippage_pips": 0.5
      }
    },
    {
      "initial_capital": 10000.0,
      "final_equity": 233.66884729771033,
      "trades": 225,
      "win_rate": 0.18666666666666668,
      "win_rate_p_value": 1.0,
      "gross_profit": 1591.6411270135702,
      "gross_loss": -11357.972279715856,
      "profit_factor": 0.14013426761536246,
      "max_drawdown": 0.9768733283946514,
      "sharpe": -1.5468028219516514,
      "sortino": -0.3777692089931292,
      "cagr": -0.23535458004396603,
      "calmar": -0.24092640591461015,
      "k_ratio": -0.09743941890802357,
      "ulcer_index": 0.7987427908864988,
      "recovery_factor": -9997.541000276693,
      "monthly_win_rate": 0.125,
      "daily_avg_return": -0.0005889527986223625,
      "weekly_avg_return": -0.004994759268641771,
      "avg_trade_pnl": -43.40591623423238,
      "avg_win": 37.89621730984691,
      "avg_loss": 62.06542229352927,
      "win_loss_ratio": 0.6105850231812222,
      "expectancy": -43.40591623423238,
      "max_consecutive_losses": 20,
      "average_trade_duration_seconds": 118816.0,
      "params": {
        "risk_per_trade": 0.01,
        "partial_exit_enabled": false,
        "slippage_bps": 1.0,
        "spread_bps": 2.0,
        "fee_per_trade": 0.0,
        "stop_slippage_pips": 0.5
      }
    },
    {
      "initial_capital": 10000.0,
      "final_equity": 19.20607925193087,
      "trades": 292,
      "win_rate": 0.4006849315068493,
      "win_rate_p_value": 0.9997335366144844,
      "gross_profit": 1588.9341694202546,
      "gross_loss": -11569.72809016832,
      "profit_factor": 0.1373354807508824,
      "max_drawdown": 0.9981184782202832,
      "sharpe": -1.500895501999651,
      "sortino": -0.2867283707157069,
      "cagr": -0.3603521666511009,
      "calmar": -0.36103145519721735,
      "k_ratio": -0.09454752957586961,
      "ulcer_index": 0.884746761761451,
      "recovery_factor": -9999.608401744586,
      "monthly_win_rate": 0.21428571428571427,
      "daily_avg_return": -0.0009139885539183367,
      "weekly_avg_return": -0.008139355295692255,
      "avg_trade_pnl": -34.180801098452285,
      "avg_win": 13.580633926668844,
      "avg_loss": 66.11273194381897,
      "win_loss_ratio": 0.20541631736243093,
      "expectancy": -34.180801098452285,
      "max_consecutive_losses": 11,
      "average_trade_duration_seconds": 72579.45205479451,
      "params": {
        "risk_per_trade": 0.02,
        "partial_exit_enabled": true,
        "slippage_bps": 1.0,
        "spread_bps": 2.0,
        "fee_per_trade": 0.0,
        "stop_slippage_pips": 0.5
      }
    },
    {
      "initial_capital": 10000.0,
      "final_equity": 4.24981759012086,
      "trades": 225,
      "win_rate": 0.18666666666666668,
      "win_rate_p_value": 1.0,
      "gross_profit": 957.63075598086,
      "gross_loss": -10953.380938390741,
      "profit_factor": 0.08742786920013339,
      "max_drawdown": 0.999583667012369,
      "sharpe": -1.5493729748667995,
      "sortino": -0.378312704228132,
      "cagr": -0.42569082356155497,
      "calmar": -0.4258681265110021,
      "k_ratio": -0.09760132332337808,
      "ulcer_index": 0.9170346910621355,
      "recovery_factor": -9999.913476263506,
      "monthly_win_rate": 0.125,
      "daily_avg_return": -0.0011830169783497283,
      "weekly_avg_return": -0.009980244684191406,
      "avg_trade_pnl": -44.42555636626614,
      "avg_win": 22.800732285258572,
      "avg_loss": 59.85454064694394,
      "win_loss_ratio": 0.3809357158005812,
      "expectancy": -44.42555636626614,
      "max_consecutive_losses": 20,
      "average_trade_duration_seconds": 118816.0,
      "params": {
        "risk_per_trade": 0.02,
        "partial_exit_enabled": false,
        "slippage_bps": 1.0,
        "spread_bps": 2.0,
        "fee_per_trade": 0.0,
        "stop_slippage_pips": 0.5
      }
    }
  ]
}