params,final_equity,trades,win_rate,profit_factor,max_drawdown,sharpe,sortino,cagr,ulcer_index
"{'risk_per_trade': 0.005, 'partial_exit_enabled': True, 'slippage_bps': 1.0, 'spread_bps': 2.0, 'fee_per_trade': 0.0, 'stop_slippage_pips': 0.5}",2221.3879761347407,292,0.4006849315068493,0.17037187853598745,0.7790089023870499,-1.4993744538098335,-0.28639593765250765,-0.10189781774868689,0.5322249927244311
"{'risk_per_trade': 0.005, 'partial_exit_enabled': False, 'slippage_bps': 1.0, 'spread_bps': 2.0, 'fee_per_trade': 0.0, 'stop_slippage_pips': 0.5}",1573.6044916183318,225,0.18666666666666668,0.16802902246917997,0.8434525676975617,-1.5454762733358955,-0.3774844532727883,-0.1237464522092735,0.6010757462622657
"{'risk_per_trade': 0.01, 'partial_exit_enabled': True, 'slippage_bps': 1.0, 'spread_bps': 2.0, 'fee_per_trade': 0.0, 'stop_slippage_pips': 0.5}",475.1805767231773,292,0.4006849315068493,0.16040667505354414,0.9529704311113586,-1.4998845549053768,-0.28650705323065184,-0.1955840678263958,0.7420659053649133
"{'risk_per_trade': 0.01, 'partial_exit_enabled': False, 'slippage_bps': 1.0, 'spread_bps': 2.0, 'fee_per_trade': 0.0, 'stop_slippage_pips': 0.5}",233.66884729771033,225,0.18666666666666668,0.14013426761536246,0.9768733283946514,-1.5468028219516514,-0.3777692089931292,-0.23535458004396603,0.7987427908864988
"{'risk_per_trade': 0.02, 'partial_exit_enabled': True, 'slippage_bps': 1.0, 'spread_bps': 2.0, 'fee_per_trade': 0.0, 'stop_slippage_pips': 0.5}",19.20607925193087,292,0.4006849315068493,0.1373354807508824,0.9981184782202832,-1.500895501999651,-0.2867283707157069,-0.3603521666511009,0.884746761761451
"{'risk_per_trade': 0.02, 'partial_exit_enabled': False, 'slippage_bps': 1.0, 'spread_bps': 2.0, 'fee_per_trade': 0.0, 'stop_slippage_pips': 0.5}",4.24981759012086,225,0.18666666666666668,0.08742786920013339,0.999583667012369,-1.5493729748667995,-0.378312704228132,-0.42569082356155497,0.9170346910621355
