{
  "parameter_sensitivity": [
    {
      "initial_capital": 10000.0,
      "final_equity": 9545.723801201872,
      "trades": 53,
      "win_rate": 0.5094339622641509,
      "gross_profit": 742.8622402198026,
      "gross_loss": -1197.1384390179317,
      "profit_factor": 0.6205316077138139,
      "max_drawdown": 0.048638602355337214,
      "sharpe": -0.6042725184921004,
      "sortino": -0.20903040477356802,
      "cagr": -0.017336260837666928,
      "calmar": -0.3564300781304129,
      "k_ratio": -0.03806559066763754,
      "ulcer_index": 0.024866322565069217,
      "recovery_factor": -9339.828383211761,
      "monthly_win_rate": 0.21875,
      "daily_avg_return": -3.859599652034572e-05,
      "weekly_avg_return": -0.0003289415825880318,
      "avg_trade_pnl": -8.571249033926962,
      "avg_win": 27.513416304437133,
      "avg_loss": 46.043786116074294,
      "win_loss_ratio": 0.5975489555762652,
      "expectancy": -8.571249033926962,
      "max_consecutive_losses": 6,
      "average_trade_duration_seconds": 353954.71698113205,
      "params": {
        "risk_per_trade": 0.005,
        "partial_exit_enabled": true,
        "slippage_bps": 0.5,
        "spread_bps": 1.0,
        "fee_per_trade": 0.0
      }
    },
    {
      "initial_capital": 10000.0,
      "final_equity": 9497.185846581484,
      "trades": 38,
      "win_rate": 0.2631578947368421,
      "gross_profit": 968.9970906111811,
      "gross_loss": -1471.8112440296993,
      "profit_factor": 0.6583704904700591,
      "max_drawdown": 0.067069145553302,
      "sharpe": -0.4909890332307115,
      "sortino": -0.20982953001721114,
      "cagr": -0.019218776935148396,
      "calmar": -0.2865516889562074,
      "k_ratio": -0.030929401866392637,
      "ulcer_index": 0.03555883801677282,
      "recovery_factor": -7496.951828898963,
      "monthly_win_rate": 0.25,
      "daily_avg_return": -4.052876417091871e-05,
      "weekly_avg_return": -0.0003572275824770924,
      "avg_trade_pnl": -13.231951405750479,
      "avg_win": 96.8997090611181,
      "avg_loss": 52.564687286774976,
      "win_loss_ratio": 1.8434373733161655,
      "expectancy": -13.231951405750479,
      "max_consecutive_losses": 7,
      "average_trade_duration_seconds": 511484.2105263158,
      "params": {
        "risk_per_trade": 0.005,
        "partial_exit_enabled": false,
        "slippage_bps": 0.5,
        "spread_bps": 1.0,
        "fee_per_trade": 0.0
      }
    },
    {
      "initial_capital": 10000.0,
      "final_equity": 9103.130656722911,
      "trades": 53,
      "win_rate": 0.5094339622641509,
      "gross_profit": 1458.8611103706844,
      "gross_loss": -2355.7304536477777,
      "profit_factor": 0.6192818486986411,
      "max_drawdown": 0.09530880312266361,
      "sharpe": -0.604139208935076,
      "sortino": -0.20898112367534072,
      "cagr": -0.03472899819394415,
      "calmar": -0.3643839504441945,
      "k_ratio": -0.038057192954892904,
      "ulcer_index": 0.04902224690026039,
      "recovery_factor": -9410.141706667027,
      "monthly_win_rate": 0.21875,
      "daily_avg_return": -7.719337996474594e-05,
      "weekly_avg_return": -0.0006584827116954958,
      "avg_trade_pnl": -16.922063080699875,
      "avg_win": 54.03189297669201,
      "avg_loss": 90.60501744799146,
      "win_loss_ratio": 0.5963454839320248,
      "expectancy": -16.922063080699875,
      "max_consecutive_losses": 6,
      "average_trade_duration_seconds": 353954.71698113205,
      "params": {
        "risk_per_trade": 0.01,
        "partial_exit_enabled": true,
        "slippage_bps": 0.5,
        "spread_bps": 1.0,
        "fee_per_trade": 0.0
      }
    },
    {
      "initial_capital": 10000.0,
      "final_equity": 9005.147163381827,
      "trades": 38,
      "win_rate": 0.2631578947368421,
      "gross_profit": 1906.2380992426324,
      "gross_loss": -2901.0909358608046,
      "profit_factor": 0.6570763003942233,
      "max_drawdown": 0.13033504612842087,
      "sharpe": -0.49100211597754767,
      "sortino": -0.20987467774729748,
      "cagr": -0.038650447390332965,
      "calmar": -0.29654685012540805,
      "k_ratio": -0.03093022600197821,
      "ulcer_index": 0.069505722615878,
      "recovery_factor": -7633.041658173278,
      "monthly_win_rate": 0.25,
      "daily_avg_return": -8.102539207779564e-05,
      "weekly_avg_return": -0.0007143763155693582,
      "avg_trade_pnl": -26.180337805741374,
      "avg_win": 190.62380992426324,
      "avg_loss": 103.61039056645731,
      "win_loss_ratio": 1.839813641103825,
      "expectancy": -26.180337805741374,
      "max_consecutive_losses": 7,
      "average_trade_duration_seconds": 511484.2105263158,
      "params": {
        "risk_per_trade": 0.01,
        "partial_exit_enabled": false,
        "slippage_bps": 0.5,
        "spread_bps": 1.0,
        "fee_per_trade": 0.0
      }
    },
    {
      "initial_capital": 10000.0,
      "final_equity": 8254.117143426456,
      "trades": 53,
      "win_rate": 0.5094339622641509,
      "gross_profit": 2811.356251199691,
      "gross_loss": -4557.239107773237,
      "profit_factor": 0.6168990006261442,
      "max_drawdown": 0.18297976637346852,
      "sharpe": -0.6038333359138441,
      "sortino": -0.20887025084641656,
      "cagr": -0.06963162344874607,
      "calmar": -0.38054274977390307,
      "k_ratio": -0.038037924765679965,
      "ulcer_index": 0.09526125342283841,
      "recovery_factor": -9541.398435333744,
      "monthly_win_rate": 0.21875,
      "daily_avg_return": -0.00015438588589562695,
      "weekly_avg_return": -0.001319292334207392,
      "avg_trade_pnl": -32.94118597308578,
      "avg_win": 104.12430559998856,
      "avg_loss": 175.27842722204758,
      "win_loss_ratio": 0.5940508894918426,
      "expectancy": -32.94118597308578,
      "max_consecutive_losses": 6,
      "average_trade_duration_seconds": 353954.71698113205,
      "params": {
        "risk_per_trade": 0.02,
        "partial_exit_enabled": true,
        "slippage_bps": 0.5,
        "spread_bps": 1.0,
        "fee_per_trade": 0.0
      }
    },
    {
      "initial_capital": 10000.0,
      "final_equity": 8057.403584630662,
      "trades": 38,
      "win_rate": 0.2631578947368421,
      "gross_profit": 3684.0526574670266,
      "gross_loss": -5626.649072836366,
      "profit_factor": 0.6547507423650137,
      "max_drawdown": 0.246114464160041,
      "sharpe": -0.490936783980196,
      "sortino": -0.20992601338921832,
      "cagr": -0.0780348890855983,
      "calmar": -0.3170674643277142,
      "k_ratio": -0.0309261104729866,
      "ulcer_index": 0.13281970758148617,
      "recovery_factor": -7893.060743094424,
      "monthly_win_rate": 0.25,
      "daily_avg_return": -0.00016190607091905803,
      "weekly_avg_return": -0.001428400097204214,
      "avg_trade_pnl": -51.12095829919314,
      "avg_win": 368.40526574670264,
      "avg_loss": 200.95175260129878,
      "win_loss_ratio": 1.8333020786220382,
      "expectancy": -51.12095829919314,
      "max_consecutive_losses": 7,
      "average_trade_duration_seconds": 511484.2105263158,
      "params": {
        "risk_per_trade": 0.02,
        "partial_exit_enabled": false,
        "slippage_bps": 0.5,
        "spread_bps": 1.0,
        "fee_per_trade": 0.0
      }
    }
  ]
}