{
  "parameter_sensitivity": [
    {
      "initial_capital": 10000.0,
      "final_equity": 10451.9334751963,
      "trades": 127,
      "win_rate": 0.6929133858267716,
      "gross_profit": 2270.5838671055085,
      "gross_loss": -1818.6503919092079,
      "profit_factor": 1.2484993692063397,
      "max_drawdown": 0.028955854478120643,
      "sharpe": 0.5612949880870439,
      "sortino": 0.32408794477621716,
      "cagr": 0.016765917520400242,
      "calmar": 0.5790165002061587,
      "k_ratio": 0.035358260729173335,
      "ulcer_index": 0.012364299493913267,
      "recovery_factor": 15607.671862620606,
      "monthly_win_rate": 0.625,
      "daily_avg_return": 5.29752914764998e-05,
      "weekly_avg_return": 0.0003325308489283387,
      "avg_trade_pnl": 3.5585313007582724,
      "avg_win": 25.80208939892623,
      "avg_loss": 46.63206133100533,
      "win_loss_ratio": 0.5533122204437186,
      "expectancy": 3.5585313007582724,
      "max_consecutive_losses": 5,
      "average_trade_duration_seconds": 331681.88976377953,
      "params": {
        "risk_per_trade": 0.005,
        "partial_exit_enabled": true
      }
    },
    {
      "initial_capital": 10000.0,
      "final_equity": 11413.610078698948,
      "trades": 81,
      "win_rate": 0.4444444444444444,
      "gross_profit": 3857.247063256317,
      "gross_loss": -2443.6369845573677,
      "profit_factor": 1.5784861203330518,
      "max_drawdown": 0.031266002721072265,
      "sharpe": 0.9757513432008886,
      "sortino": 0.7861340936068362,
      "cagr": 0.050993831785473454,
      "calmar": 1.6309674198008457,
      "k_ratio": 0.06146655703682825,
      "ulcer_index": 0.012502104830951004,
      "recovery_factor": 45212.369848168084,
      "monthly_win_rate": 0.5625,
      "daily_avg_return": 0.00014391655732951507,
      "weekly_avg_return": 0.0009439246677232282,
      "avg_trade_pnl": 17.45197628023394,
      "avg_win": 107.14575175711991,
      "avg_loss": 54.303044101274835,
      "win_loss_ratio": 1.9731076504163148,
      "expectancy": 17.45197628023394,
      "max_consecutive_losses": 5,
      "average_trade_duration_seconds": 786666.6666666666,
      "params": {
        "risk_per_trade": 0.005,
        "partial_exit_enabled": false
      }
    },
    {
      "initial_capital": 10000.0,
      "final_equity": 10902.39936138478,
      "trades": 127,
      "win_rate": 0.6929133858267716,
      "gross_profit": 4679.139414605028,
      "gross_loss": -3776.7400532202387,
      "profit_factor": 1.2389360529632847,
      "max_drawdown": 0.057688547504413726,
      "sharpe": 0.5619030577089966,
      "sortino": 0.3245709004383255,
      "cagr": 0.03303314344796582,
      "calmar": 0.572611807316495,
      "k_ratio": 0.035396565514875716,
      "ulcer_index": 0.02469408781076893,
      "recovery_factor": 15642.608462550514,
      "monthly_win_rate": 0.625,
      "daily_avg_return": 0.00010611937095622955,
      "weekly_avg_return": 0.0006643931155592338,
      "avg_trade_pnl": 7.105506782557396,
      "avg_win": 53.172038802329865,
      "avg_loss": 96.83948854410869,
      "win_loss_ratio": 0.5490739325632739,
      "expectancy": 7.105506782557396,
      "max_consecutive_losses": 5,
      "average_trade_duration_seconds": 331681.88976377953,
      "params": {
        "risk_per_trade": 0.01,
        "partial_exit_enabled": true
      }
    },
    {
      "initial_capital": 10000.0,
      "final_equity": 12956.52065504061,
      "trades": 81,
      "win_rate": 0.4444444444444444,
      "gross_profit": 8258.134386443107,
      "gross_loss": -5301.613731402493,
      "profit_factor": 1.5576642895593404,
      "max_drawdown": 0.061775306134859084,
      "sharpe": 0.9771065923564834,
      "sortino": 0.7891568403310816,
      "cagr": 0.10233469301182452,
      "calmar": 1.6565631061126906,
      "k_ratio": 0.061551929708976674,
      "ulcer_index": 0.024863305912337916,
      "recovery_factor": 47859.263515203915,
      "monthly_win_rate": 0.5625,
      "daily_avg_return": 0.00028760046262697655,
      "weekly_avg_return": 0.0018791144254824972,
      "avg_trade_pnl": 36.50025500050142,
      "avg_win": 229.39262184564188,
      "avg_loss": 117.81363847561094,
      "win_loss_ratio": 1.9470803619491757,
      "expectancy": 36.50025500050142,
      "max_consecutive_losses": 5,
      "average_trade_duration_seconds": 786666.6666666666,
      "params": {
        "risk_per_trade": 0.01,
        "partial_exit_enabled": false
      }
    },
    {
      "initial_capital": 10000.0,
      "final_equity": 11791.245855998224,
      "trades": 127,
      "win_rate": 0.6929133858267716,
      "gross_profit": 9913.656855721421,
      "gross_loss": -8122.410999723199,
      "profit_factor": 1.2205312998885756,
      "max_drawdown": 0.11437628374246787,
      "sharpe": 0.5631436978347739,
      "sortino": 0.3255547447200607,
      "cagr": 0.06394161098738183,
      "calmar": 0.5590460617810782,
      "k_ratio": 0.03547471849676463,
      "ulcer_index": 0.049253619461133866,
      "recovery_factor": 15660.99017547581,
      "monthly_win_rate": 0.625,
      "daily_avg_return": 0.0002129323331416054,
      "weekly_avg_return": 0.001326100459360142,
      "avg_trade_pnl": 14.10429807872616,
      "avg_win": 112.65519154228888,
      "avg_loss": 208.26694871085127,
      "win_loss_ratio": 0.5409172806324369,
      "expectancy": 14.10429807872616,
      "max_consecutive_losses": 5,
      "average_trade_duration_seconds": 331681.88976377953,
      "params": {
        "risk_per_trade": 0.02,
        "partial_exit_enabled": true
      }
    },
    {
      "initial_capital": 10000.0,
      "final_equity": 16437.921788383126,
      "trades": 81,
      "win_rate": 0.4444444444444444,
      "gross_profit": 18866.0793909109,
      "gross_loss": -12428.157602527768,
      "profit_factor": 1.518010954984488,
      "max_drawdown": 0.12056573579264228,
      "sharpe": 0.9799797811575479,
      "sortino": 0.7953118389680012,
      "cagr": 0.2055706634682486,
      "calmar": 1.7050504616154292,
      "k_ratio": 0.0617329235908184,
      "ulcer_index": 0.04917263843843584,
      "recovery_factor": 53397.60709009017,
      "monthly_win_rate": 0.5625,
      "daily_avg_return": 0.0005746373464641241,
      "weekly_avg_return": 0.003725922201442095,
      "avg_trade_pnl": 79.48051590596461,
      "avg_win": 524.0577608586361,
      "avg_loss": 276.1812800561726,
      "win_loss_ratio": 1.8975136937306099,
      "expectancy": 79.48051590596461,
      "max_consecutive_losses": 5,
      "average_trade_duration_seconds": 786666.6666666666,
      "params": {
        "risk_per_trade": 0.02,
        "partial_exit_enabled": false
      }
    }
  ]
}