params,final_equity,trades,win_rate,profit_factor,max_drawdown,sharpe,sortino,cagr,ulcer_index
"{'risk_per_trade': 0.005, 'partial_exit_enabled': True, 'slippage_bps': 0.5, 'spread_bps': 1.0, 'fee_per_trade': 0.0}",9896.870020140615,2,0.0,0.0,0.010312997985938455,-0.7302708173234599,-0.03352470010771031,-0.0038918721655666344,0.004913163605638029
"{'risk_per_trade': 0.005, 'partial_exit_enabled': False, 'slippage_bps': 0.5, 'spread_bps': 1.0, 'fee_per_trade': 0.0}",9896.870020140615,2,0.0,0.0,0.010312997985938455,-0.7302708173234599,-0.03352470010771031,-0.0038918721655666344,0.004913163605638029
"{'risk_per_trade': 0.01, 'partial_exit_enabled': True, 'slippage_bps': 0.5, 'spread_bps': 1.0, 'fee_per_trade': 0.0}",9794.274551822451,2,0.0,0.0,0.020572544817754897,-0.73027081732346,-0.03352470010771032,-0.007788758418585617,0.009812727916587655
"{'risk_per_trade': 0.01, 'partial_exit_enabled': False, 'slippage_bps': 0.5, 'spread_bps': 1.0, 'fee_per_trade': 0.0}",9794.274551822451,2,0.0,0.0,0.020572544817754897,-0.73027081732346,-0.03352470010771032,-0.007788758418585617,0.009812727916587655
"{'risk_per_trade': 0.02, 'partial_exit_enabled': True, 'slippage_bps': 0.5, 'spread_bps': 1.0, 'fee_per_trade': 0.0}",9590.687149809784,2,0.0,0.0,0.04093128501902156,-0.7302708173234599,-0.03352470010771031,-0.015597704457961603,0.019571157683032653
"{'risk_per_trade': 0.02, 'partial_exit_enabled': False, 'slippage_bps': 0.5, 'spread_bps': 1.0, 'fee_per_trade': 0.0}",9590.687149809784,2,0.0,0.0,0.04093128501902156,-0.7302708173234599,-0.03352470010771031,-0.015597704457961603,0.019571157683032653
