{
  "initial_capital": 10000.0,
  "final_equity": 9961.516422500661,
  "trades": 18,
  "win_rate": 0.5555555555555556,
  "gross_profit": 575.7493101781446,
  "gross_loss": -614.2328876774845,
  "profit_factor": 0.9373469277347674,
  "max_drawdown": 0.041083815478936414,
  "sharpe": -0.017526049292807544,
  "sortino": -0.0012767490179211578,
  "cagr": -0.00017255272256355703,
  "calmar": -0.004200016978754674,
  "k_ratio": -0.001104037330814957,
  "ulcer_index": 0.020775158378305545,
  "recovery_factor": -936.7089461072665,
  "monthly_win_rate": 0.022304832713754646,
  "daily_avg_return": -4.7127108335327327e-07,
  "weekly_avg_return": -1.7464417885837602e-06,
  "avg_trade_pnl": -2.1379765277411087,
  "avg_win": 57.57493101781446,
  "avg_loss": 76.77911095968557,
  "win_loss_ratio": 0.7498775421878139,
  "expectancy": -2.1379765277411087,
  "max_consecutive_losses": 4,
  "average_trade_duration_seconds": 229400.0
}