{
  "initial_capital": 10000.0,
  "final_equity": 10777.444883202885,
  "trades": 807,
  "win_rate": 0.35315985130111527,
  "gross_profit": 76247.01427061678,
  "gross_loss": -75469.56938741387,
  "profit_factor": 1.0103014352607738,
  "max_drawdown": 0.44671148826947576,
  "sharpe": 0.17708136361417595,
  "sortino": 0.1372696676699117,
  "cagr": 0.0033564868808377835,
  "calmar": 0.0075137688843430975,
  "k_ratio": 0.011155077379697892,
  "ulcer_index": 0.23868332682957108,
  "recovery_factor": 1740.3736049293805,
  "monthly_win_rate": 0.45353159851301117,
  "daily_avg_return": 5.0403764114513896e-05,
  "weekly_avg_return": 0.00012205315147906543,
  "avg_trade_pnl": 0.9633765591114196,
  "avg_win": 267.5333834056729,
  "avg_loss": 144.57771913297677,
  "win_loss_ratio": 1.8504468393197326,
  "expectancy": 0.9633765591114196,
  "max_consecutive_losses": 13,
  "average_trade_duration_seconds": 708852.0446096654
}