{
  "initial_capital": 10000.0,
  "final_equity": 554.1301251453385,
  "trades": 376,
  "win_rate": 0.47074468085106386,
  "win_rate_p_value": 0.8822363658203025,
  "gross_profit": 2279.2322179697353,
  "gross_loss": -11725.1020928244,
  "profit_factor": 0.19438911490285393,
  "max_drawdown": 0.9452607320050245,
  "sharpe": -1.4134766199694482,
  "sortino": -0.309655296161885,
  "cagr": -0.1464866023717255,
  "calmar": -0.154969520484584,
  "k_ratio": -0.0890406576296027,
  "ulcer_index": 0.7740591958387765,
  "recovery_factor": -9992.872394919772,
  "monthly_win_rate": 0.24545454545454545,
  "daily_avg_return": -0.00041090851037336155,
  "weekly_avg_return": -0.0029882372366063846,
  "avg_trade_pnl": -25.121994348017726,
  "avg_win": 12.877018180619974,
  "avg_loss": 58.92011101921809,
  "win_loss_ratio": 0.21855047381733295,
  "expectancy": -25.121994348017726,
  "max_consecutive_losses": 12,
  "average_trade_duration_seconds": 137948.93617021278
}