{
  "initial_capital": 10000.0,
  "final_equity": 10774.61695506676,
  "trades": 596,
  "win_rate": 0.6291946308724832,
  "gross_profit": 22392.1988267297,
  "gross_loss": -21617.581871662936,
  "profit_factor": 1.0358327291028862,
  "max_drawdown": 0.17348741795095388,
  "sharpe": 0.34672408704449614,
  "sortino": 0.13908892866418698,
  "cagr": 0.003344702436708813,
  "calmar": 0.019279221952881818,
  "k_ratio": 0.021841564473229734,
  "ulcer_index": 0.08670431149632345,
  "recovery_factor": 4464.974833424241,
  "monthly_win_rate": 0.3680297397769517,
  "daily_avg_return": 5.311019753341101e-05,
  "weekly_avg_return": 8.527846601394453e-05,
  "avg_trade_pnl": 1.299692877628795,
  "avg_win": 59.71253020461253,
  "avg_loss": 97.81711254146126,
  "win_loss_ratio": 0.6104507550179675,
  "expectancy": 1.299692877628795,
  "max_consecutive_losses": 6,
  "average_trade_duration_seconds": 214302.68456375838
}