{
  "initial_capital": 10000.0,
  "final_equity": 42.15786704415365,
  "trades": 745,
  "win_rate": 0.45503355704697984,
  "win_rate_p_value": 0.9936626735792529,
  "gross_profit": 2205.0497829504648,
  "gross_loss": -12162.891915906312,
  "profit_factor": 0.18129321531393028,
  "max_drawdown": 0.9957842132955846,
  "sharpe": -2.008252998264007,
  "sortino": -0.544720407259225,
  "cagr": -0.2587621878515126,
  "calmar": -0.2598576924564104,
  "k_ratio": -0.12650804769300933,
  "ulcer_index": 0.8836716494071005,
  "recovery_factor": -10000.000000000002,
  "monthly_win_rate": 0.22727272727272727,
  "daily_avg_return": -0.0007870921693846285,
  "weekly_avg_return": -0.005632308750365321,
  "avg_trade_pnl": -13.366231050947446,
  "avg_win": 6.504571631122315,
  "avg_loss": 29.957861861838207,
  "win_loss_ratio": 0.21712402778010526,
  "expectancy": -13.366231050947446,
  "max_consecutive_losses": 15,
  "average_trade_duration_seconds": 84694.22818791946
}