{
  "initial_capital": 10000.0,
  "final_equity": 7086.349460350922,
  "trades": 1203,
  "win_rate": 0.6375727348295926,
  "gross_profit": 38991.39870339787,
  "gross_loss": -41905.049243046946,
  "profit_factor": 0.930470179792653,
  "max_drawdown": 0.4614479544794954,
  "sharpe": -0.0037520160898890003,
  "sortino": -0.002276579922913548,
  "cagr": -0.015296275785605773,
  "calmar": -0.033148431230689245,
  "k_ratio": -0.00023635479735617288,
  "ulcer_index": 0.24894921966159855,
  "recovery_factor": -6314.1476982721015,
  "monthly_win_rate": 0.42379182156133827,
  "daily_avg_return": -7.557833310424471e-07,
  "weekly_avg_return": -0.00025317763208573856,
  "avg_trade_pnl": -2.4219871485029723,
  "avg_win": 50.8362434203362,
  "avg_loss": 96.11249826386914,
  "win_loss_ratio": 0.5289243786044285,
  "expectancy": -2.4219871485029723,
  "max_consecutive_losses": 9,
  "average_trade_duration_seconds": 372679.3017456359
}