{
  "initial_capital": 10000.0,
  "final_equity": 10195.50979278314,
  "trades": 12,
  "win_rate": 0.4166666666666667,
  "gross_profit": 916.0184463823177,
  "gross_loss": -720.5086535991784,
  "profit_factor": 1.2713496802661612,
  "max_drawdown": 0.041083815478936414,
  "sharpe": 0.07032699388762308,
  "sortino": 0.006545848530537131,
  "cagr": 0.0008669464891153389,
  "calmar": 0.02110189813212019,
  "k_ratio": 0.004430184197176433,
  "ulcer_index": 0.020847573635945443,
  "recovery_factor": 4758.803205203195,
  "monthly_win_rate": 0.01858736059479554,
  "daily_avg_return": 2.401572646273497e-06,
  "weekly_avg_return": 1.9398556772957677e-05,
  "avg_trade_pnl": 16.292482731928278,
  "avg_win": 183.20368927646354,
  "avg_loss": 102.92980765702548,
  "win_loss_ratio": 1.7798895523726257,
  "expectancy": 16.292482731928278,
  "max_consecutive_losses": 4,
  "average_trade_duration_seconds": 336900.0
}