{
  "initial_capital": 10000.0,
  "final_equity": 10000.056023603749,
  "trades": 2,
  "win_rate": 1.0,
  "gross_profit": 0.05602360375000004,
  "gross_loss": 0,
  "profit_factor": 0.0,
  "max_drawdown": 2.276991495043747e-06,
  "sharpe": 0.276913621220616,
  "sortino": 0.01918347427497814,
  "cagr": 2.5073601905845067e-07,
  "calmar": 0.1101172400530347,
  "k_ratio": 0.01744391848562115,
  "ulcer_index": 4.19226360197002e-08,
  "recovery_factor": 24604.221786486596,
  "monthly_win_rate": 0.0037174721189591076,
  "daily_avg_return": 6.949601895714914e-10,
  "weekly_avg_return": 4.7293894704011796e-09,
  "avg_trade_pnl": 0.02801180187500002,
  "avg_win": 0.02801180187500002,
  "avg_loss": 0.0,
  "win_loss_ratio": 0.0,
  "expectancy": 0.02801180187500002,
  "max_consecutive_losses": 0,
  "average_trade_duration_seconds": 1603800.0
}