{
  "initial_capital": 10000.0,
  "final_equity": 378.6907731770908,
  "trades": 277,
  "win_rate": 0.18772563176895307,
  "win_rate_p_value": 1.0,
  "gross_profit": 2523.2988538646728,
  "gross_loss": -12144.608080687583,
  "profit_factor": 0.2077711225508574,
  "max_drawdown": 0.9639233893406121,
  "sharpe": -1.404253246451258,
  "sortino": -0.40401651945983413,
  "cagr": -0.16409221226402815,
  "calmar": -0.17023366595168749,
  "k_ratio": -0.08845963971107437,
  "ulcer_index": 0.815245911809735,
  "recovery_factor": -9981.404469710531,
  "monthly_win_rate": 0.20454545454545456,
  "daily_avg_return": -0.0004614808148537815,
  "weekly_avg_return": -0.0033869089713014877,
  "avg_trade_pnl": -34.73396832788054,
  "avg_win": 48.52497795893601,
  "avg_loss": 53.976035914167035,
  "win_loss_ratio": 0.8990096648835175,
  "expectancy": -34.73396832788054,
  "max_consecutive_losses": 31,
  "average_trade_duration_seconds": 237145.1263537906
}