{
  "initial_capital": 10000.0,
  "final_equity": 1.0096746046780374e-36,
  "trades": 80220,
  "win_rate": 0.5181500872600349,
  "gross_profit": 47438.70492220803,
  "gross_loss": -57438.70492220804,
  "profit_factor": 0.8259013671435754,
  "max_drawdown": 1.0,
  "sharpe": -4.832049771679977,
  "sortino": -3.9640686306494284,
  "cagr": -0.9837831927137232,
  "calmar": -0.9837831927137232,
  "k_ratio": -0.30439052425122987,
  "ulcer_index": 0.9870248258929378,
  "recovery_factor": -10000.000000000005,
  "monthly_win_rate": 0.04460966542750929,
  "daily_avg_return": -0.009981988358003497,
  "weekly_avg_return": -0.07095533130470519,
  "avg_trade_pnl": -0.12465719272002003,
  "avg_win": 1.1412862657510472,
  "avg_loss": 1.4859705314380929,
  "win_loss_ratio": 0.7680409817054265,
  "expectancy": -0.12465719272002003,
  "max_consecutive_losses": 20,
  "average_trade_duration_seconds": 66287.03066566942
}