{
  "initial_capital": 10000.0,
  "final_equity": 8.764588423263812e-33,
  "trades": 104237,
  "win_rate": 0.5755250055162754,
  "gross_profit": 113110.81724787806,
  "gross_loss": -123110.81724787808,
  "profit_factor": 0.9187723692885129,
  "max_drawdown": 1.0,
  "sharpe": -1.954779827295645,
  "sortino": -1.9196668379025172,
  "cagr": -0.9756646660485959,
  "calmar": -0.9756646660485959,
  "k_ratio": -0.12313955454547777,
  "ulcer_index": 0.9841004345254053,
  "recovery_factor": -10000.000000000022,
  "monthly_win_rate": 0.17843866171003717,
  "daily_avg_return": -0.007683175115421316,
  "weekly_avg_return": -0.055358592588635694,
  "avg_trade_pnl": -0.09593522453639317,
  "avg_win": 1.885463106930674,
  "avg_loss": 2.782416879443974,
  "win_loss_ratio": 0.6776350161114091,
  "expectancy": -0.09593522453639317,
  "max_consecutive_losses": 33,
  "average_trade_duration_seconds": 124142.68637815746
}