{
  "initial_capital": 10000.0,
  "final_equity": 10296.008444573145,
  "trades": 512,
  "win_rate": 0.634765625,
  "gross_profit": 18559.99804648072,
  "gross_loss": -18263.989601907586,
  "profit_factor": 1.0162072170990624,
  "max_drawdown": 0.206650069426477,
  "sharpe": -0.028416881165182335,
  "sortino": -0.008673718746921915,
  "cagr": 0.0013064254629091554,
  "calmar": 0.00632192123881169,
  "k_ratio": -0.0017900952523606625,
  "ulcer_index": 0.09244343591731646,
  "recovery_factor": 1432.413961411475,
  "monthly_win_rate": 0.31970260223048325,
  "daily_avg_return": -4.3569791845797736e-06,
  "weekly_avg_return": 4.6925824551262945e-06,
  "avg_trade_pnl": 0.5781414933069016,
  "avg_win": 57.107686296863754,
  "avg_loss": 97.6683935930887,
  "win_loss_ratio": 0.5847099987616143,
  "expectancy": 0.5781414933069016,
  "max_consecutive_losses": 8,
  "average_trade_duration_seconds": 153098.4375
}