{
  "initial_capital": 10000.0,
  "final_equity": 7945.645655504199,
  "trades": 399,
  "win_rate": 0.3558897243107769,
  "gross_profit": 27043.78810326657,
  "gross_loss": -29098.142447762366,
  "profit_factor": 0.9293991240786651,
  "max_drawdown": 0.4455626551041924,
  "sharpe": 0.07690240034007394,
  "sortino": 0.040322999494688705,
  "cagr": -0.01023924945829835,
  "calmar": -0.02298049295873766,
  "k_ratio": 0.004844395869613443,
  "ulcer_index": 0.21078103679690974,
  "recovery_factor": -4610.696881711055,
  "monthly_win_rate": 0.34572490706319703,
  "daily_avg_return": 1.528999858311222e-05,
  "weekly_avg_return": -0.00016883906442192572,
  "avg_trade_pnl": -5.148757755628566,
  "avg_win": 190.449211994835,
  "avg_loss": 113.22234415471738,
  "win_loss_ratio": 1.6820815132973026,
  "expectancy": -5.148757755628566,
  "max_consecutive_losses": 8,
  "average_trade_duration_seconds": 473070.67669172934
}