{
  "initial_capital": 10000.0,
  "final_equity": 10000.065810447673,
  "trades": 2,
  "win_rate": 1.0,
  "win_rate_p_value": 0.25,
  "gross_profit": 0.06581044767272509,
  "gross_loss": 0,
  "profit_factor": 0.0,
  "max_drawdown": 4.438971388851792e-06,
  "sharpe": 0.2838780970357993,
  "sortino": 0.04976316581099698,
  "cagr": 3.6032365824389956e-07,
  "calmar": 0.08117278231367533,
  "k_ratio": 0.017882639224166358,
  "ulcer_index": 3.905839124331495e-07,
  "recovery_factor": 14825.607535566473,
  "monthly_win_rate": 0.02727272727272727,
  "daily_avg_return": 1.4112132260558066e-09,
  "weekly_avg_return": 7.4429987317348955e-09,
  "avg_trade_pnl": 0.032905223836362546,
  "avg_win": 0.032905223836362546,
  "avg_loss": 0.0,
  "win_loss_ratio": 0.0,
  "expectancy": 0.032905223836362546,
  "max_consecutive_losses": 0,
  "average_trade_duration_seconds": 21965400.0
}