{
  "buy_hold": {
    "report": {
      "initial_capital": 10000.0,
      "final_equity": 10000.055939375,
      "trades": 2,
      "win_rate": 1.0,
      "gross_profit": 0.05593937500000001,
      "gross_loss": 0,
      "profit_factor": 0.0,
      "max_drawdown": 2.2769914566862613e-06,
      "sharpe": 1.7051438767572757,
      "sortino": 0.7193483435869396,
      "cagr": 8.513286059441683e-06,
      "calmar": 3.7388309185099846,
      "k_ratio": 0.10741396779724573,
      "ulcer_index": 2.1625554771840348e-07,
      "recovery_factor": 24567.230955450927,
      "monthly_win_rate": 0.125,
      "daily_avg_return": 2.6059849516294776e-08,
      "weekly_avg_return": 1.526091362366035e-07,
      "avg_trade_pnl": 0.027969687500000007,
      "avg_win": 0.027969687500000007,
      "avg_loss": 0.0,
      "win_loss_ratio": 0.0,
      "expectancy": 0.027969687500000007,
      "max_consecutive_losses": 0,
      "average_trade_duration_seconds": 1603800.0
    }
  },
  "weekly_profile": {
    "t_test_vs_buy_hold": {
      "t_stat": 2.2686970292726083,
      "p_value": 0.02427953895030412
    },
    "binomial_winrate": {
      "wins": 26,
      "trades": 30,
      "p_value": 2.9738061130046848e-05
    },
    "report": {
      "initial_capital": 10000.0,
      "final_equity": 10864.887906818947,
      "trades": 30,
      "win_rate": 0.8666666666666667,
      "gross_profit": 1278.1610601804546,
      "gross_loss": -413.27315336150554,
      "profit_factor": 3.0927754435149555,
      "max_drawdown": 0.02601713009578373,
      "sharpe": 2.456328366801602,
      "sortino": 1.7189420061627678,
      "cagr": 0.1345559753162544,
      "calmar": 5.171822365529094,
      "k_ratio": 0.15473414278263053,
      "ulcer_index": 0.008404005558290871,
      "recovery_factor": 33243.01733645521,
      "monthly_win_rate": 0.75,
      "daily_avg_return": 0.000391913292415421,
      "weekly_avg_return": 0.002415636250618823,
      "avg_trade_pnl": 28.829596893964965,
      "avg_win": 49.16004077617133,
      "avg_loss": 103.31828834037638,
      "win_loss_ratio": 0.47581160669460854,
      "expectancy": 28.829596893964965,
      "max_consecutive_losses": 2,
      "average_trade_duration_seconds": 317040.0
    }
  },
  "weekly_profile_fixed_exit": {
    "t_test_vs_buy_hold": {
      "t_stat": 1.8076885699588352,
      "p_value": 0.07205258657523382
    },
    "binomial_winrate": {
      "wins": 11,
      "trades": 17,
      "p_value": 0.1661529541015625
    },
    "report": {
      "initial_capital": 10000.0,
      "final_equity": 11697.34425232046,
      "trades": 17,
      "win_rate": 0.6470588235294118,
      "gross_profit": 2306.181590407871,
      "gross_loss": -608.8373380874079,
      "profit_factor": 3.7878452028787755,
      "max_drawdown": 0.0486131618389733,
      "sharpe": 1.9571389314291503,
      "sortino": 1.3810527072867123,
      "cagr": 0.26946378553242134,
      "calmar": 5.543021176548765,
      "k_ratio": 0.12328816413724347,
      "ulcer_index": 0.01245828780794688,
      "recovery_factor": 34915.323095888365,
      "monthly_win_rate": 0.625,
      "daily_avg_return": 0.000665633194914536,
      "weekly_avg_return": 0.004432528167190751,
      "avg_trade_pnl": 99.84377954826255,
      "avg_win": 209.65287185526103,
      "avg_loss": 101.47288968123466,
      "win_loss_ratio": 2.066097383388423,
      "expectancy": 99.84377954826255,
      "max_consecutive_losses": 2,
      "average_trade_duration_seconds": 706658.8235294118
    }
  },
  "ict_framework": {
    "t_test_vs_buy_hold": {
      "t_stat": 0.6115571335344591,
      "p_value": 0.5414769110660937
    },
    "binomial_winrate": {
      "wins": 1842,
      "trades": 2892,
      "p_value": 7.043755894311473e-50
    },
    "report": {
      "initial_capital": 10000.0,
      "final_equity": 14379.71852657438,
      "trades": 2892,
      "win_rate": 0.6369294605809128,
      "gross_profit": 122709.47360803418,
      "gross_loss": -118279.85910766784,
      "profit_factor": 1.037450285566659,
      "max_drawdown": 0.6465661972281405,
      "sharpe": 0.6620983094061293,
      "sortino": 0.7011646556696653,
      "cagr": 0.7381064344734691,
      "calmar": 1.1415790643522132,
      "k_ratio": 0.04170827309916466,
      "ulcer_index": 0.32397652743588407,
      "recovery_factor": 6850.9837343125855,
      "monthly_win_rate": 0.875,
      "daily_avg_return": 0.0025709555012534387,
      "weekly_avg_return": 0.02378241989107956,
      "avg_trade_pnl": 1.5316785962539214,
      "avg_win": 66.61752095984484,
      "avg_loss": 112.64748486444556,
      "win_loss_ratio": 0.5913804559419066,
      "expectancy": 1.5316785962539214,
      "max_consecutive_losses": 19,
      "average_trade_duration_seconds": 128895.43568464731
    }
  },
  "price_action": {
    "t_test_vs_buy_hold": {
      "t_stat": -0.23473564773526553,
      "p_value": 0.8146373188021659
    },
    "binomial_winrate": {
      "wins": 1259,
      "trades": 2239,
      "p_value": 2.0205300862529314e-09
    },
    "report": {
      "initial_capital": 10000.0,
      "final_equity": 8551.885034839803,
      "trades": 2239,
      "win_rate": 0.5623046002679768,
      "gross_profit": 59539.07616988031,
      "gross_loss": -60942.221687187455,
      "profit_factor": 0.9769758062889567,
      "max_drawdown": 0.34494545017317096,
      "sharpe": -0.25411698829051543,
      "sortino": -0.24292982681739592,
      "cagr": -0.2118540759431613,
      "calmar": -0.6141668946113231,
      "k_ratio": -0.016007865593652772,
      "ulcer_index": 0.19718264443145017,
      "recovery_factor": -4067.731627139108,
      "monthly_win_rate": 0.5,
      "daily_avg_return": -0.0004288664442569731,
      "weekly_avg_return": -0.00319333488990717,
      "avg_trade_pnl": -0.6266840184489256,
      "avg_win": 47.2907674105483,
      "avg_loss": 62.185940497130055,
      "win_loss_ratio": 0.7604736220517694,
      "expectancy": -0.6266840184489256,
      "max_consecutive_losses": 9,
      "average_trade_duration_seconds": 62103.61768646717
    }
  },
  "composite": {
    "t_test_vs_buy_hold": {
      "t_stat": -1.574997937382384,
      "p_value": 0.11672723128392846
    },
    "binomial_winrate": {
      "wins": 0,
      "trades": 0,
      "p_value": 1.0
    },
    "report": {
      "initial_capital": 10000.0,
      "final_equity": 10000.0,
      "trades": 0,
      "win_rate": 0.0,
      "gross_profit": 0,
      "gross_loss": 0,
      "profit_factor": 0.0,
      "max_drawdown": 0.0,
      "sharpe": 0.0,
      "sortino": 0.0,
      "cagr": 0.0,
      "calmar": 0.0,
      "k_ratio": 0.0,
      "ulcer_index": 0.0,
      "recovery_factor": 0.0,
      "monthly_win_rate": 0.0,
      "daily_avg_return": 0.0,
      "weekly_avg_return": 0.0,
      "avg_trade_pnl": 0.0,
      "avg_win": 0.0,
      "avg_loss": 0.0,
      "win_loss_ratio": 0.0,
      "expectancy": 0.0,
      "max_consecutive_losses": 0,
      "average_trade_duration_seconds": 0.0
    }
  },
  "confluence_anova": {
    "error": "Not enough trades in one or more confluence groups."
  },
  "partial_exit_comparison": {
    "strategy": "weekly_profile",
    "partial_exit_recovery_factor": 33243.01733645521,
    "fixed_exit_recovery_factor": 34915.323095888365
  },
  "walk_forward_correlation": {
    "metric": "sharpe",
    "r_value": 0.026060092331078116,
    "p_value": 0.8128546529736174
  }
}