{
  "buy_hold": {
    "report": {
      "initial_capital": 10000.0,
      "final_equity": 10000.065810447673,
      "trades": 2,
      "win_rate": 1.0,
      "win_rate_p_value": 0.25,
      "gross_profit": 0.06581044767272509,
      "gross_loss": 0,
      "profit_factor": 0.0,
      "max_drawdown": 4.438971388851792e-06,
      "sharpe": 0.2838780970357993,
      "sortino": 0.04976316581099698,
      "cagr": 3.6032365824389956e-07,
      "calmar": 0.08117278231367533,
      "k_ratio": 0.017882639224166358,
      "ulcer_index": 3.905839124331495e-07,
      "recovery_factor": 14825.607535566473,
      "monthly_win_rate": 0.02727272727272727,
      "daily_avg_return": 1.4112132260558066e-09,
      "weekly_avg_return": 7.4429987317348955e-09,
      "avg_trade_pnl": 0.032905223836362546,
      "avg_win": 0.032905223836362546,
      "avg_loss": 0.0,
      "win_loss_ratio": 0.0,
      "expectancy": 0.032905223836362546,
      "max_consecutive_losses": 0,
      "average_trade_duration_seconds": 21965400.0
    }
  },
  "weekly_profile": {
    "t_test_vs_buy_hold": {
      "t_stat": -7.27252663866241,
      "p_value": 3.931410417587581e-13
    },
    "binomial_winrate": {
      "wins": 177,
      "trades": 376,
      "p_value": 0.8822363658203025
    },
    "report": {
      "initial_capital": 10000.0,
      "final_equity": 554.1301251453385,
      "trades": 376,
      "win_rate": 0.47074468085106386,
      "win_rate_p_value": 0.8822363658203025,
      "gross_profit": 2279.2322179697353,
      "gross_loss": -11725.1020928244,
      "profit_factor": 0.19438911490285393,
      "max_drawdown": 0.9452607320050245,
      "sharpe": -1.4134766199694482,
      "sortino": -0.309655296161885,
      "cagr": -0.1464866023717255,
      "calmar": -0.154969520484584,
      "k_ratio": -0.0890406576296027,
      "ulcer_index": 0.7740591958387765,
      "recovery_factor": -9992.872394919772,
      "monthly_win_rate": 0.24545454545454545,
      "daily_avg_return": -0.00041090851037336155,
      "weekly_avg_return": -0.0029882372366063846,
      "avg_trade_pnl": -25.121994348017726,
      "avg_win": 12.877018180619974,
      "avg_loss": 58.92011101921809,
      "win_loss_ratio": 0.21855047381733295,
      "expectancy": -25.121994348017726,
      "max_consecutive_losses": 12,
      "average_trade_duration_seconds": 137948.93617021278
    }
  },
  "weekly_profile_fixed_exit": {
    "t_test_vs_buy_hold": {
      "t_stat": -7.225068426820516,
      "p_value": 5.56553052831505e-13
    },
    "binomial_winrate": {
      "wins": 52,
      "trades": 277,
      "p_value": 1.0
    },
    "report": {
      "initial_capital": 10000.0,
      "final_equity": 378.6907731770908,
      "trades": 277,
      "win_rate": 0.18772563176895307,
      "win_rate_p_value": 1.0,
      "gross_profit": 2523.2988538646728,
      "gross_loss": -12144.608080687583,
      "profit_factor": 0.2077711225508574,
      "max_drawdown": 0.9639233893406121,
      "sharpe": -1.404253246451258,
      "sortino": -0.40401651945983413,
      "cagr": -0.16409221226402815,
      "calmar": -0.17023366595168749,
      "k_ratio": -0.08845963971107437,
      "ulcer_index": 0.815245911809735,
      "recovery_factor": -9981.404469710531,
      "monthly_win_rate": 0.20454545454545456,
      "daily_avg_return": -0.0004614808148537815,
      "weekly_avg_return": -0.0033869089713014877,
      "avg_trade_pnl": -34.73396832788054,
      "avg_win": 48.52497795893601,
      "avg_loss": 53.976035914167035,
      "win_loss_ratio": 0.8990096648835175,
      "expectancy": -34.73396832788054,
      "max_consecutive_losses": 31,
      "average_trade_duration_seconds": 237145.1263537906
    }
  },
  "weekly_profile_extended": {
    "t_test_vs_buy_hold": {
      "t_stat": -7.27252663866241,
      "p_value": 3.931410417587581e-13
    },
    "binomial_winrate": {
      "wins": 177,
      "trades": 376,
      "p_value": 0.8822363658203025
    },
    "report": {
      "initial_capital": 10000.0,
      "final_equity": 554.1301251453385,
      "trades": 376,
      "win_rate": 0.47074468085106386,
      "win_rate_p_value": 0.8822363658203025,
      "gross_profit": 2279.2322179697353,
      "gross_loss": -11725.1020928244,
      "profit_factor": 0.19438911490285393,
      "max_drawdown": 0.9452607320050245,
      "sharpe": -1.4134766199694482,
      "sortino": -0.309655296161885,
      "cagr": -0.1464866023717255,
      "calmar": -0.154969520484584,
      "k_ratio": -0.0890406576296027,
      "ulcer_index": 0.7740591958387765,
      "recovery_factor": -9992.872394919772,
      "monthly_win_rate": 0.24545454545454545,
      "daily_avg_return": -0.00041090851037336155,
      "weekly_avg_return": -0.0029882372366063846,
      "avg_trade_pnl": -25.121994348017726,
      "avg_win": 12.877018180619974,
      "avg_loss": 58.92011101921809,
      "win_loss_ratio": 0.21855047381733295,
      "expectancy": -25.121994348017726,
      "max_consecutive_losses": 12,
      "average_trade_duration_seconds": 137948.93617021278
    }
  },
  "daily_swing_framework": {
    "t_test_vs_buy_hold": {
      "t_stat": -44.05305933059225,
      "p_value": 0.0
    },
    "binomial_winrate": {
      "wins": 29092,
      "trades": 95011,
      "p_value": 1.0
    },
    "report": {
      "initial_capital": 10000.0,
      "final_equity": -2.3e-322,
      "trades": 95011,
      "win_rate": 0.30619612465925,
      "win_rate_p_value": 1.0,
      "gross_profit": 639.7046131839572,
      "gross_loss": -10639.704613183954,
      "profit_factor": 0.06012428318651642,
      "max_drawdown": 1.0,
      "sharpe": -8.562111253256795,
      "sortino": -5.348885819619102,
      "cagr": -1.0,
      "calmar": -1.0,
      "k_ratio": -0.5393623112805964,
      "ulcer_index": 0.9994312509392259,
      "recovery_factor": -9999.999999999996,
      "monthly_win_rate": 0.0,
      "daily_avg_return": -0.08198893078819904,
      "weekly_avg_return": -0.3922264899853454,
      "avg_trade_pnl": -0.10525097094020688,
      "avg_win": 0.02198902148989266,
      "avg_loss": 0.16140573451029225,
      "win_loss_ratio": 0.13623445013653154,
      "expectancy": -0.10525097094020688,
      "max_consecutive_losses": 63,
      "average_trade_duration_seconds": 32312.81430571197
    }
  },
  "composite": {
    "t_test_vs_buy_hold": {
      "t_stat": -10.332713855027059,
      "p_value": 7.709494906052902e-25
    },
    "binomial_winrate": {
      "wins": 339,
      "trades": 745,
      "p_value": 0.9936626735792529
    },
    "report": {
      "initial_capital": 10000.0,
      "final_equity": 42.15786704415365,
      "trades": 745,
      "win_rate": 0.45503355704697984,
      "win_rate_p_value": 0.9936626735792529,
      "gross_profit": 2205.0497829504648,
      "gross_loss": -12162.891915906312,
      "profit_factor": 0.18129321531393028,
      "max_drawdown": 0.9957842132955846,
      "sharpe": -2.008252998264007,
      "sortino": -0.544720407259225,
      "cagr": -0.2587621878515126,
      "calmar": -0.2598576924564104,
      "k_ratio": -0.12650804769300933,
      "ulcer_index": 0.8836716494071005,
      "recovery_factor": -10000.000000000002,
      "monthly_win_rate": 0.22727272727272727,
      "daily_avg_return": -0.0007870921693846285,
      "weekly_avg_return": -0.005632308750365321,
      "avg_trade_pnl": -13.366231050947446,
      "avg_win": 6.504571631122315,
      "avg_loss": 29.957861861838207,
      "win_loss_ratio": 0.21712402778010526,
      "expectancy": -13.366231050947446,
      "max_consecutive_losses": 15,
      "average_trade_duration_seconds": 84694.22818791946
    }
  },
  "confluence_anova": {
    "error": "Not enough trades in one or more confluence groups."
  },
  "partial_exit_comparison": {
    "strategy": "weekly_profile",
    "partial_exit_recovery_factor": -9992.872394919772,
    "fixed_exit_recovery_factor": -9981.404469710531
  },
  "walk_forward_correlation": {
    "metric": "sharpe",
    "r_value": 0.08712009109461354,
    "p_value": 0.8526609728315879
  }
}