{
  "buy_hold": {
    "report": {
      "initial_capital": 10000.0,
      "final_equity": 10000.056023603749,
      "trades": 2,
      "win_rate": 1.0,
      "gross_profit": 0.05602360375000004,
      "gross_loss": 0,
      "profit_factor": 0.0,
      "max_drawdown": 2.276991495043747e-06,
      "sharpe": 0.276913621220616,
      "sortino": 0.01918347427497814,
      "cagr": 2.5073601905845067e-07,
      "calmar": 0.1101172400530347,
      "k_ratio": 0.01744391848562115,
      "ulcer_index": 4.19226360197002e-08,
      "recovery_factor": 24604.221786486596,
      "monthly_win_rate": 0.0037174721189591076,
      "daily_avg_return": 6.949601895714914e-10,
      "weekly_avg_return": 4.7293894704011796e-09,
      "avg_trade_pnl": 0.02801180187500002,
      "avg_win": 0.02801180187500002,
      "avg_loss": 0.0,
      "win_loss_ratio": 0.0,
      "expectancy": 0.02801180187500002,
      "max_consecutive_losses": 0,
      "average_trade_duration_seconds": 1603800.0
    }
  },
  "weekly_profile": {
    "t_test_vs_buy_hold": {
      "t_stat": 1.9699574175823003,
      "p_value": 0.048877119510701096
    },
    "binomial_winrate": {
      "wins": 375,
      "trades": 596,
      "p_value": 1.4739835529619837e-10
    },
    "report": {
      "initial_capital": 10000.0,
      "final_equity": 10774.61695506676,
      "trades": 596,
      "win_rate": 0.6291946308724832,
      "gross_profit": 22392.1988267297,
      "gross_loss": -21617.581871662936,
      "profit_factor": 1.0358327291028862,
      "max_drawdown": 0.17348741795095388,
      "sharpe": 0.34672408704449614,
      "sortino": 0.13908892866418698,
      "cagr": 0.003344702436708813,
      "calmar": 0.019279221952881818,
      "k_ratio": 0.021841564473229734,
      "ulcer_index": 0.08670431149632345,
      "recovery_factor": 4464.974833424241,
      "monthly_win_rate": 0.3680297397769517,
      "daily_avg_return": 5.311019753341101e-05,
      "weekly_avg_return": 8.527846601394453e-05,
      "avg_trade_pnl": 1.299692877628795,
      "avg_win": 59.71253020461253,
      "avg_loss": 97.81711254146126,
      "win_loss_ratio": 0.6104507550179675,
      "expectancy": 1.299692877628795,
      "max_consecutive_losses": 6,
      "average_trade_duration_seconds": 214302.68456375838
    }
  },
  "weekly_profile_fixed_exit": {
    "t_test_vs_buy_hold": {
      "t_stat": 0.43691671911295304,
      "p_value": 0.6621833430732372
    },
    "binomial_winrate": {
      "wins": 142,
      "trades": 399,
      "p_value": 0.9999999975156981
    },
    "report": {
      "initial_capital": 10000.0,
      "final_equity": 7945.645655504199,
      "trades": 399,
      "win_rate": 0.3558897243107769,
      "gross_profit": 27043.78810326657,
      "gross_loss": -29098.142447762366,
      "profit_factor": 0.9293991240786651,
      "max_drawdown": 0.4455626551041924,
      "sharpe": 0.07690240034007394,
      "sortino": 0.040322999494688705,
      "cagr": -0.01023924945829835,
      "calmar": -0.02298049295873766,
      "k_ratio": 0.004844395869613443,
      "ulcer_index": 0.21078103679690974,
      "recovery_factor": -4610.696881711055,
      "monthly_win_rate": 0.34572490706319703,
      "daily_avg_return": 1.528999858311222e-05,
      "weekly_avg_return": -0.00016883906442192572,
      "avg_trade_pnl": -5.148757755628566,
      "avg_win": 190.449211994835,
      "avg_loss": 113.22234415471738,
      "win_loss_ratio": 1.6820815132973026,
      "expectancy": -5.148757755628566,
      "max_consecutive_losses": 8,
      "average_trade_duration_seconds": 473070.67669172934
    }
  },
  "ict_framework": {
    "t_test_vs_buy_hold": {
      "t_stat": -0.1614820246628276,
      "p_value": 0.8717177779149446
    },
    "binomial_winrate": {
      "wins": 325,
      "trades": 512,
      "p_value": 5.621474488897919e-10
    },
    "report": {
      "initial_capital": 10000.0,
      "final_equity": 10296.008444573145,
      "trades": 512,
      "win_rate": 0.634765625,
      "gross_profit": 18559.99804648072,
      "gross_loss": -18263.989601907586,
      "profit_factor": 1.0162072170990624,
      "max_drawdown": 0.206650069426477,
      "sharpe": -0.028416881165182335,
      "sortino": -0.008673718746921915,
      "cagr": 0.0013064254629091554,
      "calmar": 0.00632192123881169,
      "k_ratio": -0.0017900952523606625,
      "ulcer_index": 0.09244343591731646,
      "recovery_factor": 1432.413961411475,
      "monthly_win_rate": 0.31970260223048325,
      "daily_avg_return": -4.3569791845797736e-06,
      "weekly_avg_return": 4.6925824551262945e-06,
      "avg_trade_pnl": 0.5781414933069016,
      "avg_win": 57.107686296863754,
      "avg_loss": 97.6683935930887,
      "win_loss_ratio": 0.5847099987616143,
      "expectancy": 0.5781414933069016,
      "max_consecutive_losses": 8,
      "average_trade_duration_seconds": 153098.4375
    }
  },
  "price_action": {
    "t_test_vs_buy_hold": {
      "t_stat": -27.454272341516443,
      "p_value": 9.003357043183352e-159
    },
    "binomial_winrate": {
      "wins": 41566,
      "trades": 80220,
      "p_value": 4.384579387105679e-25
    },
    "report": {
      "initial_capital": 10000.0,
      "final_equity": 1.0096746046780374e-36,
      "trades": 80220,
      "win_rate": 0.5181500872600349,
      "gross_profit": 47438.70492220803,
      "gross_loss": -57438.70492220804,
      "profit_factor": 0.8259013671435754,
      "max_drawdown": 1.0,
      "sharpe": -4.832049771679977,
      "sortino": -3.9640686306494284,
      "cagr": -0.9837831927137232,
      "calmar": -0.9837831927137232,
      "k_ratio": -0.30439052425122987,
      "ulcer_index": 0.9870248258929378,
      "recovery_factor": -10000.000000000005,
      "monthly_win_rate": 0.04460966542750929,
      "daily_avg_return": -0.009981988358003497,
      "weekly_avg_return": -0.07095533130470519,
      "avg_trade_pnl": -0.12465719272002003,
      "avg_win": 1.1412862657510472,
      "avg_loss": 1.4859705314380929,
      "win_loss_ratio": 0.7680409817054265,
      "expectancy": -0.12465719272002003,
      "max_consecutive_losses": 20,
      "average_trade_duration_seconds": 66287.03066566942
    }
  },
  "composite": {
    "t_test_vs_buy_hold": {
      "t_stat": -1.5733408805792586,
      "p_value": 0.11567879618466817
    },
    "binomial_winrate": {
      "wins": 0,
      "trades": 0,
      "p_value": 1.0
    },
    "report": {
      "initial_capital": 10000.0,
      "final_equity": 10000.0,
      "trades": 0,
      "win_rate": 0.0,
      "gross_profit": 0,
      "gross_loss": 0,
      "profit_factor": 0.0,
      "max_drawdown": 0.0,
      "sharpe": 0.0,
      "sortino": 0.0,
      "cagr": 0.0,
      "calmar": 0.0,
      "k_ratio": 0.0,
      "ulcer_index": 0.0,
      "recovery_factor": 0.0,
      "monthly_win_rate": 0.0,
      "daily_avg_return": 0.0,
      "weekly_avg_return": 0.0,
      "avg_trade_pnl": 0.0,
      "avg_win": 0.0,
      "avg_loss": 0.0,
      "win_loss_ratio": 0.0,
      "expectancy": 0.0,
      "max_consecutive_losses": 0,
      "average_trade_duration_seconds": 0.0
    }
  },
  "confluence_anova": {
    "error": "Not enough trades in one or more confluence groups."
  },
  "partial_exit_comparison": {
    "strategy": "weekly_profile",
    "partial_exit_recovery_factor": 4464.974833424241,
    "fixed_exit_recovery_factor": -4610.696881711055
  },
  "walk_forward_correlation": {
    "metric": "sharpe",
    "r_value": -0.04765840089035466,
    "p_value": 0.6649208715998443
  }
}