{
  "buy_hold": {
    "report": {
      "initial_capital": 10000.0,
      "final_equity": 10000.056023603749,
      "trades": 2,
      "win_rate": 1.0,
      "gross_profit": 0.05602360375000004,
      "gross_loss": 0,
      "profit_factor": 0.0,
      "max_drawdown": 2.276991495043747e-06,
      "sharpe": 0.276913621220616,
      "sortino": 0.01918347427497814,
      "cagr": 2.5073601905845067e-07,
      "calmar": 0.1101172400530347,
      "k_ratio": 0.01744391848562115,
      "ulcer_index": 4.19226360197002e-08,
      "recovery_factor": 24604.221786486596,
      "monthly_win_rate": 0.0037174721189591076,
      "daily_avg_return": 6.949601895714914e-10,
      "weekly_avg_return": 4.7293894704011796e-09,
      "avg_trade_pnl": 0.02801180187500002,
      "avg_win": 0.02801180187500002,
      "avg_loss": 0.0,
      "win_loss_ratio": 0.0,
      "expectancy": 0.02801180187500002,
      "max_consecutive_losses": 0,
      "average_trade_duration_seconds": 1603800.0
    }
  },
  "weekly_profile": {
    "t_test_vs_buy_hold": {
      "t_stat": -0.09972464432996361,
      "p_value": 0.9205653920126572
    },
    "binomial_winrate": {
      "wins": 10,
      "trades": 18,
      "p_value": 0.40726470947265625
    },
    "report": {
      "initial_capital": 10000.0,
      "final_equity": 9961.516422500661,
      "trades": 18,
      "win_rate": 0.5555555555555556,
      "gross_profit": 575.7493101781446,
      "gross_loss": -614.2328876774845,
      "profit_factor": 0.9373469277347674,
      "max_drawdown": 0.041083815478936414,
      "sharpe": -0.017526049292807544,
      "sortino": -0.0012767490179211578,
      "cagr": -0.00017255272256355703,
      "calmar": -0.004200016978754674,
      "k_ratio": -0.001104037330814957,
      "ulcer_index": 0.020775158378305545,
      "recovery_factor": -936.7089461072665,
      "monthly_win_rate": 0.022304832713754646,
      "daily_avg_return": -4.7127108335327327e-07,
      "weekly_avg_return": -1.7464417885837602e-06,
      "avg_trade_pnl": -2.1379765277411087,
      "avg_win": 57.57493101781446,
      "avg_loss": 76.77911095968557,
      "win_loss_ratio": 0.7498775421878139,
      "expectancy": -2.1379765277411087,
      "max_consecutive_losses": 4,
      "average_trade_duration_seconds": 229400.0
    }
  },
  "weekly_profile_fixed_exit": {
    "t_test_vs_buy_hold": {
      "t_stat": 0.3994614443606266,
      "p_value": 0.689563714053204
    },
    "binomial_winrate": {
      "wins": 5,
      "trades": 12,
      "p_value": 0.80615234375
    },
    "report": {
      "initial_capital": 10000.0,
      "final_equity": 10195.50979278314,
      "trades": 12,
      "win_rate": 0.4166666666666667,
      "gross_profit": 916.0184463823177,
      "gross_loss": -720.5086535991784,
      "profit_factor": 1.2713496802661612,
      "max_drawdown": 0.041083815478936414,
      "sharpe": 0.07032699388762308,
      "sortino": 0.006545848530537131,
      "cagr": 0.0008669464891153389,
      "calmar": 0.02110189813212019,
      "k_ratio": 0.004430184197176433,
      "ulcer_index": 0.020847573635945443,
      "recovery_factor": 4758.803205203195,
      "monthly_win_rate": 0.01858736059479554,
      "daily_avg_return": 2.401572646273497e-06,
      "weekly_avg_return": 1.9398556772957677e-05,
      "avg_trade_pnl": 16.292482731928278,
      "avg_win": 183.20368927646354,
      "avg_loss": 102.92980765702548,
      "win_loss_ratio": 1.7798895523726257,
      "expectancy": 16.292482731928278,
      "max_consecutive_losses": 4,
      "average_trade_duration_seconds": 336900.0
    }
  },
  "ict_framework": {
    "t_test_vs_buy_hold": {
      "t_stat": -0.1614820246628276,
      "p_value": 0.8717177779149446
    },
    "binomial_winrate": {
      "wins": 325,
      "trades": 512,
      "p_value": 5.621474488897919e-10
    },
    "report": {
      "initial_capital": 10000.0,
      "final_equity": 10296.008444573145,
      "trades": 512,
      "win_rate": 0.634765625,
      "gross_profit": 18559.99804648072,
      "gross_loss": -18263.989601907586,
      "profit_factor": 1.0162072170990624,
      "max_drawdown": 0.206650069426477,
      "sharpe": -0.028416881165182335,
      "sortino": -0.008673718746921915,
      "cagr": 0.0013064254629091554,
      "calmar": 0.00632192123881169,
      "k_ratio": -0.0017900952523606625,
      "ulcer_index": 0.09244343591731646,
      "recovery_factor": 1432.413961411475,
      "monthly_win_rate": 0.31970260223048325,
      "daily_avg_return": -4.3569791845797736e-06,
      "weekly_avg_return": 4.6925824551262945e-06,
      "avg_trade_pnl": 0.5781414933069016,
      "avg_win": 57.107686296863754,
      "avg_loss": 97.6683935930887,
      "win_loss_ratio": 0.5847099987616143,
      "expectancy": 0.5781414933069016,
      "max_consecutive_losses": 8,
      "average_trade_duration_seconds": 153098.4375
    }
  },
  "price_action": {
    "t_test_vs_buy_hold": {
      "t_stat": -27.454272341516443,
      "p_value": 9.003357043183352e-159
    },
    "binomial_winrate": {
      "wins": 41566,
      "trades": 80220,
      "p_value": 4.384579387105679e-25
    },
    "report": {
      "initial_capital": 10000.0,
      "final_equity": 1.0096746046780374e-36,
      "trades": 80220,
      "win_rate": 0.5181500872600349,
      "gross_profit": 47438.70492220803,
      "gross_loss": -57438.70492220804,
      "profit_factor": 0.8259013671435754,
      "max_drawdown": 1.0,
      "sharpe": -4.832049771679977,
      "sortino": -3.9640686306494284,
      "cagr": -0.9837831927137232,
      "calmar": -0.9837831927137232,
      "k_ratio": -0.30439052425122987,
      "ulcer_index": 0.9870248258929378,
      "recovery_factor": -10000.000000000005,
      "monthly_win_rate": 0.04460966542750929,
      "daily_avg_return": -0.009981988358003497,
      "weekly_avg_return": -0.07095533130470519,
      "avg_trade_pnl": -0.12465719272002003,
      "avg_win": 1.1412862657510472,
      "avg_loss": 1.4859705314380929,
      "win_loss_ratio": 0.7680409817054265,
      "expectancy": -0.12465719272002003,
      "max_consecutive_losses": 20,
      "average_trade_duration_seconds": 66287.03066566942
    }
  },
  "composite": {
    "t_test_vs_buy_hold": {
      "t_stat": -1.5733408805792586,
      "p_value": 0.11567879618466817
    },
    "binomial_winrate": {
      "wins": 0,
      "trades": 0,
      "p_value": 1.0
    },
    "report": {
      "initial_capital": 10000.0,
      "final_equity": 10000.0,
      "trades": 0,
      "win_rate": 0.0,
      "gross_profit": 0,
      "gross_loss": 0,
      "profit_factor": 0.0,
      "max_drawdown": 0.0,
      "sharpe": 0.0,
      "sortino": 0.0,
      "cagr": 0.0,
      "calmar": 0.0,
      "k_ratio": 0.0,
      "ulcer_index": 0.0,
      "recovery_factor": 0.0,
      "monthly_win_rate": 0.0,
      "daily_avg_return": 0.0,
      "weekly_avg_return": 0.0,
      "avg_trade_pnl": 0.0,
      "avg_win": 0.0,
      "avg_loss": 0.0,
      "win_loss_ratio": 0.0,
      "expectancy": 0.0,
      "max_consecutive_losses": 0,
      "average_trade_duration_seconds": 0.0
    }
  },
  "confluence_anova": {
    "error": "Not enough trades in one or more confluence groups."
  },
  "partial_exit_comparison": {
    "strategy": "weekly_profile",
    "partial_exit_recovery_factor": -936.7089461072665,
    "fixed_exit_recovery_factor": 4758.803205203195
  },
  "walk_forward_correlation": {
    "metric": "sharpe",
    "r_value": 0.06834352769820526,
    "p_value": 0.5342745971016484
  }
}