strategy,initial_capital,final_equity,trades,win_rate,profit_factor,max_drawdown,sharpe,sortino,cagr,calmar,k_ratio,ulcer_index,recovery_factor,monthly_win_rate,daily_avg_return,weekly_avg_return,avg_trade_pnl,avg_win,avg_loss,win_loss_ratio,expectancy,max_consecutive_losses,average_trade_duration_seconds
buy_hold,10000.0,10000.055939375,2,1.0,0.0,2.2769914566862613e-06,1.7051438767572757,0.7193483435869396,8.513286059441683e-06,3.7388309185099846,0.10741396779724573,2.1625554771840348e-07,24567.230955450927,0.125,2.6059849516294776e-08,1.526091362366035e-07,0.027969687500000007,0.027969687500000007,0.0,0.0,0.027969687500000007,0,1603800.0
weekly_profile,10000.0,10864.887906818947,30,0.8666666666666667,3.0927754435149555,0.02601713009578373,2.456328366801602,1.7189420061627678,0.1345559753162544,5.171822365529094,0.15473414278263053,0.008404005558290871,33243.01733645521,0.75,0.000391913292415421,0.002415636250618823,28.829596893964965,49.16004077617133,103.31828834037638,0.47581160669460854,28.829596893964965,2,317040.0
weekly_profile_fixed_exit,10000.0,11697.34425232046,17,0.6470588235294118,3.7878452028787755,0.0486131618389733,1.9571389314291503,1.3810527072867123,0.26946378553242134,5.543021176548765,0.12328816413724347,0.01245828780794688,34915.323095888365,0.625,0.000665633194914536,0.004432528167190751,99.84377954826255,209.65287185526103,101.47288968123466,2.066097383388423,99.84377954826255,2,706658.8235294118
ict_framework,10000.0,14379.71852657438,2892,0.6369294605809128,1.037450285566659,0.6465661972281405,0.6620983094061293,0.7011646556696653,0.7381064344734691,1.1415790643522132,0.04170827309916466,0.32397652743588407,6850.9837343125855,0.875,0.0025709555012534387,0.02378241989107956,1.5316785962539214,66.61752095984484,112.64748486444556,0.5913804559419066,1.5316785962539214,19,128895.43568464731
price_action,10000.0,8551.885034839803,2239,0.5623046002679768,0.9769758062889567,0.34494545017317096,-0.25411698829051543,-0.24292982681739592,-0.2118540759431613,-0.6141668946113231,-0.016007865593652772,0.19718264443145017,-4067.731627139108,0.5,-0.0004288664442569731,-0.00319333488990717,-0.6266840184489256,47.2907674105483,62.185940497130055,0.7604736220517694,-0.6266840184489256,9,62103.61768646717
composite,10000.0,10000.0,0,0.0,0.0,0.0,0.0,0.0,0.0,0.0,0.0,0.0,0.0,0.0,0.0,0.0,0.0,0.0,0.0,0.0,0.0,0,0.0
