strategy,initial_capital,final_equity,trades,win_rate,profit_factor,max_drawdown,sharpe,sortino,cagr,calmar,k_ratio,ulcer_index,recovery_factor,monthly_win_rate,daily_avg_return,weekly_avg_return,avg_trade_pnl,avg_win,avg_loss,win_loss_ratio,expectancy,max_consecutive_losses,average_trade_duration_seconds
buy_hold,10000.0,10000.056023603749,2,1.0,0.0,2.276991495043747e-06,0.276913621220616,0.01918347427497814,2.5073601905845067e-07,0.1101172400530347,0.01744391848562115,4.19226360197002e-08,24604.221786486596,0.0037174721189591076,6.949601895714914e-10,4.7293894704011796e-09,0.02801180187500002,0.02801180187500002,0.0,0.0,0.02801180187500002,0,1603800.0
weekly_profile,10000.0,9961.516422500661,18,0.5555555555555556,0.9373469277347674,0.041083815478936414,-0.017526049292807544,-0.0012767490179211578,-0.00017255272256355703,-0.004200016978754674,-0.001104037330814957,0.020775158378305545,-936.7089461072665,0.022304832713754646,-4.7127108335327327e-07,-1.7464417885837602e-06,-2.1379765277411087,57.57493101781446,76.77911095968557,0.7498775421878139,-2.1379765277411087,4,229400.0
weekly_profile_fixed_exit,10000.0,10195.50979278314,12,0.4166666666666667,1.2713496802661612,0.041083815478936414,0.07032699388762308,0.006545848530537131,0.0008669464891153389,0.02110189813212019,0.004430184197176433,0.020847573635945443,4758.803205203195,0.01858736059479554,2.401572646273497e-06,1.9398556772957677e-05,16.292482731928278,183.20368927646354,102.92980765702548,1.7798895523726257,16.292482731928278,4,336900.0
ict_framework,10000.0,10296.008444573145,512,0.634765625,1.0162072170990624,0.206650069426477,-0.028416881165182335,-0.008673718746921915,0.0013064254629091554,0.00632192123881169,-0.0017900952523606625,0.09244343591731646,1432.413961411475,0.31970260223048325,-4.3569791845797736e-06,4.6925824551262945e-06,0.5781414933069016,57.107686296863754,97.6683935930887,0.5847099987616143,0.5781414933069016,8,153098.4375
price_action,10000.0,1.0096746046780374e-36,80220,0.5181500872600349,0.8259013671435754,1.0,-4.832049771679977,-3.9640686306494284,-0.9837831927137232,-0.9837831927137232,-0.30439052425122987,0.9870248258929378,-10000.000000000005,0.04460966542750929,-0.009981988358003497,-0.07095533130470519,-0.12465719272002003,1.1412862657510472,1.4859705314380929,0.7680409817054265,-0.12465719272002003,20,66287.03066566942
composite,10000.0,10000.0,0,0.0,0.0,0.0,0.0,0.0,0.0,0.0,0.0,0.0,0.0,0.0,0.0,0.0,0.0,0.0,0.0,0.0,0.0,0,0.0
