strategy,initial_capital,final_equity,trades,win_rate,profit_factor,max_drawdown,sharpe,sortino,cagr,calmar,k_ratio,ulcer_index,recovery_factor,monthly_win_rate,daily_avg_return,weekly_avg_return,avg_trade_pnl,avg_win,avg_loss,win_loss_ratio,expectancy,max_consecutive_losses,average_trade_duration_seconds
buy_hold,10000.0,10000.056023603749,2,1.0,0.0,2.276991495043747e-06,0.276913621220616,0.01918347427497814,2.5073601905845067e-07,0.1101172400530347,0.01744391848562115,4.19226360197002e-08,24604.221786486596,0.0037174721189591076,6.949601895714914e-10,4.7293894704011796e-09,0.02801180187500002,0.02801180187500002,0.0,0.0,0.02801180187500002,0,1603800.0
weekly_profile,10000.0,10774.61695506676,596,0.6291946308724832,1.0358327291028862,0.17348741795095388,0.34672408704449614,0.13908892866418698,0.003344702436708813,0.019279221952881818,0.021841564473229734,0.08670431149632345,4464.974833424241,0.3680297397769517,5.311019753341101e-05,8.527846601394453e-05,1.299692877628795,59.71253020461253,97.81711254146126,0.6104507550179675,1.299692877628795,6,214302.68456375838
weekly_profile_fixed_exit,10000.0,7945.645655504199,399,0.3558897243107769,0.9293991240786651,0.4455626551041924,0.07690240034007394,0.040322999494688705,-0.01023924945829835,-0.02298049295873766,0.004844395869613443,0.21078103679690974,-4610.696881711055,0.34572490706319703,1.528999858311222e-05,-0.00016883906442192572,-5.148757755628566,190.449211994835,113.22234415471738,1.6820815132973026,-5.148757755628566,8,473070.67669172934
ict_framework,10000.0,10296.008444573145,512,0.634765625,1.0162072170990624,0.206650069426477,-0.028416881165182335,-0.008673718746921915,0.0013064254629091554,0.00632192123881169,-0.0017900952523606625,0.09244343591731646,1432.413961411475,0.31970260223048325,-4.3569791845797736e-06,4.6925824551262945e-06,0.5781414933069016,57.107686296863754,97.6683935930887,0.5847099987616143,0.5781414933069016,8,153098.4375
price_action,10000.0,1.0096746046780374e-36,80220,0.5181500872600349,0.8259013671435754,1.0,-4.832049771679977,-3.9640686306494284,-0.9837831927137232,-0.9837831927137232,-0.30439052425122987,0.9870248258929378,-10000.000000000005,0.04460966542750929,-0.009981988358003497,-0.07095533130470519,-0.12465719272002003,1.1412862657510472,1.4859705314380929,0.7680409817054265,-0.12465719272002003,20,66287.03066566942
composite,10000.0,10000.0,0,0.0,0.0,0.0,0.0,0.0,0.0,0.0,0.0,0.0,0.0,0.0,0.0,0.0,0.0,0.0,0.0,0.0,0.0,0,0.0
