trade_id,symbol,side,entry_time,exit_time,entry_price,exit_price,stop,target,size,pnl,r_multiple,confluence,duration_seconds,cumulative_pnl,equity_at_exit,drawdown,running_win_rate,running_profit_factor,running_sharpe
1,EURUSD,buy,2007-01-01T19:00:00+00:00,2007-01-02T00:00:00+00:00,1.31980,1.32243,1.31676,1.32468,28422.0100,74.97075,,,18000.00,74.97075,10108.07462,0.000000,1.000000,0.000000,15.874508
2,EURUSD,buy,2007-01-01T19:00:00+00:00,2007-01-02T01:00:00+00:00,1.31980,1.32181,1.32226,1.32468,9474.0033,19.11396,0.8187,,21600.00,94.08471,10094.08471,0.001384,1.000000,0.000000,9.321246
3,EURUSD,sell,2007-01-08T00:00:00+00:00,2007-01-08T07:00:00+00:00,1.29891,1.30234,1.30190,1.29410,38844.3189,-133.19618,-1.1474,,25200.00,-39.11147,9951.95939,0.015821,0.666667,0.706362,-2.436065
4,EURUSD,buy,2007-01-06T02:00:00+00:00,2007-01-08T14:00:00+00:00,1.30034,1.29691,1.29735,1.30515,38824.8960,-133.13348,-1.1469,,216000.00,-172.24495,9827.75505,0.028104,0.500000,0.353264,-4.509208
5,EURUSD,buy,2007-01-09T00:00:00+00:00,2007-01-09T11:00:00+00:00,1.30487,1.30143,1.30187,1.30970,37669.2439,-129.61423,-1.1468,,39600.00,-301.85918,9698.14082,0.040922,0.400000,0.237621,-6.613578
6,EURUSD,buy,2007-01-15T21:00:00+00:00,2007-01-16T07:00:00+00:00,1.29384,1.29642,1.29086,1.29862,28117.0730,72.70769,,,36000.00,-229.15149,9791.86101,0.031654,0.500000,0.421253,-2.328158
7,EURUSD,buy,2007-01-15T21:00:00+00:00,2007-01-16T08:00:00+00:00,1.29384,1.29475,1.29519,1.29862,9372.3577,8.56093,0.6756,,39600.00,-220.59056,9779.40944,0.032885,0.571429,0.442874,-2.568243
8,EURUSD,buy,2007-01-17T16:00:00+00:00,2007-01-18T12:00:00+00:00,1.29494,1.29152,1.29196,1.29973,37771.4628,-128.99099,-1.1470,,72000.00,-349.58156,9650.41844,0.045642,0.500000,0.334048,-3.929476
9,EURUSD,sell,2007-01-18T21:00:00+00:00,2007-01-19T02:00:00+00:00,1.29554,1.29896,1.29852,1.29075,37233.5637,-127.34663,-1.1475,,18000.00,-476.92818,9523.07182,0.058235,0.444444,0.268831,-5.020128
10,EURUSD,buy,2007-01-22T18:00:00+00:00,2007-01-23T08:00:00+00:00,1.29464,1.29723,1.29166,1.29943,27592.4430,71.39518,,,50400.00,-405.53300,9617.29262,0.048918,0.500000,0.378285,-2.890105
11,EURUSD,buy,2007-01-22T18:00:00+00:00,2007-01-23T09:00:00+00:00,1.29464,1.29650,1.29694,1.29943,9197.4810,17.13176,0.8092,,54000.00,-388.40124,9611.59876,0.049481,0.545455,0.404550,-2.970415
12,EURUSD,sell,2007-01-24T18:00:00+00:00,2007-01-25T07:00:00+00:00,1.29517,1.29859,1.29815,1.29038,37094.3791,-126.83489,-1.1475,,46800.00,-515.23613,9484.76387,0.062024,0.500000,0.338692,-4.180548
13,EURUSD,buy,2007-01-27T01:00:00+00:00,2007-01-29T17:00:00+00:00,1.29193,1.29451,1.28896,1.29671,27539.1118,71.10799,,,230400.00,-444.12815,9584.99481,0.052112,0.538462,0.429959,-2.136519
14,EURUSD,buy,2007-01-27T01:00:00+00:00,2007-01-29T18:00:00+00:00,1.29193,1.29412,1.29456,1.29671,9179.7039,20.14197,0.8335,,234000.00,-423.98618,9576.01382,0.053000,0.571429,0.455812,-2.230390
15,EURUSD,sell,2007-01-30T05:00:00+00:00,2007-01-31T15:00:00+00:00,1.29534,1.29876,1.29832,1.29055,36952.1961,-126.36507,-1.1475,,122400.00,-550.35125,9449.64875,0.065496,0.533333,0.392200,-3.096617
16,EURUSD,buy,2007-02-01T16:00:00+00:00,2007-02-02T13:00:00+00:00,1.30237,1.30497,1.29938,1.30719,27217.1484,70.84473,,,75600.00,-479.50652,9516.49531,0.058886,0.562500,0.470440,-2.591305
17,EURUSD,buy,2007-02-01T16:00:00+00:00,2007-02-02T13:00:00+00:00,1.30237,1.30193,1.30237,1.30719,9072.3828,-3.99816,,,75600.00,-483.50469,9516.49531,0.058886,0.529412,0.468372,-2.591305
18,EURUSD,buy,2007-02-05T22:00:00+00:00,2007-02-06T16:00:00+00:00,1.29324,1.29582,1.29026,1.29802,27603.2466,71.34588,,,64800.00,-412.15881,9618.86857,0.048762,0.555556,0.546819,-1.680765
19,EURUSD,buy,2007-02-05T22:00:00+00:00,2007-02-06T17:00:00+00:00,1.29324,1.29527,1.29571,1.29802,9201.0822,18.70991,0.8225,,68400.00,-393.44890,9606.55110,0.049980,0.578947,0.567391,-1.770904
20,EURUSD,buy,2007-02-08T11:00:00+00:00,2007-02-08T14:00:00+00:00,1.29927,1.30187,1.29628,1.30408,27735.1000,72.02103,,,10800.00,-321.42786,9698.26717,0.040910,0.600000,0.646580,-1.141768
21,EURUSD,buy,2007-02-08T11:00:00+00:00,2007-02-08T15:00:00+00:00,1.29927,1.30072,1.30116,1.30408,9245.0333,13.40533,0.7671,,14400.00,-308.02254,9691.97746,0.041532,0.619048,0.661320,-1.182391
22,EURUSD,sell,2007-02-11T08:00:00+00:00,2007-02-12T07:00:00+00:00,1.30008,1.30351,1.30307,1.29527,37263.3643,-127.88851,-1.1474,,82800.00,-435.91105,9564.08895,0.054179,0.590909,0.579791,-1.862613
23,EURUSD,buy,2007-02-20T12:00:00+00:00,2007-02-22T07:00:00+00:00,1.31417,1.31071,1.31115,1.31904,36399.1268,-126.12387,-1.1467,,154800.00,-562.03492,9437.96508,0.066652,0.565217,0.516941,-2.224150
24,EURUSD,buy,2007-02-24T12:00:00+00:00,2007-02-26T03:00:00+00:00,1.31666,1.31930,1.31364,1.32154,26888.3808,70.75713,,,140400.00,-491.27779,9528.03810,0.057744,0.583333,0.577756,-1.804594
25,EURUSD,buy,2007-02-24T12:00:00+00:00,2007-02-26T04:00:00+00:00,1.31666,1.31805,1.31850,1.32154,8962.7936,12.45455,0.7572,,144000.00,-478.82323,9521.17677,0.058423,0.600000,0.588460,-1.837611
26,EURUSD,buy,2007-02-28T08:00:00+00:00,2007-02-28T16:00:00+00:00,1.32018,1.32281,1.31714,1.32506,27053.3065,71.38098,,,28800.00,-407.44226,9616.67185,0.048979,0.615385,0.649811,-1.340407
27,EURUSD,buy,2007-02-28T08:00:00+00:00,2007-02-28T17:00:00+00:00,1.32018,1.32090,1.32135,1.32506,9017.7688,6.56201,0.6198,,32400.00,-400.88024,9599.11976,0.050715,0.629630,0.655451,-1.428663
28,EURUSD,buy,2007-03-01T14:00:00+00:00,2007-03-01T15:00:00+00:00,1.32141,1.31792,1.31837,1.32629,36332.5022,-126.57584,-1.1466,,3600.00,-527.45608,9472.54392,0.063232,0.607143,0.591141,-1.909584
29,EURUSD,buy,2007-03-06T15:00:00+00:00,2007-03-07T13:00:00+00:00,1.31096,1.31358,1.30795,1.31581,27104.2674,71.01637,,,79200.00,-456.43971,9566.47992,0.053943,0.620690,0.646189,-1.405801
30,EURUSD,buy,2007-03-06T15:00:00+00:00,2007-03-07T14:00:00+00:00,1.31096,1.31261,1.31305,1.31581,9034.7558,14.84346,0.7873,,82800.00,-441.59625,9558.40375,0.054741,0.633333,0.657695,-1.438548
31,EURUSD,sell,2007-03-09T00:00:00+00:00,2007-03-09T13:00:00+00:00,1.31357,1.31094,1.31659,1.30870,27279.3799,71.71599,,,46800.00,-369.88026,9626.08162,0.048048,0.645161,0.713286,-1.077425
32,EURUSD,sell,2007-03-09T00:00:00+00:00,2007-03-09T13:00:00+00:00,1.31357,1.31401,1.31357,1.30870,9093.1266,-4.03812,,,46800.00,-373.91838,9626.08162,0.048048,0.625000,0.711060,-1.077425
33,EURUSD,buy,2007-03-10T04:00:00+00:00,2007-03-12T09:00:00+00:00,1.31165,1.31427,1.30864,1.31651,27529.0988,72.16746,,,190800.00,-301.75092,9852.20935,0.025686,0.636364,0.766827,-0.017277
34,EURUSD,buy,2007-03-10T04:00:00+00:00,2007-03-12T09:00:00+00:00,1.31165,1.31611,1.31165,1.31651,9176.3663,40.89641,,,190800.00,-260.85452,9852.20935,0.025686,0.647059,0.798429,-0.017277
35,EURUSD,buy,2007-03-11T13:00:00+00:00,2007-03-12T09:00:00+00:00,1.31165,1.31427,1.30864,1.31651,27529.0988,72.16746,,,72000.00,-188.68706,9852.20935,0.025686,0.657143,0.854195,-0.017277
36,EURUSD,buy,2007-03-11T13:00:00+00:00,2007-03-12T09:00:00+00:00,1.31165,1.31611,1.31165,1.31651,9176.3663,40.89641,,,72000.00,-147.79065,9852.20935,0.025686,0.666667,0.885797,-0.017277
37,EURUSD,sell,2007-03-21T01:00:00+00:00,2007-03-21T18:00:00+00:00,1.33109,1.33460,1.33415,1.32616,36996.9333,-129.95868,-1.1470,,61200.00,-277.74933,9722.25067,0.038538,0.648649,0.804960,-0.413597
38,EURUSD,buy,2007-03-22T16:00:00+00:00,2007-03-23T09:00:00+00:00,1.33324,1.32973,1.33017,1.33817,36471.9346,-128.18314,-1.1465,,61200.00,-405.93247,9594.06753,0.051214,0.631579,0.738487,-0.742454
39,EURUSD,buy,2007-03-24T11:00:00+00:00,2007-03-26T07:00:00+00:00,1.32852,1.32502,1.32546,1.33343,36118.9784,-126.49950,-1.1465,,158400.00,-532.43198,9467.56802,0.063724,0.615385,0.682840,-1.081420
40,EURUSD,sell,2007-04-07T06:00:00+00:00,2007-04-09T16:00:00+00:00,1.33795,1.33527,1.34103,1.33300,26527.7245,71.03445,,,208800.00,-461.39752,9569.98031,0.053596,0.625000,0.725154,-0.778797
41,EURUSD,sell,2007-04-07T06:00:00+00:00,2007-04-09T17:00:00+00:00,1.33795,1.33585,1.33540,1.33300,8842.5748,18.55048,0.8232,,212400.00,-442.84704,9557.15296,0.054865,0.634146,0.736204,-0.815228
42,EURUSD,buy,2007-04-11T01:00:00+00:00,2007-04-12T01:00:00+00:00,1.34270,1.34539,1.33962,1.34767,26699.9356,71.65069,,,86400.00,-371.19635,9655.47965,0.045141,0.642857,0.778885,-0.522228
43,EURUSD,buy,2007-04-11T01:00:00+00:00,2007-04-12T02:00:00+00:00,1.34270,1.34455,1.34500,1.34767,8899.9785,16.41000,0.8026,,90000.00,-354.78635,9645.21365,0.046156,0.651163,0.788660,-0.550846
44,EURUSD,buy,2007-04-13T04:00:00+00:00,2007-04-13T10:00:00+00:00,1.35111,1.35381,1.34800,1.35610,26778.3751,72.31089,,,21600.00,-282.47546,9742.91750,0.036494,0.659091,0.831734,-0.284618
45,EURUSD,buy,2007-04-13T04:00:00+00:00,2007-04-13T11:00:00+00:00,1.35111,1.35309,1.35355,1.35610,8926.1250,17.75174,0.8135,,25200.00,-264.72371,9735.27629,0.037250,0.666667,0.842309,-0.305255
46,EURUSD,buy,2007-04-15T16:00:00+00:00,2007-04-15T21:00:00+00:00,1.35274,1.35544,1.34963,1.35774,26995.8413,72.98610,,,18000.00,-191.73762,9804.16076,0.030438,0.673913,0.885785,-0.124087
47,EURUSD,buy,2007-04-15T16:00:00+00:00,2007-04-15T21:00:00+00:00,1.35274,1.35228,1.35274,1.35774,8998.6138,-4.10162,,,18000.00,-195.83924,9804.16076,0.030438,0.659574,0.883626,-0.124087
48,EURUSD,sell,2007-04-20T05:00:00+00:00,2007-04-23T06:00:00+00:00,1.36079,1.35807,1.36392,1.35576,27009.6994,73.55988,,,262800.00,-122.27935,9905.01821,0.020464,0.666667,0.927338,0.016585
49,EURUSD,sell,2007-04-20T05:00:00+00:00,2007-04-23T07:00:00+00:00,1.36079,1.35896,1.35850,1.35576,9003.2331,16.51260,0.8003,,266400.00,-105.76675,9931.12672,0.017882,0.673469,0.937150,0.077938
50,EURUSD,sell,2007-04-21T20:00:00+00:00,2007-04-23T11:00:00+00:00,1.35812,1.35540,1.36125,1.35310,27062.7832,73.55988,,,140400.00,-32.20687,9989.64580,0.012095,0.680000,0.980862,0.211112
51,EURUSD,sell,2007-04-21T20:00:00+00:00,2007-04-23T12:00:00+00:00,1.35812,1.35661,1.35615,1.35310,9020.9277,13.67195,0.7684,,144000.00,-18.53492,9981.46508,0.012904,0.686275,0.988986,0.192927
52,EURUSD,buy,2007-04-25T18:00:00+00:00,2007-04-26T09:00:00+00:00,1.36456,1.36096,1.36142,1.36961,36584.9250,-131.55780,-1.1461,,54000.00,-150.09272,9849.90728,0.025914,0.673077,0.917277,-0.150880
53,EURUSD,buy,2007-04-29T06:00:00+00:00,2007-04-29T21:00:00+00:00,1.36582,1.36222,1.36268,1.37087,36069.4124,-129.82217,-1.1461,,54000.00,-279.91489,9720.08511,0.038752,0.660377,0.856028,-0.426552
54,EURUSD,buy,2007-04-30T12:00:00+00:00,2007-04-30T15:00:00+00:00,1.36272,1.36544,1.35959,1.36776,26756.2590,72.87221,,,10800.00,-207.04269,9834.25310,0.027462,0.666667,0.893509,-0.173408
55,EURUSD,buy,2007-04-30T12:00:00+00:00,2007-04-30T15:00:00+00:00,1.36272,1.36735,1.36272,1.36776,8918.7530,41.29578,,,10800.00,-165.74690,9834.25310,0.027462,0.672727,0.914749,-0.173408
56,EURUSD,buy,2007-05-01T12:00:00+00:00,2007-05-01T14:00:00+00:00,1.36591,1.36231,1.36277,1.37096,36009.7147,-129.61573,-1.1461,,7200.00,-295.36264,9704.63736,0.040280,0.660714,0.857577,-0.438912
57,EURUSD,buy,2007-05-02T14:00:00+00:00,2007-05-03T14:00:00+00:00,1.35981,1.35622,1.35668,1.36484,35694.5614,-127.91536,-1.1462,,86400.00,-423.27800,9576.72200,0.052930,0.649123,0.807755,-0.689495
58,EURUSD,sell,2007-05-04T15:00:00+00:00,2007-05-07T10:00:00+00:00,1.35814,1.36173,1.36127,1.35312,35246.1153,-126.28895,-1.1467,,241200.00,-549.56695,9450.43305,0.065419,0.637931,0.763937,-0.900230
59,EURUSD,sell,2007-05-08T09:00:00+00:00,2007-05-08T14:00:00+00:00,1.35690,1.35419,1.36002,1.35188,26109.8231,70.90589,,,18000.00,-478.66106,9561.51745,0.054433,0.644068,0.794394,-0.657658
60,EURUSD,sell,2007-05-08T09:00:00+00:00,2007-05-08T14:00:00+00:00,1.35690,1.35229,1.35690,1.35188,8703.2744,40.17852,,,18000.00,-438.48255,9561.51745,0.054433,0.650000,0.811652,-0.657658
61,EURUSD,sell,2007-05-13T20:00:00+00:00,2007-05-14T03:00:00+00:00,1.35165,1.35522,1.35476,1.34665,35359.0723,-126.09690,-1.1468,,25200.00,-564.57944,9435.42056,0.066903,0.639344,0.769949,-0.924235
62,EURUSD,sell,2007-05-18T18:00:00+00:00,2007-05-21T10:00:00+00:00,1.34999,1.34729,1.35310,1.34500,26201.7381,70.79325,,,230400.00,-493.78619,9546.32850,0.055935,0.645161,0.798795,-0.684478
63,EURUSD,sell,2007-05-18T18:00:00+00:00,2007-05-21T10:00:00+00:00,1.34999,1.34540,1.34999,1.34500,8733.9127,40.11469,,,230400.00,-453.67150,9546.32850,0.055935,0.650794,0.815141,-0.684478
64,EURUSD,buy,2007-05-23T10:00:00+00:00,2007-05-23T11:00:00+00:00,1.34593,1.34862,1.34284,1.35091,26605.6735,71.56954,,,3600.00,-382.10196,9613.87380,0.049256,0.656250,0.844303,-0.553347
65,EURUSD,buy,2007-05-23T10:00:00+00:00,2007-05-23T11:00:00+00:00,1.34593,1.34548,1.34593,1.35091,8868.5578,-4.02424,,,3600.00,-386.12620,9613.87380,0.049256,0.646154,0.842921,-0.553347
66,EURUSD,buy,2007-05-25T11:00:00+00:00,2007-05-25T14:00:00+00:00,1.34395,1.34664,1.34086,1.34892,26833.4091,72.07593,,,10800.00,-314.05027,9700.59125,0.040680,0.651515,0.872242,-0.390729
67,EURUSD,buy,2007-05-25T11:00:00+00:00,2007-05-25T15:00:00+00:00,1.34395,1.34424,1.34469,1.34892,8944.4697,2.53614,0.3848,,14400.00,-311.51412,9688.48588,0.041877,0.656716,0.873274,-0.413096
68,EURUSD,buy,2007-05-28T08:00:00+00:00,2007-05-29T02:00:00+00:00,1.34561,1.34207,1.34252,1.35059,36011.0536,-127.72126,-1.1463,,64800.00,-439.23539,9644.91978,0.046185,0.647059,0.830142,-0.469696
69,EURUSD,sell,2007-05-27T05:00:00+00:00,2007-05-29T08:00:00+00:00,1.34457,1.34811,1.34766,1.33959,36017.4795,-127.78080,-1.1469,,183600.00,-567.01618,9432.98382,0.067144,0.637681,0.791052,-0.808486
70,EURUSD,buy,2007-05-30T01:00:00+00:00,2007-05-30T10:00:00+00:00,1.34522,1.34168,1.34213,1.35020,35071.5479,-124.35354,-1.1463,,32400.00,-691.36973,9308.63027,0.079442,0.628571,0.756391,-1.006805
71,EURUSD,sell,2007-06-02T01:00:00+00:00,2007-06-04T09:00:00+00:00,1.34366,1.34720,1.34675,1.33868,34628.7750,-122.77208,-1.1469,,201600.00,-814.14180,9185.85820,0.091583,0.619718,0.725026,-1.172781
72,EURUSD,sell,2007-06-07T01:00:00+00:00,2007-06-07T10:00:00+00:00,1.34935,1.34664,1.35245,1.34435,25520.9989,68.92081,,,32400.00,-745.22100,9274.89869,0.082778,0.625000,0.748304,-1.003607
73,EURUSD,sell,2007-06-07T01:00:00+00:00,2007-06-07T11:00:00+00:00,1.34935,1.34864,1.34819,1.34435,8506.9996,5.96003,0.6065,,36000.00,-739.26097,9260.73903,0.084178,0.630137,0.750317,-1.029512
74,EURUSD,sell,2007-06-08T12:00:00+00:00,2007-06-08T20:00:00+00:00,1.33391,1.33743,1.33698,1.32897,34702.3519,-122.15303,-1.1470,,28800.00,-861.41400,9138.58600,0.096258,0.621622,0.720588,-1.214345
75,EURUSD,buy,2007-06-09T17:00:00+00:00,2007-06-11T06:00:00+00:00,1.33724,1.33372,1.33417,1.34219,34179.8046,-120.48268,-1.1464,,133200.00,-981.89668,9018.10332,0.108173,0.613333,0.693486,-1.346953
76,EURUSD,buy,2007-06-13T13:00:00+00:00,2007-06-15T02:00:00+00:00,1.32937,1.33203,1.32631,1.33429,25446.6899,67.60940,,,133200.00,-914.28728,9109.72853,0.099112,0.618421,0.714591,-1.177192
77,EURUSD,buy,2007-06-13T13:00:00+00:00,2007-06-15T03:00:00+00:00,1.32937,1.33145,1.33190,1.33429,8482.2300,17.65792,0.8224,,136800.00,-896.62936,9103.37064,0.099741,0.623377,0.720104,-1.187964
78,EURUSD,buy,2007-06-18T14:00:00+00:00,2007-06-19T05:00:00+00:00,1.33982,1.34250,1.33674,1.34478,25486.8823,68.24865,,,54000.00,-828.38071,9201.50838,0.090036,0.628205,0.741408,-1.075759
79,EURUSD,buy,2007-06-18T14:00:00+00:00,2007-06-19T06:00:00+00:00,1.33982,1.34167,1.34212,1.34478,8495.6274,15.67913,0.8031,,57600.00,-812.70158,9187.29842,0.091441,0.632911,0.746303,-1.098246
80,EURUSD,sell,2007-06-22T06:00:00+00:00,2007-06-22T11:00:00+00:00,1.34077,1.34431,1.34385,1.33581,34251.0585,-121.17551,-1.1469,,18000.00,-933.87709,9066.12291,0.103424,0.625000,0.719102,-1.264442
81,EURUSD,buy,2007-07-02T05:00:00+00:00,2007-07-02T08:00:00+00:00,1.35413,1.35683,1.35101,1.35913,25114.4704,67.96940,,,10800.00,-865.90768,9159.57416,0.094183,0.629630,0.739546,-1.077583
82,EURUSD,buy,2007-07-02T05:00:00+00:00,2007-07-02T09:00:00+00:00,1.35413,1.35627,1.35673,1.35913,8371.4901,17.97258,0.8245,,14400.00,-847.93510,9152.06490,0.094925,0.634146,0.744952,-1.090260
83,EURUSD,sell,2007-07-03T07:00:00+00:00,2007-07-04T06:00:00+00:00,1.35959,1.36318,1.36272,1.35456,33647.2974,-120.68717,-1.1467,,82800.00,-968.62227,9031.37773,0.106860,0.626506,0.718857,-1.251958
84,EURUSD,sell,2007-07-08T11:00:00+00:00,2007-07-10T08:00:00+00:00,1.36185,1.36544,1.36498,1.35681,33148.5096,-119.09293,-1.1467,,162000.00,-1087.71520,8793.19122,0.130415,0.619048,0.694838,-1.523621
85,EURUSD,sell,2007-07-10T01:00:00+00:00,2007-07-10T08:00:00+00:00,1.36131,1.36490,1.36444,1.35627,33161.6549,-119.09358,-1.1467,,25200.00,-1206.80878,8793.19122,0.130415,0.611765,0.672373,-1.523621
86,EURUSD,buy,2007-07-12T19:00:00+00:00,2007-07-18T00:00:00+00:00,1.37835,1.38111,1.37518,1.38345,23930.2633,65.92321,,,450000.00,-1140.88557,8965.73719,0.113352,0.616279,0.690270,-1.452299
87,EURUSD,buy,2007-07-15T02:00:00+00:00,2007-07-18T00:00:00+00:00,1.37884,1.38160,1.37567,1.38394,23921.7567,65.92321,,,252000.00,-1074.96235,8965.73719,0.113352,0.620690,0.708167,-1.452299
88,EURUSD,buy,2007-07-12T19:00:00+00:00,2007-07-18T01:00:00+00:00,1.37835,1.37984,1.38030,1.38345,7976.7544,11.82588,0.7616,,453600.00,-1063.13647,8944.77681,0.115425,0.625000,0.711377,-1.481006
89,EURUSD,buy,2007-07-15T02:00:00+00:00,2007-07-18T01:00:00+00:00,1.37884,1.37984,1.38030,1.38394,7973.9189,7.91329,0.6814,,255600.00,-1055.22319,8944.77681,0.115425,0.629213,0.713526,-1.481006
90,EURUSD,sell,2007-07-20T15:00:00+00:00,2007-07-23T09:00:00+00:00,1.38249,1.37972,1.38567,1.37737,24255.4871,67.11199,,,237600.00,-988.11120,9028.34316,0.107161,0.633333,0.731745,-1.302659
91,EURUSD,sell,2007-07-20T15:00:00+00:00,2007-07-23T10:00:00+00:00,1.38249,1.38202,1.38156,1.37737,8085.1624,3.72441,0.4979,,241200.00,-984.38679,9015.61321,0.108419,0.637363,0.732757,-1.322935
92,EURUSD,sell,2007-07-27T07:00:00+00:00,2007-07-27T08:00:00+00:00,1.36985,1.36711,1.37300,1.36478,24673.0909,67.64347,,,3600.00,-916.74332,9079.46550,0.102105,0.641304,0.751121,-1.221005
93,EURUSD,sell,2007-07-27T07:00:00+00:00,2007-07-27T08:00:00+00:00,1.36985,1.37031,1.36985,1.36478,8224.3636,-3.79118,,,3600.00,-920.53450,9079.46550,0.102105,0.634409,0.750348,-1.221005
94,EURUSD,buy,2007-07-30T14:00:00+00:00,2007-07-30T22:00:00+00:00,1.36869,1.37143,1.36554,1.37375,24883.7925,68.06943,,,28800.00,-852.46507,9164.94957,0.093651,0.638298,0.768809,-1.094296
95,EURUSD,buy,2007-07-30T14:00:00+00:00,2007-07-30T23:00:00+00:00,1.36869,1.37005,1.37051,1.37375,8294.5975,11.26720,0.7466,,32400.00,-841.19787,9158.80213,0.094259,0.642105,0.771865,-1.103111
96,EURUSD,sell,2007-08-01T15:00:00+00:00,2007-08-03T00:00:00+00:00,1.36759,1.37120,1.37074,1.36253,33475.1540,-120.76616,-1.1466,,118800.00,-961.96404,9038.03596,0.106202,0.635417,0.747386,-1.229946
97,EURUSD,buy,2007-08-03T16:00:00+00:00,2007-08-05T21:00:00+00:00,1.37861,1.38137,1.37544,1.38371,24591.9568,67.75883,,,190800.00,-894.20520,9101.99477,0.099877,0.639175,0.765180,-1.179952
98,EURUSD,buy,2007-08-03T16:00:00+00:00,2007-08-05T21:00:00+00:00,1.37861,1.37815,1.37861,1.38371,8197.3189,-3.80002,,,190800.00,-898.00523,9101.99477,0.099877,0.632653,0.764417,-1.179952
99,EURUSD,buy,2007-08-06T01:00:00+00:00,2007-08-06T16:00:00+00:00,1.38113,1.37750,1.37796,1.38624,32961.0449,-119.94618,-1.1459,,54000.00,-1017.95141,8982.04859,0.111739,0.626263,0.741097,-1.314754
100,EURUSD,sell,2007-08-08T18:00:00+00:00,2007-08-09T07:00:00+00:00,1.37914,1.37638,1.38231,1.37403,24415.7024,67.39164,,,46800.00,-950.55977,9065.44175,0.103492,0.630000,0.758237,-1.185551
101,EURUSD,sell,2007-08-08T18:00:00+00:00,2007-08-09T08:00:00+00:00,1.37914,1.37886,1.37840,1.37403,8138.5675,2.21857,0.3703,,50400.00,-948.34120,9051.65880,0.104855,0.633663,0.758801,-1.204992
102,EURUSD,buy,2007-08-10T15:00:00+00:00,2007-08-13T07:00:00+00:00,1.36881,1.36520,1.36566,1.37387,33073.8775,-119.29761,-1.1461,,230400.00,-1067.63881,8932.36119,0.116652,0.627451,0.736456,-1.374659
103,EURUSD,buy,2007-08-15T16:00:00+00:00,2007-08-15T20:00:00+00:00,1.34695,1.34340,1.34386,1.35194,33167.5808,-117.75178,-1.1463,,14400.00,-1185.39059,8814.60941,0.128297,0.621359,0.715654,-1.497736
104,EURUSD,buy,2007-08-19T09:00:00+00:00,2007-08-20T06:00:00+00:00,1.34754,1.35024,1.34445,1.35253,24537.0083,66.08379,,,75600.00,-1119.30680,8892.51888,0.120593,0.625000,0.731506,-1.476101
105,EURUSD,buy,2007-08-19T09:00:00+00:00,2007-08-20T07:00:00+00:00,1.34754,1.34819,1.34864,1.35253,8179.0028,5.24504,0.5852,,79200.00,-1114.06176,8885.93824,0.121243,0.628571,0.732764,-1.484185
106,EURUSD,sell,2007-08-21T21:00:00+00:00,2007-08-22T06:00:00+00:00,1.34575,1.34930,1.34884,1.34077,33005.0078,-117.19460,-1.1468,,32400.00,-1231.25636,8768.74364,0.132833,0.622642,0.712728,-1.638421
107,EURUSD,sell,2007-08-24T01:00:00+00:00,2007-08-24T08:00:00+00:00,1.35617,1.35975,1.35929,1.35115,32319.3016,-115.63642,-1.1467,,25200.00,-1346.89278,8653.10722,0.144269,0.616822,0.694004,-1.754147
108,EURUSD,buy,2007-08-27T02:00:00+00:00,2007-08-27T13:00:00+00:00,1.36734,1.36374,1.36420,1.37240,31651.6106,-114.04654,-1.1461,,39600.00,-1460.93932,8539.06068,0.155547,0.611111,0.676477,-1.863243
109,EURUSD,sell,2007-08-30T08:00:00+00:00,2007-08-30T10:00:00+00:00,1.36298,1.36025,1.36612,1.35794,23486.6601,64.06793,,,7200.00,-1396.87139,8621.22103,0.147422,0.614679,0.690664,-1.745720
110,EURUSD,sell,2007-08-30T08:00:00+00:00,2007-08-30T11:00:00+00:00,1.36298,1.36207,1.36161,1.35794,7828.8867,7.14374,0.6656,,10800.00,-1389.72765,8610.27235,0.148505,0.618182,0.692246,-1.760653
111,EURUSD,sell,2007-09-02T10:00:00+00:00,2007-09-04T08:00:00+00:00,1.36243,1.35970,1.36557,1.35739,23692.0851,64.60223,,,165600.00,-1325.12542,8695.81165,0.140046,0.621622,0.706552,-1.638845
112,EURUSD,sell,2007-09-02T10:00:00+00:00,2007-09-04T09:00:00+00:00,1.36243,1.36085,1.36039,1.35739,7897.3617,12.50165,0.7756,,169200.00,-1312.62377,8687.37623,0.140880,0.625000,0.709321,-1.649241
113,EURUSD,buy,2007-09-07T02:00:00+00:00,2007-09-07T12:00:00+00:00,1.36705,1.36978,1.36391,1.37211,23837.7779,65.12991,,,36000.00,-1247.49386,8789.41446,0.130789,0.628319,0.723744,-1.512941
114,EURUSD,buy,2007-09-07T02:00:00+00:00,2007-09-07T12:00:00+00:00,1.36705,1.37169,1.36705,1.37211,7945.9260,36.90832,,,36000.00,-1210.58554,8789.41446,0.130789,0.631579,0.731917,-1.512941
115,EURUSD,sell,2007-09-09T07:00:00+00:00,2007-09-10T07:00:00+00:00,1.37606,1.37969,1.37922,1.37096,31927.3739,-115.88560,-1.1465,,86400.00,-1326.47115,8737.92825,0.135881,0.626087,0.713604,-1.560291
116,EURUSD,buy,2007-09-08T05:00:00+00:00,2007-09-10T09:00:00+00:00,1.37688,1.37963,1.37372,1.38198,23945.5304,65.89490,,,187200.00,-1260.57625,8742.65392,0.135413,0.629310,0.727831,-1.555226
117,EURUSD,buy,2007-09-08T05:00:00+00:00,2007-09-10T10:00:00+00:00,1.37688,1.37762,1.37808,1.38198,7981.8435,5.85588,0.6129,,190800.00,-1254.72037,8739.14211,0.135760,0.632479,0.729096,-1.558994
118,EURUSD,sell,2007-09-10T09:00:00+00:00,2007-09-11T10:00:00+00:00,1.37852,1.38215,1.38169,1.37341,31689.1494,-115.22366,-1.1465,,90000.00,-1369.94403,8630.05597,0.146548,0.627119,0.711398,-1.682515
119,EURUSD,sell,2007-09-12T11:00:00+00:00,2007-09-12T16:00:00+00:00,1.38799,1.39165,1.39119,1.38286,31078.9175,-113.77103,-1.1464,,18000.00,-1483.71506,8516.28494,0.157799,0.621849,0.694746,-1.792505
120,EURUSD,sell,2007-09-15T21:00:00+00:00,2007-09-18T06:00:00+00:00,1.38683,1.38406,1.39002,1.38170,23021.1343,63.89705,,,205200.00,-1419.81801,8599.93278,0.149527,0.625000,0.707892,-1.626238
121,EURUSD,sell,2007-09-15T21:00:00+00:00,2007-09-18T07:00:00+00:00,1.38683,1.38604,1.38557,1.38170,7673.7114,6.12469,0.6315,,208800.00,-1413.69332,8586.30668,0.150875,0.628099,0.709152,-1.643389
122,EURUSD,buy,2007-09-18T17:00:00+00:00,2007-09-18T18:00:00+00:00,1.38898,1.39175,1.38578,1.39411,23188.5191,64.37219,,,3600.00,-1349.32114,8647.07167,0.144866,0.631148,0.722396,-1.564538
123,EURUSD,buy,2007-09-18T17:00:00+00:00,2007-09-18T18:00:00+00:00,1.38898,1.38851,1.38898,1.39411,7729.5064,-3.60719,,,3600.00,-1352.92833,8647.07167,0.144866,0.626016,0.721860,-1.564538
124,EURUSD,buy,2007-09-19T19:00:00+00:00,2007-09-20T06:00:00+00:00,1.39638,1.39917,1.39317,1.40154,23228.8309,64.82774,,,39600.00,-1288.10058,8748.63650,0.134822,0.629032,0.735188,-1.443541
125,EURUSD,buy,2007-09-19T19:00:00+00:00,2007-09-20T06:00:00+00:00,1.39638,1.40112,1.39638,1.40154,7742.9436,36.73708,,,39600.00,-1251.36350,8748.63650,0.134822,0.632000,0.742740,-1.443541
126,EURUSD,buy,2007-09-26T14:00:00+00:00,2007-09-27T06:00:00+00:00,1.41258,1.41541,1.40934,1.41781,23232.0607,65.58918,,,57600.00,-1185.77431,8836.42277,0.126140,0.634921,0.756224,-1.320930
127,EURUSD,buy,2007-09-26T14:00:00+00:00,2007-09-27T07:00:00+00:00,1.41258,1.41267,1.41314,1.41781,7744.0202,0.63830,0.1482,,61200.00,-1185.13601,8814.86399,0.128272,0.637795,0.756355,-1.346018
128,EURUSD,buy,2007-09-30T04:00:00+00:00,2007-10-01T07:00:00+00:00,1.42740,1.42364,1.42412,1.43268,30886.6479,-116.11066,-1.1454,,97200.00,-1301.24667,8698.75333,0.139755,0.632812,0.738722,-1.444853
129,EURUSD,buy,2007-10-01T16:00:00+00:00,2007-10-02T06:00:00+00:00,1.42303,1.41928,1.41975,1.42829,30573.4336,-114.58591,-1.1455,,50400.00,-1415.83258,8584.16742,0.151086,0.627907,0.722108,-1.549473
130,EURUSD,sell,2007-10-03T00:00:00+00:00,2007-10-03T07:00:00+00:00,1.41484,1.41857,1.41809,1.40960,30327.1746,-113.13674,-1.1461,,25200.00,-1528.96932,8471.03068,0.162275,0.623077,0.706421,-1.641580
131,EURUSD,buy,2007-10-04T04:00:00+00:00,2007-10-04T09:00:00+00:00,1.40950,1.41232,1.40626,1.41472,22544.0465,63.50795,,,18000.00,-1465.46137,8555.33383,0.153938,0.625954,0.718615,-1.543847
132,EURUSD,buy,2007-10-04T04:00:00+00:00,2007-10-04T10:00:00+00:00,1.40950,1.41032,1.41079,1.41472,7514.6822,6.11736,0.6324,,21600.00,-1459.34401,8540.65599,0.155389,0.628788,0.719790,-1.561206
133,EURUSD,sell,2007-10-09T08:00:00+00:00,2007-10-09T14:00:00+00:00,1.40321,1.40691,1.40644,1.39802,30423.4591,-112.57578,-1.1462,,21600.00,-1571.91979,8428.08021,0.166522,0.624060,0.704560,-1.650690
134,EURUSD,buy,2007-10-14T09:00:00+00:00,2007-10-15T07:00:00+00:00,1.41746,1.42029,1.41420,1.42270,22303.9038,63.18595,,,79200.00,-1508.73384,8487.73306,0.160623,0.626866,0.716436,-1.548982
135,EURUSD,buy,2007-10-14T09:00:00+00:00,2007-10-15T07:00:00+00:00,1.41746,1.41698,1.41746,1.42270,7434.6346,-3.53310,,,79200.00,-1512.26694,8487.73306,0.160623,0.622222,0.715960,-1.548982
136,EURUSD,sell,2007-10-18T07:00:00+00:00,2007-10-18T12:00:00+00:00,1.42390,1.42766,1.42718,1.41863,29795.5286,-111.85622,-1.1460,,18000.00,-1624.12316,8375.87684,0.171685,0.617647,0.701228,-1.641438
137,EURUSD,sell,2007-10-19T16:00:00+00:00,2007-10-19T18:00:00+00:00,1.42587,1.42963,1.42915,1.42059,29362.2549,-110.38008,-1.1459,,7200.00,-1734.50324,8265.49676,0.182601,0.613139,0.687273,-1.737838
138,EURUSD,buy,2007-10-20T21:00:00+00:00,2007-10-21T23:00:00+00:00,1.43031,1.43317,1.42702,1.43560,21677.0728,61.96705,,,93600.00,-1672.53619,8351.53285,0.174092,0.615942,0.698445,-1.635192
139,EURUSD,buy,2007-10-20T21:00:00+00:00,2007-10-22T00:00:00+00:00,1.43031,1.43237,1.43285,1.43560,7225.6909,14.89357,0.8112,,97200.00,-1657.64262,8342.35738,0.175000,0.618705,0.701131,-1.632389
140,EURUSD,buy,2007-10-24T22:00:00+00:00,2007-10-25T10:00:00+00:00,1.42641,1.42926,1.42313,1.43168,21938.4845,62.54328,,,43200.00,-1595.09934,8432.85179,0.166050,0.621429,0.712407,-1.473597
141,EURUSD,buy,2007-10-24T22:00:00+00:00,2007-10-25T11:00:00+00:00,1.42641,1.42913,1.42961,1.43168,7312.8282,19.91530,0.8505,,46800.00,-1575.18404,8424.81596,0.166845,0.624113,0.715998,-1.483372
142,EURUSD,buy,2007-10-26T17:00:00+00:00,2007-10-28T21:00:00+00:00,1.43868,1.44156,1.43537,1.44400,21966.3201,63.16148,,,187200.00,-1512.02256,8501.95186,0.159217,0.626761,0.727386,-1.394120
143,EURUSD,buy,2007-10-26T17:00:00+00:00,2007-10-28T22:00:00+00:00,1.43868,1.43993,1.44041,1.44400,7322.1067,9.12640,0.7211,,190800.00,-1502.89617,8497.10383,0.159696,0.629371,0.729031,-1.399251
144,EURUSD,sell,2007-11-01T00:00:00+00:00,2007-11-01T08:00:00+00:00,1.44652,1.44362,1.44984,1.44116,22021.5898,63.75313,,,28800.00,-1439.14303,8587.03267,0.150803,0.631944,0.740526,-1.285808
145,EURUSD,sell,2007-11-01T00:00:00+00:00,2007-11-01T09:00:00+00:00,1.44652,1.44416,1.44368,1.44116,7340.5299,17.27077,0.8296,,32400.00,-1421.87226,8578.12774,0.151684,0.634483,0.743640,-1.295358
146,EURUSD,buy,2007-11-02T15:00:00+00:00,2007-11-02T16:00:00+00:00,1.44844,1.45134,1.44511,1.45380,22215.3017,64.31087,,,3600.00,-1357.56140,8638.85070,0.145679,0.636986,0.755235,-1.234576
147,EURUSD,buy,2007-11-02T15:00:00+00:00,2007-11-02T16:00:00+00:00,1.44844,1.44796,1.44844,1.45380,7405.1006,-3.58791,,,3600.00,-1361.14930,8638.85070,0.145679,0.632653,0.754746,-1.234576
148,EURUSD,buy,2007-11-04T20:00:00+00:00,2007-11-05T08:00:00+00:00,1.45020,1.44639,1.44687,1.45557,29793.8663,-113.76839,-1.1452,,43200.00,-1474.91769,8525.08231,0.156930,0.628378,0.739586,-1.320019
149,EURUSD,sell,2007-11-09T01:00:00+00:00,2007-11-09T08:00:00+00:00,1.47095,1.46800,1.47433,1.46550,21727.1143,63.96305,,,25200.00,-1410.95464,8598.81230,0.149638,0.630872,0.750879,-1.240544
150,EURUSD,sell,2007-11-09T01:00:00+00:00,2007-11-09T09:00:00+00:00,1.47095,1.47098,1.47049,1.46550,7242.3714,-0.23595,-0.0710,,28800.00,-1411.19059,8588.80941,0.150627,0.626667,0.750848,-1.250550
151,EURUSD,buy,2007-11-11T15:00:00+00:00,2007-11-11T22:00:00+00:00,1.46769,1.46383,1.46432,1.47312,29268.3912,-113.09174,-1.1450,,25200.00,-1524.28232,8475.71768,0.161811,0.622517,0.736149,-1.340186
152,EURUSD,sell,2007-11-13T18:00:00+00:00,2007-11-14T00:00:00+00:00,1.45933,1.46318,1.46269,1.45393,29031.0038,-111.66174,-1.1456,,21600.00,-1635.94407,8364.05593,0.172854,0.618421,0.722190,-1.395602
153,EURUSD,buy,2007-11-17T20:00:00+00:00,2007-11-19T08:00:00+00:00,1.46628,1.46242,1.46291,1.47170,28529.9075,-110.13370,-1.1450,,129600.00,-1746.07777,8253.92223,0.183745,0.614379,0.708932,-1.502697
154,EURUSD,sell,2007-11-22T22:00:00+00:00,2007-11-23T01:00:00+00:00,1.48392,1.48783,1.48734,1.47843,27802.7791,-108.71631,-1.1453,,10800.00,-1854.79408,8145.20592,0.194497,0.610390,0.696313,-1.574267
155,EURUSD,sell,2007-11-23T22:00:00+00:00,2007-11-26T07:00:00+00:00,1.48313,1.48704,1.48655,1.47765,27451.1854,-107.28508,-1.1454,,205200.00,-1962.07916,7930.63576,0.215716,0.606452,0.684292,-1.725742
156,EURUSD,sell,2007-11-25T18:00:00+00:00,2007-11-26T07:00:00+00:00,1.48313,1.48704,1.48655,1.47765,27451.1854,-107.28508,-1.1454,,46800.00,-2069.36424,7930.63576,0.215716,0.602564,0.672680,-1.725742
157,EURUSD,buy,2007-11-30T11:00:00+00:00,2007-11-30T15:00:00+00:00,1.47650,1.47262,1.47311,1.48196,26864.2052,-104.41728,-1.1449,,14400.00,-2173.78152,7826.21848,0.226042,0.598726,0.661750,-1.799860
158,EURUSD,buy,2007-12-01T22:00:00+00:00,2007-12-03T05:00:00+00:00,1.46357,1.46649,1.46020,1.46898,20058.5862,58.67375,,,111600.00,-2115.10778,7904.42301,0.218308,0.601266,0.670880,-1.697381
159,EURUSD,buy,2007-12-01T22:00:00+00:00,2007-12-03T06:00:00+00:00,1.46357,1.46560,1.46609,1.46898,6686.1954,13.58133,0.8057,,115200.00,-2101.52645,7898.47355,0.218897,0.603774,0.672994,-1.703121
160,EURUSD,buy,2007-12-09T03:00:00+00:00,2007-12-10T12:00:00+00:00,1.46578,1.46871,1.46241,1.47120,20213.2446,59.21545,,,118800.00,-2042.31100,7991.24566,0.209722,0.606250,0.682208,-1.576083
161,EURUSD,buy,2007-12-09T03:00:00+00:00,2007-12-10T12:00:00+00:00,1.46578,1.47076,1.46578,1.47120,6737.7482,33.55666,,,118800.00,-2008.75434,7991.24566,0.209722,0.608696,0.687429,-1.576083
162,EURUSD,sell,2007-12-13T17:00:00+00:00,2007-12-14T05:00:00+00:00,1.46062,1.46447,1.46398,1.45522,27347.4247,-105.27795,-1.1456,,43200.00,-2114.03228,7885.96772,0.220133,0.604938,0.676350,-1.669302
163,EURUSD,buy,2007-12-16T21:00:00+00:00,2007-12-16T22:00:00+00:00,1.44325,1.43945,1.43993,1.44859,27328.3144,-103.85993,-1.1452,,3600.00,-2217.89221,7782.10779,0.230404,0.601227,0.665764,-1.745558
164,EURUSD,sell,2007-12-20T20:00:00+00:00,2007-12-21T02:00:00+00:00,1.43155,1.43532,1.43484,1.42625,27172.5436,-102.54978,-1.1459,,21600.00,-2320.44200,7679.55800,0.240546,0.597561,0.655631,-1.808478
165,EURUSD,sell,2007-12-28T06:00:00+00:00,2007-12-28T07:00:00+00:00,1.46191,1.46576,1.46527,1.45650,26257.5922,-101.17057,-1.1456,,3600.00,-2421.61256,7578.38744,0.250551,0.593939,0.645933,-1.869265
166,EURUSD,buy,2007-12-31T10:00:00+00:00,2007-12-31T14:00:00+00:00,1.47187,1.46800,1.46849,1.47732,25751.7770,-99.78350,-1.1449,,14400.00,-2521.39607,7478.60393,0.260419,0.590361,0.636645,-1.939018
167,EURUSD,buy,2008-01-03T10:00:00+00:00,2008-01-03T13:00:00+00:00,1.47663,1.47275,1.47324,1.48209,25330.7634,-98.46557,-1.1449,,10800.00,-2619.86164,7380.13836,0.270156,0.586826,0.627737,-2.007574
168,EURUSD,sell,2008-01-11T15:00:00+00:00,2008-01-14T06:00:00+00:00,1.47858,1.48247,1.48198,1.47310,24949.4204,-97.21178,-1.1454,,226800.00,-2717.07342,7282.92658,0.279770,0.583333,0.619185,-2.050159
169,EURUSD,buy,2008-01-16T22:00:00+00:00,2008-01-17T08:00:00+00:00,1.46582,1.46196,1.46245,1.47124,24849.9590,-95.89832,-1.1450,,36000.00,-2812.97175,7187.02825,0.289254,0.579882,0.610973,-2.135187
170,EURUSD,sell,2008-01-22T01:00:00+00:00,2008-01-22T07:00:00+00:00,1.44369,1.44080,1.44701,1.43834,18662.8230,53.92373,,,21600.00,-2759.04801,7237.94652,0.284218,0.582353,0.618430,-2.072894
171,EURUSD,sell,2008-01-22T01:00:00+00:00,2008-01-22T07:00:00+00:00,1.44369,1.44417,1.44369,1.43834,6220.9410,-3.00547,,,21600.00,-2762.05348,7237.94652,0.284218,0.578947,0.618173,-2.072894
172,EURUSD,sell,2008-01-23T16:00:00+00:00,2008-01-23T20:00:00+00:00,1.45680,1.46064,1.46015,1.45141,24834.4354,-95.35711,-1.1456,,14400.00,-2857.41059,7142.58941,0.293648,0.575581,0.610130,-2.142692
173,EURUSD,buy,2008-01-24T16:00:00+00:00,2008-01-24T19:00:00+00:00,1.47394,1.47689,1.47055,1.47939,18177.6113,53.54853,,,10800.00,-2803.86206,7206.00202,0.287377,0.578035,0.617437,-2.079033
174,EURUSD,buy,2008-01-24T16:00:00+00:00,2008-01-24T20:00:00+00:00,1.47394,1.47450,1.47499,1.47939,6059.2038,3.36569,0.5301,,14400.00,-2800.49637,7199.50363,0.288020,0.580460,0.617896,-2.085698
175,EURUSD,buy,2008-01-26T15:00:00+00:00,2008-01-28T09:00:00+00:00,1.46851,1.47145,1.46513,1.47394,18390.2257,53.97522,,,151200.00,-2746.52115,7259.72895,0.282064,0.582857,0.625260,-1.963332
176,EURUSD,buy,2008-01-26T15:00:00+00:00,2008-01-28T10:00:00+00:00,1.46851,1.46861,1.46910,1.47394,6130.0752,0.60604,0.1677,,154800.00,-2745.91511,7254.08489,0.282622,0.585227,0.625343,-1.969498
177,EURUSD,buy,2008-01-30T03:00:00+00:00,2008-01-30T10:00:00+00:00,1.47689,1.47984,1.47350,1.48236,18424.4765,54.38442,,,25200.00,-2691.53069,7330.06934,0.275108,0.587571,0.632763,-1.893591
178,EURUSD,buy,2008-01-30T03:00:00+00:00,2008-01-30T11:00:00+00:00,1.47689,1.47892,1.47941,1.48236,6141.4922,12.42582,0.8038,,28800.00,-2679.10487,7320.89513,0.276015,0.589888,0.634459,-1.902755
179,EURUSD,buy,2008-02-03T02:00:00+00:00,2008-02-04T07:00:00+00:00,1.48039,1.48335,1.47699,1.48587,18550.1921,54.88530,,,104400.00,-2624.21957,7396.03733,0.268584,0.592179,0.641947,-1.822797
180,EURUSD,buy,2008-02-03T02:00:00+00:00,2008-02-04T08:00:00+00:00,1.48039,1.48082,1.48131,1.48587,6183.3974,2.60715,0.4603,,108000.00,-2621.61242,7378.38758,0.270330,0.594444,0.642303,-1.840008
181,EURUSD,sell,2008-02-05T00:00:00+00:00,2008-02-05T08:00:00+00:00,1.48114,1.47817,1.48454,1.47565,18675.3016,55.35949,,,28800.00,-2566.25293,7462.72818,0.261989,0.596685,0.649856,-1.750332
182,EURUSD,sell,2008-02-05T00:00:00+00:00,2008-02-05T09:00:00+00:00,1.48114,1.47706,1.47657,1.47565,6225.1005,25.35197,0.8920,,32400.00,-2540.90096,7459.09904,0.262348,0.598901,0.653315,-1.753942
183,EURUSD,buy,2008-02-12T20:00:00+00:00,2008-02-13T07:00:00+00:00,1.45844,1.45460,1.45508,1.46383,25579.9007,-98.22452,-1.1451,,39600.00,-2639.12548,7360.87452,0.272061,0.595628,0.644675,-1.799934
184,EURUSD,sell,2008-02-16T16:00:00+00:00,2008-02-18T08:00:00+00:00,1.46758,1.46464,1.47096,1.46215,18803.0677,55.22809,,,144000.00,-2583.89740,7342.86948,0.273842,0.597826,0.652111,-1.803219
185,EURUSD,buy,2008-02-17T19:00:00+00:00,2008-02-18T08:00:00+00:00,1.46846,1.46459,1.46508,1.47389,25070.7569,-96.92245,-1.1450,,46800.00,-2680.81984,7342.86948,0.273842,0.594595,0.643711,-1.803219
186,EURUSD,sell,2008-02-16T16:00:00+00:00,2008-02-18T09:00:00+00:00,1.46758,1.46518,1.46469,1.46215,6267.6892,15.04353,0.8306,,147600.00,-2665.77631,7334.22369,0.274697,0.596774,0.645711,-1.810233
187,EURUSD,buy,2008-02-20T02:00:00+00:00,2008-02-20T07:00:00+00:00,1.47288,1.46900,1.46950,1.47833,24905.0002,-96.56778,-1.1449,,18000.00,-2762.34409,7237.65591,0.284247,0.593583,0.637528,-1.874905
188,EURUSD,sell,2008-02-21T03:00:00+00:00,2008-02-21T09:00:00+00:00,1.47163,1.47551,1.47501,1.46618,24583.2600,-95.34077,-1.1455,,21600.00,-2857.68486,7142.31514,0.293675,0.590426,0.629651,-1.941138
189,EURUSD,sell,2008-02-23T00:00:00+00:00,2008-02-26T07:00:00+00:00,1.48191,1.47894,1.48531,1.47642,18068.3926,53.58825,,,284400.00,-2804.09661,7243.53406,0.283666,0.592593,0.636596,-1.860173
190,EURUSD,sell,2008-02-23T00:00:00+00:00,2008-02-26T07:00:00+00:00,1.48191,1.48240,1.48191,1.47642,6022.7975,-2.97879,,,284400.00,-2807.07540,7243.53406,0.283666,0.589474,0.636350,-1.860173
191,EURUSD,sell,2008-02-24T03:00:00+00:00,2008-02-26T07:00:00+00:00,1.48191,1.47894,1.48531,1.47642,18068.3926,53.58825,,,187200.00,-2753.48715,7243.53406,0.283666,0.591623,0.643293,-1.860173
192,EURUSD,sell,2008-02-24T03:00:00+00:00,2008-02-26T07:00:00+00:00,1.48191,1.48240,1.48191,1.47642,6022.7975,-2.97879,,,187200.00,-2756.46594,7243.53406,0.283666,0.588542,0.643044,-1.860173
193,EURUSD,sell,2008-02-27T12:00:00+00:00,2008-02-27T14:00:00+00:00,1.50423,1.50819,1.50769,1.49866,24070.0151,-95.39154,-1.1451,,7200.00,-2851.85748,7148.14252,0.293099,0.585492,0.635198,-1.925070
194,EURUSD,sell,2008-03-01T15:00:00+00:00,2008-03-02T22:00:00+00:00,1.51716,1.52116,1.52066,1.51155,23550.5018,-94.12518,-1.1450,,111600.00,-2945.98265,7054.01735,0.302407,0.582474,0.627641,-1.984163
195,EURUSD,buy,2008-03-04T01:00:00+00:00,2008-03-04T15:00:00+00:00,1.51976,1.52279,1.51626,1.52538,17411.0216,52.88450,,,50400.00,-2893.09816,7127.29717,0.295161,0.584615,0.634325,-1.914616
196,EURUSD,buy,2008-03-04T01:00:00+00:00,2008-03-04T16:00:00+00:00,1.51976,1.52002,1.52053,1.52538,5803.6739,1.55577,0.3462,,54000.00,-2891.54239,7108.45761,0.297024,0.586735,0.634522,-1.932308
197,EURUSD,sell,2008-03-06T02:00:00+00:00,2008-03-06T06:00:00+00:00,1.52659,1.53061,1.53010,1.52094,23275.1305,-93.59538,-1.1449,,14400.00,-2985.13777,7014.86223,0.306280,0.583756,0.627103,-1.993383
198,EURUSD,sell,2008-03-12T19:00:00+00:00,2008-03-13T03:00:00+00:00,1.55502,1.55912,1.55860,1.54927,22548.7217,-92.34203,-1.1447,,28800.00,-3077.47980,6922.52020,0.315412,0.580808,0.619952,-2.052219
199,EURUSD,buy,2008-03-15T02:00:00+00:00,2008-03-16T21:00:00+00:00,1.56863,1.57177,1.56502,1.57443,16554.0830,51.89865,,,154800.00,-3025.58114,6971.54631,0.310563,0.582915,0.626361,-2.001894
200,EURUSD,buy,2008-03-15T02:00:00+00:00,2008-03-16T21:00:00+00:00,1.56863,1.56811,1.56863,1.57443,5518.0277,-2.87254,,,154800.00,-3028.45369,6971.54631,0.310563,0.580000,0.626139,-2.001894
201,EURUSD,sell,2008-03-18T17:00:00+00:00,2008-03-18T18:00:00+00:00,1.57946,1.57629,1.58309,1.57361,16547.1247,52.30699,,,3600.00,-2976.14670,7020.96389,0.305676,0.582090,0.632596,-1.955741
202,EURUSD,sell,2008-03-18T17:00:00+00:00,2008-03-18T18:00:00+00:00,1.57946,1.57998,1.57946,1.57361,5515.7082,-2.88941,,,3600.00,-2979.03611,7020.96389,0.305676,0.579208,0.632371,-1.955741
203,EURUSD,sell,2008-03-22T00:00:00+00:00,2008-03-24T01:00:00+00:00,1.54259,1.53950,1.54614,1.53688,17062.7099,52.67777,,,176400.00,-2926.35835,7186.01867,0.289353,0.581281,0.638872,-1.804399
204,EURUSD,sell,2008-03-22T00:00:00+00:00,2008-03-24T01:00:00+00:00,1.54259,1.53734,1.54259,1.53688,5687.5700,29.84963,,,176400.00,-2896.50872,7186.01867,0.289353,0.583333,0.642555,-1.804399
205,EURUSD,sell,2008-03-23T12:00:00+00:00,2008-03-24T01:00:00+00:00,1.54259,1.53950,1.54614,1.53688,17062.7099,52.67777,,,46800.00,-2843.83095,7186.01867,0.289353,0.585366,0.649056,-1.804399
206,EURUSD,sell,2008-03-23T12:00:00+00:00,2008-03-24T01:00:00+00:00,1.54259,1.53734,1.54259,1.53688,5687.5700,29.84963,,,46800.00,-2813.98133,7186.01867,0.289353,0.587379,0.652739,-1.804399
207,EURUSD,buy,2008-03-25T09:00:00+00:00,2008-03-25T11:00:00+00:00,1.55537,1.55848,1.55179,1.56112,17330.7415,53.87412,,,7200.00,-2760.10720,7254.12440,0.282618,0.589372,0.659388,-1.747328
208,EURUSD,buy,2008-03-25T09:00:00+00:00,2008-03-25T12:00:00+00:00,1.55537,1.55687,1.55739,1.56112,5776.9138,8.70193,0.7444,,10800.00,-2751.40528,7248.59472,0.283165,0.591346,0.660462,-1.752081
209,EURUSD,buy,2008-03-30T19:00:00+00:00,2008-03-31T14:00:00+00:00,1.58000,1.58316,1.57637,1.58585,17209.0623,54.34326,,,68400.00,-2697.06202,7333.73364,0.274745,0.593301,0.667168,-1.670944
210,EURUSD,buy,2008-03-30T19:00:00+00:00,2008-03-31T14:00:00+00:00,1.58000,1.58537,1.58000,1.58585,5736.3541,30.79565,,,68400.00,-2666.26636,7333.73364,0.274745,0.595238,0.670968,-1.670944
211,EURUSD,sell,2008-04-02T03:00:00+00:00,2008-04-02T05:00:00+00:00,1.55932,1.55620,1.56291,1.55355,17631.5409,55.02445,,,7200.00,-2611.24191,7419.93746,0.266221,0.597156,0.677759,-1.599515
212,EURUSD,sell,2008-04-02T03:00:00+00:00,2008-04-02T05:00:00+00:00,1.55932,1.55402,1.55932,1.55355,5877.1803,31.17937,,,7200.00,-2580.06254,7419.93746,0.266221,0.599057,0.681606,-1.599515
213,EURUSD,buy,2008-04-03T19:00:00+00:00,2008-04-04T07:00:00+00:00,1.56652,1.56965,1.56292,1.57231,17767.4822,55.62783,,,43200.00,-2524.43471,7472.48594,0.261024,0.600939,0.688471,-1.540829
214,EURUSD,buy,2008-04-03T19:00:00+00:00,2008-04-04T07:00:00+00:00,1.56652,1.56600,1.56652,1.57231,5922.4941,-3.07935,,,43200.00,-2527.51406,7472.48594,0.261024,0.598131,0.688210,-1.540829
215,EURUSD,buy,2008-04-06T11:00:00+00:00,2008-04-07T01:00:00+00:00,1.57313,1.56899,1.56951,1.57895,23757.4744,-98.30742,-1.1440,,50400.00,-2625.82148,7374.17852,0.270746,0.595349,0.679964,-1.555235
216,EURUSD,sell,2008-04-08T16:00:00+00:00,2008-04-09T06:00:00+00:00,1.56983,1.57396,1.57344,1.56402,23480.1583,-97.06080,-1.1445,,50400.00,-2722.88228,7277.11772,0.280344,0.592593,0.672014,-1.601708
217,EURUSD,buy,2008-04-11T01:00:00+00:00,2008-04-11T06:00:00+00:00,1.57582,1.57897,1.57220,1.58165,17322.6213,54.55710,,,18000.00,-2668.32518,7362.59165,0.271892,0.594470,0.678585,-1.532212
218,EURUSD,buy,2008-04-11T01:00:00+00:00,2008-04-11T06:00:00+00:00,1.57582,1.58118,1.57582,1.58165,5774.2071,30.91683,,,18000.00,-2637.40835,7362.59165,0.271892,0.596330,0.682310,-1.532212
219,EURUSD,buy,2008-04-12T04:00:00+00:00,2008-04-13T21:00:00+00:00,1.57939,1.57524,1.57576,1.58524,23315.2777,-96.85702,-1.1439,,147600.00,-2734.26537,7265.73463,0.281470,0.593607,0.674441,-1.591470
220,EURUSD,sell,2008-04-14T16:00:00+00:00,2008-04-14T21:00:00+00:00,1.58087,1.58503,1.58450,1.57501,22973.3474,-95.62536,-1.1444,,18000.00,-2829.89073,7170.10927,0.290927,0.590909,0.666848,-1.650496
221,EURUSD,sell,2008-04-18T22:00:00+00:00,2008-04-21T04:00:00+00:00,1.58073,1.58489,1.58436,1.57488,22672.9992,-94.36692,-1.1444,,194400.00,-2924.25765,7075.74235,0.300259,0.588235,0.659521,-1.690216
222,EURUSD,buy,2008-04-23T03:00:00+00:00,2008-04-23T06:00:00+00:00,1.59935,1.59514,1.59567,1.60527,22127.3223,-93.06946,-1.1438,,10800.00,-3017.32711,6982.67289,0.309463,0.585586,0.652451,-1.746037
223,EURUSD,buy,2008-04-26T11:00:00+00:00,2008-04-27T22:00:00+00:00,1.56339,1.55928,1.55979,1.56917,22338.5487,-91.87039,-1.1441,,126000.00,-3109.19750,6890.80250,0.318548,0.582960,0.645619,-1.799027
224,EURUSD,sell,2008-04-28T16:00:00+00:00,2008-04-29T06:00:00+00:00,1.56336,1.56023,1.56696,1.55757,16523.8609,51.70117,,,50400.00,-3057.49632,6958.48143,0.311855,0.584821,0.651512,-1.744127
225,EURUSD,sell,2008-04-28T16:00:00+00:00,2008-04-29T07:00:00+00:00,1.56336,1.56107,1.56055,1.55757,5507.9536,12.62793,0.8157,,54000.00,-3044.86840,6955.13160,0.312187,0.586667,0.652951,-1.747122
226,EURUSD,sell,2008-05-02T04:00:00+00:00,2008-05-02T09:00:00+00:00,1.54594,1.55001,1.54949,1.54021,22488.1389,-91.56232,-1.1448,,18000.00,-3136.43072,6863.56928,0.321241,0.584071,0.646208,-1.799691
227,EURUSD,buy,2008-05-04T06:00:00+00:00,2008-05-05T02:00:00+00:00,1.54273,1.54582,1.53919,1.54844,16688.6374,51.45669,,,72000.00,-3084.97402,6935.25994,0.314152,0.585903,0.652012,-1.757460
228,EURUSD,buy,2008-05-04T06:00:00+00:00,2008-05-05T03:00:00+00:00,1.54273,1.54546,1.54597,1.54844,5562.8791,15.15074,0.8413,,75600.00,-3069.82328,6930.17672,0.314654,0.587719,0.653721,-1.761350
229,EURUSD,buy,2008-05-09T05:00:00+00:00,2008-05-09T07:00:00+00:00,1.54401,1.54710,1.54046,1.54972,16836.6186,51.95605,,,7200.00,-3017.86723,6979.25265,0.309801,0.589520,0.659582,-1.717495
230,EURUSD,buy,2008-05-09T05:00:00+00:00,2008-05-09T07:00:00+00:00,1.54401,1.54350,1.54401,1.54972,5612.2062,-2.88012,,,7200.00,-3020.74735,6979.25265,0.309801,0.586957,0.659367,-1.717495
231,EURUSD,buy,2008-05-15T01:00:00+00:00,2008-05-15T04:00:00+00:00,1.54597,1.54906,1.54242,1.55169,16934.3436,52.32398,,,10800.00,-2968.42337,7049.22417,0.302881,0.588745,0.665268,-1.654590
232,EURUSD,buy,2008-05-15T01:00:00+00:00,2008-05-15T05:00:00+00:00,1.54597,1.54665,1.54716,1.55169,5644.7812,3.79450,0.5666,,14400.00,-2964.62887,7035.37113,0.304251,0.590517,0.665696,-1.665561
233,EURUSD,sell,2008-05-19T17:00:00+00:00,2008-05-20T00:00:00+00:00,1.55006,1.55415,1.55363,1.54433,22686.9881,-92.61562,-1.1447,,25200.00,-3057.24449,6942.75551,0.313410,0.587983,0.658815,-1.694601
234,EURUSD,buy,2008-05-23T16:00:00+00:00,2008-05-23T20:00:00+00:00,1.57927,1.57512,1.57564,1.58512,21987.4446,-91.33404,-1.1439,,14400.00,-3148.57853,6851.42147,0.322443,0.585470,0.652168,-1.745883
235,EURUSD,buy,2008-05-27T04:00:00+00:00,2008-05-27T06:00:00+00:00,1.57945,1.57530,1.57582,1.58530,21695.7196,-90.13239,-1.1439,,7200.00,-3238.71091,6761.28909,0.331356,0.582979,0.645738,-1.794751
236,EURUSD,buy,2008-05-29T17:00:00+00:00,2008-05-30T02:00:00+00:00,1.54909,1.55219,1.54553,1.55482,16372.4286,50.68989,,,32400.00,-3188.02102,6829.85446,0.324576,0.584746,0.651283,-1.737964
237,EURUSD,buy,2008-05-29T17:00:00+00:00,2008-05-30T03:00:00+00:00,1.54909,1.55049,1.55101,1.55482,5457.4762,7.64114,0.7310,,36000.00,-3180.37988,6819.62012,0.325588,0.586498,0.652118,-1.745281
238,EURUSD,buy,2008-05-30T17:00:00+00:00,2008-06-02T05:00:00+00:00,1.55607,1.55197,1.55249,1.56182,21919.5812,-89.73025,-1.1441,,216000.00,-3270.11014,6729.88986,0.334461,0.584034,0.645780,-1.795356
239,EURUSD,buy,2008-06-02T18:00:00+00:00,2008-06-03T07:00:00+00:00,1.55445,1.55755,1.55087,1.56020,16240.2907,50.45449,,,46800.00,-3219.65565,6800.23225,0.327505,0.585774,0.651245,-1.727645
240,EURUSD,buy,2008-06-02T18:00:00+00:00,2008-06-03T08:00:00+00:00,1.55445,1.55671,1.55723,1.56020,5413.4302,12.27036,0.8142,,50400.00,-3207.38528,6792.61472,0.328258,0.587500,0.652574,-1.734122
241,EURUSD,sell,2008-06-05T21:00:00+00:00,2008-06-06T05:00:00+00:00,1.55751,1.56161,1.56110,1.55175,21799.4285,-89.41467,-1.1447,,28800.00,-3296.79995,6703.20005,0.337101,0.585062,0.646315,-1.801492
242,EURUSD,buy,2008-06-10T17:00:00+00:00,2008-06-11T06:00:00+00:00,1.54581,1.54890,1.54226,1.55153,16266.2181,50.25439,,,46800.00,-3246.54556,6781.93299,0.329315,0.586777,0.651706,-1.747363
243,EURUSD,buy,2008-06-10T17:00:00+00:00,2008-06-11T06:00:00+00:00,1.54581,1.55107,1.54581,1.55153,5422.0727,28.47855,,,46800.00,-3218.06701,6781.93299,0.329315,0.588477,0.654761,-1.747363
244,EURUSD,buy,2008-06-14T11:00:00+00:00,2008-06-16T05:00:00+00:00,1.53819,1.54127,1.53465,1.54388,16538.8259,50.84466,,,151200.00,-3167.22235,6830.07394,0.324554,0.590164,0.660216,-1.714364
245,EURUSD,buy,2008-06-14T11:00:00+00:00,2008-06-16T06:00:00+00:00,1.53819,1.53843,1.53894,1.54388,5512.9420,1.30664,0.3166,,154800.00,-3165.91571,6882.51112,0.319368,0.591837,0.660356,-1.674100
246,EURUSD,sell,2008-06-16T05:00:00+00:00,2008-06-16T06:00:00+00:00,1.53910,1.53602,1.54264,1.53340,16643.0124,51.26582,,,3600.00,-3114.64989,6882.51112,0.319368,0.593496,0.665856,-1.674100
247,EURUSD,sell,2008-06-16T05:00:00+00:00,2008-06-16T06:00:00+00:00,1.53910,1.53961,1.53910,1.53340,5547.6708,-2.83899,,,3600.00,-3117.48888,6882.51112,0.319368,0.591093,0.665653,-1.674100
248,EURUSD,buy,2008-06-17T20:00:00+00:00,2008-06-18T05:00:00+00:00,1.55129,1.54720,1.54772,1.55702,22189.9096,-90.56116,-1.1442,,32400.00,-3208.05004,6791.94996,0.328324,0.588710,0.659250,-1.721844
249,EURUSD,buy,2008-06-18T20:00:00+00:00,2008-06-19T00:00:00+00:00,1.55370,1.55680,1.55012,1.55944,16397.9658,50.91976,,,14400.00,-3157.13028,6861.25747,0.321470,0.590361,0.664659,-1.713248
250,EURUSD,buy,2008-06-18T20:00:00+00:00,2008-06-19T01:00:00+00:00,1.55370,1.55429,1.55481,1.55944,5465.9886,3.26649,0.5364,,18000.00,-3153.86379,6846.13621,0.322965,0.592000,0.665006,-1.723099
251,EURUSD,sell,2008-06-21T23:00:00+00:00,2008-06-23T07:00:00+00:00,1.56057,1.55745,1.56416,1.55480,16446.0941,51.36605,,,115200.00,-3102.49774,6926.60861,0.315007,0.593625,0.670462,-1.629387
252,EURUSD,sell,2008-06-21T23:00:00+00:00,2008-06-23T07:00:00+00:00,1.56057,1.55526,1.56057,1.55480,5482.0314,29.10635,,,115200.00,-3073.39139,6926.60861,0.315007,0.595238,0.673553,-1.629387
253,EURUSD,sell,2008-06-23T09:00:00+00:00,2008-06-23T12:00:00+00:00,1.55154,1.54844,1.55511,1.54580,16736.2209,51.96982,,,10800.00,-3021.42157,6975.70271,0.310152,0.596838,0.679073,-1.587486
254,EURUSD,sell,2008-06-23T09:00:00+00:00,2008-06-23T12:00:00+00:00,1.55154,1.55206,1.55154,1.54580,5578.7403,-2.87572,,,10800.00,-3024.29729,6975.70271,0.310152,0.594488,0.678866,-1.587486
255,EURUSD,sell,2008-06-27T19:00:00+00:00,2008-06-30T07:00:00+00:00,1.57813,1.58228,1.58176,1.57229,22094.5861,-91.81012,-1.1445,,216000.00,-3116.10741,6883.89259,0.319232,0.592157,0.672312,-1.647231
256,EURUSD,sell,2008-07-01T23:00:00+00:00,2008-07-02T05:00:00+00:00,1.57825,1.58240,1.58188,1.57241,21802.1327,-90.60169,-1.1445,,21600.00,-3206.70910,6793.29090,0.328191,0.589844,0.665967,-1.678851
257,EURUSD,sell,2008-07-05T11:00:00+00:00,2008-07-07T00:00:00+00:00,1.56994,1.56680,1.57355,1.56413,16221.7770,50.96955,,,133200.00,-3155.73955,6870.64180,0.320542,0.591440,0.671276,-1.661681
258,EURUSD,sell,2008-07-05T11:00:00+00:00,2008-07-07T01:00:00+00:00,1.56994,1.56726,1.56674,1.56413,5407.2590,14.48518,0.8374,,136800.00,-3141.25437,6858.74563,0.321718,0.593023,0.672785,-1.669198
259,EURUSD,sell,2008-07-08T12:00:00+00:00,2008-07-08T15:00:00+00:00,1.56771,1.56457,1.57132,1.56191,16401.3673,51.46065,,,10800.00,-3089.79371,6907.36159,0.316911,0.594595,0.678145,-1.634803
260,EURUSD,sell,2008-07-08T12:00:00+00:00,2008-07-08T15:00:00+00:00,1.56771,1.56823,1.56771,1.56191,5467.1224,-2.84470,,,10800.00,-3092.63841,6907.36159,0.316911,0.592308,0.677944,-1.634803
261,EURUSD,sell,2008-07-13T04:00:00+00:00,2008-07-13T23:00:00+00:00,1.59395,1.59076,1.59762,1.58805,16245.6840,51.82542,,,68400.00,-3040.81299,6981.12773,0.309616,0.593870,0.683341,-1.577028
262,EURUSD,sell,2008-07-13T04:00:00+00:00,2008-07-14T00:00:00+00:00,1.59395,1.59082,1.59029,1.58805,5415.2280,16.97441,0.8560,,72000.00,-3023.83859,6976.16141,0.310107,0.595420,0.685109,-1.575608
263,EURUSD,sell,2008-07-15T08:00:00+00:00,2008-07-15T09:00:00+00:00,1.59674,1.60094,1.60041,1.59083,21838.4487,-91.80328,-1.1443,,3600.00,-3115.64187,6884.35813,0.319186,0.593156,0.678621,-1.625627
264,EURUSD,sell,2008-07-18T17:00:00+00:00,2008-07-21T07:00:00+00:00,1.58387,1.58804,1.58752,1.57801,21726.1279,-90.60394,-1.1444,,223200.00,-3206.24581,6730.42561,0.334408,0.590909,0.672338,-1.674327
265,EURUSD,sell,2008-07-19T23:00:00+00:00,2008-07-21T08:00:00+00:00,1.58416,1.58834,1.58781,1.57830,21722.1518,-90.60374,-1.1444,,118800.00,-3296.84955,6703.15045,0.337106,0.588679,0.666170,-1.687042
266,EURUSD,buy,2008-07-23T15:00:00+00:00,2008-07-23T18:00:00+00:00,1.57109,1.56696,1.56748,1.57690,21339.1860,-88.18749,-1.1440,,10800.00,-3385.03703,6614.96297,0.345827,0.586466,0.660274,-1.734323
267,EURUSD,sell,2008-07-25T17:00:00+00:00,2008-07-28T03:00:00+00:00,1.56837,1.57250,1.57198,1.56256,21082.3378,-87.06880,-1.1446,,208800.00,-3472.10583,6537.76389,0.353461,0.584270,0.654554,-1.769082
268,EURUSD,buy,2008-07-26T19:00:00+00:00,2008-07-28T10:00:00+00:00,1.57131,1.57445,1.56770,1.57712,15791.6218,49.59287,,,140400.00,-3422.51296,6600.90469,0.347217,0.585821,0.659488,-1.726474
269,EURUSD,buy,2008-07-26T19:00:00+00:00,2008-07-28T11:00:00+00:00,1.57131,1.57378,1.57430,1.57712,5263.8739,12.98320,0.8253,,144000.00,-3409.52975,6590.47025,0.348249,0.587361,0.660780,-1.733953
270,EURUSD,sell,2008-07-29T10:00:00+00:00,2008-07-29T12:00:00+00:00,1.57240,1.56925,1.57602,1.56658,15712.8456,49.44780,,,7200.00,-3360.08195,6655.51640,0.341816,0.588889,0.665699,-1.687287
271,EURUSD,sell,2008-07-29T10:00:00+00:00,2008-07-29T13:00:00+00:00,1.57240,1.57014,1.56962,1.56658,5237.6152,11.82254,0.8125,,10800.00,-3348.25941,6651.74059,0.342190,0.590406,0.666876,-1.690081
272,EURUSD,buy,2008-08-07T17:00:00+00:00,2008-08-08T00:00:00+00:00,1.53285,1.52882,1.52933,1.53852,21703.8110,-87.53754,-1.1444,,25200.00,-3435.79694,6564.20306,0.350847,0.588235,0.661118,-1.698400
273,EURUSD,buy,2008-08-12T18:00:00+00:00,2008-08-12T23:00:00+00:00,1.49184,1.48791,1.48841,1.49736,22006.9970,-86.41497,-1.1447,,18000.00,-3522.21191,6477.78809,0.359392,0.586081,0.655530,-1.741573
274,EURUSD,sell,2008-08-19T22:00:00+00:00,2008-08-19T23:00:00+00:00,1.47683,1.48072,1.48022,1.47136,21924.8617,-85.32725,-1.1454,,3600.00,-3607.53916,6392.46084,0.367831,0.583942,0.650105,-1.779682
275,EURUSD,buy,2008-08-24T13:00:00+00:00,2008-08-25T00:00:00+00:00,1.47887,1.47498,1.47547,1.48434,21619.0852,-84.16344,-1.1449,,39600.00,-3691.70260,6308.29740,0.376154,0.581818,0.644841,-1.781873
276,EURUSD,sell,2008-08-27T05:00:00+00:00,2008-08-27T07:00:00+00:00,1.46893,1.47280,1.47231,1.46349,21465.9936,-83.10041,-1.1455,,7200.00,-3774.80302,6225.19698,0.384372,0.579710,0.639727,-1.826740
277,EURUSD,sell,2008-08-28T18:00:00+00:00,2008-08-29T01:00:00+00:00,1.46962,1.47349,1.47300,1.46418,21173.2752,-82.00522,-1.1455,,25200.00,-3856.80824,6143.19176,0.392482,0.577617,0.634759,-1.867939
278,EURUSD,buy,2008-09-01T11:00:00+00:00,2008-09-01T14:00:00+00:00,1.46241,1.45856,1.45905,1.46782,21009.9789,-80.89325,-1.1450,,10800.00,-3937.70148,6062.29852,0.400481,0.575540,0.629933,-1.910475
279,EURUSD,buy,2008-09-04T06:00:00+00:00,2008-09-04T10:00:00+00:00,1.45109,1.44726,1.44775,1.45645,20895.1109,-79.83614,-1.1452,,14400.00,-4017.53762,5982.46238,0.408377,0.573477,0.625242,-1.952568
280,EURUSD,sell,2008-09-06T05:00:00+00:00,2008-09-07T21:00:00+00:00,1.42552,1.42928,1.42880,1.42025,20977.1113,-78.83913,-1.1459,,144000.00,-4096.37675,5903.62325,0.416173,0.571429,0.620678,-1.995646
281,EURUSD,buy,2008-09-08T14:00:00+00:00,2008-09-08T15:00:00+00:00,1.42081,1.41706,1.41754,1.42606,20781.8445,-77.76817,-1.1455,,3600.00,-4174.14492,5825.85508,0.423864,0.569395,0.616240,-2.040250
282,EURUSD,sell,2008-09-11T18:00:00+00:00,2008-09-11T20:00:00+00:00,1.39437,1.39805,1.39758,1.38921,20884.3449,-76.79812,-1.1463,,7200.00,-4250.94304,5749.05696,0.431459,0.567376,0.611919,-2.081157
283,EURUSD,sell,2008-09-16T15:00:00+00:00,2008-09-16T18:00:00+00:00,1.41441,1.41157,1.41766,1.40917,15237.8474,43.13474,,,10800.00,-4207.80830,5789.78241,0.427431,0.568905,0.615857,-2.042545
284,EURUSD,sell,2008-09-16T15:00:00+00:00,2008-09-16T18:00:00+00:00,1.41441,1.41488,1.41441,1.40917,5079.2825,-2.40929,,,10800.00,-4210.21759,5789.78241,0.427431,0.566901,0.615722,-2.042545
285,EURUSD,sell,2008-09-17T16:00:00+00:00,2008-09-17T17:00:00+00:00,1.41648,1.42022,1.41974,1.41124,20431.0168,-76.30640,-1.1460,,3600.00,-4286.52399,5713.47601,0.434978,0.564912,0.611463,-2.086381
286,EURUSD,buy,2008-09-20T08:00:00+00:00,2008-09-21T22:00:00+00:00,1.44686,1.44305,1.44354,1.45222,19750.2679,-75.24526,-1.1452,,136800.00,-4361.76925,5638.23075,0.442419,0.562937,0.607321,-2.126176
287,EURUSD,sell,2008-09-22T07:00:00+00:00,2008-09-22T08:00:00+00:00,1.45524,1.45908,1.45859,1.44986,19366.3125,-74.28252,-1.1456,,3600.00,-4436.05177,5563.94823,0.449765,0.560976,0.603287,-2.169339
288,EURUSD,sell,2008-09-26T10:00:00+00:00,2008-09-26T11:00:00+00:00,1.45837,1.46222,1.46173,1.45297,19070.1607,-73.30181,-1.1456,,3600.00,-4509.35359,5490.64641,0.457014,0.559028,0.599358,-2.206886
289,EURUSD,sell,2008-09-29T08:00:00+00:00,2008-09-29T09:00:00+00:00,1.43485,1.43198,1.43815,1.42954,14345.5800,41.19591,,,3600.00,-4468.15768,5529.54478,0.453167,0.560554,0.603018,-2.171949
290,EURUSD,sell,2008-09-29T08:00:00+00:00,2008-09-29T09:00:00+00:00,1.43485,1.43533,1.43485,1.42954,4781.8600,-2.29754,,,3600.00,-4470.45522,5529.54478,0.453167,0.558621,0.602895,-2.171949
291,EURUSD,sell,2008-10-03T02:00:00+00:00,2008-10-03T04:00:00+00:00,1.38298,1.38663,1.38617,1.37787,19985.3433,-72.90024,-1.1464,,7200.00,-4543.35545,5456.64455,0.460376,0.556701,0.599016,-2.209152
292,EURUSD,sell,2008-10-05T23:00:00+00:00,2008-10-06T00:00:00+00:00,1.36449,1.36176,1.36763,1.35944,14991.8800,40.94079,,,3600.00,-4502.41466,5495.28977,0.456555,0.558219,0.602629,-2.209614
293,EURUSD,sell,2008-10-05T23:00:00+00:00,2008-10-06T00:00:00+00:00,1.36449,1.36495,1.36449,1.35944,4997.2933,-2.29557,,,3600.00,-4504.71023,5495.28977,0.456555,0.556314,0.602507,-2.209614
294,EURUSD,sell,2008-10-09T11:00:00+00:00,2008-10-09T12:00:00+00:00,1.36843,1.37204,1.37158,1.36336,20072.7980,-72.45919,-1.1466,,3600.00,-4577.16942,5422.83058,0.463720,0.554422,0.598679,-2.248073
295,EURUSD,sell,2008-10-10T17:00:00+00:00,2008-10-10T18:00:00+00:00,1.33678,1.33410,1.33985,1.33183,15207.8364,40.68709,,,3600.00,-4536.48233,5461.23118,0.459923,0.555932,0.602246,-2.217064
296,EURUSD,sell,2008-10-10T17:00:00+00:00,2008-10-10T18:00:00+00:00,1.33678,1.33723,1.33678,1.33183,5069.2788,-2.28649,,,3600.00,-4538.76882,5461.23118,0.459923,0.554054,0.602126,-2.217064
297,EURUSD,sell,2008-10-12T02:00:00+00:00,2008-10-12T21:00:00+00:00,1.33828,1.34181,1.34136,1.33333,20397.8217,-72.03259,-1.1469,,68400.00,-4610.80141,5389.19859,0.467046,0.552189,0.598347,-2.256999
298,EURUSD,sell,2008-10-18T00:00:00+00:00,2008-10-19T23:00:00+00:00,1.33998,1.34351,1.34306,1.33502,20103.2491,-71.08121,-1.1469,,169200.00,-4681.88262,5318.11738,0.474076,0.550336,0.594665,-2.283583
299,EURUSD,buy,2008-10-22T18:00:00+00:00,2008-10-22T19:00:00+00:00,1.28681,1.28341,1.28385,1.29157,20670.2219,-70.15277,-1.1471,,3600.00,-4752.03539,5247.96461,0.481013,0.548495,0.591075,-2.320995
300,EURUSD,buy,2008-10-26T18:00:00+00:00,2008-10-26T21:00:00+00:00,1.26238,1.25905,1.25948,1.26705,20792.2528,-69.24710,-1.1474,,10800.00,-4821.28249,5178.71751,0.487861,0.546667,0.587574,-2.356246
301,EURUSD,buy,2008-10-30T16:00:00+00:00,2008-10-30T17:00:00+00:00,1.28972,1.29229,1.28675,1.29449,15062.2344,38.82523,,,3600.00,-4782.45726,5215.34918,0.484239,0.548173,0.590895,-2.320454
302,EURUSD,buy,2008-10-30T16:00:00+00:00,2008-10-30T17:00:00+00:00,1.28972,1.28928,1.28972,1.29449,5020.7448,-2.19356,,,3600.00,-4784.65082,5215.34918,0.484239,0.546358,0.590785,-2.320454
303,EURUSD,sell,2008-11-03T20:00:00+00:00,2008-11-03T22:00:00+00:00,1.26372,1.26119,1.26663,1.25904,15471.5287,39.13037,,,7200.00,-4745.52045,5252.26645,0.480588,0.547855,0.594131,-2.284961
304,EURUSD,sell,2008-11-03T20:00:00+00:00,2008-11-03T22:00:00+00:00,1.26372,1.26415,1.26372,1.25904,5157.1762,-2.21311,,,7200.00,-4747.73355,5252.26645,0.480588,0.546053,0.594019,-2.284961
305,EURUSD,buy,2008-11-06T07:00:00+00:00,2008-11-06T08:00:00+00:00,1.28679,1.28936,1.28383,1.29155,15310.9446,39.37664,,,3600.00,-4708.35692,5289.41779,0.476914,0.547541,0.597386,-2.251503
306,EURUSD,buy,2008-11-06T07:00:00+00:00,2008-11-06T08:00:00+00:00,1.28679,1.28635,1.28679,1.29155,5103.6482,-2.22530,,,3600.00,-4710.58221,5289.41779,0.476914,0.545752,0.597272,-2.251503
307,EURUSD,sell,2008-11-07T07:00:00+00:00,2008-11-07T08:00:00+00:00,1.27682,1.28019,1.27975,1.27209,20707.0850,-69.81396,-1.1477,,3600.00,-4780.39618,5219.60382,0.483818,0.543974,0.593728,-2.291691
308,EURUSD,buy,2008-11-10T23:00:00+00:00,2008-11-11T00:00:00+00:00,1.27488,1.27152,1.27195,1.27960,20477.0648,-68.86274,-1.1472,,3600.00,-4849.25891,5150.74109,0.490628,0.542208,0.590274,-2.290253
309,EURUSD,buy,2008-11-14T08:00:00+00:00,2008-11-14T09:00:00+00:00,1.26968,1.26633,1.26676,1.27438,20289.6915,-67.95836,-1.1473,,3600.00,-4917.21728,5082.78272,0.497349,0.540453,0.586904,-2.326570
310,EURUSD,buy,2008-11-19T16:00:00+00:00,2008-11-19T17:00:00+00:00,1.25968,1.25635,1.25678,1.26434,20180.9844,-67.06967,-1.1474,,3600.00,-4984.28695,5015.71305,0.503981,0.538710,0.583616,-2.359045
311,EURUSD,sell,2008-11-21T23:00:00+00:00,2008-11-23T23:00:00+00:00,1.25817,1.26150,1.26107,1.25352,19926.5546,-66.21594,-1.1480,,172800.00,-5050.50289,4949.49711,0.510530,0.536977,0.580405,-2.397988
312,EURUSD,sell,2008-11-24T04:00:00+00:00,2008-11-24T06:00:00+00:00,1.26392,1.26726,1.26683,1.25924,19574.0612,-65.33731,-1.1479,,7200.00,-5115.84020,4884.15980,0.516991,0.535256,0.577271,-2.436831
313,EURUSD,sell,2008-12-02T09:00:00+00:00,2008-12-02T10:00:00+00:00,1.26272,1.26606,1.26563,1.25805,19334.0187,-64.47572,-1.1479,,3600.00,-5180.31592,4819.68408,0.523367,0.533546,0.574212,-2.462774
314,EURUSD,buy,2008-12-06T15:00:00+00:00,2008-12-08T00:00:00+00:00,1.27205,1.27459,1.26913,1.27676,14212.6615,36.13353,,,118800.00,-5144.18239,4874.99759,0.517897,0.535032,0.577182,-2.439020
315,EURUSD,buy,2008-12-06T15:00:00+00:00,2008-12-08T01:00:00+00:00,1.27205,1.27482,1.27525,1.27676,4737.5538,13.10378,0.8648,,122400.00,-5131.07860,4868.92140,0.518498,0.536508,0.578259,-2.443414
316,EURUSD,sell,2008-12-09T13:00:00+00:00,2008-12-09T14:00:00+00:00,1.28232,1.28570,1.28527,1.27757,18979.1900,-64.25983,-1.1476,,3600.00,-5195.33843,4804.66157,0.524853,0.534810,0.575221,-2.481457
317,EURUSD,buy,2008-12-15T06:00:00+00:00,2008-12-15T07:00:00+00:00,1.34780,1.34425,1.34471,1.35279,17829.3809,-63.33739,-1.1463,,3600.00,-5258.67582,4741.32418,0.531116,0.533123,0.572257,-2.510197
318,EURUSD,sell,2008-12-16T09:00:00+00:00,2008-12-16T12:00:00+00:00,1.36459,1.36819,1.36773,1.35954,17367.4878,-62.52007,-1.1466,,10800.00,-5321.19589,4678.80411,0.537299,0.531447,0.569362,-2.547645
319,EURUSD,buy,2008-12-26T06:00:00+00:00,2008-12-26T08:00:00+00:00,1.40507,1.40788,1.40184,1.41027,12491.0230,35.07735,,,7200.00,-5286.11855,4717.95604,0.533427,0.532915,0.572201,-2.497266
320,EURUSD,buy,2008-12-26T06:00:00+00:00,2008-12-26T09:00:00+00:00,1.40507,1.40513,1.40560,1.41027,4163.6743,0.23708,0.1077,,10800.00,-5285.88147,4714.11853,0.533807,0.534375,0.572220,-2.500690
321,EURUSD,buy,2008-12-28T19:00:00+00:00,2008-12-28T22:00:00+00:00,1.40257,1.40537,1.39935,1.40776,12607.7413,35.34210,,,10800.00,-5250.53937,4769.48856,0.528331,0.535826,0.575080,-2.450392
322,EURUSD,buy,2008-12-28T19:00:00+00:00,2008-12-28T22:00:00+00:00,1.40257,1.40734,1.40257,1.40776,4202.5804,20.02793,,,10800.00,-5230.51144,4769.48856,0.528331,0.537267,0.576701,-2.450392
323,EURUSD,buy,2008-12-30T21:00:00+00:00,2008-12-30T22:00:00+00:00,1.40597,1.40878,1.40274,1.41117,12724.9704,35.75721,,,3600.00,-5194.75422,4803.24466,0.524993,0.538700,0.579595,-2.420284
324,EURUSD,buy,2008-12-30T21:00:00+00:00,2008-12-30T22:00:00+00:00,1.40597,1.40550,1.40597,1.41117,4241.6568,-2.00111,,,3600.00,-5196.75534,4803.24466,0.524993,0.537037,0.579501,-2.420284
325,EURUSD,sell,2009-01-01T21:00:00+00:00,2009-01-01T23:00:00+00:00,1.40329,1.40048,1.40652,1.39810,12831.8296,36.03838,,,7200.00,-5160.71695,4859.70404,0.519410,0.538462,0.582417,-2.370642
326,EURUSD,sell,2009-01-01T21:00:00+00:00,2009-01-01T23:00:00+00:00,1.40329,1.39851,1.40329,1.39810,4277.2765,20.42099,,,7200.00,-5140.29596,4859.70404,0.519410,0.539877,0.584069,-2.370642
327,EURUSD,sell,2009-01-04T05:00:00+00:00,2009-01-04T22:00:00+00:00,1.39120,1.38842,1.39440,1.38605,13095.4500,36.46199,,,61200.00,-5103.83396,4908.39943,0.514594,0.541284,0.587020,-2.327235
328,EURUSD,sell,2009-01-04T05:00:00+00:00,2009-01-04T23:00:00+00:00,1.39120,1.39077,1.39030,1.38605,4365.1500,1.90063,0.4824,,64800.00,-5101.93334,4898.06666,0.515616,0.542683,0.587174,-2.336031
329,EURUSD,buy,2009-01-05T22:00:00+00:00,2009-01-06T00:00:00+00:00,1.36316,1.35957,1.36002,1.36820,17971.2591,-64.55847,-1.1461,,7200.00,-5166.49180,4833.50820,0.522000,0.541033,0.584122,-2.326465
330,EURUSD,sell,2009-01-07T13:00:00+00:00,2009-01-07T14:00:00+00:00,1.37154,1.36879,1.37469,1.36646,13211.6008,36.26545,,,3600.00,-5130.22635,4867.74137,0.518615,0.542424,0.587041,-2.298605
331,EURUSD,sell,2009-01-07T13:00:00+00:00,2009-01-07T14:00:00+00:00,1.37154,1.37200,1.37154,1.36646,4403.8669,-2.03228,,,3600.00,-5132.25863,4867.74137,0.518615,0.540785,0.586945,-2.298605
332,EURUSD,buy,2009-01-09T22:00:00+00:00,2009-01-11T23:00:00+00:00,1.34712,1.34357,1.34403,1.35211,18072.5814,-64.16939,-1.1463,,176400.00,-5196.42803,4803.57197,0.524961,0.539157,0.583930,-2.313152
333,EURUSD,buy,2009-01-12T11:00:00+00:00,2009-01-12T13:00:00+00:00,1.34155,1.33802,1.33847,1.34651,17908.4069,-63.32718,-1.1464,,7200.00,-5259.75520,4740.24480,0.531223,0.537538,0.580984,-2.349934
334,EURUSD,sell,2009-01-14T17:00:00+00:00,2009-01-14T20:00:00+00:00,1.31680,1.31417,1.31983,1.31193,13495.2308,35.56570,,,10800.00,-5224.18950,4773.80845,0.527904,0.538922,0.583817,-2.320660
335,EURUSD,sell,2009-01-14T17:00:00+00:00,2009-01-14T20:00:00+00:00,1.31680,1.31725,1.31680,1.31193,4498.4103,-2.00205,,,10800.00,-5226.19155,4773.80845,0.527904,0.537313,0.583724,-2.320660
336,EURUSD,buy,2009-01-17T06:00:00+00:00,2009-01-18T22:00:00+00:00,1.32733,1.32998,1.32428,1.33224,13491.1274,35.78960,,,144000.00,-5190.40195,4829.87958,0.522359,0.538690,0.586575,-2.267779
337,EURUSD,buy,2009-01-17T06:00:00+00:00,2009-01-18T22:00:00+00:00,1.32733,1.33184,1.32733,1.33224,4497.0425,20.28153,,,144000.00,-5170.12042,4829.87958,0.522359,0.540059,0.588190,-2.267779
338,EURUSD,sell,2009-01-19T22:00:00+00:00,2009-01-19T23:00:00+00:00,1.30571,1.30915,1.30871,1.30088,18489.7005,-63.72769,-1.1473,,3600.00,-5233.84811,4766.15189,0.528661,0.538462,0.585220,-2.304300
339,EURUSD,buy,2009-01-24T04:00:00+00:00,2009-01-25T22:00:00+00:00,1.29797,1.29455,1.29498,1.30277,18365.5416,-62.86368,-1.1469,,151200.00,-5296.71179,4640.42453,0.541095,0.536873,0.582319,-2.359982
340,EURUSD,buy,2009-01-25T12:00:00+00:00,2009-01-25T22:00:00+00:00,1.29797,1.29455,1.29498,1.30277,18365.5416,-62.86368,-1.1469,,36000.00,-5359.57547,4640.42453,0.541095,0.535294,0.579446,-2.359982
341,EURUSD,sell,2009-01-29T01:00:00+00:00,2009-01-29T03:00:00+00:00,1.31271,1.31008,1.31573,1.30785,13252.2976,34.81676,,,7200.00,-5324.75871,4691.61261,0.536033,0.536657,0.582178,-2.312523
342,EURUSD,sell,2009-01-29T01:00:00+00:00,2009-01-29T04:00:00+00:00,1.31271,1.31309,1.31265,1.30785,4417.4325,-1.71282,-6.9153,,10800.00,-5326.47152,4673.52848,0.537821,0.535088,0.582100,-2.328049
343,EURUSD,sell,2009-01-30T02:00:00+00:00,2009-01-30T07:00:00+00:00,1.29036,1.28778,1.29333,1.28559,13577.9444,35.06513,,,18000.00,-5291.40639,4706.61520,0.534549,0.536443,0.584851,-2.301193
344,EURUSD,sell,2009-01-30T02:00:00+00:00,2009-01-30T07:00:00+00:00,1.29036,1.29080,1.29036,1.28559,4525.9815,-1.97841,,,18000.00,-5293.38480,4706.61520,0.534549,0.534884,0.584760,-2.301193
345,EURUSD,sell,2009-01-31T02:00:00+00:00,2009-02-01T22:00:00+00:00,1.28189,1.27932,1.28483,1.27714,13764.5012,35.31338,,,158400.00,-5258.07142,4761.93875,0.529078,0.536232,0.587530,-2.252847
346,EURUSD,sell,2009-01-31T02:00:00+00:00,2009-02-01T22:00:00+00:00,1.28189,1.27752,1.28189,1.27714,4588.1671,20.01017,,,158400.00,-5238.06125,4761.93875,0.529078,0.537572,0.589100,-2.252847
347,EURUSD,buy,2009-02-02T20:00:00+00:00,2009-02-02T22:00:00+00:00,1.28459,1.28120,1.28163,1.28934,18540.4873,-62.81766,-1.1471,,7200.00,-5300.87891,4699.12109,0.535290,0.536023,0.586211,-2.288492
348,EURUSD,buy,2009-02-07T18:00:00+00:00,2009-02-08T22:00:00+00:00,1.29251,1.29509,1.28954,1.29729,13637.8232,35.22966,,,100800.00,-5265.64925,4754.31818,0.529831,0.537356,0.588961,-2.264955
349,EURUSD,buy,2009-02-07T18:00:00+00:00,2009-02-08T23:00:00+00:00,1.29251,1.29536,1.29580,1.29729,4545.9411,12.97247,0.8667,,104400.00,-5252.67678,4747.32322,0.530523,0.538682,0.589974,-2.270296
350,EURUSD,sell,2009-02-11T11:00:00+00:00,2009-02-11T12:00:00+00:00,1.29351,1.29693,1.29649,1.28872,18345.0159,-62.64697,-1.1475,,3600.00,-5315.32375,4684.67625,0.536719,0.537143,0.587103,-2.302589
351,EURUSD,buy,2009-02-13T11:00:00+00:00,2009-02-13T13:00:00+00:00,1.28579,1.28239,1.28283,1.29054,18222.6399,-61.79760,-1.1471,,7200.00,-5377.12134,4622.87866,0.542830,0.535613,0.584298,-2.336142
352,EURUSD,sell,2009-02-16T17:00:00+00:00,2009-02-16T21:00:00+00:00,1.27682,1.28019,1.27975,1.27209,18097.7085,-61.01645,-1.1477,,14400.00,-5438.13779,4561.86221,0.548864,0.534091,0.581555,-2.367927
353,EURUSD,buy,2009-02-17T21:00:00+00:00,2009-02-18T06:00:00+00:00,1.25853,1.26104,1.25563,1.26318,13596.9346,34.20062,,,32400.00,-5403.93717,4594.12507,0.545673,0.535411,0.584186,-2.335624
354,EURUSD,buy,2009-02-17T21:00:00+00:00,2009-02-18T06:00:00+00:00,1.25853,1.25810,1.25853,1.26318,4532.3115,-1.93776,,,32400.00,-5405.87493,4594.12507,0.545673,0.533898,0.584099,-2.335624
355,EURUSD,sell,2009-02-24T05:00:00+00:00,2009-02-24T07:00:00+00:00,1.27357,1.27102,1.27650,1.26885,13523.2694,34.46938,,,7200.00,-5371.40555,4626.64671,0.542457,0.535211,0.586751,-2.302003
356,EURUSD,sell,2009-02-24T05:00:00+00:00,2009-02-24T07:00:00+00:00,1.27357,1.27400,1.27357,1.26885,4507.7565,-1.94774,,,7200.00,-5373.35329,4626.64671,0.542457,0.533708,0.586663,-2.302003
357,EURUSD,sell,2009-02-26T10:00:00+00:00,2009-02-26T11:00:00+00:00,1.27492,1.27828,1.27785,1.27020,18139.4445,-61.06753,-1.1477,,3600.00,-5434.42082,4565.57918,0.548496,0.532213,0.583920,-2.335051
358,EURUSD,buy,2009-03-05T04:00:00+00:00,2009-03-05T06:00:00+00:00,1.26188,1.25855,1.25898,1.26655,18095.8350,-60.24335,-1.1474,,7200.00,-5494.66417,4505.33583,0.554454,0.530726,0.581239,-2.360247
359,EURUSD,sell,2009-03-07T01:00:00+00:00,2009-03-08T23:00:00+00:00,1.26544,1.26878,1.26835,1.26076,17796.1157,-59.47295,-1.1479,,165600.00,-5554.13712,4445.86288,0.560336,0.529248,0.578617,-2.392548
360,EURUSD,sell,2009-03-09T05:00:00+00:00,2009-03-09T06:00:00+00:00,1.26572,1.26319,1.26863,1.26104,13167.9850,33.35698,,,3600.00,-5520.78015,4477.33362,0.557223,0.530556,0.581148,-2.366825
361,EURUSD,sell,2009-03-09T05:00:00+00:00,2009-03-09T06:00:00+00:00,1.26572,1.26615,1.26572,1.26104,4389.3283,-1.88623,,,3600.00,-5522.66638,4477.33362,0.557223,0.529086,0.581064,-2.366825
362,EURUSD,sell,2009-03-10T13:00:00+00:00,2009-03-10T15:00:00+00:00,1.27852,1.27596,1.28146,1.27378,13128.4706,33.59310,,,7200.00,-5489.07328,4525.87712,0.552423,0.530387,0.583613,-2.326952
363,EURUSD,sell,2009-03-10T13:00:00+00:00,2009-03-10T16:00:00+00:00,1.27852,1.27803,1.27760,1.27378,4376.1569,2.11384,0.5271,,10800.00,-5486.95944,4513.04056,0.553692,0.531680,0.583773,-2.337886
364,EURUSD,sell,2009-03-14T16:00:00+00:00,2009-03-15T21:00:00+00:00,1.29239,1.28981,1.29537,1.28761,13091.0921,33.86100,,,104400.00,-5453.09844,4560.52575,0.548996,0.532967,0.586342,-2.292264
365,EURUSD,sell,2009-03-14T16:00:00+00:00,2009-03-15T22:00:00+00:00,1.29239,1.28984,1.28940,1.28761,4363.6974,11.15069,0.8540,,108000.00,-5441.94775,4558.05225,0.549241,0.534247,0.587187,-2.294428
366,EURUSD,buy,2009-03-19T03:00:00+00:00,2009-03-19T06:00:00+00:00,1.34585,1.34231,1.34276,1.35083,16938.7649,-60.08769,-1.1463,,10800.00,-5502.03544,4497.96456,0.555183,0.532787,0.584523,-2.323775
367,EURUSD,sell,2009-03-20T09:00:00+00:00,2009-03-20T10:00:00+00:00,1.36749,1.36475,1.37064,1.36243,12330.8481,33.74789,,,3600.00,-5468.28755,4529.82065,0.552033,0.534060,0.587072,-2.298511
368,EURUSD,sell,2009-03-20T09:00:00+00:00,2009-03-20T10:00:00+00:00,1.36749,1.36795,1.36749,1.36243,4110.2827,-1.89181,,,3600.00,-5470.17935,4529.82065,0.552033,0.532609,0.586988,-2.298511
369,EURUSD,buy,2009-03-25T05:00:00+00:00,2009-03-25T07:00:00+00:00,1.34885,1.34530,1.34575,1.35384,16796.3983,-59.71365,-1.1463,,7200.00,-5529.89300,4470.10700,0.557938,0.531165,0.584353,-2.326195
370,EURUSD,sell,2009-03-26T22:00:00+00:00,2009-03-27T00:00:00+00:00,1.35274,1.35631,1.35586,1.34774,16517.4112,-58.95092,-1.1468,,7200.00,-5588.84392,4411.15608,0.563768,0.529730,0.581775,-2.322780
371,EURUSD,sell,2009-03-31T20:00:00+00:00,2009-04-01T00:00:00+00:00,1.32455,1.32190,1.32760,1.31965,12484.8751,33.09657,,,14400.00,-5555.74735,4442.39082,0.560679,0.530997,0.584252,-2.327206
372,EURUSD,sell,2009-03-31T20:00:00+00:00,2009-04-01T00:00:00+00:00,1.32455,1.32500,1.32455,1.31965,4161.6250,-1.86183,,,14400.00,-5557.60918,4442.39082,0.560679,0.529570,0.584171,-2.327206
373,EURUSD,sell,2009-04-04T04:00:00+00:00,2009-04-05T21:00:00+00:00,1.34769,1.35124,1.35079,1.34270,16476.6107,-58.58849,-1.1468,,147600.00,-5616.19766,4383.80234,0.566473,0.528150,0.581621,-2.357213
374,EURUSD,sell,2009-04-09T02:00:00+00:00,2009-04-09T06:00:00+00:00,1.32495,1.32845,1.32800,1.32005,16538.2817,-57.82974,-1.1471,,14400.00,-5674.02741,4325.97259,0.572192,0.526738,0.579126,-2.385712
375,EURUSD,buy,2009-04-10T08:00:00+00:00,2009-04-10T19:00:00+00:00,1.31374,1.31637,1.31072,1.31860,12351.9224,32.43214,,,39600.00,-5641.59527,4373.86932,0.567455,0.528000,0.581532,-2.346160
376,EURUSD,buy,2009-04-10T08:00:00+00:00,2009-04-10T20:00:00+00:00,1.31374,1.31683,1.31728,1.31860,4117.3075,12.72588,0.8741,,43200.00,-5628.86938,4371.13062,0.567726,0.529255,0.582476,-2.348561
377,EURUSD,sell,2009-04-13T03:00:00+00:00,2009-04-13T06:00:00+00:00,1.31621,1.31968,1.31923,1.31133,16600.0707,-57.66806,-1.1472,,10800.00,-5686.53745,4313.46255,0.573429,0.527851,0.579995,-2.378354
378,EURUSD,buy,2009-04-17T07:00:00+00:00,2009-04-17T08:00:00+00:00,1.30929,1.30584,1.30628,1.31414,16477.4335,-56.88570,-1.1468,,3600.00,-5743.42315,4256.57685,0.579055,0.526455,0.577568,-2.406437
379,EURUSD,sell,2009-04-18T11:00:00+00:00,2009-04-19T23:00:00+00:00,1.30362,1.30101,1.30662,1.29879,12240.8288,31.93678,,,129600.00,-5711.48637,4286.71382,0.576074,0.527704,0.579917,-2.379429
380,EURUSD,sell,2009-04-18T11:00:00+00:00,2009-04-19T23:00:00+00:00,1.30362,1.30406,1.30362,1.29879,4080.2763,-1.79981,,,129600.00,-5713.28618,4286.71382,0.576074,0.526316,0.579840,-2.379429
381,EURUSD,buy,2009-04-22T07:00:00+00:00,2009-04-22T11:00:00+00:00,1.29299,1.29557,1.29001,1.29777,12436.3119,32.13781,,,14400.00,-5681.14837,4330.92406,0.571702,0.527559,0.582204,-2.340427
382,EURUSD,buy,2009-04-22T07:00:00+00:00,2009-04-22T12:00:00+00:00,1.29299,1.29316,1.29360,1.29777,4145.4373,0.72195,0.2845,,18000.00,-5680.42642,4319.57358,0.572825,0.528796,0.582257,-2.350006
383,EURUSD,sell,2009-04-28T04:00:00+00:00,2009-04-28T05:00:00+00:00,1.29866,1.30209,1.30165,1.29385,16625.8942,-56.99896,-1.1474,,3600.00,-5737.42538,4262.57462,0.578461,0.527415,0.579826,-2.375082
384,EURUSD,sell,2009-05-01T00:00:00+00:00,2009-05-01T05:00:00+00:00,1.32420,1.32770,1.32725,1.31930,16090.0446,-56.23100,-1.1471,,18000.00,-5793.65638,4206.34362,0.584022,0.526042,0.577448,-2.401044
385,EURUSD,buy,2009-05-03T04:00:00+00:00,2009-05-04T00:00:00+00:00,1.32757,1.33022,1.32452,1.33248,11885.2811,31.53527,,,72000.00,-5762.12111,4254.24829,0.579285,0.527273,0.579748,-2.383043
386,EURUSD,buy,2009-05-03T04:00:00+00:00,2009-05-04T01:00:00+00:00,1.32757,1.33080,1.33125,1.33248,3961.7604,12.80635,0.8780,,75600.00,-5749.31476,4250.68524,0.579637,0.528497,0.580682,-2.385512
387,EURUSD,buy,2009-05-04T17:00:00+00:00,2009-05-04T22:00:00+00:00,1.33910,1.34178,1.33602,1.34405,11907.1261,31.86771,,,18000.00,-5717.44705,4292.66761,0.575485,0.529716,0.583007,-2.353425
388,EURUSD,buy,2009-05-04T17:00:00+00:00,2009-05-04T23:00:00+00:00,1.33910,1.34085,1.34130,1.34405,3969.0420,6.93001,0.7942,,21600.00,-5710.51705,4289.48295,0.575800,0.530928,0.583512,-2.356086
389,EURUSD,sell,2009-05-10T19:00:00+00:00,2009-05-11T02:00:00+00:00,1.36293,1.36653,1.36607,1.35789,15731.5232,-56.56296,-1.1466,,25200.00,-5767.08000,4232.92000,0.581394,0.529563,0.581115,-2.381969
390,EURUSD,buy,2009-05-12T14:00:00+00:00,2009-05-12T15:00:00+00:00,1.36486,1.36759,1.36172,1.36991,11633.5886,31.73452,,,3600.00,-5735.34549,4262.87286,0.578432,0.530769,0.583420,-2.357994
391,EURUSD,buy,2009-05-12T14:00:00+00:00,2009-05-12T15:00:00+00:00,1.36486,1.36440,1.36486,1.36991,3877.8629,-1.78166,,,3600.00,-5737.12714,4262.87286,0.578432,0.529412,0.583344,-2.357994
392,EURUSD,sell,2009-05-15T15:00:00+00:00,2009-05-15T17:00:00+00:00,1.35334,1.35064,1.35646,1.34833,11808.5121,31.98402,,,7200.00,-5705.14313,4293.06191,0.575446,0.530612,0.585667,-2.331322
393,EURUSD,sell,2009-05-15T15:00:00+00:00,2009-05-15T17:00:00+00:00,1.35334,1.35380,1.35334,1.34833,3936.1707,-1.79497,,,7200.00,-5706.93809,4293.06191,0.575446,0.529262,0.585591,-2.331322
394,EURUSD,buy,2009-05-18T19:00:00+00:00,2009-05-19T06:00:00+00:00,1.35561,1.35832,1.35249,1.36062,11879.4142,32.18541,,,39600.00,-5674.75268,4323.43900,0.572442,0.530457,0.587928,-2.278941
395,EURUSD,buy,2009-05-18T19:00:00+00:00,2009-05-19T06:00:00+00:00,1.35561,1.35515,1.35561,1.36062,3959.8047,-1.80831,,,39600.00,-5676.56100,4323.43900,0.572442,0.529114,0.587851,-2.278941
396,EURUSD,buy,2009-05-23T00:00:00+00:00,2009-05-24T21:00:00+00:00,1.39996,1.40276,1.39674,1.40514,11584.4465,32.41315,,,162000.00,-5644.14785,4310.02216,0.573769,0.530303,0.590204,-2.276875
397,EURUSD,sell,2009-05-24T01:00:00+00:00,2009-05-24T21:00:00+00:00,1.39912,1.40281,1.40234,1.39394,15445.9287,-56.99021,-1.1462,,72000.00,-5701.13806,4310.02216,0.573769,0.528967,0.587772,-2.276875
398,EURUSD,buy,2009-05-23T00:00:00+00:00,2009-05-24T22:00:00+00:00,1.39996,1.40133,1.40180,1.40514,3861.4822,5.28874,0.7443,,165600.00,-5695.84932,4304.15068,0.574350,0.530151,0.588154,-2.280632
399,EURUSD,buy,2009-05-26T22:00:00+00:00,2009-05-27T01:00:00+00:00,1.39947,1.39578,1.39625,1.40465,15382.4048,-56.70994,-1.1457,,10800.00,-5752.55926,4247.44074,0.579958,0.528822,0.585752,-2.301345
400,EURUSD,sell,2009-05-29T09:00:00+00:00,2009-05-29T10:00:00+00:00,1.40718,1.41089,1.41042,1.40197,15087.5275,-55.98407,-1.1461,,3600.00,-5808.54333,4191.45667,0.585495,0.527500,0.583401,-2.331208
401,EURUSD,buy,2009-06-04T22:00:00+00:00,2009-06-05T01:00:00+00:00,1.41793,1.42076,1.41467,1.42317,11088.5097,31.42367,,,10800.00,-5777.11967,4229.25530,0.581756,0.528678,0.585654,-2.309720
402,EURUSD,buy,2009-06-04T22:00:00+00:00,2009-06-05T02:00:00+00:00,1.41793,1.41857,1.41905,1.42317,3696.1699,2.39900,0.5771,,14400.00,-5774.72067,4225.27933,0.582150,0.529851,0.585826,-2.312878
403,EURUSD,sell,2009-06-06T07:00:00+00:00,2009-06-08T01:00:00+00:00,1.39556,1.39924,1.39877,1.39040,15133.7388,-55.69822,-1.1463,,151200.00,-5830.41889,4169.58111,0.587658,0.528536,0.583495,-2.346336
404,EURUSD,sell,2009-06-08T05:00:00+00:00,2009-06-08T07:00:00+00:00,1.39558,1.39279,1.39879,1.39042,11200.5223,31.28405,,,7200.00,-5799.13483,4199.11531,0.584737,0.529703,0.585730,-2.327803
405,EURUSD,sell,2009-06-08T05:00:00+00:00,2009-06-08T07:00:00+00:00,1.39558,1.39605,1.39558,1.39042,3733.5074,-1.74986,,,7200.00,-5800.88469,4199.11531,0.584737,0.528395,0.585657,-2.327803
406,EURUSD,buy,2009-06-11T18:00:00+00:00,2009-06-11T20:00:00+00:00,1.41322,1.40950,1.40997,1.41845,14860.9687,-55.31873,-1.1456,,7200.00,-5856.20342,4143.79658,0.590208,0.527094,0.583352,-2.355914
407,EURUSD,sell,2009-06-15T18:00:00+00:00,2009-06-16T00:00:00+00:00,1.37855,1.37579,1.38172,1.37344,11268.8092,31.09059,,,21600.00,-5825.11282,4183.96350,0.586236,0.528256,0.585564,-2.336428
408,EURUSD,sell,2009-06-15T18:00:00+00:00,2009-06-16T01:00:00+00:00,1.37855,1.37822,1.37776,1.37344,3756.2697,1.21316,0.4107,,25200.00,-5823.89966,4176.10034,0.587013,0.529412,0.585650,-2.341679
409,EURUSD,sell,2009-06-21T16:00:00+00:00,2009-06-22T01:00:00+00:00,1.39332,1.39053,1.39653,1.38817,11236.2250,31.33297,,,32400.00,-5792.56669,4218.56420,0.582814,0.530562,0.587880,-2.337912
410,EURUSD,sell,2009-06-21T16:00:00+00:00,2009-06-22T02:00:00+00:00,1.39332,1.39152,1.39105,1.38817,3745.4083,6.75877,0.7943,,36000.00,-5785.80792,4214.19208,0.583246,0.531707,0.588360,-2.340780
411,EURUSD,sell,2009-06-23T15:00:00+00:00,2009-06-23T16:00:00+00:00,1.40293,1.40663,1.40616,1.39774,15014.7578,-55.54810,-1.1462,,3600.00,-5841.35603,4158.64397,0.588739,0.530414,0.586044,-2.371235
412,EURUSD,sell,2009-06-25T08:00:00+00:00,2009-06-25T10:00:00+00:00,1.39688,1.39409,1.40009,1.39171,11160.7492,31.20199,,,7200.00,-5810.15403,4203.35349,0.584318,0.531553,0.588256,-2.334347
413,EURUSD,sell,2009-06-25T08:00:00+00:00,2009-06-25T11:00:00+00:00,1.39688,1.39542,1.39495,1.39171,3720.2497,5.44016,0.7574,,10800.00,-5804.71388,4195.28612,0.585116,0.532688,0.588641,-2.341063
414,EURUSD,sell,2009-06-26T10:00:00+00:00,2009-06-26T15:00:00+00:00,1.40774,1.40492,1.41098,1.40253,11172.2553,31.47692,,,18000.00,-5773.23696,4235.46828,0.581142,0.533816,0.590872,-2.309728
415,EURUSD,sell,2009-06-26T10:00:00+00:00,2009-06-26T16:00:00+00:00,1.40774,1.40747,1.40700,1.40253,3724.0851,0.98851,0.3599,,21600.00,-5772.24845,4227.75155,0.581905,0.534940,0.590942,-2.315939
416,EURUSD,sell,2009-07-04T16:00:00+00:00,2009-07-06T05:00:00+00:00,1.39596,1.39964,1.39917,1.39079,15138.2559,-55.73059,-1.1463,,133200.00,-5827.97904,4172.02096,0.587417,0.533654,0.588617,-2.324709
417,EURUSD,buy,2009-07-07T23:00:00+00:00,2009-07-08T06:00:00+00:00,1.38999,1.38632,1.38679,1.39513,15011.9136,-54.97413,-1.1458,,25200.00,-5882.95317,4117.04683,0.592853,0.532374,0.586342,-2.358171
418,EURUSD,sell,2009-07-09T20:00:00+00:00,2009-07-10T02:00:00+00:00,1.40113,1.39833,1.40435,1.39594,11015.6082,30.88989,,,21600.00,-5852.06327,4162.98968,0.588310,0.533493,0.588514,-2.338484
419,EURUSD,sell,2009-07-09T20:00:00+00:00,2009-07-10T03:00:00+00:00,1.40113,1.39826,1.39779,1.39594,3671.8694,10.53894,0.8595,,25200.00,-5841.52434,4158.47566,0.588756,0.534606,0.589255,-2.341840
420,EURUSD,sell,2009-07-15T22:00:00+00:00,2009-07-16T01:00:00+00:00,1.40964,1.40682,1.41288,1.40442,11059.3051,31.20073,,,10800.00,-5810.32361,4194.60509,0.585183,0.535714,0.591449,-2.325261
421,EURUSD,sell,2009-07-15T22:00:00+00:00,2009-07-16T02:00:00+00:00,1.40964,1.40903,1.40856,1.40442,3686.4350,2.22808,0.5612,,14400.00,-5808.09553,4191.90447,0.585450,0.536817,0.591605,-2.327089
422,EURUSD,buy,2009-07-18T05:00:00+00:00,2009-07-19T22:00:00+00:00,1.40985,1.41267,1.40661,1.41507,11153.1908,31.42702,,,147600.00,-5776.66851,4177.77315,0.586848,0.537915,0.593815,-2.332451
423,EURUSD,sell,2009-07-19T14:00:00+00:00,2009-07-19T22:00:00+00:00,1.40901,1.41272,1.41225,1.40379,14870.9211,-55.25110,-1.1461,,28800.00,-5831.91961,4177.77315,0.586848,0.536643,0.591517,-2.332451
424,EURUSD,buy,2009-07-18T05:00:00+00:00,2009-07-19T23:00:00+00:00,1.40985,1.41177,1.41224,1.41507,3717.7303,7.11393,0.8016,,151200.00,-5824.80568,4175.19432,0.587103,0.537736,0.592015,-2.334078
425,EURUSD,buy,2009-07-22T09:00:00+00:00,2009-07-22T13:00:00+00:00,1.41946,1.41572,1.41619,1.42471,14711.4378,-55.00035,-1.1455,,14400.00,-5879.80603,4120.19397,0.592542,0.536471,0.589743,-2.361221
426,EURUSD,sell,2009-07-25T19:00:00+00:00,2009-07-26T21:00:00+00:00,1.41975,1.42350,1.42302,1.41450,14505.8865,-54.30039,-1.1460,,93600.00,-5934.10643,4065.89357,0.597912,0.535211,0.587518,-2.388053
427,EURUSD,buy,2009-07-29T16:00:00+00:00,2009-07-29T18:00:00+00:00,1.40368,1.39998,1.40045,1.40887,14487.3137,-53.56857,-1.1457,,7200.00,-5987.67499,4012.32501,0.603209,0.533958,0.585338,-2.414818
428,EURUSD,buy,2009-08-06T12:00:00+00:00,2009-08-06T13:00:00+00:00,1.43837,1.43458,1.43506,1.44369,13951.6426,-52.84556,-1.1453,,3600.00,-6040.52055,3959.47945,0.608435,0.532710,0.583204,-2.434797
429,EURUSD,sell,2009-08-10T00:00:00+00:00,2009-08-10T12:00:00+00:00,1.41958,1.41674,1.42285,1.41433,10456.2981,29.70768,,,43200.00,-6010.81288,3987.52844,0.605662,0.533800,0.585253,-2.403701
430,EURUSD,sell,2009-08-10T00:00:00+00:00,2009-08-10T12:00:00+00:00,1.41958,1.42006,1.41958,1.41433,3485.4327,-1.65868,,,43200.00,-6012.47156,3987.52844,0.605662,0.532558,0.585186,-2.403701
431,EURUSD,buy,2009-08-11T11:00:00+00:00,2009-08-11T12:00:00+00:00,1.41707,1.41334,1.41382,1.42232,14073.7954,-52.52939,-1.1455,,3600.00,-6065.00095,3934.99905,0.610856,0.531323,0.583073,-2.432658
432,EURUSD,buy,2009-08-16T09:00:00+00:00,2009-08-16T21:00:00+00:00,1.42067,1.41692,1.41740,1.42592,13853.2891,-51.83564,-1.1455,,43200.00,-6116.83659,3883.16341,0.615983,0.530093,0.581003,-2.456222
433,EURUSD,buy,2009-08-18T11:00:00+00:00,2009-08-18T12:00:00+00:00,1.41087,1.40716,1.40763,1.41609,13765.6897,-51.15755,-1.1456,,3600.00,-6167.99414,3832.00586,0.621042,0.528868,0.578974,-2.483538
434,EURUSD,sell,2009-08-22T01:00:00+00:00,2009-08-24T00:00:00+00:00,1.43163,1.43540,1.43492,1.42633,13379.3481,-50.49674,-1.1459,,169200.00,-6218.49088,3807.20258,0.623495,0.527650,0.576985,-2.483573
435,EURUSD,buy,2009-08-23T02:00:00+00:00,2009-08-24T06:00:00+00:00,1.43249,1.42872,1.42920,1.43779,13379.3481,-50.47335,-1.1453,,100800.00,-6268.96423,3731.03577,0.631027,0.526437,0.575011,-2.524131
436,EURUSD,sell,2009-08-24T13:00:00+00:00,2009-08-24T17:00:00+00:00,1.43288,1.43001,1.43618,1.42758,9761.5897,27.99368,,,14400.00,-6240.97054,3768.85615,0.627287,0.527523,0.576909,-2.507345
437,EURUSD,sell,2009-08-24T13:00:00+00:00,2009-08-24T18:00:00+00:00,1.43288,1.43056,1.43008,1.42758,3253.8632,7.55211,0.8289,,18000.00,-6233.41843,3766.58157,0.627512,0.528604,0.577421,-2.508542
438,EURUSD,buy,2009-08-26T16:00:00+00:00,2009-08-27T10:00:00+00:00,1.42425,1.42709,1.42097,1.42952,9920.2714,28.23834,,,64800.00,-6205.18009,3798.46678,0.624358,0.529680,0.579335,-2.466597
439,EURUSD,buy,2009-08-26T16:00:00+00:00,2009-08-27T11:00:00+00:00,1.42425,1.42461,1.42509,1.42952,3306.7571,1.20810,0.4335,,68400.00,-6203.97199,3796.02801,0.624600,0.530752,0.579417,-2.468947
440,EURUSD,buy,2009-08-28T01:00:00+00:00,2009-08-28T06:00:00+00:00,1.43689,1.43311,1.43359,1.44221,13213.1351,-49.99743,-1.1453,,18000.00,-6253.96942,3746.03058,0.629544,0.529545,0.577460,-2.497216
441,EURUSD,buy,2009-08-30T23:00:00+00:00,2009-08-31T04:00:00+00:00,1.43082,1.42705,1.42753,1.43611,13094.4378,-49.34168,-1.1454,,18000.00,-6303.31111,3668.92894,0.637169,0.528345,0.575541,-2.540153
442,EURUSD,buy,2009-08-29T06:00:00+00:00,2009-08-31T06:00:00+00:00,1.43009,1.42632,1.42680,1.43538,13101.1240,-49.34202,-1.1454,,172800.00,-6352.65313,3647.34687,0.639303,0.527149,0.573635,-2.544958
443,EURUSD,buy,2009-09-02T17:00:00+00:00,2009-09-03T01:00:00+00:00,1.42828,1.42452,1.42499,1.43356,12772.1640,-48.04298,-1.1454,,28800.00,-6400.69611,3599.30389,0.644054,0.525959,0.571791,-2.565335
444,EURUSD,buy,2009-09-03T18:00:00+00:00,2009-09-04T06:00:00+00:00,1.42509,1.42794,1.42181,1.43036,9474.1128,26.98425,,,43200.00,-6373.71186,3637.28633,0.640298,0.527027,0.573597,-2.528169
445,EURUSD,buy,2009-09-03T18:00:00+00:00,2009-09-04T07:00:00+00:00,1.42509,1.42607,1.42655,1.43036,3158.0376,3.10957,0.6732,,46800.00,-6370.60229,3629.39771,0.641078,0.528090,0.573805,-2.535293
446,EURUSD,buy,2009-09-06T22:00:00+00:00,2009-09-07T07:00:00+00:00,1.43167,1.43453,1.42838,1.43696,9509.4054,27.20987,,,32400.00,-6343.39243,3665.35822,0.637522,0.529148,0.575625,-2.504069
447,EURUSD,buy,2009-09-06T22:00:00+00:00,2009-09-07T08:00:00+00:00,1.43167,1.43300,1.43348,1.43696,3169.8018,4.21774,0.7349,,36000.00,-6339.17469,3660.82531,0.637970,0.530201,0.575907,-2.507939
448,EURUSD,sell,2009-09-08T15:00:00+00:00,2009-09-08T16:00:00+00:00,1.44910,1.45291,1.45243,1.44373,12627.6286,-48.23328,-1.1457,,3600.00,-6387.40797,3612.59203,0.642740,0.529018,0.574055,-2.535583
449,EURUSD,buy,2009-09-11T10:00:00+00:00,2009-09-11T14:00:00+00:00,1.46096,1.45711,1.45760,1.46636,12367.4856,-47.57105,-1.1451,,14400.00,-6434.97902,3565.02098,0.647445,0.527840,0.572240,-2.560426
450,EURUSD,sell,2009-09-16T21:00:00+00:00,2009-09-17T05:00:00+00:00,1.47033,1.47420,1.47371,1.46489,12119.5733,-46.96213,-1.1455,,28800.00,-6481.94115,3518.05885,0.652089,0.526667,0.570459,-2.580909
451,EURUSD,sell,2009-09-18T12:00:00+00:00,2009-09-21T05:00:00+00:00,1.47022,1.46728,1.47360,1.46478,8970.6123,26.39573,,,234000.00,-6455.54542,3575.18443,0.646439,0.527716,0.572208,-2.519593
452,EURUSD,sell,2009-09-18T12:00:00+00:00,2009-09-21T06:00:00+00:00,1.47022,1.46780,1.46731,1.46478,2990.2041,7.23209,0.8315,,237600.00,-6448.31333,3582.54334,0.645712,0.528761,0.572687,-2.511925
453,EURUSD,sell,2009-09-21T04:00:00+00:00,2009-09-21T06:00:00+00:00,1.46790,1.46496,1.47128,1.46247,8984.7860,26.39573,,,7200.00,-6421.91760,3582.54334,0.645712,0.529801,0.574436,-2.511925
454,EURUSD,sell,2009-09-21T04:00:00+00:00,2009-09-21T07:00:00+00:00,1.46790,1.46736,1.46687,1.46247,2994.9287,1.61553,0.5240,,10800.00,-6420.30207,3579.69793,0.645993,0.530837,0.574543,-2.514921
455,EURUSD,buy,2009-09-22T08:00:00+00:00,2009-09-22T23:00:00+00:00,1.47878,1.48174,1.47538,1.48425,9080.3653,26.83726,,,54000.00,-6393.46480,3612.57818,0.642742,0.531868,0.576322,-2.487328
456,EURUSD,buy,2009-09-22T08:00:00+00:00,2009-09-23T00:00:00+00:00,1.47878,1.47870,1.47919,1.48425,3026.7884,-0.26407,-0.2146,,57600.00,-6393.72887,3606.27113,0.643365,0.530702,0.576312,-2.486049
457,EURUSD,sell,2009-09-23T09:00:00+00:00,2009-09-23T15:00:00+00:00,1.47732,1.47436,1.48072,1.47185,9151.3620,27.05758,,,21600.00,-6366.67129,3631.82420,0.640838,0.531729,0.578105,-2.466282
458,EURUSD,sell,2009-09-23T09:00:00+00:00,2009-09-23T15:00:00+00:00,1.47732,1.47781,1.47732,1.47185,3050.4540,-1.50451,,,21600.00,-6368.17580,3631.82420,0.640838,0.530568,0.578047,-2.466282
459,EURUSD,sell,2009-09-26T13:00:00+00:00,2009-09-28T00:00:00+00:00,1.46871,1.46577,1.47209,1.46327,9270.2180,27.24930,,,126000.00,-6340.92650,3657.55743,0.638293,0.531590,0.579853,-2.477340
460,EURUSD,sell,2009-09-26T13:00:00+00:00,2009-09-28T00:00:00+00:00,1.46871,1.46920,1.46871,1.46327,3090.0727,-1.51608,,,126000.00,-6342.44257,3657.55743,0.638293,0.530435,0.579794,-2.477340
461,EURUSD,buy,2009-09-28T21:00:00+00:00,2009-09-29T01:00:00+00:00,1.46166,1.45781,1.45830,1.46706,12515.4235,-48.16286,-1.1450,,14400.00,-6390.60543,3609.39457,0.643056,0.529284,0.577950,-2.485708
462,EURUSD,sell,2009-10-01T16:00:00+00:00,2009-10-01T23:00:00+00:00,1.45422,1.45131,1.45757,1.44884,9304.7376,27.08102,,,25200.00,-6363.52442,3645.23321,0.639512,0.530303,0.579739,-2.454769
463,EURUSD,sell,2009-10-01T16:00:00+00:00,2009-10-02T00:00:00+00:00,1.45422,1.45317,1.45268,1.44884,3101.5792,3.28080,0.6853,,28800.00,-6360.24362,3639.75638,0.640054,0.531317,0.579955,-2.453519
464,EURUSD,sell,2009-10-06T03:00:00+00:00,2009-10-06T05:00:00+00:00,1.46991,1.47378,1.47329,1.46447,12377.1768,-47.94680,-1.1455,,7200.00,-6408.19041,3591.80959,0.644795,0.530172,0.578125,-2.476778
465,EURUSD,sell,2009-10-07T04:00:00+00:00,2009-10-07T08:00:00+00:00,1.47019,1.47406,1.47357,1.46475,12211.8058,-47.31507,-1.1455,,14400.00,-6455.50549,3544.49451,0.649474,0.529032,0.576329,-2.503661
466,EURUSD,buy,2009-10-12T00:00:00+00:00,2009-10-12T08:00:00+00:00,1.46956,1.47250,1.46618,1.47500,9047.4940,26.57334,,,28800.00,-6428.93215,3569.58752,0.646993,0.530043,0.578073,-2.473344
467,EURUSD,buy,2009-10-12T00:00:00+00:00,2009-10-12T08:00:00+00:00,1.46956,1.46907,1.46956,1.47500,3015.8313,-1.48033,,,28800.00,-6430.41248,3569.58752,0.646993,0.528908,0.578017,-2.473344
468,EURUSD,buy,2009-10-18T22:00:00+00:00,2009-10-18T23:00:00+00:00,1.49180,1.48787,1.48837,1.49732,11967.6385,-46.99213,-1.1447,,3600.00,-6477.40461,3522.59539,0.651640,0.527778,0.576240,-2.493786
469,EURUSD,sell,2009-10-24T11:00:00+00:00,2009-10-26T01:00:00+00:00,1.49906,1.50301,1.50251,1.49351,11745.8216,-46.39178,-1.1452,,136800.00,-6523.79638,3476.20362,0.656228,0.526652,0.574497,-2.499431
470,EURUSD,buy,2009-10-29T13:00:00+00:00,2009-10-29T15:00:00+00:00,1.47917,1.48213,1.47577,1.48464,8815.5130,26.06136,,,7200.00,-6497.73502,3500.81413,0.653794,0.527660,0.576197,-2.476488
471,EURUSD,buy,2009-10-29T13:00:00+00:00,2009-10-29T15:00:00+00:00,1.47917,1.47868,1.47917,1.48464,2938.5043,-1.45085,,,7200.00,-6499.18587,3500.81413,0.653794,0.526539,0.576142,-2.476488
472,EURUSD,buy,2009-10-31T16:00:00+00:00,2009-11-01T22:00:00+00:00,1.47339,1.46951,1.47000,1.47884,11883.6828,-46.09409,-1.1449,,108000.00,-6545.27996,3454.72004,0.658353,0.525424,0.574415,-2.501488
473,EURUSD,sell,2009-11-02T01:00:00+00:00,2009-11-02T03:00:00+00:00,1.47233,1.47621,1.47572,1.46688,11728.6475,-45.50833,-1.1455,,7200.00,-6590.78829,3409.21171,0.662853,0.524313,0.572721,-2.527755
474,EURUSD,buy,2009-11-03T04:00:00+00:00,2009-11-03T07:00:00+00:00,1.47875,1.47486,1.47535,1.48422,11530.7740,-44.88589,-1.1449,,10800.00,-6635.67418,3364.32582,0.667292,0.523207,0.571059,-2.553904
475,EURUSD,sell,2009-11-06T21:00:00+00:00,2009-11-08T22:00:00+00:00,1.48409,1.48801,1.48751,1.47860,11331.2064,-44.31306,-1.1453,,176400.00,-6679.98724,3320.01276,0.671674,0.522105,0.569428,-2.575991
476,EURUSD,buy,2009-11-12T03:00:00+00:00,2009-11-12T07:00:00+00:00,1.50019,1.49624,1.49674,1.50574,11068.6278,-43.70347,-1.1447,,14400.00,-6723.69071,3276.30929,0.675996,0.521008,0.567828,-2.598054
477,EURUSD,sell,2009-11-16T03:00:00+00:00,2009-11-16T07:00:00+00:00,1.49538,1.49932,1.49882,1.48985,10951.4761,-43.14959,-1.1452,,14400.00,-6766.84030,3233.15970,0.680263,0.519916,0.566258,-2.619970
478,EURUSD,buy,2009-11-19T20:00:00+00:00,2009-11-20T01:00:00+00:00,1.49227,1.48834,1.48884,1.49779,10836.2929,-42.56303,-1.1447,,18000.00,-6809.40333,3190.59667,0.684472,0.518828,0.564717,-2.644725
479,EURUSD,sell,2009-11-22T01:00:00+00:00,2009-11-23T00:00:00+00:00,1.48550,1.48942,1.48892,1.48001,10735.8817,-42.02428,-1.1453,,82800.00,-6851.42761,3148.57239,0.688628,0.517745,0.563204,-2.649770
480,EURUSD,buy,2009-11-27T10:00:00+00:00,2009-11-27T11:00:00+00:00,1.49222,1.48829,1.48879,1.49774,10553.1429,-41.44949,-1.1447,,3600.00,-6892.87711,3107.12289,0.692727,0.516667,0.561720,-2.671318
481,EURUSD,buy,2009-11-28T15:00:00+00:00,2009-11-30T01:00:00+00:00,1.49898,1.50198,1.49553,1.50452,7775.4271,23.29433,,,122400.00,-6869.58277,3143.61784,0.689118,0.517672,0.563201,-2.638090
482,EURUSD,buy,2009-11-28T15:00:00+00:00,2009-11-30T01:00:00+00:00,1.49898,1.50407,1.49898,1.50452,2591.8090,13.20061,,,122400.00,-6856.38216,3143.61784,0.689118,0.518672,0.564040,-2.638090
483,EURUSD,buy,2009-12-03T17:00:00+00:00,2009-12-03T21:00:00+00:00,1.50870,1.50473,1.50523,1.51428,10421.4084,-41.37852,-1.1446,,14400.00,-6897.76068,3102.23932,0.693210,0.517598,0.562560,-2.660815
484,EURUSD,buy,2009-12-05T01:00:00+00:00,2009-12-07T00:00:00+00:00,1.48592,1.48889,1.48250,1.49141,7831.4590,23.25772,,,169200.00,-6874.50296,3124.20287,0.691038,0.518595,0.564035,-2.646411
485,EURUSD,buy,2009-12-05T01:00:00+00:00,2009-12-07T00:00:00+00:00,1.48592,1.48542,1.48592,1.49141,2610.4863,-1.29417,,,169200.00,-6875.79713,3124.20287,0.691038,0.517526,0.563989,-2.646411
486,EURUSD,sell,2009-12-08T12:00:00+00:00,2009-12-08T13:00:00+00:00,1.47838,1.47542,1.48178,1.47290,7922.3711,23.44066,,,3600.00,-6852.35647,3146.34023,0.688849,0.518519,0.565475,-2.626453
487,EURUSD,sell,2009-12-08T12:00:00+00:00,2009-12-08T13:00:00+00:00,1.47838,1.47887,1.47838,1.47290,2640.7904,-1.30330,,,3600.00,-6853.65977,3146.34023,0.688849,0.517454,0.565428,-2.626453
488,EURUSD,buy,2009-12-09T18:00:00+00:00,2009-12-09T19:00:00+00:00,1.46840,1.47134,1.46502,1.47383,8037.5323,23.58835,,,3600.00,-6830.07143,3168.61442,0.686646,0.518443,0.566924,-2.606567
489,EURUSD,buy,2009-12-09T18:00:00+00:00,2009-12-09T19:00:00+00:00,1.46840,1.46791,1.46840,1.47383,2679.1774,-1.31415,,,3600.00,-6831.38558,3168.61442,0.686646,0.517382,0.566877,-2.606567
490,EURUSD,buy,2009-12-13T13:00:00+00:00,2009-12-14T01:00:00+00:00,1.46110,1.46402,1.45774,1.46650,8134.8870,23.75534,,,43200.00,-6807.63024,3198.85544,0.683656,0.518367,0.568383,-2.577699
491,EURUSD,buy,2009-12-13T13:00:00+00:00,2009-12-14T02:00:00+00:00,1.46110,1.46233,1.46282,1.46650,2711.6290,3.34336,0.7161,,46800.00,-6804.28688,3195.71312,0.683967,0.519348,0.568595,-2.580357
492,EURUSD,buy,2009-12-14T20:00:00+00:00,2009-12-15T07:00:00+00:00,1.46557,1.46171,1.46220,1.47099,10905.9030,-42.07982,-1.1450,,39600.00,-6846.36669,3153.63331,0.688128,0.518293,0.567082,-2.602491
493,EURUSD,sell,2009-12-17T15:00:00+00:00,2009-12-17T17:00:00+00:00,1.43424,1.43137,1.43754,1.42893,8243.0977,23.66147,,,7200.00,-6822.70522,3180.04138,0.685516,0.519270,0.568578,-2.577827
494,EURUSD,sell,2009-12-17T15:00:00+00:00,2009-12-17T18:00:00+00:00,1.43424,1.43375,1.43327,1.42893,2747.6992,1.34528,0.5050,,10800.00,-6821.35994,3178.64006,0.685655,0.520243,0.568663,-2.579110
495,EURUSD,buy,2009-12-21T09:00:00+00:00,2009-12-21T12:00:00+00:00,1.43248,1.43534,1.42919,1.43778,8323.6621,23.83050,,,10800.00,-6797.52943,3211.87737,0.682368,0.521212,0.570170,-2.545994
496,EURUSD,buy,2009-12-21T09:00:00+00:00,2009-12-21T13:00:00+00:00,1.43248,1.43383,1.43431,1.43778,2774.5540,3.74594,0.7376,,14400.00,-6793.78349,3206.21651,0.682928,0.522177,0.570407,-2.551256
497,EURUSD,buy,2009-12-23T15:00:00+00:00,2009-12-24T07:00:00+00:00,1.43351,1.43637,1.43021,1.43881,8389.8400,24.03725,,,57600.00,-6769.74624,3238.47601,0.679738,0.523139,0.571927,-2.522596
498,EURUSD,buy,2009-12-23T15:00:00+00:00,2009-12-24T08:00:00+00:00,1.43351,1.43502,1.43550,1.43881,2796.6133,4.22132,0.7585,,61200.00,-6765.52492,3234.47508,0.680133,0.524096,0.572194,-2.526256
499,EURUSD,sell,2009-12-25T05:00:00+00:00,2009-12-25T08:00:00+00:00,1.43632,1.44011,1.43962,1.43100,11256.2209,-42.62086,-1.1458,,10800.00,-6808.14578,3191.85422,0.684348,0.523046,0.570656,-2.551269
500,EURUSD,buy,2009-12-28T14:00:00+00:00,2009-12-29T00:00:00+00:00,1.43981,1.43602,1.43650,1.44514,11087.6010,-42.03874,-1.1453,,36000.00,-6850.18452,3149.81548,0.688505,0.522000,0.569147,-2.565612
501,EURUSD,buy,2010-01-02T11:00:00+00:00,2010-01-03T22:00:00+00:00,1.43378,1.43000,1.43048,1.43908,10987.6007,-41.48737,-1.1453,,126000.00,-6891.67189,3108.32811,0.692608,0.520958,0.567666,-2.586654
502,EURUSD,sell,2010-01-07T11:00:00+00:00,2010-01-08T05:00:00+00:00,1.43297,1.43010,1.43627,1.42767,8131.8756,23.32155,,,64800.00,-6868.35034,3141.97709,0.689281,0.521912,0.569129,-2.553285
503,EURUSD,sell,2010-01-07T11:00:00+00:00,2010-01-08T06:00:00+00:00,1.43297,1.43209,1.43161,1.42767,2710.6252,2.38666,0.6474,,68400.00,-6865.96368,3134.03632,0.690066,0.522863,0.569279,-2.559964
504,EURUSD,buy,2010-01-10T22:00:00+00:00,2010-01-10T23:00:00+00:00,1.44127,1.44415,1.43796,1.44660,8156.7948,23.49611,,,3600.00,-6842.46757,3156.22090,0.687872,0.523810,0.570753,-2.539477
505,EURUSD,buy,2010-01-10T22:00:00+00:00,2010-01-10T23:00:00+00:00,1.44127,1.44079,1.44127,1.44660,2718.9316,-1.31152,,,3600.00,-6843.77910,3156.22090,0.687872,0.522772,0.570706,-2.539477
506,EURUSD,buy,2010-01-12T01:00:00+00:00,2010-01-12T02:00:00+00:00,1.44934,1.44553,1.44601,1.45471,10891.7079,-41.56583,-1.1452,,3600.00,-6885.34492,3114.65508,0.691983,0.521739,0.569221,-2.562933
507,EURUSD,buy,2010-01-16T00:00:00+00:00,2010-01-17T22:00:00+00:00,1.43892,1.43513,1.43561,1.44424,10826.1270,-41.02232,-1.1453,,165600.00,-6926.36724,3073.63276,0.696039,0.520710,0.567764,-2.580321
508,EURUSD,sell,2010-01-18T02:00:00+00:00,2010-01-18T05:00:00+00:00,1.43509,1.43887,1.43839,1.42978,10705.6424,-40.50189,-1.1458,,10800.00,-6966.86913,3033.13087,0.700045,0.519685,0.566333,-2.604748
509,EURUSD,sell,2010-01-20T01:00:00+00:00,2010-01-20T05:00:00+00:00,1.42085,1.41801,1.42412,1.41559,8002.8149,22.75735,,,14400.00,-6944.11177,3054.61772,0.697920,0.520629,0.567749,-2.584366
510,EURUSD,sell,2010-01-20T01:00:00+00:00,2010-01-20T05:00:00+00:00,1.42085,1.42133,1.42085,1.41559,2667.6050,-1.27050,,,14400.00,-6945.38228,3054.61772,0.697920,0.519608,0.567705,-2.584366
511,EURUSD,buy,2010-01-24T00:00:00+00:00,2010-01-25T10:00:00+00:00,1.41403,1.41686,1.41078,1.41926,8103.2367,22.90070,,,122400.00,-6922.48158,3090.58062,0.694363,0.520548,0.569130,-2.539558
512,EURUSD,buy,2010-01-24T00:00:00+00:00,2010-01-25T11:00:00+00:00,1.41403,1.41649,1.41697,1.41926,2701.0789,6.64693,0.8382,,126000.00,-6915.83465,3084.16535,0.694998,0.521484,0.569544,-2.545459
513,EURUSD,sell,2010-01-27T18:00:00+00:00,2010-01-27T20:00:00+00:00,1.40333,1.40052,1.40656,1.39813,8239.0882,23.14026,,,7200.00,-6892.69439,3106.01203,0.692837,0.522417,0.570984,-2.525296
514,EURUSD,sell,2010-01-27T18:00:00+00:00,2010-01-27T20:00:00+00:00,1.40333,1.40380,1.40333,1.39813,2746.3627,-1.29357,,,7200.00,-6893.98797,3106.01203,0.692837,0.521401,0.570938,-2.525296
515,EURUSD,sell,2010-01-30T07:00:00+00:00,2010-02-01T06:00:00+00:00,1.38563,1.38929,1.38882,1.38051,11204.5454,-40.94787,-1.1464,,169200.00,-6934.93584,3024.11629,0.700936,0.520388,0.569487,-2.574891
516,EURUSD,sell,2010-01-31T18:00:00+00:00,2010-02-01T06:00:00+00:00,1.38563,1.38929,1.38882,1.38051,11204.5454,-40.94787,-1.1464,,43200.00,-6975.88371,3024.11629,0.700936,0.519380,0.568043,-2.574891
517,EURUSD,sell,2010-02-05T21:00:00+00:00,2010-02-07T22:00:00+00:00,1.36722,1.36448,1.37037,1.36216,8292.0352,22.68972,,,176400.00,-6953.19399,3011.86808,0.702147,0.520309,0.569448,-2.576941
518,EURUSD,buy,2010-02-07T02:00:00+00:00,2010-02-07T22:00:00+00:00,1.36804,1.36444,1.36489,1.37310,11056.0469,-39.85708,-1.1461,,72000.00,-6993.05106,3011.86808,0.702147,0.519305,0.568046,-2.576941
519,EURUSD,sell,2010-02-05T21:00:00+00:00,2010-02-07T23:00:00+00:00,1.36722,1.36697,1.36651,1.36216,2764.0117,0.69029,0.3519,,180000.00,-6992.36077,3007.63923,0.702566,0.520231,0.568088,-2.579891
520,EURUSD,sell,2010-02-08T02:00:00+00:00,2010-02-08T07:00:00+00:00,1.36276,1.36636,1.36590,1.35772,11031.7834,-39.66009,-1.1466,,18000.00,-7032.02086,2967.97914,0.706488,0.519231,0.566700,-2.603895
521,EURUSD,buy,2010-02-09T04:00:00+00:00,2010-02-09T06:00:00+00:00,1.36950,1.37224,1.36635,1.37457,8129.4303,22.25116,,,7200.00,-7009.76970,2988.98153,0.704411,0.520154,0.568071,-2.585065
522,EURUSD,buy,2010-02-09T04:00:00+00:00,2010-02-09T06:00:00+00:00,1.36950,1.36904,1.36950,1.37457,2709.8101,-1.24878,,,7200.00,-7011.01847,2988.98153,0.704411,0.519157,0.568027,-2.585065
523,EURUSD,buy,2010-02-10T10:00:00+00:00,2010-02-10T12:00:00+00:00,1.37956,1.37593,1.37639,1.38467,10836.3178,-39.38945,-1.1459,,7200.00,-7050.40792,2949.59208,0.708306,0.518164,0.566652,-2.608976
524,EURUSD,sell,2010-02-14T00:00:00+00:00,2010-02-15T05:00:00+00:00,1.36264,1.35991,1.36578,1.35760,8114.8676,22.13057,,,104400.00,-7028.27735,2980.67899,0.705232,0.519084,0.568012,-2.574784
525,EURUSD,sell,2010-02-14T00:00:00+00:00,2010-02-15T06:00:00+00:00,1.36264,1.36012,1.35966,1.35760,2704.9559,6.82507,0.8464,,108000.00,-7021.45228,2978.54772,0.705443,0.520000,0.568432,-2.576754
526,EURUSD,sell,2010-02-16T22:00:00+00:00,2010-02-17T08:00:00+00:00,1.37521,1.37883,1.37837,1.37012,10826.2010,-39.27153,-1.1465,,36000.00,-7060.72381,2939.27619,0.709326,0.519011,0.567063,-2.597509
527,EURUSD,buy,2010-02-18T11:00:00+00:00,2010-02-18T14:00:00+00:00,1.35666,1.35937,1.35354,1.36167,8127.0309,22.03597,,,10800.00,-7038.68784,2960.07420,0.707270,0.519924,0.568414,-2.578838
528,EURUSD,buy,2010-02-18T11:00:00+00:00,2010-02-18T14:00:00+00:00,1.35666,1.35620,1.35666,1.36167,2709.0103,-1.23797,,,10800.00,-7039.92580,2960.07420,0.707270,0.518939,0.568371,-2.578838
529,EURUSD,sell,2010-02-21T12:00:00+00:00,2010-02-21T22:00:00+00:00,1.36041,1.36400,1.36354,1.35538,10876.0681,-39.03381,-1.1467,,36000.00,-7078.95962,2921.04038,0.711130,0.517958,0.567014,-2.600255
530,EURUSD,buy,2010-02-26T01:00:00+00:00,2010-02-26T07:00:00+00:00,1.35908,1.35550,1.35595,1.36410,10749.6316,-38.50208,-1.1462,,21600.00,-7117.46170,2882.53830,0.714937,0.516981,0.565682,-2.619204
531,EURUSD,buy,2010-02-27T16:00:00+00:00,2010-03-01T02:00:00+00:00,1.36321,1.35962,1.36007,1.36825,10575.7936,-37.99298,-1.1461,,122400.00,-7155.45468,2844.54532,0.718695,0.516008,0.564374,-2.636182
532,EURUSD,buy,2010-03-01T08:00:00+00:00,2010-03-01T10:00:00+00:00,1.36342,1.35983,1.36028,1.36846,10434.7926,-37.49214,-1.1461,,7200.00,-7192.94682,2807.05318,0.722402,0.515038,0.563088,-2.650428
533,EURUSD,sell,2010-03-04T08:00:00+00:00,2010-03-04T11:00:00+00:00,1.36605,1.36965,1.36919,1.36099,10271.2600,-37.01383,-1.1466,,10800.00,-7229.96065,2770.03935,0.726063,0.514071,0.561825,-2.671334
534,EURUSD,sell,2010-03-05T19:00:00+00:00,2010-03-08T00:00:00+00:00,1.36171,1.36530,1.36484,1.35667,10168.1179,-36.52738,-1.1467,,190800.00,-7266.48803,2744.38366,0.728600,0.513109,0.560584,-2.687486
535,EURUSD,buy,2010-03-07T22:00:00+00:00,2010-03-08T02:00:00+00:00,1.36453,1.36726,1.36139,1.36958,7614.9075,20.76719,,,14400.00,-7245.72084,2763.44438,0.726715,0.514019,0.561840,-2.670622
536,EURUSD,buy,2010-03-07T22:00:00+00:00,2010-03-08T03:00:00+00:00,1.36453,1.36674,1.36720,1.36958,2538.3025,5.61122,0.8277,,18000.00,-7240.10962,2759.89038,0.727066,0.514925,0.562179,-2.673976
537,EURUSD,buy,2010-03-09T05:00:00+00:00,2010-03-09T08:00:00+00:00,1.36214,1.35855,1.35901,1.36718,10133.7651,-36.37683,-1.1461,,10800.00,-7276.48645,2723.51355,0.730664,0.513966,0.560945,-2.697072
538,EURUSD,buy,2010-03-10T22:00:00+00:00,2010-03-11T03:00:00+00:00,1.36580,1.36220,1.36266,1.37085,9973.3906,-35.89603,-1.1461,,18000.00,-7312.38247,2687.61753,0.734214,0.513011,0.559733,-2.713684
539,EURUSD,buy,2010-03-14T09:00:00+00:00,2010-03-15T01:00:00+00:00,1.37694,1.37331,1.37378,1.38204,9762.2919,-35.41893,-1.1460,,57600.00,-7347.80141,2629.01944,0.740009,0.512059,0.558542,-2.719008
540,EURUSD,buy,2010-03-12T15:00:00+00:00,2010-03-15T03:00:00+00:00,1.37596,1.37234,1.37280,1.38105,9769.2469,-35.41928,-1.1460,,216000.00,-7383.22069,2616.77931,0.741219,0.511111,0.557356,-2.725560
541,EURUSD,sell,2010-03-19T00:00:00+00:00,2010-03-19T08:00:00+00:00,1.36128,1.35856,1.36441,1.35624,7206.4291,19.63350,,,28800.00,-7363.58719,2635.31167,0.739386,0.512015,0.558533,-2.699670
542,EURUSD,sell,2010-03-19T00:00:00+00:00,2010-03-19T08:00:00+00:00,1.36128,1.36174,1.36128,1.35624,2402.1430,-1.10114,,,28800.00,-7364.68833,2635.31167,0.739386,0.511070,0.558496,-2.699670
543,EURUSD,buy,2010-03-20T21:00:00+00:00,2010-03-22T05:00:00+00:00,1.35333,1.34976,1.35021,1.35833,9739.3477,-34.73797,-1.1462,,115200.00,-7399.42630,2600.57370,0.742822,0.510129,0.557335,-2.722769
544,EURUSD,sell,2010-03-23T17:00:00+00:00,2010-03-24T01:00:00+00:00,1.34894,1.34624,1.35204,1.34394,7227.3492,19.51191,,,28800.00,-7379.91439,2626.07275,0.740300,0.511029,0.558503,-2.694059
545,EURUSD,sell,2010-03-23T17:00:00+00:00,2010-03-24T02:00:00+00:00,1.34894,1.34727,1.34682,1.34394,2409.1164,4.00187,0.7853,,32400.00,-7375.91251,2624.08749,0.740496,0.511927,0.558742,-2.695821
546,EURUSD,sell,2010-03-28T15:00:00+00:00,2010-03-28T21:00:00+00:00,1.34032,1.34385,1.34340,1.33536,9786.1130,-34.61046,-1.1469,,21600.00,-7410.52298,2589.47702,0.743919,0.510989,0.557588,-2.715025
547,EURUSD,buy,2010-03-31T13:00:00+00:00,2010-03-31T16:00:00+00:00,1.35144,1.35414,1.34833,1.35643,7187.5079,19.41350,,,10800.00,-7391.10947,2613.07052,0.741586,0.511883,0.558747,-2.689197
548,EURUSD,buy,2010-03-31T13:00:00+00:00,2010-03-31T17:00:00+00:00,1.35144,1.35202,1.35248,1.35643,2395.8360,1.41106,0.5638,,14400.00,-7389.69842,2610.30158,0.741860,0.512774,0.558831,-2.692056
549,EURUSD,buy,2010-04-01T18:00:00+00:00,2010-04-02T09:00:00+00:00,1.35730,1.35372,1.35418,1.36232,9618.6927,-34.40688,-1.1462,,54000.00,-7424.10530,2575.89470,0.745262,0.511840,0.557685,-2.698718
550,EURUSD,sell,2010-04-03T14:00:00+00:00,2010-04-05T00:00:00+00:00,1.34973,1.35330,1.35284,1.34474,9539.3615,-33.97147,-1.1468,,122400.00,-7458.07677,2541.92323,0.748622,0.510909,0.556559,-2.691450
551,EURUSD,buy,2010-04-05T19:00:00+00:00,2010-04-06T00:00:00+00:00,1.34821,1.34466,1.34511,1.35320,9429.8278,-33.50873,-1.1463,,18000.00,-7491.58549,2508.41451,0.751936,0.509982,0.555452,-2.701124
552,EURUSD,buy,2010-04-12T12:00:00+00:00,2010-04-13T07:00:00+00:00,1.35876,1.36147,1.35563,1.36378,6924.9858,18.80577,,,68400.00,-7472.77972,2526.16396,0.750180,0.510870,0.556568,-2.662134
553,EURUSD,buy,2010-04-12T12:00:00+00:00,2010-04-13T07:00:00+00:00,1.35876,1.35830,1.35876,1.36378,2308.3286,-1.05632,,,68400.00,-7473.83604,2526.16396,0.750180,0.509946,0.556533,-2.662134
554,EURUSD,sell,2010-04-15T19:00:00+00:00,2010-04-16T00:00:00+00:00,1.35743,1.35472,1.36056,1.35241,6976.6061,18.95362,,,18000.00,-7454.88242,2553.30962,0.747496,0.510830,0.557658,-2.649051
555,EURUSD,sell,2010-04-15T19:00:00+00:00,2010-04-16T01:00:00+00:00,1.35743,1.35618,1.35572,1.35241,2325.5354,2.92068,0.7333,,21600.00,-7451.96174,2548.03826,0.748017,0.511712,0.557831,-2.653388
556,EURUSD,sell,2010-04-17T08:00:00+00:00,2010-04-18T21:00:00+00:00,1.34977,1.34707,1.35288,1.34478,7076.9405,19.11774,,,133200.00,-7432.84400,2572.94717,0.745554,0.512590,0.558966,-2.626429
557,EURUSD,sell,2010-04-17T08:00:00+00:00,2010-04-18T22:00:00+00:00,1.34977,1.35011,1.34966,1.34478,2358.9802,-0.80198,-2.9576,,136800.00,-7433.64598,2566.35402,0.746206,0.511670,0.558939,-2.633437
558,EURUSD,buy,2010-04-19T01:00:00+00:00,2010-04-19T09:00:00+00:00,1.34636,1.34282,1.34327,1.35134,9533.5449,-33.83144,-1.1463,,28800.00,-7467.47741,2532.52259,0.749551,0.510753,0.557819,-2.655864
559,EURUSD,buy,2010-04-20T13:00:00+00:00,2010-04-20T15:00:00+00:00,1.34733,1.34378,1.34424,1.35232,9401.0921,-33.38511,-1.1463,,7200.00,-7500.86252,2499.13748,0.752853,0.509839,0.556719,-2.678213
560,EURUSD,sell,2010-04-24T13:00:00+00:00,2010-04-25T21:00:00+00:00,1.33791,1.33523,1.34099,1.33296,7002.6866,18.75084,,,115200.00,-7482.11168,2526.00795,0.750196,0.510714,0.557827,-2.645243
561,EURUSD,sell,2010-04-24T13:00:00+00:00,2010-04-25T22:00:00+00:00,1.33791,1.33670,1.33625,1.33296,2334.2289,2.81885,0.7281,,118800.00,-7479.29283,2520.70717,0.750720,0.511586,0.557993,-2.651096
562,EURUSD,buy,2010-04-25T23:00:00+00:00,2010-04-26T01:00:00+00:00,1.33651,1.33918,1.33344,1.34145,7074.7557,18.89793,,,7200.00,-7460.39490,2543.32918,0.748483,0.512456,0.559110,-2.652967
563,EURUSD,buy,2010-04-25T23:00:00+00:00,2010-04-26T02:00:00+00:00,1.33651,1.33682,1.33727,1.34145,2358.2519,0.72634,0.4057,,10800.00,-7459.66855,2540.33145,0.748779,0.513321,0.559153,-2.655482
564,EURUSD,buy,2010-04-28T19:00:00+00:00,2010-04-29T05:00:00+00:00,1.32024,1.32287,1.31720,1.32512,7217.7256,19.04506,,,36000.00,-7440.62350,2564.34241,0.746405,0.514184,0.560279,-2.620759
565,EURUSD,buy,2010-04-28T19:00:00+00:00,2010-04-29T06:00:00+00:00,1.32024,1.32040,1.32085,1.32512,2405.9085,0.40373,0.2733,,39600.00,-7440.21977,2559.78023,0.746856,0.515044,0.560303,-2.625931
566,EURUSD,sell,2010-05-03T04:00:00+00:00,2010-05-03T06:00:00+00:00,1.32149,1.32498,1.32453,1.31660,9682.2740,-33.76908,-1.1471,,7200.00,-7473.98885,2526.01115,0.750195,0.514134,0.559187,-2.644801
567,EURUSD,sell,2010-05-05T17:00:00+00:00,2010-05-05T18:00:00+00:00,1.28537,1.28280,1.28833,1.28062,7367.2706,18.95247,,,3600.00,-7455.03638,2543.89383,0.748427,0.514991,0.560304,-2.626190
568,EURUSD,sell,2010-05-05T17:00:00+00:00,2010-05-05T18:00:00+00:00,1.28537,1.28581,1.28537,1.28062,2455.7569,-1.06979,,,3600.00,-7456.10617,2543.89383,0.748427,0.514085,0.560269,-2.626190
569,EURUSD,sell,2010-05-07T02:00:00+00:00,2010-05-07T04:00:00+00:00,1.27016,1.27351,1.27308,1.26546,10011.0734,-33.57896,-1.1478,,7200.00,-7489.68513,2510.31487,0.751748,0.513181,0.559162,-2.647203
570,EURUSD,buy,2010-05-08T20:00:00+00:00,2010-05-09T21:00:00+00:00,1.27553,1.27808,1.27260,1.28025,7382.4105,18.82002,,,90000.00,-7470.86511,2539.79996,0.748832,0.514035,0.560269,-2.615320
571,EURUSD,buy,2010-05-08T20:00:00+00:00,2010-05-09T21:00:00+00:00,1.27553,1.27987,1.27553,1.28025,2460.8035,10.66507,,,90000.00,-7460.20004,2539.79996,0.748832,0.514886,0.560897,-2.615320
572,EURUSD,buy,2010-05-10T14:00:00+00:00,2010-05-10T15:00:00+00:00,1.28388,1.28644,1.28092,1.28862,7420.5875,19.04107,,,3600.00,-7441.15896,2557.76469,0.747055,0.515734,0.562018,-2.597985
573,EURUSD,buy,2010-05-10T14:00:00+00:00,2010-05-10T15:00:00+00:00,1.28388,1.28344,1.28388,1.28862,2473.5292,-1.07635,,,3600.00,-7442.23531,2557.76469,0.747055,0.514834,0.561982,-2.597985
574,EURUSD,sell,2010-05-12T17:00:00+00:00,2010-05-12T23:00:00+00:00,1.26151,1.26484,1.26441,1.25684,10134.6579,-33.76550,-1.1479,,21600.00,-7476.00081,2523.99919,0.750394,0.513937,0.560868,-2.618932
575,EURUSD,sell,2010-05-14T11:00:00+00:00,2010-05-14T12:00:00+00:00,1.24745,1.25074,1.25032,1.24283,10113.6349,-33.32539,-1.1481,,3600.00,-7509.32621,2490.67379,0.753690,0.513043,0.559772,-2.639792
576,EURUSD,buy,2010-05-15T12:00:00+00:00,2010-05-17T00:00:00+00:00,1.23620,1.23294,1.23336,1.24077,10076.9272,-32.87498,-1.1478,,129600.00,-7542.20119,2457.79881,0.756941,0.512153,0.558695,-2.642080
577,EURUSD,sell,2010-05-17T05:00:00+00:00,2010-05-17T06:00:00+00:00,1.22673,1.22997,1.22955,1.22219,10014.6639,-32.45964,-1.1484,,3600.00,-7574.66083,2425.33917,0.760151,0.511265,0.557636,-2.665041
578,EURUSD,sell,2010-05-18T13:00:00+00:00,2010-05-18T14:00:00+00:00,1.24110,1.23861,1.24395,1.23650,7326.0102,18.19714,,,3600.00,-7556.46369,2442.50494,0.758453,0.512111,0.558699,-2.647779
579,EURUSD,sell,2010-05-18T13:00:00+00:00,2010-05-18T14:00:00+00:00,1.24110,1.24152,1.24110,1.23650,2442.0034,-1.03137,,,3600.00,-7557.49506,2442.50494,0.758453,0.511226,0.558665,-2.647779
580,EURUSD,buy,2010-05-20T02:00:00+00:00,2010-05-20T05:00:00+00:00,1.23566,1.23240,1.23282,1.24023,9886.3625,-32.23941,-1.1478,,10800.00,-7589.73447,2410.26553,0.761642,0.510345,0.557615,-2.668449
581,EURUSD,sell,2010-05-23T10:00:00+00:00,2010-05-23T21:00:00+00:00,1.25689,1.25438,1.25978,1.25224,7188.9855,18.08404,,,39600.00,-7571.65043,2433.79599,0.759315,0.511188,0.558669,-2.642249
582,EURUSD,sell,2010-05-23T10:00:00+00:00,2010-05-23T22:00:00+00:00,1.25689,1.25644,1.25601,1.25224,2396.3285,1.09273,0.5165,,43200.00,-7570.55770,2429.44230,0.759745,0.512027,0.558733,-2.646861
583,EURUSD,sell,2010-05-29T13:00:00+00:00,2010-05-31T00:00:00+00:00,1.22752,1.23076,1.23035,1.22298,9892.7522,-32.08482,-1.1484,,126000.00,-7602.64252,2365.27300,0.766091,0.511149,0.557690,-2.650821
584,EURUSD,sell,2010-05-30T23:00:00+00:00,2010-05-31T00:00:00+00:00,1.22837,1.23162,1.23120,1.22383,9885.9087,-32.08448,-1.1484,,3600.00,-7634.72700,2365.27300,0.766091,0.510274,0.556651,-2.650821
585,EURUSD,sell,2010-06-02T02:00:00+00:00,2010-06-02T03:00:00+00:00,1.22405,1.22160,1.22687,1.21952,7244.0615,17.74647,,,3600.00,-7616.98054,2382.01198,0.764436,0.511111,0.557682,-2.632647
586,EURUSD,sell,2010-06-02T02:00:00+00:00,2010-06-02T03:00:00+00:00,1.22405,1.22447,1.22405,1.21952,2414.6872,-1.00748,,,3600.00,-7617.98802,2382.01198,0.764436,0.510239,0.557649,-2.632647
587,EURUSD,sell,2010-06-04T11:00:00+00:00,2010-06-04T12:00:00+00:00,1.20451,1.20210,1.20728,1.20005,7413.7002,17.87206,,,3600.00,-7600.11596,2398.86745,0.762769,0.511073,0.558687,-2.614532
588,EURUSD,sell,2010-06-04T11:00:00+00:00,2010-06-04T12:00:00+00:00,1.20451,1.20492,1.20451,1.20005,2471.2334,-1.01659,,,3600.00,-7601.13255,2398.86745,0.762769,0.510204,0.558654,-2.614532
589,EURUSD,sell,2010-06-06T03:00:00+00:00,2010-06-06T21:00:00+00:00,1.19614,1.19375,1.19889,1.19171,7518.3894,17.99852,,,64800.00,-7583.13403,2421.68038,0.760513,0.511036,0.559699,-2.590405
590,EURUSD,sell,2010-06-06T03:00:00+00:00,2010-06-06T22:00:00+00:00,1.19614,1.19607,1.19566,1.19171,2506.1298,0.18129,0.1504,,68400.00,-7582.95274,2417.04726,0.760971,0.511864,0.559709,-2.595247
591,EURUSD,sell,2010-06-07T04:00:00+00:00,2010-06-07T06:00:00+00:00,1.19096,1.19411,1.19370,1.18655,10144.4081,-31.93624,-1.1489,,7200.00,-7614.88898,2385.11102,0.764129,0.510998,0.558673,-2.616855
592,EURUSD,buy,2010-06-08T07:00:00+00:00,2010-06-08T08:00:00+00:00,1.19534,1.19218,1.19259,1.19976,9979.7111,-31.49812,-1.1484,,3600.00,-7646.38710,2353.61290,0.767244,0.510135,0.557655,-2.638381
593,EURUSD,sell,2010-06-12T20:00:00+00:00,2010-06-13T22:00:00+00:00,1.21063,1.21383,1.21341,1.20615,9717.7223,-31.09006,-1.1487,,93600.00,-7677.47716,2322.52284,0.770319,0.509275,0.556654,-2.656451
594,EURUSD,sell,2010-06-15T20:00:00+00:00,2010-06-16T07:00:00+00:00,1.23275,1.23028,1.23559,1.22819,7062.9465,17.42571,,,39600.00,-7660.05145,2338.96012,0.768693,0.510101,0.557661,-2.640594
595,EURUSD,sell,2010-06-15T20:00:00+00:00,2010-06-16T07:00:00+00:00,1.23275,1.23317,1.23275,1.22819,2354.3155,-0.98844,,,39600.00,-7661.03988,2338.96012,0.768693,0.509244,0.557629,-2.640594
596,EURUSD,buy,2010-06-17T01:00:00+00:00,2010-06-17T07:00:00+00:00,1.22696,1.22372,1.22414,1.23150,9534.4007,-30.87604,-1.1479,,21600.00,-7691.91592,2308.08408,0.771747,0.508389,0.556636,-2.661931
597,EURUSD,buy,2010-06-19T22:00:00+00:00,2010-06-20T21:00:00+00:00,1.23919,1.24167,1.23634,1.24378,6986.7416,17.30388,,,82800.00,-7674.61205,2335.19385,0.769066,0.509213,0.557634,-2.630041
598,EURUSD,buy,2010-06-19T22:00:00+00:00,2010-06-20T21:00:00+00:00,1.23919,1.24340,1.23919,1.24378,2328.9139,9.80590,,,82800.00,-7664.80615,2335.19385,0.769066,0.510033,0.558199,-2.630041
599,EURUSD,buy,2010-06-21T16:00:00+00:00,2010-06-21T17:00:00+00:00,1.23477,1.23151,1.23193,1.23934,9458.8215,-30.82331,-1.1478,,3600.00,-7695.62946,2304.37054,0.772114,0.509182,0.557209,-2.651291
600,EURUSD,sell,2010-06-23T03:00:00+00:00,2010-06-23T06:00:00+00:00,1.22577,1.22901,1.22859,1.22124,9396.8492,-30.43371,-1.1484,,10800.00,-7726.06318,2273.93682,0.775124,0.508333,0.556235,-2.671399
601,EURUSD,sell,2010-06-24T09:00:00+00:00,2010-06-24T13:00:00+00:00,1.22743,1.23067,1.23026,1.22289,9260.2086,-30.03115,-1.1484,,14400.00,-7756.09433,2243.90567,0.778094,0.507488,0.555277,-2.692513
602,EURUSD,buy,2010-06-27T10:00:00+00:00,2010-06-28T06:00:00+00:00,1.23790,1.23463,1.23505,1.24248,9066.0658,-29.61721,-1.1477,,72000.00,-7785.71154,2214.28846,0.781022,0.506645,0.554336,-2.710304
603,EURUSD,buy,2010-06-28T19:00:00+00:00,2010-06-29T06:00:00+00:00,1.22752,1.22428,1.22470,1.23206,9022.0774,-29.23008,-1.1479,,39600.00,-7814.94161,2185.05839,0.783913,0.505804,0.553410,-2.729583
604,EURUSD,buy,2010-07-02T00:00:00+00:00,2010-07-02T05:00:00+00:00,1.25139,1.24808,1.24851,1.25601,8733.1771,-28.83573,-1.1475,,18000.00,-7843.77734,2156.22266,0.786765,0.504967,0.552499,-2.746227
605,EURUSD,buy,2010-07-03T15:00:00+00:00,2010-07-05T00:00:00+00:00,1.25541,1.25209,1.25252,1.26005,8590.3232,-28.45381,-1.1475,,118800.00,-7872.23116,2127.76884,0.789579,0.504132,0.551604,-2.749775
606,EURUSD,buy,2010-07-05T13:00:00+00:00,2010-07-06T00:00:00+00:00,1.25203,1.24872,1.24915,1.25666,8499.8556,-28.07948,-1.1475,,39600.00,-7900.31063,2099.68937,0.792356,0.503300,0.550723,-2.758425
607,EURUSD,buy,2010-07-10T06:00:00+00:00,2010-07-12T00:00:00+00:00,1.26429,1.26095,1.26138,1.26897,8306.3247,-27.70485,-1.1474,,151200.00,-7928.01549,2071.98451,0.795095,0.502471,0.549857,-2.756168
608,EURUSD,buy,2010-07-13T13:00:00+00:00,2010-07-13T15:00:00+00:00,1.26461,1.26714,1.26170,1.26929,6145.9876,15.53382,,,7200.00,-7912.48166,2096.32116,0.792689,0.503289,0.550739,-2.727899
609,EURUSD,buy,2010-07-13T13:00:00+00:00,2010-07-13T15:00:00+00:00,1.26461,1.26891,1.26461,1.26929,2048.6625,8.80283,,,7200.00,-7903.67884,2096.32116,0.792689,0.504105,0.551239,-2.727899
610,EURUSD,sell,2010-07-15T17:00:00+00:00,2010-07-15T19:00:00+00:00,1.28869,1.29210,1.29166,1.28392,8131.0747,-27.66514,-1.1476,,7200.00,-7931.34398,2068.65602,0.795425,0.503279,0.550374,-2.747482
611,EURUSD,buy,2010-07-17T18:00:00+00:00,2010-07-18T21:00:00+00:00,1.29312,1.28971,1.29014,1.29790,8001.1140,-27.28626,-1.1470,,97200.00,-7958.63024,2041.36976,0.798123,0.502455,0.549524,-2.766833
612,EURUSD,buy,2010-07-19T20:00:00+00:00,2010-07-20T04:00:00+00:00,1.29430,1.29688,1.29132,1.29909,5916.2821,15.30430,,,28800.00,-7943.32593,2061.17404,0.796164,0.503268,0.550390,-2.743035
613,EURUSD,buy,2010-07-19T20:00:00+00:00,2010-07-20T05:00:00+00:00,1.29430,1.29564,1.29608,1.29909,1972.0940,2.64856,0.7537,,32400.00,-7940.67738,2059.32262,0.796348,0.504078,0.550540,-2.745367
614,EURUSD,sell,2010-07-21T11:00:00+00:00,2010-07-21T18:00:00+00:00,1.28076,1.27819,1.28370,1.27602,6027.8032,15.45094,,,25200.00,-7925.22643,2073.90106,0.794906,0.504886,0.551415,-2.728909
615,EURUSD,sell,2010-07-21T11:00:00+00:00,2010-07-21T18:00:00+00:00,1.28076,1.28119,1.28076,1.27602,2009.2677,-0.87251,,,25200.00,-7926.09894,2073.90106,0.794906,0.504065,0.551388,-2.728909
616,EURUSD,sell,2010-07-23T00:00:00+00:00,2010-07-23T05:00:00+00:00,1.28892,1.28634,1.29189,1.28415,6032.0086,15.56032,,,18000.00,-7910.53862,2088.58334,0.793454,0.504870,0.552268,-2.707803
617,EURUSD,sell,2010-07-23T00:00:00+00:00,2010-07-23T05:00:00+00:00,1.28892,1.28936,1.28892,1.28415,2010.6695,-0.87804,,,18000.00,-7911.41666,2088.58334,0.793454,0.504052,0.552241,-2.707803
618,EURUSD,sell,2010-07-24T19:00:00+00:00,2010-07-26T00:00:00+00:00,1.28980,1.29321,1.29277,1.28503,8094.0921,-27.56268,-1.1476,,104400.00,-7938.97934,2061.02066,0.796180,0.503236,0.551381,-2.720555
619,EURUSD,buy,2010-07-26T13:00:00+00:00,2010-07-26T15:00:00+00:00,1.29436,1.29695,1.29138,1.29915,5972.9572,15.45163,,,7200.00,-7923.52771,2075.59966,0.794738,0.504039,0.552254,-2.705276
620,EURUSD,buy,2010-07-26T13:00:00+00:00,2010-07-26T15:00:00+00:00,1.29436,1.29392,1.29436,1.29915,1990.9857,-0.87263,,,7200.00,-7924.40034,2075.59966,0.794738,0.503226,0.552227,-2.705276
621,EURUSD,buy,2010-08-11T05:00:00+00:00,2010-08-11T06:00:00+00:00,1.30984,1.30639,1.30683,1.31469,7925.4636,-27.37272,-1.1468,,3600.00,-7951.77307,2048.22693,0.797445,0.502415,0.551374,-2.709752
622,EURUSD,sell,2010-08-15T16:00:00+00:00,2010-08-16T02:00:00+00:00,1.27467,1.27803,1.27760,1.26995,8031.9475,-27.03481,-1.1478,,36000.00,-7978.80788,2021.19212,0.800118,0.501608,0.550534,-2.729221
623,EURUSD,sell,2010-08-17T12:00:00+00:00,2010-08-17T13:00:00+00:00,1.28697,1.29037,1.28993,1.28221,7850.1434,-26.67419,-1.1476,,3600.00,-8005.48206,1994.51794,0.802756,0.500803,0.549708,-2.749435
624,EURUSD,buy,2010-08-19T11:00:00+00:00,2010-08-19T12:00:00+00:00,1.28420,1.28676,1.28124,1.28895,5825.9729,14.95305,,,3600.00,-7990.52901,2008.62575,0.801361,0.501603,0.550549,-2.732206
625,EURUSD,buy,2010-08-19T11:00:00+00:00,2010-08-19T12:00:00+00:00,1.28420,1.28376,1.28420,1.28895,1941.9910,-0.84524,,,3600.00,-7991.37425,2008.62575,0.801361,0.500800,0.550523,-2.732206
626,EURUSD,buy,2010-08-20T23:00:00+00:00,2010-08-23T07:00:00+00:00,1.27113,1.26778,1.26821,1.27583,7903.3081,-26.50116,-1.1473,,201600.00,-8017.87541,1988.04429,0.803396,0.500000,0.549704,-2.744799
627,EURUSD,sell,2010-08-22T07:00:00+00:00,2010-08-23T14:00:00+00:00,1.27010,1.26756,1.27302,1.26540,5928.7408,15.07057,,,111600.00,-8002.80484,1996.34331,0.802576,0.500797,0.550550,-2.737610
628,EURUSD,sell,2010-08-22T07:00:00+00:00,2010-08-23T14:00:00+00:00,1.27010,1.27053,1.27010,1.26540,1976.2469,-0.85185,,,111600.00,-8003.65669,1996.34331,0.802576,0.500000,0.550524,-2.737610
629,EURUSD,sell,2010-08-23T15:00:00+00:00,2010-08-23T23:00:00+00:00,1.26566,1.26313,1.26857,1.26098,5913.1524,14.97841,,,28800.00,-7988.67828,2016.68335,0.800564,0.500795,0.551365,-2.716243
630,EURUSD,sell,2010-08-23T15:00:00+00:00,2010-08-24T00:00:00+00:00,1.26566,1.26468,1.26425,1.26098,1971.0508,1.93340,0.6956,,32400.00,-7986.74488,2013.25512,0.800903,0.501587,0.551473,-2.715193
631,EURUSD,buy,2010-08-25T03:00:00+00:00,2010-08-25T05:00:00+00:00,1.26583,1.26249,1.26292,1.27051,7954.7004,-26.56389,-1.1473,,7200.00,-8013.30877,1986.69123,0.803530,0.500792,0.550652,-2.735306
632,EURUSD,sell,2010-08-28T00:00:00+00:00,2010-08-30T05:00:00+00:00,1.27559,1.27303,1.27852,1.27087,5838.7675,14.90600,,,190800.00,-7998.40277,2005.83463,0.801637,0.501582,0.551488,-2.715923
633,EURUSD,sell,2010-08-28T00:00:00+00:00,2010-08-30T06:00:00+00:00,1.27559,1.27426,1.27383,1.27087,1946.2558,2.57888,0.7541,,194400.00,-7995.82390,2004.17610,0.801801,0.502370,0.551632,-2.717675
634,EURUSD,sell,2010-09-02T19:00:00+00:00,2010-09-03T10:00:00+00:00,1.28160,1.28498,1.28454,1.27685,7816.7214,-26.45126,-1.1477,,54000.00,-8022.27515,1977.72485,0.804417,0.501577,0.550815,-2.731771
635,EURUSD,sell,2010-09-05T06:00:00+00:00,2010-09-06T23:00:00+00:00,1.28901,1.28643,1.29198,1.28424,5751.8754,14.83872,,,147600.00,-8007.43643,2000.97187,0.802118,0.502362,0.551646,-2.708895
636,EURUSD,sell,2010-09-05T06:00:00+00:00,2010-09-06T23:00:00+00:00,1.28901,1.28463,1.28901,1.28424,1917.2918,8.40830,,,147600.00,-7999.02813,2000.97187,0.802118,0.503145,0.552117,-2.708895
637,EURUSD,sell,2010-09-08T13:00:00+00:00,2010-09-08T14:00:00+00:00,1.27245,1.27581,1.27538,1.26774,7860.3265,-26.41177,-1.1478,,3600.00,-8025.43991,1974.56009,0.804730,0.502355,0.551302,-2.727803
638,EURUSD,sell,2010-09-11T19:00:00+00:00,2010-09-12T21:00:00+00:00,1.26669,1.27004,1.26960,1.26200,7791.8351,-26.06491,-1.1479,,93600.00,-8051.50482,1945.57244,0.807597,0.501567,0.550499,-2.747364
639,EURUSD,buy,2010-09-12T21:00:00+00:00,2010-09-12T23:00:00+00:00,1.27103,1.27357,1.26811,1.27573,5750.4875,14.60801,,,7200.00,-8036.89681,1971.38138,0.805044,0.502347,0.551315,-2.726677
640,EURUSD,buy,2010-09-12T21:00:00+00:00,2010-09-12T23:00:00+00:00,1.27103,1.27535,1.27103,1.27573,1916.8292,8.27818,,,7200.00,-8028.61862,1971.38138,0.805044,0.503125,0.551777,-2.726677
641,EURUSD,buy,2010-09-18T01:00:00+00:00,2010-09-20T06:00:00+00:00,1.30546,1.30807,1.30246,1.31029,5664.5852,14.77959,,,190800.00,-8013.83903,2017.69139,0.800465,0.503900,0.552602,-2.694681
642,EURUSD,buy,2010-09-18T01:00:00+00:00,2010-09-20T06:00:00+00:00,1.30546,1.30990,1.30546,1.31029,1888.1951,8.37541,,,190800.00,-8005.46362,2017.69139,0.800465,0.504673,0.553070,-2.694681
643,EURUSD,buy,2010-09-19T10:00:00+00:00,2010-09-20T06:00:00+00:00,1.30546,1.30807,1.30246,1.31029,5664.5852,14.77959,,,72000.00,-7990.68402,2017.69139,0.800465,0.505443,0.553895,-2.694681
644,EURUSD,buy,2010-09-19T10:00:00+00:00,2010-09-20T06:00:00+00:00,1.30546,1.30990,1.30546,1.31029,1888.1951,8.37541,,,72000.00,-7982.30861,2017.69139,0.800465,0.506211,0.554363,-2.694681
645,EURUSD,buy,2010-09-22T13:00:00+00:00,2010-09-22T14:00:00+00:00,1.34225,1.33871,1.33917,1.34722,7518.3195,-26.59974,-1.1464,,3600.00,-8008.90835,1991.09165,0.803095,0.505426,0.553541,-2.713402
646,EURUSD,buy,2010-09-25T23:00:00+00:00,2010-09-27T01:00:00+00:00,1.34903,1.34548,1.34593,1.35402,7381.9048,-26.24720,-1.1463,,93600.00,-8035.15555,1964.84445,0.805691,0.504644,0.552732,-2.730422
647,EURUSD,sell,2010-09-27T19:00:00+00:00,2010-09-27T20:00:00+00:00,1.34656,1.34386,1.34965,1.34157,5470.2194,14.74208,,,3600.00,-8020.41347,1978.75874,0.804315,0.505410,0.553552,-2.718491
648,EURUSD,sell,2010-09-27T19:00:00+00:00,2010-09-27T20:00:00+00:00,1.34656,1.34701,1.34656,1.34157,1823.4065,-0.82779,,,3600.00,-8021.24126,1978.75874,0.804315,0.504630,0.553527,-2.718491
649,EURUSD,sell,2010-09-30T03:00:00+00:00,2010-09-30T07:00:00+00:00,1.35894,1.36253,1.36207,1.35391,7278.3269,-26.09383,-1.1467,,14400.00,-8047.33509,1952.66491,0.806895,0.503852,0.552724,-2.736066
650,EURUSD,sell,2010-10-01T08:00:00+00:00,2010-10-01T09:00:00+00:00,1.37160,1.37522,1.37475,1.36652,7116.0739,-25.74641,-1.1465,,3600.00,-8073.08150,1926.91850,0.809441,0.503077,0.551934,-2.755625
651,EURUSD,sell,2010-10-04T20:00:00+00:00,2010-10-04T23:00:00+00:00,1.36806,1.36532,1.37121,1.36300,5280.3089,14.45752,,,10800.00,-8058.62397,1947.42983,0.807413,0.503840,0.552737,-2.729560
652,EURUSD,sell,2010-10-04T20:00:00+00:00,2010-10-05T00:00:00+00:00,1.36806,1.36770,1.36724,1.36300,1760.1030,0.63236,0.4384,,14400.00,-8057.99162,1942.00838,0.807949,0.504601,0.552772,-2.728537
653,EURUSD,sell,2010-10-06T06:00:00+00:00,2010-10-06T07:00:00+00:00,1.38392,1.38757,1.38711,1.37880,7014.2031,-25.60275,-1.1464,,3600.00,-8083.59437,1916.40563,0.810481,0.503828,0.551987,-2.748022
654,EURUSD,buy,2010-10-07T16:00:00+00:00,2010-10-07T18:00:00+00:00,1.38879,1.39156,1.38559,1.39392,5176.2290,14.36744,,,7200.00,-8069.22693,1937.55995,0.808389,0.504587,0.552784,-2.723175
655,EURUSD,buy,2010-10-07T16:00:00+00:00,2010-10-07T19:00:00+00:00,1.38879,1.39007,1.39054,1.39392,1725.4097,2.21947,0.7336,,10800.00,-8067.00747,1932.99253,0.808841,0.505344,0.552907,-2.728825
656,EURUSD,sell,2010-10-15T14:00:00+00:00,2010-10-15T15:00:00+00:00,1.40058,1.40427,1.40380,1.39540,6898.6172,-25.47974,-1.1462,,3600.00,-8092.48720,1907.51280,0.811360,0.504573,0.552127,-2.741087
657,EURUSD,buy,2010-10-18T03:00:00+00:00,2010-10-18T08:00:00+00:00,1.38848,1.38482,1.38528,1.39361,6871.1468,-25.13540,-1.1458,,18000.00,-8117.62260,1882.37740,0.813846,0.503805,0.551360,-2.758354
658,EURUSD,sell,2010-10-20T09:00:00+00:00,2010-10-20T13:00:00+00:00,1.38432,1.38798,1.38751,1.37920,6796.8622,-24.81650,-1.1464,,14400.00,-8142.43910,1857.56090,0.816300,0.503040,0.550605,-2.776578
659,EURUSD,sell,2010-10-21T15:00:00+00:00,2010-10-21T16:00:00+00:00,1.39676,1.39397,1.39997,1.39159,4985.6521,13.93714,,,3600.00,-8128.50196,1870.71855,0.814999,0.503794,0.551374,-2.761079
660,EURUSD,sell,2010-10-21T15:00:00+00:00,2010-10-21T16:00:00+00:00,1.39676,1.39723,1.39676,1.39159,1661.8840,-0.77950,,,3600.00,-8129.28145,1870.71855,0.814999,0.503030,0.551350,-2.761079
661,EURUSD,sell,2010-10-24T19:00:00+00:00,2010-10-25T00:00:00+00:00,1.39483,1.39851,1.39804,1.38967,6703.8830,-24.66025,-1.1463,,18000.00,-8153.94170,1846.05830,0.817438,0.502269,0.550601,-2.764591
662,EURUSD,buy,2010-10-27T06:00:00+00:00,2010-10-27T09:00:00+00:00,1.37979,1.38255,1.37662,1.38490,5018.7176,13.84004,,,10800.00,-8140.10166,1859.12224,0.816146,0.503021,0.551364,-2.748145
663,EURUSD,buy,2010-10-27T06:00:00+00:00,2010-10-27T09:00:00+00:00,1.37979,1.37933,1.37979,1.38490,1672.9059,-0.77610,,,10800.00,-8140.87776,1859.12224,0.816146,0.502262,0.551340,-2.748145
664,EURUSD,buy,2010-10-31T07:00:00+00:00,2010-10-31T22:00:00+00:00,1.39489,1.39768,1.39168,1.40005,4999.5399,13.93798,,,54000.00,-8126.93978,1876.77930,0.814400,0.503012,0.552108,-2.724263
665,EURUSD,buy,2010-10-31T07:00:00+00:00,2010-10-31T23:00:00+00:00,1.39489,1.39592,1.39639,1.40005,1666.5133,1.72110,0.6877,,57600.00,-8125.21868,1874.78132,0.814597,0.503759,0.552203,-2.726727
666,EURUSD,buy,2010-11-04T22:00:00+00:00,2010-11-05T05:00:00+00:00,1.42159,1.41784,1.41832,1.42684,6595.9544,-24.69623,-1.1455,,25200.00,-8149.91491,1850.08509,0.817040,0.503003,0.551453,-2.726532
667,EURUSD,sell,2010-11-06T15:00:00+00:00,2010-11-07T22:00:00+00:00,1.40241,1.40611,1.40564,1.39722,6594.1172,-24.38646,-1.1462,,111600.00,-8174.30137,1825.69863,0.819451,0.502249,0.550714,-2.745501
668,EURUSD,buy,2010-11-10T08:00:00+00:00,2010-11-10T10:00:00+00:00,1.38028,1.37665,1.37711,1.38539,6615.4733,-24.05928,-1.1459,,7200.00,-8198.36065,1801.63935,0.821831,0.501497,0.549986,-2.762506
669,EURUSD,buy,2010-11-12T14:00:00+00:00,2010-11-12T15:00:00+00:00,1.37682,1.37320,1.37366,1.38192,6544.7045,-23.74304,-1.1460,,3600.00,-8222.10370,1777.89630,0.824179,0.500747,0.549270,-2.780449
670,EURUSD,buy,2010-11-13T22:00:00+00:00,2010-11-15T00:00:00+00:00,1.36936,1.37210,1.36621,1.37443,4870.2371,13.32902,,,93600.00,-8208.77468,1790.47727,0.822934,0.501493,0.550001,-2.781310
671,EURUSD,buy,2010-11-13T22:00:00+00:00,2010-11-15T00:00:00+00:00,1.36936,1.36890,1.36936,1.37443,1623.4124,-0.74806,,,93600.00,-8209.52273,1790.47727,0.822934,0.500745,0.549979,-2.781310
672,EURUSD,sell,2010-11-16T12:00:00+00:00,2010-11-16T14:00:00+00:00,1.36118,1.35846,1.36431,1.35614,4931.2126,13.43382,,,7200.00,-8196.08892,1803.15764,0.821680,0.501488,0.550715,-2.766049
673,EURUSD,sell,2010-11-16T12:00:00+00:00,2010-11-16T14:00:00+00:00,1.36118,1.36164,1.36118,1.35614,1643.7375,-0.75344,,,7200.00,-8196.84236,1803.15764,0.821680,0.500743,0.550692,-2.766049
674,EURUSD,buy,2010-11-19T20:00:00+00:00,2010-11-21T22:00:00+00:00,1.36891,1.37165,1.36576,1.37397,4941.0604,13.51841,,,180000.00,-8183.32395,1800.56048,0.821937,0.501484,0.551433,-2.761838
675,EURUSD,buy,2010-11-19T20:00:00+00:00,2010-11-21T22:00:00+00:00,1.36891,1.37356,1.36891,1.37397,1647.0201,7.66072,,,180000.00,-8175.66323,1800.56048,0.821937,0.502222,0.551853,-2.761838
676,EURUSD,sell,2010-11-21T07:00:00+00:00,2010-11-21T22:00:00+00:00,1.36673,1.37034,1.36987,1.36167,6594.6342,-23.77629,-1.1466,,54000.00,-8199.43952,1800.56048,0.821937,0.501479,0.551135,-2.761838
677,EURUSD,sell,2010-11-24T16:00:00+00:00,2010-11-24T19:00:00+00:00,1.33553,1.33286,1.33860,1.33059,5054.2332,13.50947,,,10800.00,-8185.93005,1821.02663,0.819913,0.502216,0.551874,-2.734910
678,EURUSD,sell,2010-11-24T16:00:00+00:00,2010-11-24T20:00:00+00:00,1.33553,1.33372,1.33327,1.33059,1684.7444,3.04808,0.8008,,14400.00,-8182.88197,1817.11803,0.820300,0.502950,0.552041,-2.739960
679,EURUSD,buy,2010-11-26T16:00:00+00:00,2010-11-28T22:00:00+00:00,1.32459,1.32723,1.32154,1.32949,5145.9327,13.62307,,,194400.00,-8169.25890,1811.90332,0.820816,0.503682,0.552787,-2.739654
680,EURUSD,sell,2010-11-27T17:00:00+00:00,2010-11-28T22:00:00+00:00,1.32336,1.32686,1.32641,1.31846,6863.4723,-23.97126,-1.1471,,104400.00,-8193.23016,1811.90332,0.820816,0.502941,0.552063,-2.739654
681,EURUSD,buy,2010-11-26T16:00:00+00:00,2010-11-28T23:00:00+00:00,1.32459,1.32608,1.32653,1.32949,1715.3109,2.56405,0.7694,,198000.00,-8190.66612,1809.33388,0.821070,0.503671,0.552203,-2.742318
682,EURUSD,buy,2010-12-01T10:00:00+00:00,2010-12-01T13:00:00+00:00,1.31174,1.30828,1.30873,1.31660,6898.7451,-23.86075,-1.1467,,10800.00,-8214.52686,1785.47314,0.823429,0.502933,0.551483,-2.759131
683,EURUSD,sell,2010-12-03T12:00:00+00:00,2010-12-03T13:00:00+00:00,1.32419,1.32769,1.32724,1.31929,6739.7200,-23.55359,-1.1471,,3600.00,-8238.08046,1761.91954,0.825759,0.502196,0.550775,-2.776870
684,EURUSD,buy,2010-12-05T04:00:00+00:00,2010-12-06T00:00:00+00:00,1.33993,1.33640,1.33685,1.34489,6576.6334,-23.22840,-1.1464,,72000.00,-8261.30886,1738.69114,0.828056,0.501462,0.550078,-2.764126
685,EURUSD,buy,2010-12-06T12:00:00+00:00,2010-12-06T13:00:00+00:00,1.32911,1.32560,1.32605,1.33402,6542.7789,-22.92481,-1.1465,,3600.00,-8284.23367,1715.76633,0.830323,0.500730,0.549392,-2.783784
686,EURUSD,buy,2010-12-11T03:00:00+00:00,2010-12-12T22:00:00+00:00,1.32264,1.31915,1.31960,1.32753,6488.1048,-22.62412,-1.1466,,154800.00,-8306.85779,1693.14221,0.832560,0.500000,0.548717,-2.798269
687,EURUSD,buy,2010-12-16T17:00:00+00:00,2010-12-16T19:00:00+00:00,1.32365,1.32016,1.32060,1.32854,6397.6656,-22.32556,-1.1466,,7200.00,-8329.18335,1670.81665,0.834768,0.499272,0.548052,-2.813786
688,EURUSD,buy,2010-12-18T01:00:00+00:00,2010-12-19T23:00:00+00:00,1.31890,1.31542,1.31586,1.32377,6336.0510,-22.03231,-1.1467,,165600.00,-8351.21566,1626.75203,0.839126,0.498547,0.547398,-2.842892
689,EURUSD,buy,2010-12-19T01:00:00+00:00,2010-12-19T23:00:00+00:00,1.31890,1.31542,1.31586,1.32377,6336.0510,-22.03231,-1.1467,,79200.00,-8373.24797,1626.75203,0.839126,0.497823,0.546745,-2.842892
690,EURUSD,buy,2010-12-22T20:00:00+00:00,2010-12-23T05:00:00+00:00,1.31017,1.31279,1.30716,1.31502,4657.5151,12.19588,,,32400.00,-8361.05209,1643.24380,0.837495,0.498551,0.547405,-2.810286
691,EURUSD,buy,2010-12-22T20:00:00+00:00,2010-12-23T06:00:00+00:00,1.31017,1.31198,1.31242,1.31502,1552.5050,2.79972,0.8025,,36000.00,-8358.25237,1641.74763,0.837643,0.499276,0.547557,-2.812344
692,EURUSD,buy,2011-01-05T02:00:00+00:00,2011-01-05T08:00:00+00:00,1.32826,1.32476,1.32520,1.33317,6181.9304,-21.64680,-1.1465,,21600.00,-8379.89917,1620.10083,0.839783,0.498555,0.546916,-2.818686
693,EURUSD,buy,2011-01-07T16:00:00+00:00,2011-01-07T17:00:00+00:00,1.29456,1.29114,1.29158,1.29935,6259.2273,-21.36932,-1.1470,,3600.00,-8401.26849,1598.73151,0.841897,0.497835,0.546285,-2.835886
694,EURUSD,buy,2011-01-10T00:00:00+00:00,2011-01-10T07:00:00+00:00,1.29068,1.28727,1.28771,1.29545,6195.2410,-21.08838,-1.1470,,25200.00,-8422.35687,1577.64313,0.843982,0.497118,0.545663,-2.850303
695,EURUSD,sell,2011-01-13T18:00:00+00:00,2011-01-14T00:00:00+00:00,1.33603,1.33336,1.33910,1.33108,4426.8400,11.83694,,,21600.00,-8410.51993,1591.83968,0.842578,0.497842,0.546302,-2.839574
696,EURUSD,sell,2011-01-13T18:00:00+00:00,2011-01-14T01:00:00+00:00,1.33603,1.33534,1.33489,1.33108,1475.6133,1.01609,0.6045,,25200.00,-8409.50384,1590.49616,0.842711,0.498563,0.546357,-2.841050
697,EURUSD,buy,2011-01-17T04:00:00+00:00,2011-01-17T06:00:00+00:00,1.33403,1.33051,1.33096,1.33896,5963.0338,-20.96974,-1.1465,,7200.00,-8430.47358,1569.52642,0.844785,0.497848,0.545739,-2.857111
698,EURUSD,buy,2011-01-18T20:00:00+00:00,2011-01-19T01:00:00+00:00,1.33870,1.34138,1.33562,1.34365,4397.9108,11.76686,,,18000.00,-8418.70672,1587.65340,0.842992,0.498567,0.546373,-2.845315
699,EURUSD,buy,2011-01-18T20:00:00+00:00,2011-01-19T02:00:00+00:00,1.33870,1.34154,1.34199,1.34365,1465.9703,4.15739,0.8624,,21600.00,-8414.54934,1585.45066,0.843210,0.499285,0.546597,-2.848279
700,EURUSD,buy,2011-01-21T13:00:00+00:00,2011-01-21T15:00:00+00:00,1.35499,1.35769,1.35187,1.36000,4389.1391,11.88624,,,7200.00,-8402.66309,1596.66905,0.842101,0.500000,0.547238,-2.832616
701,EURUSD,buy,2011-01-21T13:00:00+00:00,2011-01-21T15:00:00+00:00,1.35499,1.35453,1.35499,1.36000,1463.0464,-0.66785,,,7200.00,-8403.33095,1596.66905,0.842101,0.499287,0.547218,-2.832616
702,EURUSD,buy,2011-01-24T14:00:00+00:00,2011-01-24T15:00:00+00:00,1.36429,1.36702,1.36115,1.36934,4390.0555,11.97035,,,3600.00,-8391.36060,1607.96732,0.840983,0.500000,0.547863,-2.816016
703,EURUSD,buy,2011-01-24T14:00:00+00:00,2011-01-24T15:00:00+00:00,1.36429,1.36383,1.36429,1.36934,1463.3518,-0.67208,,,3600.00,-8392.03268,1607.96732,0.840983,0.499289,0.547843,-2.816016
704,EURUSD,sell,2011-01-25T23:00:00+00:00,2011-01-26T09:00:00+00:00,1.36805,1.37166,1.37120,1.36299,5875.0980,-21.20224,-1.1466,,36000.00,-8413.23492,1586.76508,0.843080,0.498580,0.547218,-2.841338
705,EURUSD,buy,2011-01-31T21:00:00+00:00,2011-02-01T04:00:00+00:00,1.36970,1.37244,1.36655,1.37477,4345.5872,11.89610,,,25200.00,-8401.33882,1603.15048,0.841460,0.499291,0.547858,-2.817822
706,EURUSD,buy,2011-01-31T21:00:00+00:00,2011-02-01T05:00:00+00:00,1.36970,1.37138,1.37184,1.37477,1448.5291,2.43016,0.7842,,28800.00,-8398.90866,1601.09134,0.841663,0.500000,0.547989,-2.820243
707,EURUSD,sell,2011-02-03T17:00:00+00:00,2011-02-03T18:00:00+00:00,1.36466,1.36193,1.36780,1.35961,4398.3770,12.01287,,,3600.00,-8386.89579,1612.43065,0.840542,0.500707,0.548636,-2.804745
708,EURUSD,sell,2011-02-03T17:00:00+00:00,2011-02-03T18:00:00+00:00,1.36466,1.36512,1.36466,1.35961,1466.1257,-0.67356,,,3600.00,-8387.56935,1612.43065,0.840542,0.500000,0.548616,-2.804745
709,EURUSD,buy,2011-02-04T21:00:00+00:00,2011-02-07T02:00:00+00:00,1.35839,1.36110,1.35526,1.36341,4452.6539,12.08851,,,190800.00,-8375.48083,1608.64730,0.840916,0.500705,0.549266,-2.802588
710,EURUSD,sell,2011-02-06T01:00:00+00:00,2011-02-07T02:00:00+00:00,1.35723,1.36081,1.36036,1.35221,5938.3587,-21.26344,-1.1467,,90000.00,-8396.74428,1608.64730,0.840916,0.500000,0.548639,-2.802588
711,EURUSD,buy,2011-02-04T21:00:00+00:00,2011-02-07T03:00:00+00:00,1.35839,1.36062,1.36108,1.36341,1484.2180,3.31618,0.8298,,194400.00,-8393.42809,1606.57191,0.841121,0.500703,0.548817,-2.804916
712,EURUSD,buy,2011-02-08T09:00:00+00:00,2011-02-08T10:00:00+00:00,1.36096,1.36368,1.35783,1.36599,4428.0950,12.04459,,,3600.00,-8381.38350,1617.94007,0.839997,0.501404,0.549464,-2.790452
713,EURUSD,buy,2011-02-08T09:00:00+00:00,2011-02-08T10:00:00+00:00,1.36096,1.36050,1.36096,1.36599,1476.0317,-0.67642,,,3600.00,-8382.05993,1617.94007,0.839997,0.500701,0.549444,-2.790452
714,EURUSD,sell,2011-02-10T06:00:00+00:00,2011-02-10T08:00:00+00:00,1.36800,1.36526,1.37115,1.36294,4433.8139,12.13928,,,7200.00,-8369.92065,1629.39889,0.838864,0.501401,0.550097,-2.775051
715,EURUSD,sell,2011-02-10T06:00:00+00:00,2011-02-10T08:00:00+00:00,1.36800,1.36846,1.36800,1.36294,1477.9380,-0.68046,,,7200.00,-8370.60111,1629.39889,0.838864,0.500699,0.550077,-2.775051
716,EURUSD,sell,2011-02-14T16:00:00+00:00,2011-02-14T18:00:00+00:00,1.34692,1.35047,1.35001,1.34193,6046.8148,-21.48951,-1.1468,,7200.00,-8392.09062,1607.90938,0.840989,0.500000,0.549442,-2.790024
717,EURUSD,buy,2011-02-18T13:00:00+00:00,2011-02-18T14:00:00+00:00,1.36423,1.36063,1.36109,1.36928,5894.8739,-21.19265,-1.1461,,3600.00,-8413.28327,1586.71673,0.843085,0.499303,0.548818,-2.804912
718,EURUSD,sell,2011-02-21T01:00:00+00:00,2011-02-21T14:00:00+00:00,1.36867,1.36593,1.37182,1.36360,4346.1213,11.90502,,,46800.00,-8401.37825,1602.22798,0.841551,0.500000,0.549456,-2.782929
719,EURUSD,sell,2011-02-21T01:00:00+00:00,2011-02-21T15:00:00+00:00,1.36867,1.36729,1.36683,1.36360,1448.7071,1.99807,0.7499,,50400.00,-8399.38018,1600.61982,0.841710,0.500695,0.549563,-2.785117
720,EURUSD,sell,2011-02-24T15:00:00+00:00,2011-02-24T23:00:00+00:00,1.37874,1.38237,1.38191,1.37363,5802.9214,-21.10309,-1.1465,,28800.00,-8420.48327,1579.51673,0.843797,0.500000,0.548942,-2.800908
721,EURUSD,sell,2011-03-04T01:00:00+00:00,2011-03-04T13:00:00+00:00,1.39513,1.39881,1.39834,1.38997,5659.1191,-20.82150,-1.1463,,43200.00,-8441.30477,1558.69523,0.845856,0.499307,0.548330,-2.811860
722,EURUSD,sell,2011-03-05T16:00:00+00:00,2011-03-07T09:00:00+00:00,1.39793,1.40162,1.40115,1.39276,5573.3373,-20.54646,-1.1462,,147600.00,-8461.85123,1538.14877,0.847888,0.498615,0.547728,-2.836419
723,EURUSD,buy,2011-03-13T01:00:00+00:00,2011-03-13T21:00:00+00:00,1.39048,1.39326,1.38728,1.39562,4149.5028,11.53162,,,72000.00,-8450.31962,1556.21521,0.846101,0.499308,0.548345,-2.807411
724,EURUSD,buy,2011-03-13T01:00:00+00:00,2011-03-13T21:00:00+00:00,1.39048,1.39520,1.39048,1.39562,1383.1676,6.53483,,,72000.00,-8443.78479,1556.21521,0.846101,0.500000,0.548694,-2.807411
725,EURUSD,sell,2011-03-26T10:00:00+00:00,2011-03-27T21:00:00+00:00,1.40802,1.40520,1.41126,1.40281,4143.4545,11.67617,,,126000.00,-8432.10862,1589.61533,0.842798,0.500690,0.549318,-2.745768
726,EURUSD,sell,2011-03-27T20:00:00+00:00,2011-03-27T21:00:00+00:00,1.40802,1.40520,1.41126,1.40281,4143.4545,11.67617,,,3600.00,-8420.43246,1589.61533,0.842798,0.501377,0.549942,-2.745768
727,EURUSD,sell,2011-03-26T10:00:00+00:00,2011-03-27T22:00:00+00:00,1.40802,1.40558,1.40511,1.40281,1381.1515,3.36437,0.8378,,129600.00,-8417.06808,1586.29629,0.843126,0.502063,0.550122,-2.751492
728,EURUSD,sell,2011-03-27T20:00:00+00:00,2011-03-27T22:00:00+00:00,1.40802,1.40558,1.40511,1.40281,1381.1515,3.36437,0.8378,,7200.00,-8413.70371,1586.29629,0.843126,0.502747,0.550302,-2.751492
729,EURUSD,buy,2011-03-29T03:00:00+00:00,2011-03-29T05:00:00+00:00,1.40879,1.41161,1.40555,1.41400,4223.7559,11.89258,,,7200.00,-8401.81113,1602.24014,0.841550,0.503429,0.550937,-2.730443
730,EURUSD,buy,2011-03-29T03:00:00+00:00,2011-03-29T06:00:00+00:00,1.40879,1.41037,1.41084,1.41400,1407.9186,2.21642,0.7689,,10800.00,-8399.59471,1600.40529,0.841731,0.504110,0.551056,-2.732884
731,EURUSD,sell,2011-03-31T14:00:00+00:00,2011-03-31T20:00:00+00:00,1.41859,1.41576,1.42186,1.41334,4229.3413,12.00772,,,21600.00,-8387.58699,1616.49333,0.840140,0.504788,0.551698,-2.711898
732,EURUSD,sell,2011-03-31T14:00:00+00:00,2011-03-31T21:00:00+00:00,1.41859,1.41793,1.41745,1.41334,1409.7804,0.94321,0.5847,,25200.00,-8386.64378,1613.35622,0.840450,0.505464,0.551748,-2.715987
733,EURUSD,sell,2011-04-02T06:00:00+00:00,2011-04-04T00:00:00+00:00,1.42269,1.42644,1.42597,1.41743,5668.3773,-21.26197,-1.1460,,151200.00,-8407.90576,1592.09424,0.842553,0.504775,0.551122,-2.716549
734,EURUSD,sell,2011-04-11T00:00:00+00:00,2011-04-12T00:00:00+00:00,1.44447,1.44158,1.44779,1.43912,4132.0184,11.94536,,,86400.00,-8395.96039,1608.51118,0.840930,0.505450,0.551759,-2.692502
735,EURUSD,sell,2011-04-11T00:00:00+00:00,2011-04-12T01:00:00+00:00,1.44447,1.44256,1.44208,1.43912,1377.3395,2.62230,0.7978,,90000.00,-8393.33809,1606.66191,0.841112,0.506122,0.551899,-2.694396
736,EURUSD,sell,2011-04-14T13:00:00+00:00,2011-04-14T14:00:00+00:00,1.44303,1.44683,1.44635,1.43769,5565.3150,-21.16977,-1.1458,,3600.00,-8414.50786,1585.49214,0.843206,0.505435,0.551276,-2.710802
737,EURUSD,buy,2011-04-15T22:00:00+00:00,2011-04-17T23:00:00+00:00,1.44317,1.43937,1.43985,1.44851,5494.7258,-20.88130,-1.1452,,176400.00,-8435.38916,1564.61084,0.845271,0.504749,0.550663,-2.727479
738,EURUSD,buy,2011-04-18T05:00:00+00:00,2011-04-18T07:00:00+00:00,1.43760,1.43382,1.43430,1.44292,5443.3743,-20.60733,-1.1453,,7200.00,-8455.99649,1544.00351,0.847309,0.504065,0.550059,-2.744664
739,EURUSD,sell,2011-04-20T22:00:00+00:00,2011-04-21T00:00:00+00:00,1.45074,1.45457,1.45408,1.44538,5319.8208,-20.34275,-1.1457,,7200.00,-8476.33924,1523.66076,0.849321,0.503383,0.549465,-2.747722
740,EURUSD,buy,2011-04-22T16:00:00+00:00,2011-04-25T00:00:00+00:00,1.45562,1.45853,1.45227,1.46100,3926.4750,11.42300,,,201600.00,-8464.91624,1537.92842,0.847910,0.504054,0.550072,-2.723258
741,EURUSD,buy,2011-04-22T16:00:00+00:00,2011-04-25T01:00:00+00:00,1.45562,1.45701,1.45750,1.46100,1308.8250,1.82740,0.7413,,205200.00,-8463.08885,1536.91115,0.848010,0.504723,0.550169,-2.724346
742,EURUSD,sell,2011-04-26T07:00:00+00:00,2011-04-26T09:00:00+00:00,1.45962,1.46347,1.46298,1.45422,5263.1781,-20.24769,-1.1456,,7200.00,-8483.33654,1516.66346,0.850013,0.504043,0.549577,-2.741455
743,EURUSD,sell,2011-04-29T21:00:00+00:00,2011-05-01T22:00:00+00:00,1.47994,1.48384,1.48334,1.47446,5122.5478,-19.97738,-1.1454,,176400.00,-8503.31392,1490.36553,0.852613,0.503365,0.548995,-2.758557
744,EURUSD,buy,2011-05-01T03:00:00+00:00,2011-05-02T00:00:00+00:00,1.48128,1.48424,1.47788,1.48676,3840.7174,11.37054,,,75600.00,-8491.94338,1507.42371,0.850926,0.504032,0.549598,-2.752055
745,EURUSD,buy,2011-05-01T03:00:00+00:00,2011-05-02T00:00:00+00:00,1.48128,1.48079,1.48128,1.48676,1280.2391,-0.63291,,,75600.00,-8492.57629,1507.42371,0.850926,0.503356,0.549580,-2.752055
746,EURUSD,sell,2011-05-04T07:00:00+00:00,2011-05-04T09:00:00+00:00,1.48440,1.48832,1.48782,1.47891,5076.0134,-19.85491,-1.1453,,7200.00,-8512.43120,1487.56880,0.852890,0.502681,0.549002,-2.768156
747,EURUSD,sell,2011-05-09T06:00:00+00:00,2011-05-09T07:00:00+00:00,1.43941,1.44320,1.44272,1.43408,5165.7434,-19.60122,-1.1458,,3600.00,-8532.03242,1467.96758,0.854828,0.502008,0.548432,-2.781500
748,EURUSD,buy,2011-05-12T16:00:00+00:00,2011-05-12T17:00:00+00:00,1.42363,1.42647,1.42035,1.42889,3867.9584,11.00546,,,3600.00,-8521.02696,1478.35794,0.853801,0.502674,0.549014,-2.766037
749,EURUSD,buy,2011-05-12T16:00:00+00:00,2011-05-12T17:00:00+00:00,1.42363,1.42315,1.42363,1.42889,1289.3195,-0.61510,,,3600.00,-8521.64206,1478.35794,0.853801,0.502003,0.548997,-2.766037
750,EURUSD,buy,2011-05-13T18:00:00+00:00,2011-05-15T21:00:00+00:00,1.41132,1.40761,1.40808,1.41654,5239.0600,-19.47609,-1.1456,,183600.00,-8541.11815,1439.40576,0.857653,0.501333,0.548431,-2.788625
751,EURUSD,buy,2011-05-15T02:00:00+00:00,2011-05-15T21:00:00+00:00,1.41135,1.40764,1.40811,1.41657,5238.9486,-19.47609,-1.1456,,68400.00,-8560.59424,1439.40576,0.857653,0.500666,0.547867,-2.788625
752,EURUSD,sell,2011-05-22T06:00:00+00:00,2011-05-22T22:00:00+00:00,1.41523,1.41239,1.41848,1.40999,3812.9281,10.79975,,,57600.00,-8549.79448,1456.28752,0.855983,0.501330,0.548438,-2.760180
753,EURUSD,sell,2011-05-22T06:00:00+00:00,2011-05-22T23:00:00+00:00,1.41523,1.41293,1.41246,1.40999,1270.9760,2.91251,0.8287,,61200.00,-8546.88198,1453.11802,0.856297,0.501992,0.548591,-2.764798
754,EURUSD,sell,2011-05-25T08:00:00+00:00,2011-05-25T09:00:00+00:00,1.40594,1.40965,1.40917,1.40073,5166.2378,-19.15328,-1.1462,,3600.00,-8566.03526,1433.96474,0.858191,0.501326,0.548037,-2.779764
755,EURUSD,buy,2011-05-29T02:00:00+00:00,2011-05-29T23:00:00+00:00,1.43136,1.42759,1.42807,1.43665,5010.6041,-18.88769,-1.1454,,75600.00,-8584.92295,1422.89720,0.859286,0.500662,0.547491,-2.785466
756,EURUSD,sell,2011-05-28T00:00:00+00:00,2011-05-30T04:00:00+00:00,1.43050,1.42764,1.43379,1.42521,3757.9531,10.75893,,,187200.00,-8574.16402,1430.17105,0.858566,0.501323,0.548059,-2.774907
757,EURUSD,sell,2011-05-28T00:00:00+00:00,2011-05-30T05:00:00+00:00,1.43050,1.42818,1.42770,1.42521,1252.6510,2.90915,0.8292,,190800.00,-8571.25487,1428.74513,0.858707,0.501982,0.548212,-2.776757
758,EURUSD,buy,2011-05-31T09:00:00+00:00,2011-05-31T11:00:00+00:00,1.44142,1.43763,1.43811,1.44675,4957.5123,-18.81720,-1.1453,,7200.00,-8590.07207,1409.92793,0.860568,0.501319,0.547669,-2.793411
759,EURUSD,sell,2011-06-01T20:00:00+00:00,2011-06-02T00:00:00+00:00,1.43229,1.43607,1.43559,1.42699,4920.4587,-18.57939,-1.1459,,14400.00,-8608.65146,1391.34854,0.862405,0.500659,0.547133,-2.802719
760,EURUSD,buy,2011-06-04T06:00:00+00:00,2011-06-05T21:00:00+00:00,1.46399,1.46013,1.46062,1.46940,4753.3345,-18.32095,-1.1450,,140400.00,-8626.97242,1373.02758,0.864217,0.500000,0.546607,-2.818298
761,EURUSD,buy,2011-06-10T16:00:00+00:00,2011-06-10T17:00:00+00:00,1.43793,1.43414,1.43463,1.44325,4775.7481,-18.08396,-1.1453,,3600.00,-8645.05637,1354.94363,0.866006,0.499343,0.546088,-2.831223
762,EURUSD,sell,2011-06-15T21:00:00+00:00,2011-06-15T23:00:00+00:00,1.41581,1.41954,1.41906,1.41057,4783.6285,-17.85759,-1.1461,,7200.00,-8662.91396,1337.08604,0.867772,0.498688,0.545576,-2.844088
763,EURUSD,buy,2011-06-20T03:00:00+00:00,2011-06-20T04:00:00+00:00,1.42575,1.42199,1.42247,1.43102,4690.4767,-17.61256,-1.1454,,3600.00,-8680.52652,1319.47348,0.869513,0.498034,0.545072,-2.856878
764,EURUSD,buy,2011-06-23T23:00:00+00:00,2011-06-24T06:00:00+00:00,1.42657,1.42281,1.42329,1.43184,4626.0307,-17.38043,-1.1454,,25200.00,-8697.90695,1302.09305,0.871232,0.497382,0.544576,-2.872409
765,EURUSD,buy,2011-06-25T17:00:00+00:00,2011-06-26T23:00:00+00:00,1.41898,1.41524,1.41571,1.42422,4589.5212,-17.15271,-1.1455,,108000.00,-8715.05966,1284.94034,0.872928,0.496732,0.544088,-2.888601
766,EURUSD,sell,2011-06-27T03:00:00+00:00,2011-06-27T07:00:00+00:00,1.41229,1.41601,1.41554,1.40706,4547.7853,-16.93554,-1.1461,,14400.00,-8731.99519,1268.00481,0.874603,0.496084,0.543606,-2.904859
767,EURUSD,buy,2011-06-28T09:00:00+00:00,2011-06-28T11:00:00+00:00,1.42715,1.42339,1.42387,1.43243,4443.7760,-16.70238,-1.1454,,7200.00,-8748.69757,1251.30243,0.876255,0.495437,0.543132,-2.921068
768,EURUSD,sell,2011-07-01T08:00:00+00:00,2011-07-01T09:00:00+00:00,1.45240,1.44950,1.45575,1.44703,3229.8010,9.38843,,,3600.00,-8739.30915,1260.16791,0.875378,0.496094,0.543622,-2.905867
769,EURUSD,sell,2011-07-01T08:00:00+00:00,2011-07-01T09:00:00+00:00,1.45240,1.45289,1.45240,1.44703,1076.6003,-0.52294,,,3600.00,-8739.83209,1260.16791,0.875378,0.495449,0.543607,-2.905867
770,EURUSD,buy,2011-07-02T11:00:00+00:00,2011-07-03T23:00:00+00:00,1.45270,1.45560,1.44936,1.45807,3253.9832,9.44757,,,129600.00,-8730.38452,1273.55749,0.874054,0.496104,0.544101,-2.883729
771,EURUSD,buy,2011-07-02T11:00:00+00:00,2011-07-04T00:00:00+00:00,1.45270,1.45443,1.45492,1.45807,1084.6611,1.88499,0.7813,,133200.00,-8728.49953,1271.50047,0.874258,0.496757,0.544199,-2.882824
772,EURUSD,sell,2011-07-05T12:00:00+00:00,2011-07-05T15:00:00+00:00,1.44827,1.44537,1.45160,1.44291,3291.3141,9.53997,,,10800.00,-8718.95955,1282.59328,0.873161,0.497409,0.544697,-2.866361
773,EURUSD,sell,2011-07-05T12:00:00+00:00,2011-07-05T16:00:00+00:00,1.44827,1.44746,1.44698,1.44291,1097.1047,0.87909,0.6234,,14400.00,-8718.08046,1281.91954,0.873227,0.498060,0.544743,-2.867401
774,EURUSD,buy,2011-07-06T17:00:00+00:00,2011-07-07T07:00:00+00:00,1.43185,1.42808,1.42856,1.43715,4477.7897,-16.88493,-1.1454,,50400.00,-8734.96539,1265.03461,0.874897,0.497416,0.544263,-2.874688
775,EURUSD,buy,2011-07-10T02:00:00+00:00,2011-07-10T21:00:00+00:00,1.42679,1.42303,1.42351,1.43207,4434.4857,-16.66331,-1.1454,,68400.00,-8751.62871,1248.37129,0.876545,0.496774,0.543791,-2.888994
776,EURUSD,sell,2011-07-13T05:00:00+00:00,2011-07-13T07:00:00+00:00,1.40025,1.40394,1.40347,1.39507,4456.3362,-16.45546,-1.1462,,7200.00,-8768.08416,1231.91584,0.878172,0.496134,0.543325,-2.903253
777,EURUSD,buy,2011-07-17T08:00:00+00:00,2011-07-17T21:00:00+00:00,1.41526,1.41154,1.41201,1.42050,4353.5518,-16.22882,-1.1455,,46800.00,-8784.31298,1215.68702,0.879777,0.495495,0.542866,-2.916541
778,EURUSD,buy,2011-07-18T14:00:00+00:00,2011-07-18T16:00:00+00:00,1.40294,1.40574,1.39971,1.40813,3250.4537,9.11410,,,7200.00,-8775.19889,1228.44080,0.878516,0.496144,0.543340,-2.896667
779,EURUSD,buy,2011-07-18T14:00:00+00:00,2011-07-18T17:00:00+00:00,1.40294,1.40461,1.40508,1.40813,1083.4846,1.80697,0.7796,,10800.00,-8773.39192,1226.60808,0.878697,0.496791,0.543434,-2.899690
780,EURUSD,sell,2011-07-22T17:00:00+00:00,2011-07-24T21:00:00+00:00,1.43679,1.44058,1.44009,1.43147,4267.2941,-16.16301,-1.1458,,187200.00,-8789.55494,1210.44506,0.880296,0.496154,0.542977,-2.908816
781,EURUSD,sell,2011-07-28T18:00:00+00:00,2011-07-29T03:00:00+00:00,1.43058,1.43435,1.43387,1.42529,4229.3382,-15.95095,-1.1459,,32400.00,-8805.50588,1194.49412,0.881873,0.495519,0.542527,-2.929478
782,EURUSD,sell,2011-07-31T11:00:00+00:00,2011-07-31T21:00:00+00:00,1.43929,1.43641,1.44260,1.43396,3111.2667,8.96220,,,36000.00,-8796.54368,1207.59231,0.880578,0.496164,0.542993,-2.907879
783,EURUSD,sell,2011-07-31T11:00:00+00:00,2011-07-31T22:00:00+00:00,1.43929,1.43794,1.43746,1.43396,1037.0889,1.39678,0.7367,,39600.00,-8795.14690,1204.85310,0.880849,0.496807,0.543066,-2.912452
784,EURUSD,sell,2011-08-01T18:00:00+00:00,2011-08-02T06:00:00+00:00,1.42604,1.42319,1.42932,1.42076,3167.3986,9.03992,,,43200.00,-8786.10698,1219.01545,0.879448,0.497449,0.543535,-2.881783
785,EURUSD,sell,2011-08-01T18:00:00+00:00,2011-08-02T06:00:00+00:00,1.42604,1.42119,1.42604,1.42076,1055.7995,5.12243,,,43200.00,-8780.98455,1219.01545,0.879448,0.498089,0.543801,-2.881783
786,EURUSD,sell,2011-08-03T21:00:00+00:00,2011-08-04T01:00:00+00:00,1.43601,1.43314,1.43931,1.43069,3182.3870,9.14618,,,14400.00,-8771.83836,1233.41159,0.878024,0.498728,0.544276,-2.856914
787,EURUSD,sell,2011-08-03T21:00:00+00:00,2011-08-04T02:00:00+00:00,1.43601,1.43349,1.43301,1.43069,1060.7957,2.67230,0.8400,,18000.00,-8769.16606,1230.83394,0.878279,0.499365,0.544415,-2.860964
788,EURUSD,buy,2011-08-04T23:00:00+00:00,2011-08-05T01:00:00+00:00,1.40791,1.41073,1.40468,1.41312,3279.3322,9.22765,,,7200.00,-8759.93841,1239.54525,0.877418,0.500000,0.544895,-2.859042
789,EURUSD,buy,2011-08-04T23:00:00+00:00,2011-08-05T01:00:00+00:00,1.40791,1.40744,1.40791,1.41312,1093.1107,-0.51634,,,7200.00,-8760.45475,1239.54525,0.877418,0.499366,0.544880,-2.859042
790,EURUSD,buy,2011-08-07T01:00:00+00:00,2011-08-07T21:00:00+00:00,1.42818,1.43103,1.42489,1.43346,3255.6783,9.29296,,,72000.00,-8751.16178,1254.10443,0.875978,0.500000,0.545363,-2.836132
791,EURUSD,buy,2011-08-07T01:00:00+00:00,2011-08-07T21:00:00+00:00,1.42818,1.43303,1.42818,1.43346,1085.2261,5.26621,,,72000.00,-8745.89557,1254.10443,0.875978,0.500632,0.545636,-2.836132
792,EURUSD,sell,2011-08-08T06:00:00+00:00,2011-08-08T07:00:00+00:00,1.43582,1.43960,1.43912,1.43050,4365.8988,-16.52548,-1.1458,,3600.00,-8762.42105,1237.57895,0.877612,0.500000,0.545168,-2.851949
793,EURUSD,buy,2011-08-11T21:00:00+00:00,2011-08-12T00:00:00+00:00,1.42423,1.42048,1.42095,1.42950,4346.0421,-16.30205,-1.1454,,10800.00,-8778.72311,1221.27689,0.879224,0.499369,0.544707,-2.861444
794,EURUSD,buy,2011-08-15T09:00:00+00:00,2011-08-15T10:00:00+00:00,1.43028,1.42651,1.42699,1.43557,4270.6469,-16.08640,-1.1454,,3600.00,-8794.80951,1205.19049,0.880815,0.498741,0.544253,-2.875416
795,EURUSD,buy,2011-08-16T17:00:00+00:00,2011-08-17T00:00:00+00:00,1.44119,1.43740,1.43788,1.44652,4182.4818,-15.87292,-1.1453,,25200.00,-8810.68243,1189.31757,0.882385,0.498113,0.543806,-2.887939
796,EURUSD,sell,2011-08-18T11:00:00+00:00,2011-08-18T13:00:00+00:00,1.43671,1.43383,1.44001,1.43139,3103.3448,8.92336,,,7200.00,-8801.75907,1197.74333,0.881552,0.498744,0.544268,-2.875076
797,EURUSD,sell,2011-08-18T11:00:00+00:00,2011-08-18T13:00:00+00:00,1.43671,1.43719,1.43671,1.43139,1034.4483,-0.49760,,,7200.00,-8802.25667,1197.74333,0.881552,0.498118,0.544254,-2.875076
798,EURUSD,buy,2011-08-27T05:00:00+00:00,2011-08-29T00:00:00+00:00,1.45022,1.44641,1.44689,1.45559,4130.7477,-15.77355,-1.1452,,154800.00,-8818.03021,1181.96979,0.883112,0.497494,0.543810,-2.876248
799,EURUSD,buy,2011-08-31T08:00:00+00:00,2011-08-31T14:00:00+00:00,1.44491,1.44111,1.44159,1.45026,4091.3332,-15.56657,-1.1452,,21600.00,-8833.59678,1166.40322,0.884651,0.496871,0.543372,-2.890959
800,EURUSD,buy,2011-09-08T12:00:00+00:00,2011-09-08T15:00:00+00:00,1.39883,1.39514,1.39561,1.40400,4170.4622,-15.36820,-1.1457,,10800.00,-8848.96498,1151.03502,0.886171,0.496250,0.542941,-2.900364
801,EURUSD,buy,2011-09-12T08:00:00+00:00,2011-09-12T09:00:00+00:00,1.36005,1.36277,1.35692,1.36508,3174.6501,8.62940,,,3600.00,-8840.33559,1159.17975,0.885365,0.496879,0.543387,-2.885017
802,EURUSD,buy,2011-09-12T08:00:00+00:00,2011-09-12T09:00:00+00:00,1.36005,1.35959,1.36005,1.36508,1058.2167,-0.48466,,,3600.00,-8840.82025,1159.17975,0.885365,0.496259,0.543373,-2.885017
803,EURUSD,buy,2011-09-15T18:00:00+00:00,2011-09-16T00:00:00+00:00,1.38932,1.38566,1.38612,1.39446,4173.0137,-15.27445,-1.1458,,21600.00,-8856.09470,1143.90530,0.886876,0.495641,0.542945,-2.888279
804,EURUSD,sell,2011-09-17T09:00:00+00:00,2011-09-18T21:00:00+00:00,1.37873,1.37597,1.38190,1.37362,3110.3767,8.58264,,,129600.00,-8847.51206,1157.35125,0.885546,0.496269,0.543388,-2.864875
805,EURUSD,sell,2011-09-17T09:00:00+00:00,2011-09-18T21:00:00+00:00,1.37873,1.37404,1.37873,1.37362,1036.7922,4.86331,,,129600.00,-8842.64875,1157.35125,0.885546,0.496894,0.543639,-2.864875
806,EURUSD,sell,2011-09-20T16:00:00+00:00,2011-09-20T21:00:00+00:00,1.36720,1.37081,1.37035,1.36214,4231.2913,-15.26067,-1.1466,,18000.00,-8857.90942,1142.09058,0.887055,0.496278,0.543211,-2.879465
807,EURUSD,buy,2011-09-24T18:00:00+00:00,2011-09-25T22:00:00+00:00,1.35026,1.35296,1.34716,1.35526,3172.8029,8.56234,,,100800.00,-8849.34708,1150.17165,0.886256,0.496902,0.543653,-2.862840
808,EURUSD,buy,2011-09-24T18:00:00+00:00,2011-09-25T22:00:00+00:00,1.35026,1.34981,1.35026,1.35526,1057.6010,-0.48128,,,100800.00,-8849.82835,1150.17165,0.886256,0.496287,0.543639,-2.862840
809,EURUSD,sell,2011-09-27T13:00:00+00:00,2011-09-27T14:00:00+00:00,1.36384,1.36111,1.36698,1.35879,3161.5493,8.62965,,,3600.00,-8841.19870,1158.31740,0.885451,0.496910,0.544084,-2.849388
810,EURUSD,sell,2011-09-27T13:00:00+00:00,2011-09-27T14:00:00+00:00,1.36384,1.36430,1.36384,1.35879,1053.8498,-0.48389,,,3600.00,-8841.68260,1158.31740,0.885451,0.496296,0.544070,-2.849388
811,EURUSD,sell,2011-09-29T21:00:00+00:00,2011-09-30T02:00:00+00:00,1.35786,1.35514,1.36099,1.35284,3197.9579,8.69077,,,18000.00,-8832.99183,1170.93369,0.884203,0.496917,0.544519,-2.845366
812,EURUSD,sell,2011-09-29T21:00:00+00:00,2011-09-30T03:00:00+00:00,1.35786,1.35506,1.35460,1.35284,1065.9860,2.99129,0.8601,,21600.00,-8830.00054,1169.99946,0.884295,0.497537,0.544673,-2.846764
813,EURUSD,buy,2011-10-02T01:00:00+00:00,2011-10-02T21:00:00+00:00,1.33884,1.33531,1.33576,1.34379,4370.7580,-15.42496,-1.1464,,72000.00,-8845.42549,1154.57451,0.885821,0.496925,0.544240,-2.861286
814,EURUSD,buy,2011-10-05T12:00:00+00:00,2011-10-05T14:00:00+00:00,1.33162,1.33428,1.32856,1.33654,3252.3958,8.65593,,,7200.00,-8836.76956,1162.74315,0.885013,0.497543,0.544686,-2.847059
815,EURUSD,buy,2011-10-05T12:00:00+00:00,2011-10-05T14:00:00+00:00,1.33162,1.33117,1.33162,1.33654,1084.1319,-0.48729,,,7200.00,-8837.25685,1162.74315,0.885013,0.496933,0.544672,-2.847059
816,EURUSD,buy,2011-10-08T18:00:00+00:00,2011-10-10T00:00:00+00:00,1.33796,1.34064,1.33488,1.34291,3259.8813,8.71717,,,108000.00,-8828.53967,1176.40024,0.883662,0.497549,0.545121,-2.829761
817,EURUSD,buy,2011-10-08T18:00:00+00:00,2011-10-10T00:00:00+00:00,1.33796,1.34251,1.33796,1.34291,1086.6271,4.93991,,,108000.00,-8823.59976,1176.40024,0.883662,0.498164,0.545376,-2.829761
818,EURUSD,buy,2011-10-13T12:00:00+00:00,2011-10-13T13:00:00+00:00,1.37372,1.37010,1.37056,1.37880,4283.0834,-15.50376,-1.1460,,3600.00,-8839.10352,1160.89648,0.885196,0.497555,0.544941,-2.843387
819,EURUSD,sell,2011-10-17T02:00:00+00:00,2011-10-17T07:00:00+00:00,1.38478,1.38844,1.38797,1.37966,4190.3569,-15.30472,-1.1464,,18000.00,-8854.40824,1145.59176,0.886709,0.496947,0.544512,-2.856124
820,EURUSD,buy,2011-10-19T05:00:00+00:00,2011-10-19T06:00:00+00:00,1.38200,1.37836,1.37883,1.38712,4145.9180,-15.09649,-1.1459,,3600.00,-8869.50473,1130.49527,0.888202,0.496341,0.544089,-2.870491
821,EURUSD,sell,2011-10-22T08:00:00+00:00,2011-10-23T21:00:00+00:00,1.38876,1.38598,1.39196,1.38362,3051.6976,8.48202,,,133200.00,-8861.02271,1140.88282,0.887175,0.496955,0.544525,-2.850995
822,EURUSD,sell,2011-10-22T08:00:00+00:00,2011-10-23T22:00:00+00:00,1.38876,1.38751,1.38704,1.38362,1017.2325,1.27878,0.7295,,136800.00,-8859.74393,1140.25607,0.887237,0.497567,0.544591,-2.852060
823,EURUSD,buy,2011-10-24T03:00:00+00:00,2011-10-24T05:00:00+00:00,1.38855,1.39132,1.38535,1.39368,3080.3745,8.54859,,,7200.00,-8851.19534,1148.32561,0.886439,0.498177,0.545030,-2.839671
824,EURUSD,buy,2011-10-24T03:00:00+00:00,2011-10-24T05:00:00+00:00,1.38855,1.38808,1.38855,1.39368,1026.7915,-0.47905,,,7200.00,-8851.67439,1148.32561,0.886439,0.497573,0.545017,-2.839671
825,EURUSD,sell,2011-10-26T10:00:00+00:00,2011-10-26T13:00:00+00:00,1.39145,1.39512,1.39465,1.38630,4125.1180,-15.13800,-1.1463,,10800.00,-8866.81239,1133.18761,0.887936,0.496970,0.544593,-2.854003
826,EURUSD,buy,2011-10-28T10:00:00+00:00,2011-10-31T01:00:00+00:00,1.41614,1.41241,1.41289,1.42138,4002.1601,-14.92809,-1.1455,,226800.00,-8881.74047,1118.25953,0.889412,0.496368,0.544176,-2.873789
827,EURUSD,sell,2011-11-02T21:00:00+00:00,2011-11-02T23:00:00+00:00,1.37436,1.37161,1.37752,1.36927,3050.3089,8.39022,,,7200.00,-8873.35026,1131.40402,0.888112,0.496977,0.544606,-2.851872
828,EURUSD,sell,2011-11-02T21:00:00+00:00,2011-11-02T23:00:00+00:00,1.37436,1.36968,1.37436,1.36927,1016.7696,4.75428,,,7200.00,-8868.59598,1131.40402,0.888112,0.497585,0.544850,-2.851872
829,EURUSD,buy,2011-11-05T09:00:00+00:00,2011-11-06T22:00:00+00:00,1.37928,1.38204,1.37611,1.38439,3076.9870,8.48222,,,133200.00,-8860.11376,1153.20208,0.885956,0.498191,0.545286,-2.811300
830,EURUSD,buy,2011-11-06T11:00:00+00:00,2011-11-06T22:00:00+00:00,1.37928,1.38204,1.37611,1.38439,3076.9870,8.48222,,,39600.00,-8851.63153,1153.20208,0.885956,0.498795,0.545721,-2.811300
831,EURUSD,buy,2011-11-05T09:00:00+00:00,2011-11-06T23:00:00+00:00,1.37928,1.38004,1.38050,1.38439,1025.6623,0.77151,0.6184,,136800.00,-8850.86003,1149.91148,0.886282,0.499398,0.545761,-2.817851
832,EURUSD,buy,2011-11-06T11:00:00+00:00,2011-11-06T23:00:00+00:00,1.37928,1.38004,1.38050,1.38439,1025.6623,0.77151,0.6184,,43200.00,-8850.08852,1149.91148,0.886282,0.500000,0.545800,-2.817851
833,EURUSD,sell,2011-11-09T02:00:00+00:00,2011-11-09T07:00:00+00:00,1.38313,1.38037,1.38632,1.37802,3116.7418,8.62770,,,18000.00,-8841.46082,1162.67918,0.885019,0.500600,0.546243,-2.796608
834,EURUSD,sell,2011-11-09T02:00:00+00:00,2011-11-09T08:00:00+00:00,1.38313,1.38126,1.38080,1.37802,1038.9139,1.94348,0.8012,,21600.00,-8839.51735,1160.48265,0.885236,0.501199,0.546343,-2.800187
835,EURUSD,sell,2011-11-14T19:00:00+00:00,2011-11-14T20:00:00+00:00,1.36076,1.36435,1.36389,1.35573,4262.8131,-15.30296,-1.1467,,3600.00,-8854.82031,1145.17969,0.886750,0.500599,0.545914,-2.811980
836,EURUSD,buy,2011-11-17T11:00:00+00:00,2011-11-17T12:00:00+00:00,1.34711,1.34356,1.34402,1.35210,4251.7680,-15.09643,-1.1463,,3600.00,-8869.91673,1130.08327,0.888243,0.500000,0.545492,-2.825346
837,EURUSD,sell,2011-11-21T21:00:00+00:00,2011-11-22T07:00:00+00:00,1.34851,1.35206,1.35161,1.34351,4188.8757,-14.90398,-1.1468,,36000.00,-8884.82071,1115.17929,0.889717,0.499403,0.545075,-2.832465
838,EURUSD,sell,2011-11-23T13:00:00+00:00,2011-11-23T15:00:00+00:00,1.33880,1.33612,1.34188,1.33384,3122.7019,8.36711,,,7200.00,-8876.45360,1127.49999,0.888498,0.500000,0.545504,-2.813085
839,EURUSD,sell,2011-11-23T13:00:00+00:00,2011-11-23T16:00:00+00:00,1.33880,1.33646,1.33601,1.33384,1040.9006,2.43302,0.8383,,10800.00,-8874.02058,1125.97942,0.888649,0.500596,0.545628,-2.815637
840,EURUSD,sell,2011-12-03T02:00:00+00:00,2011-12-04T22:00:00+00:00,1.33885,1.34238,1.34193,1.33389,4203.7686,-14.85136,-1.1469,,158400.00,-8888.87194,1115.53455,0.889682,0.500000,0.545214,-2.818991
841,EURUSD,buy,2011-12-04T07:00:00+00:00,2011-12-05T07:00:00+00:00,1.33965,1.34233,1.33657,1.34461,3152.8265,8.44155,,,86400.00,-8880.43039,1124.35333,0.888809,0.500595,0.545646,-2.802643
842,EURUSD,buy,2011-12-04T07:00:00+00:00,2011-12-05T07:00:00+00:00,1.33965,1.34420,1.33965,1.34461,1050.9422,4.78372,,,86400.00,-8875.64667,1124.35333,0.888809,0.501188,0.545890,-2.802643
843,EURUSD,sell,2011-12-06T07:00:00+00:00,2011-12-06T08:00:00+00:00,1.33442,1.33794,1.33749,1.32948,4211.6290,-14.83061,-1.1470,,3600.00,-8890.47728,1109.52272,0.890276,0.500593,0.545477,-2.817523
844,EURUSD,buy,2011-12-08T19:00:00+00:00,2011-12-08T20:00:00+00:00,1.33413,1.33680,1.33106,1.33906,3119.6046,8.31818,,,3600.00,-8882.15910,1117.37272,0.889500,0.501185,0.545902,-2.804663
845,EURUSD,buy,2011-12-08T19:00:00+00:00,2011-12-08T20:00:00+00:00,1.33413,1.33368,1.33413,1.33906,1039.8682,-0.46817,,,3600.00,-8882.62728,1117.37272,0.889500,0.500592,0.545889,-2.804663
846,EURUSD,buy,2011-12-11T22:00:00+00:00,2011-12-12T04:00:00+00:00,1.33647,1.33295,1.33340,1.34141,4181.5651,-14.73151,-1.1464,,21600.00,-8897.35878,1102.64122,0.890957,0.500000,0.545478,-2.810514
847,EURUSD,buy,2011-12-14T02:00:00+00:00,2011-12-14T11:00:00+00:00,1.30339,1.29995,1.30039,1.30821,4231.1635,-14.54252,-1.1469,,32400.00,-8911.90131,1088.09869,0.892395,0.499410,0.545073,-2.824518
848,EURUSD,sell,2011-12-16T18:00:00+00:00,2011-12-16T21:00:00+00:00,1.30092,1.30435,1.30391,1.29610,4180.7820,-14.35765,-1.1474,,10800.00,-8926.25896,1073.74104,0.893815,0.498821,0.544674,-2.838487
849,EURUSD,buy,2011-12-18T03:00:00+00:00,2011-12-19T03:00:00+00:00,1.30434,1.30090,1.30134,1.30917,4117.2631,-14.16121,-1.1468,,86400.00,-8940.42017,1059.57983,0.895215,0.498233,0.544281,-2.846837
850,EURUSD,buy,2011-12-21T15:00:00+00:00,2011-12-21T17:00:00+00:00,1.30510,1.30771,1.30210,1.30993,3045.4464,7.94375,,,7200.00,-8932.47642,1067.07538,0.894474,0.498824,0.544686,-2.834033
851,EURUSD,buy,2011-12-21T15:00:00+00:00,2011-12-21T17:00:00+00:00,1.30510,1.30466,1.30510,1.30993,1015.1488,-0.44820,,,7200.00,-8932.92462,1067.07538,0.894474,0.498237,0.544673,-2.834033
852,EURUSD,buy,2011-12-24T03:00:00+00:00,2011-12-26T12:00:00+00:00,1.30478,1.30739,1.30178,1.30961,3067.7425,7.99994,,,205200.00,-8924.92468,1078.00878,0.893393,0.498826,0.545081,-2.818800
853,EURUSD,buy,2011-12-24T03:00:00+00:00,2011-12-26T13:00:00+00:00,1.30478,1.30690,1.30734,1.30961,1022.5808,2.16429,0.8272,,208800.00,-8922.76039,1077.23961,0.893469,0.499414,0.545191,-2.820089
854,EURUSD,buy,2011-12-29T13:00:00+00:00,2011-12-29T15:00:00+00:00,1.28965,1.29222,1.28668,1.29442,3133.3079,8.07615,,,7200.00,-8914.68425,1087.04244,0.892499,0.500000,0.545603,-2.803015
855,EURUSD,buy,2011-12-29T13:00:00+00:00,2011-12-29T16:00:00+00:00,1.28965,1.29038,1.29082,1.29442,1044.4360,0.76870,0.6273,,10800.00,-8913.91555,1086.08445,0.892594,0.500585,0.545642,-2.804592
856,EURUSD,sell,2011-12-31T10:00:00+00:00,2012-01-03T02:00:00+00:00,1.29445,1.29787,1.29743,1.28966,4193.8944,-14.33211,-1.1475,,230400.00,-8928.24766,1071.75234,0.894011,0.500000,0.545244,-2.808508
857,EURUSD,buy,2012-01-03T04:00:00+00:00,2012-01-03T09:00:00+00:00,1.29829,1.30088,1.29530,1.30309,3096.5955,8.03501,,,18000.00,-8920.21266,1079.33372,0.893262,0.500583,0.545653,-2.800333
858,EURUSD,buy,2012-01-03T04:00:00+00:00,2012-01-03T09:00:00+00:00,1.29829,1.29785,1.29829,1.30309,1032.1985,-0.45362,,,18000.00,-8920.66628,1079.33372,0.893262,0.500000,0.545640,-2.800333
859,EURUSD,sell,2012-01-05T01:00:00+00:00,2012-01-05T08:00:00+00:00,1.29186,1.28928,1.29483,1.28708,3132.1350,8.09816,,,25200.00,-8912.56812,1086.97503,0.892506,0.500582,0.546053,-2.787653
860,EURUSD,sell,2012-01-05T01:00:00+00:00,2012-01-05T08:00:00+00:00,1.29186,1.29230,1.29186,1.28708,1044.0450,-0.45685,,,25200.00,-8913.02497,1086.97503,0.892506,0.500000,0.546040,-2.787653
861,EURUSD,sell,2012-01-11T19:00:00+00:00,2012-01-11T23:00:00+00:00,1.26924,1.27259,1.27216,1.26454,4280.7101,-14.34804,-1.1478,,14400.00,-8927.37300,1072.62700,0.893925,0.499419,0.545641,-2.798393
862,EURUSD,buy,2012-01-15T18:00:00+00:00,2012-01-15T22:00:00+00:00,1.26806,1.26472,1.26514,1.27275,4230.6694,-14.15240,-1.1473,,14400.00,-8941.52540,1058.47460,0.895324,0.498840,0.545249,-2.810644
863,EURUSD,buy,2012-01-18T21:00:00+00:00,2012-01-19T09:00:00+00:00,1.28666,1.28923,1.28370,1.29142,3085.8838,7.93546,,,43200.00,-8933.58994,1065.96160,0.894584,0.499421,0.545652,-2.788638
864,EURUSD,buy,2012-01-18T21:00:00+00:00,2012-01-19T09:00:00+00:00,1.28666,1.28622,1.28666,1.29142,1028.6279,-0.44846,,,43200.00,-8934.03840,1065.96160,0.894584,0.498843,0.545640,-2.788638
865,EURUSD,sell,2012-01-20T17:00:00+00:00,2012-01-22T22:00:00+00:00,1.29265,1.29006,1.29563,1.28787,3091.4403,7.99783,,,190800.00,-8926.04057,1078.49136,0.893345,0.499422,0.546047,-2.766551
866,EURUSD,sell,2012-01-20T17:00:00+00:00,2012-01-22T22:00:00+00:00,1.29265,1.28825,1.29265,1.28787,1030.4801,4.53194,,,190800.00,-8921.50864,1078.49136,0.893345,0.500000,0.546277,-2.766551
867,EURUSD,sell,2012-01-23T14:00:00+00:00,2012-01-24T02:00:00+00:00,1.30272,1.30011,1.30572,1.29790,3103.6080,8.09184,,,43200.00,-8913.41680,1089.72723,0.892234,0.500577,0.546689,-2.749676
868,EURUSD,sell,2012-01-23T14:00:00+00:00,2012-01-24T03:00:00+00:00,1.30272,1.30020,1.29976,1.29790,1034.5360,2.60612,0.8513,,46800.00,-8910.81067,1089.18933,0.892287,0.501152,0.546821,-2.750537
869,EURUSD,buy,2012-01-27T00:00:00+00:00,2012-01-27T03:00:00+00:00,1.30847,1.31109,1.30546,1.31331,3122.4848,8.16573,,,10800.00,-8902.64494,1099.38215,0.891279,0.501726,0.547236,-2.730662
870,EURUSD,buy,2012-01-27T00:00:00+00:00,2012-01-27T04:00:00+00:00,1.30847,1.30979,1.31023,1.31331,1040.8283,1.36819,0.7479,,14400.00,-8901.27675,1098.72325,0.891344,0.502299,0.547306,-2.731758
871,EURUSD,sell,2012-01-30T13:00:00+00:00,2012-01-30T14:00:00+00:00,1.30793,1.31138,1.31094,1.30309,4198.9852,-14.49671,-1.1473,,3600.00,-8915.77346,1084.22654,0.892778,0.501722,0.546903,-2.744785
872,EURUSD,sell,2012-02-01T09:00:00+00:00,2012-02-01T12:00:00+00:00,1.31373,1.31719,1.31675,1.30886,4125.2950,-14.30452,-1.1472,,10800.00,-8930.07798,1069.92202,0.894192,0.501147,0.546506,-2.758531
873,EURUSD,buy,2012-02-04T21:00:00+00:00,2012-02-05T22:00:00+00:00,1.31605,1.31258,1.31303,1.32092,4066.1038,-14.10902,-1.1467,,90000.00,-8944.18700,1055.81300,0.895588,0.500573,0.546114,-2.771380
874,EURUSD,sell,2012-02-06T04:00:00+00:00,2012-02-06T09:00:00+00:00,1.30817,1.30555,1.31118,1.30333,3025.6914,7.92169,,,18000.00,-8936.26532,1068.22347,0.894360,0.501144,0.546516,-2.751513
875,EURUSD,sell,2012-02-06T04:00:00+00:00,2012-02-06T09:00:00+00:00,1.30817,1.30372,1.30817,1.30333,1008.5638,4.48879,,,18000.00,-8931.77653,1068.22347,0.894360,0.501714,0.546744,-2.751513
876,EURUSD,buy,2012-02-09T21:00:00+00:00,2012-02-10T05:00:00+00:00,1.32893,1.32543,1.32587,1.33384,4020.3212,-14.08466,-1.1465,,28800.00,-8945.86119,1054.13881,0.895753,0.501142,0.546353,-2.770250
877,EURUSD,buy,2012-02-11T06:00:00+00:00,2012-02-12T22:00:00+00:00,1.31986,1.32249,1.31682,1.32474,2995.9382,7.90296,,,144000.00,-8937.95823,1066.06049,0.894574,0.501710,0.546754,-2.749756
878,EURUSD,buy,2012-02-11T06:00:00+00:00,2012-02-12T23:00:00+00:00,1.31986,1.32189,1.32234,1.32474,998.6461,2.03472,0.8202,,147600.00,-8935.92351,1064.07649,0.894770,0.502278,0.546857,-2.753228
879,EURUSD,sell,2012-02-14T22:00:00+00:00,2012-02-15T02:00:00+00:00,1.31236,1.31582,1.31538,1.30750,4052.8527,-14.03889,-1.1473,,14400.00,-8949.96240,1050.03760,0.896159,0.501706,0.546468,-2.769107
880,EURUSD,buy,2012-02-15T23:00:00+00:00,2012-02-16T02:00:00+00:00,1.30587,1.30243,1.30287,1.31070,4021.6533,-13.84836,-1.1468,,10800.00,-8963.81076,1036.18924,0.897528,0.501136,0.546085,-2.778569
881,EURUSD,sell,2012-02-26T14:00:00+00:00,2012-02-26T22:00:00+00:00,1.34405,1.34759,1.34714,1.33907,3853.5804,-13.66631,-1.1469,,28800.00,-8977.47707,1022.52293,0.898880,0.500568,0.545708,-2.785994
882,EURUSD,buy,2012-02-27T22:00:00+00:00,2012-02-28T04:00:00+00:00,1.33979,1.34247,1.33671,1.34475,2862.8413,7.66593,,,21600.00,-8969.81114,1033.79431,0.897765,0.501134,0.546095,-2.762617
883,EURUSD,buy,2012-02-27T22:00:00+00:00,2012-02-28T05:00:00+00:00,1.33979,1.34252,1.34297,1.34475,954.2804,2.60071,0.8575,,25200.00,-8967.21043,1032.78957,0.897864,0.501699,0.546227,-2.764348
884,EURUSD,buy,2012-03-01T21:00:00+00:00,2012-03-02T07:00:00+00:00,1.33152,1.32801,1.32846,1.33644,3879.4007,-13.61708,-1.1465,,36000.00,-8980.82751,1019.17249,0.899211,0.501131,0.545851,-2.772717
885,EURUSD,sell,2012-03-06T03:00:00+00:00,2012-03-06T10:00:00+00:00,1.31940,1.31676,1.32244,1.31452,2895.8152,7.64677,,,25200.00,-8973.18073,1031.15228,0.898026,0.501695,0.546238,-2.750903
886,EURUSD,sell,2012-03-06T03:00:00+00:00,2012-03-06T10:00:00+00:00,1.31940,1.31492,1.31940,1.31452,965.2717,4.33301,,,25200.00,-8968.84772,1031.15228,0.898026,0.502257,0.546457,-2.750903
887,EURUSD,sell,2012-03-11T02:00:00+00:00,2012-03-12T01:00:00+00:00,1.31168,1.30905,1.31469,1.30682,2947.1149,7.73666,,,82800.00,-8961.11106,1048.81535,0.896280,0.502818,0.546848,-2.733076
888,EURUSD,sell,2012-03-11T02:00:00+00:00,2012-03-12T02:00:00+00:00,1.31168,1.31020,1.30976,1.30682,982.3716,1.44746,0.7689,,86400.00,-8959.66360,1047.08323,0.896451,0.503378,0.546921,-2.736139
889,EURUSD,sell,2012-03-09T17:00:00+00:00,2012-03-12T05:00:00+00:00,1.31131,1.30868,1.31432,1.30645,2947.9462,7.73666,,,216000.00,-8951.92694,1051.02738,0.896061,0.503937,0.547312,-2.729018
890,EURUSD,sell,2012-03-09T17:00:00+00:00,2012-03-12T06:00:00+00:00,1.31131,1.30964,1.30920,1.30645,982.6487,1.63485,0.7898,,219600.00,-8950.29210,1049.70790,0.896191,0.504494,0.547395,-2.731458
891,EURUSD,buy,2012-03-17T13:00:00+00:00,2012-03-19T08:00:00+00:00,1.31765,1.31417,1.31462,1.32252,3984.4673,-13.84222,-1.1467,,154800.00,-8964.13431,1041.50816,0.897002,0.503928,0.547012,-2.736797
892,EURUSD,sell,2012-03-16T13:00:00+00:00,2012-03-19T14:00:00+00:00,1.31592,1.31939,1.31894,1.31104,3987.3127,-13.84878,-1.1472,,262800.00,-8977.98309,1022.01691,0.898930,0.503363,0.546630,-2.755131
893,EURUSD,buy,2012-03-22T20:00:00+00:00,2012-03-23T07:00:00+00:00,1.32039,1.32302,1.31735,1.32527,2903.4791,7.66214,,,39600.00,-8970.32095,1029.24730,0.898215,0.503919,0.547017,-2.737297
894,EURUSD,buy,2012-03-22T20:00:00+00:00,2012-03-23T07:00:00+00:00,1.32039,1.31994,1.32039,1.32527,967.8264,-0.43175,,,39600.00,-8970.75270,1029.24730,0.898215,0.503356,0.547005,-2.737297
895,EURUSD,buy,2012-03-24T09:00:00+00:00,2012-03-26T06:00:00+00:00,1.32716,1.32366,1.32411,1.33207,3878.7999,-13.57101,-1.1466,,162000.00,-8984.32371,1015.67629,0.899557,0.502793,0.546630,-2.742427
896,EURUSD,buy,2012-03-26T10:00:00+00:00,2012-03-26T12:00:00+00:00,1.32407,1.32671,1.32102,1.32896,2877.4438,7.61460,,,7200.00,-8976.70911,1027.60599,0.898377,0.503348,0.547014,-2.729089
897,EURUSD,buy,2012-03-26T10:00:00+00:00,2012-03-26T12:00:00+00:00,1.32407,1.32857,1.32407,1.32896,959.1479,4.31510,,,7200.00,-8972.39401,1027.60599,0.898377,0.503902,0.547232,-2.729089
898,EURUSD,buy,2012-04-01T02:00:00+00:00,2012-04-01T22:00:00+00:00,1.33416,1.33683,1.33109,1.33910,2889.2173,7.70404,,,72000.00,-8964.68997,1038.26654,0.897323,0.504454,0.547621,-2.708628
899,EURUSD,buy,2012-04-01T02:00:00+00:00,2012-04-01T23:00:00+00:00,1.33416,1.33515,1.33560,1.33910,963.0724,0.95268,0.6870,,75600.00,-8963.73729,1036.26271,0.897521,0.505006,0.547669,-2.711941
900,EURUSD,sell,2012-04-05T02:00:00+00:00,2012-04-05T08:00:00+00:00,1.31512,1.31248,1.31814,1.31025,2953.9761,7.77500,,,21600.00,-8955.96229,1043.59998,0.896795,0.505556,0.548061,-2.698515
901,EURUSD,sell,2012-04-05T02:00:00+00:00,2012-04-05T08:00:00+00:00,1.31512,1.31556,1.31512,1.31025,984.6587,-0.43773,,,21600.00,-8956.40002,1043.59998,0.896795,0.504994,0.548049,-2.698515
902,EURUSD,sell,2012-04-09T15:00:00+00:00,2012-04-09T16:00:00+00:00,1.30814,1.31159,1.31115,1.30330,3987.6808,-13.76937,-1.1473,,3600.00,-8970.16939,1029.83061,0.898157,0.504435,0.547669,-2.710400
903,EURUSD,buy,2012-04-14T11:00:00+00:00,2012-04-15T23:00:00+00:00,1.30784,1.30439,1.30484,1.31268,3938.3174,-13.58157,-1.1468,,129600.00,-8983.75096,1016.24904,0.899500,0.503876,0.547294,-2.721431
904,EURUSD,sell,2012-04-20T08:00:00+00:00,2012-04-20T10:00:00+00:00,1.31531,1.31878,1.31833,1.31044,3862.0090,-13.40744,-1.1472,,7200.00,-8997.15840,1002.84160,0.900826,0.503319,0.546924,-2.732493
905,EURUSD,sell,2012-04-22T21:00:00+00:00,2012-04-23T07:00:00+00:00,1.31868,1.31605,1.32172,1.31380,2850.9688,7.52425,,,36000.00,-8989.63416,1014.62942,0.899660,0.503867,0.547303,-2.717197
906,EURUSD,sell,2012-04-22T21:00:00+00:00,2012-04-23T07:00:00+00:00,1.31868,1.31420,1.31868,1.31380,950.3229,4.26358,,,36000.00,-8985.37058,1014.62942,0.899660,0.504415,0.547518,-2.717197
907,EURUSD,sell,2012-04-26T03:00:00+00:00,2012-04-26T07:00:00+00:00,1.32197,1.32546,1.32501,1.31708,3836.4052,-13.38510,-1.1471,,14400.00,-8998.75568,1001.24432,0.900984,0.503859,0.547149,-2.729660
908,EURUSD,buy,2012-04-28T08:00:00+00:00,2012-04-30T09:00:00+00:00,1.32587,1.32237,1.32282,1.33077,3776.9407,-13.20196,-1.1466,,176400.00,-9011.95764,974.84039,0.903595,0.503304,0.546786,-2.753461
909,EURUSD,buy,2012-04-29T11:00:00+00:00,2012-04-30T09:00:00+00:00,1.32587,1.32237,1.32282,1.33077,3776.9407,-13.20196,-1.1466,,79200.00,-9025.15961,974.84039,0.903595,0.502750,0.546423,-2.753461
910,EURUSD,buy,2012-04-30T13:00:00+00:00,2012-05-01T07:00:00+00:00,1.32339,1.32603,1.32034,1.32828,2763.1739,7.30845,,,64800.00,-9017.85115,984.96093,0.902594,0.503297,0.546790,-2.737409
911,EURUSD,buy,2012-04-30T13:00:00+00:00,2012-05-01T08:00:00+00:00,1.32339,1.32597,1.32642,1.32828,921.0580,2.38111,0.8523,,68400.00,-9015.47004,984.52996,0.902637,0.503842,0.546910,-2.738138
912,EURUSD,sell,2012-05-05T18:00:00+00:00,2012-05-06T21:00:00+00:00,1.30843,1.30581,1.31144,1.30358,2820.8519,7.38685,,,97200.00,-9008.08319,996.10254,0.901492,0.504386,0.547281,-2.715601
913,EURUSD,sell,2012-05-05T18:00:00+00:00,2012-05-06T21:00:00+00:00,1.30843,1.30398,1.30843,1.30358,940.2840,4.18573,,,97200.00,-9003.89746,996.10254,0.901492,0.504929,0.547492,-2.715601
914,EURUSD,buy,2012-05-08T12:00:00+00:00,2012-05-08T17:00:00+00:00,1.30064,1.30324,1.29765,1.30545,2872.8202,7.46786,,,18000.00,-8996.42960,1003.14888,0.900796,0.505470,0.547867,-2.703843
915,EURUSD,buy,2012-05-08T12:00:00+00:00,2012-05-08T17:00:00+00:00,1.30064,1.30020,1.30064,1.30545,957.6067,-0.42152,,,18000.00,-8996.85112,1003.14888,0.900796,0.504918,0.547855,-2.703843
916,EURUSD,buy,2012-05-09T13:00:00+00:00,2012-05-09T17:00:00+00:00,1.29398,1.29656,1.29100,1.29876,2908.0376,7.52068,,,14400.00,-8989.33044,1013.24019,0.899798,0.505459,0.548233,-2.687939
917,EURUSD,buy,2012-05-09T13:00:00+00:00,2012-05-09T18:00:00+00:00,1.29398,1.29404,1.29448,1.29876,969.3459,0.06164,0.1267,,18000.00,-8989.26879,1010.73121,0.900046,0.505998,0.548236,-2.692046
918,EURUSD,buy,2012-05-14T15:00:00+00:00,2012-05-14T22:00:00+00:00,1.28495,1.28156,1.28199,1.28970,3934.1534,-13.33312,-1.1471,,25200.00,-9002.60192,997.39808,0.901364,0.505447,0.547869,-2.703016
919,EURUSD,buy,2012-05-22T16:00:00+00:00,2012-05-22T19:00:00+00:00,1.27395,1.27059,1.27102,1.27866,3915.7568,-13.15891,-1.1472,,10800.00,-9015.76083,984.23917,0.902666,0.504897,0.547507,-2.711810
920,EURUSD,buy,2012-05-26T05:00:00+00:00,2012-05-27T21:00:00+00:00,1.25157,1.25407,1.24869,1.25619,2949.9092,7.37891,,,144000.00,-9008.38191,1007.36008,0.900379,0.505435,0.547878,-2.666264
921,EURUSD,buy,2012-05-26T05:00:00+00:00,2012-05-27T21:00:00+00:00,1.25157,1.25582,1.25157,1.25619,983.3031,4.18154,,,144000.00,-9004.20037,1007.36008,0.900379,0.505972,0.548088,-2.666264
922,EURUSD,buy,2012-05-27T16:00:00+00:00,2012-05-27T21:00:00+00:00,1.25157,1.25407,1.24869,1.25619,2949.9092,7.37891,,,18000.00,-8996.82146,1007.36008,0.900379,0.506508,0.548458,-2.666264
923,EURUSD,buy,2012-05-27T16:00:00+00:00,2012-05-27T21:00:00+00:00,1.25157,1.25582,1.25157,1.25619,983.3031,4.18154,,,18000.00,-8992.63992,1007.36008,0.900379,0.507042,0.548668,-2.666264
924,EURUSD,sell,2012-06-01T09:00:00+00:00,2012-06-01T13:00:00+00:00,1.23187,1.23512,1.23470,1.22731,4087.5158,-13.30314,-1.1483,,14400.00,-9005.94306,994.05694,0.901695,0.506494,0.548302,-2.677180
925,EURUSD,buy,2012-06-03T21:00:00+00:00,2012-06-03T23:00:00+00:00,1.24406,1.24078,1.24120,1.24866,3996.4016,-13.11952,-1.1476,,7200.00,-9019.06258,980.93742,0.902992,0.505946,0.547941,-2.690135
926,EURUSD,sell,2012-06-07T15:00:00+00:00,2012-06-07T17:00:00+00:00,1.25628,1.25960,1.25917,1.25163,3902.9548,-12.95034,-1.1480,,7200.00,-9032.01291,967.98709,0.904273,0.505400,0.547586,-2.701658
927,EURUSD,buy,2012-06-09T16:00:00+00:00,2012-06-10T21:00:00+00:00,1.25076,1.25325,1.24788,1.25538,2903.0787,7.25707,,,104400.00,-9024.75584,979.35665,0.903149,0.505933,0.547949,-2.681092
928,EURUSD,buy,2012-06-09T16:00:00+00:00,2012-06-10T21:00:00+00:00,1.25076,1.25500,1.25076,1.25538,967.6929,4.11249,,,104400.00,-9020.64335,979.35665,0.903149,0.506466,0.548155,-2.681092
929,EURUSD,buy,2012-06-12T09:00:00+00:00,2012-06-12T12:00:00+00:00,1.25116,1.24785,1.24828,1.25578,3914.9837,-12.92439,-1.1475,,10800.00,-9033.56774,966.43226,0.904427,0.505920,0.547801,-2.693971
930,EURUSD,sell,2012-06-17T21:00:00+00:00,2012-06-17T23:00:00+00:00,1.27332,1.27077,1.27625,1.26861,2845.3490,7.25107,,,7200.00,-9026.31667,976.46977,0.903434,0.506452,0.548164,-2.675110
931,EURUSD,sell,2012-06-17T21:00:00+00:00,2012-06-18T00:00:00+00:00,1.27332,1.27258,1.27215,1.26861,948.4497,0.69828,0.6304,,10800.00,-9025.61839,974.38161,0.903641,0.506982,0.548198,-2.674421
932,EURUSD,buy,2012-06-19T07:00:00+00:00,2012-06-19T08:00:00+00:00,1.25986,1.25653,1.25696,1.26452,3868.1901,-12.85739,-1.1474,,3600.00,-9038.47578,961.52422,0.904912,0.506438,0.547846,-2.687951
933,EURUSD,buy,2012-06-20T17:00:00+00:00,2012-06-20T18:00:00+00:00,1.27115,1.26780,1.26823,1.27585,3783.2347,-12.68604,-1.1473,,3600.00,-9051.16181,948.83819,0.906167,0.505895,0.547498,-2.701451
934,EURUSD,sell,2012-06-22T00:00:00+00:00,2012-06-22T07:00:00+00:00,1.25512,1.25261,1.25801,1.25048,2834.0448,7.11906,,,25200.00,-9044.04275,957.50024,0.905310,0.506424,0.547854,-2.684301
935,EURUSD,sell,2012-06-22T00:00:00+00:00,2012-06-22T08:00:00+00:00,1.25512,1.25522,1.25479,1.25048,944.6816,-0.08795,-0.2793,,28800.00,-9044.13070,955.86930,0.905471,0.505882,0.547852,-2.687108
936,EURUSD,sell,2012-06-25T01:00:00+00:00,2012-06-25T06:00:00+00:00,1.25323,1.25073,1.25612,1.24860,2859.3501,7.17182,,,18000.00,-9036.95889,962.63510,0.904802,0.506410,0.548210,-2.675006
937,EURUSD,sell,2012-06-25T01:00:00+00:00,2012-06-25T06:00:00+00:00,1.25323,1.25366,1.25323,1.24860,953.1167,-0.40601,,,18000.00,-9037.36490,962.63510,0.904802,0.505870,0.548199,-2.675006
938,EURUSD,sell,2012-06-27T13:00:00+00:00,2012-06-28T00:00:00+00:00,1.24585,1.24914,1.24871,1.24124,3862.2197,-12.71031,-1.1481,,39600.00,-9050.07522,949.92478,0.906059,0.505330,0.547851,-2.678264
939,EURUSD,sell,2012-06-28T19:00:00+00:00,2012-06-29T02:00:00+00:00,1.24423,1.24751,1.24709,1.23962,3816.1851,-12.54274,-1.1482,,25200.00,-9062.61795,937.38205,0.907300,0.504792,0.547508,-2.688573
940,EURUSD,sell,2012-07-01T12:00:00+00:00,2012-07-02T00:00:00+00:00,1.26589,1.26336,1.26880,1.26120,2776.0135,7.03311,,,43200.00,-9055.58485,946.83965,0.906364,0.505319,0.547859,-2.684155
941,EURUSD,sell,2012-07-01T12:00:00+00:00,2012-07-02T01:00:00+00:00,1.26589,1.26393,1.26350,1.26120,925.3378,1.81464,0.8205,,46800.00,-9053.77021,946.22979,0.906425,0.505845,0.547950,-2.684982
942,EURUSD,buy,2012-07-06T04:00:00+00:00,2012-07-06T12:00:00+00:00,1.23844,1.23517,1.23559,1.24302,3821.3905,-12.48916,-1.1477,,28800.00,-9066.25937,933.74063,0.907660,0.505308,0.547608,-2.696339
943,EURUSD,sell,2012-07-09T19:00:00+00:00,2012-07-10T03:00:00+00:00,1.23111,1.22865,1.23394,1.22655,2843.3489,7.00579,,,28800.00,-9059.25358,943.39126,0.906705,0.505832,0.547958,-2.687096
944,EURUSD,sell,2012-07-09T19:00:00+00:00,2012-07-10T04:00:00+00:00,1.23111,1.22908,1.22866,1.22655,947.7830,1.92584,0.8292,,32400.00,-9057.32774,942.67226,0.906776,0.506356,0.548054,-2.688248
945,EURUSD,sell,2012-07-13T22:00:00+00:00,2012-07-16T08:00:00+00:00,1.22446,1.22201,1.22728,1.21993,2886.1319,7.07280,,,208800.00,-9050.25494,953.37442,0.905718,0.506878,0.548407,-2.676547
946,EURUSD,sell,2012-07-13T22:00:00+00:00,2012-07-16T09:00:00+00:00,1.22446,1.22140,1.22098,1.21993,962.0440,2.94986,0.8805,,212400.00,-9047.30508,952.69492,0.905785,0.507400,0.548554,-2.677661
947,EURUSD,sell,2012-07-20T23:00:00+00:00,2012-07-22T21:00:00+00:00,1.21527,1.21283,1.21806,1.21077,2938.8925,7.14800,,,165600.00,-9040.15709,950.63016,0.905989,0.507920,0.548911,-2.677760
948,EURUSD,buy,2012-07-22T12:00:00+00:00,2012-07-22T21:00:00+00:00,1.21571,1.21251,1.21292,1.22021,3919.4262,-12.57809,-1.1481,,32400.00,-9052.73517,950.63016,0.905989,0.507384,0.548567,-2.677760
949,EURUSD,sell,2012-07-20T23:00:00+00:00,2012-07-22T22:00:00+00:00,1.21527,1.21315,1.21274,1.21077,979.6308,2.06847,0.8361,,169200.00,-9050.66671,949.33329,0.906118,0.507903,0.548670,-2.679396
950,EURUSD,sell,2012-07-23T16:00:00+00:00,2012-07-24T07:00:00+00:00,1.21311,1.21068,1.21590,1.20862,2933.7354,7.12278,,,54000.00,-9043.54393,956.05126,0.905453,0.508421,0.549025,-2.669526
951,EURUSD,sell,2012-07-23T16:00:00+00:00,2012-07-24T07:00:00+00:00,1.21311,1.21352,1.21311,1.20862,977.9118,-0.40480,,,54000.00,-9043.94874,956.05126,0.905453,0.507886,0.549014,-2.669526
952,EURUSD,sell,2012-08-02T02:00:00+00:00,2012-08-02T08:00:00+00:00,1.22404,1.22728,1.22686,1.21951,3904.1304,-12.62680,-1.1485,,21600.00,-9056.57554,943.42446,0.906702,0.507353,0.548668,-2.677454
953,EURUSD,sell,2012-08-03T03:00:00+00:00,2012-08-03T07:00:00+00:00,1.21722,1.22044,1.22003,1.21272,3874.1467,-12.46111,-1.1486,,14400.00,-9069.03665,930.96335,0.907934,0.506821,0.548328,-2.690743
954,EURUSD,sell,2012-08-12T21:00:00+00:00,2012-08-13T09:00:00+00:00,1.22820,1.23145,1.23103,1.22366,3788.8087,-12.29481,-1.1484,,43200.00,-9081.33146,918.66854,0.909150,0.506289,0.547992,-2.697476
955,EURUSD,buy,2012-08-14T05:00:00+00:00,2012-08-14T12:00:00+00:00,1.23633,1.23307,1.23349,1.24090,3716.4169,-12.12570,-1.1478,,25200.00,-9093.45716,906.54284,0.910349,0.505759,0.547662,-2.710663
956,EURUSD,buy,2012-08-16T06:00:00+00:00,2012-08-16T12:00:00+00:00,1.22677,1.22922,1.22395,1.23131,2771.9632,6.79642,,,21600.00,-9086.66074,917.19070,0.909296,0.506276,0.548000,-2.692063
957,EURUSD,buy,2012-08-16T06:00:00+00:00,2012-08-16T12:00:00+00:00,1.22677,1.23094,1.22677,1.23131,923.9877,3.85145,,,21600.00,-9082.80930,917.19070,0.909296,0.506792,0.548191,-2.692063
958,EURUSD,sell,2012-08-17T21:00:00+00:00,2012-08-20T06:00:00+00:00,1.23271,1.23597,1.23555,1.22815,3719.1046,-12.11224,-1.1483,,205200.00,-9094.92154,914.99790,0.909513,0.506263,0.547861,-2.697264
959,EURUSD,buy,2012-08-18T22:00:00+00:00,2012-08-20T06:00:00+00:00,1.23245,1.23491,1.22962,1.23701,2791.5924,6.87625,,,115200.00,-9088.04529,914.99790,0.909513,0.506778,0.548203,-2.697264
960,EURUSD,buy,2012-08-18T22:00:00+00:00,2012-08-20T07:00:00+00:00,1.23245,1.23430,1.23472,1.23701,930.5308,1.72146,0.8148,,118800.00,-9086.32383,913.67617,0.909644,0.507292,0.548289,-2.698890
961,EURUSD,sell,2012-08-21T08:00:00+00:00,2012-08-21T12:00:00+00:00,1.24028,1.24355,1.24313,1.23569,3682.2479,-12.06470,-1.1482,,14400.00,-9098.38853,901.61147,0.910837,0.506764,0.547960,-2.712031
962,EURUSD,sell,2012-08-27T01:00:00+00:00,2012-08-27T08:00:00+00:00,1.25022,1.25353,1.25310,1.24560,3604.7156,-11.90394,-1.1481,,25200.00,-9110.29247,889.70753,0.912014,0.506237,0.547636,-2.721748
963,EURUSD,sell,2012-08-28T14:00:00+00:00,2012-08-29T07:00:00+00:00,1.25625,1.25374,1.25914,1.25160,2655.0402,6.67541,,,61200.00,-9103.61707,898.48308,0.911146,0.506750,0.547968,-2.711485
964,EURUSD,sell,2012-08-28T14:00:00+00:00,2012-08-29T08:00:00+00:00,1.25625,1.25584,1.25541,1.25160,885.0134,0.36850,0.4939,,64800.00,-9103.24857,896.75143,0.911318,0.507261,0.547986,-2.714466
965,EURUSD,buy,2012-08-30T05:00:00+00:00,2012-08-30T14:00:00+00:00,1.25567,1.25235,1.25278,1.26031,3571.8895,-11.83362,-1.1475,,32400.00,-9115.08219,884.91781,0.912488,0.506736,0.547664,-2.727526
966,EURUSD,buy,2012-08-31T11:00:00+00:00,2012-08-31T12:00:00+00:00,1.25948,1.26199,1.25658,1.26414,2635.5665,6.63430,,,3600.00,-9108.44789,891.17625,0.911869,0.507246,0.547993,-2.717086
967,EURUSD,buy,2012-08-31T11:00:00+00:00,2012-08-31T12:00:00+00:00,1.25948,1.25905,1.25948,1.26414,878.5222,-0.37586,,,3600.00,-9108.82375,891.17625,0.911869,0.506722,0.547983,-2.717086
968,EURUSD,buy,2012-09-02T04:00:00+00:00,2012-09-03T15:00:00+00:00,1.25796,1.26047,1.25506,1.26261,2657.4142,6.68122,,,126000.00,-9102.14254,899.27717,0.911068,0.507231,0.548315,-2.692791
969,EURUSD,buy,2012-09-02T04:00:00+00:00,2012-09-03T16:00:00+00:00,1.25796,1.25879,1.25922,1.26261,885.8047,0.73962,0.6612,,129600.00,-9101.40291,898.59709,0.911135,0.507740,0.548351,-2.694169
970,EURUSD,sell,2012-09-04T08:00:00+00:00,2012-09-04T12:00:00+00:00,1.26008,1.25756,1.26298,1.25542,2673.4201,6.74211,,,14400.00,-9094.66080,908.43311,0.910162,0.508247,0.548686,-2.677774
971,EURUSD,sell,2012-09-04T08:00:00+00:00,2012-09-04T13:00:00+00:00,1.26008,1.25819,1.25776,1.25542,891.1400,1.68828,0.8159,,18000.00,-9092.97252,907.02748,0.910301,0.508754,0.548770,-2.680260
972,EURUSD,sell,2012-09-05T13:00:00+00:00,2012-09-05T15:00:00+00:00,1.25943,1.26276,1.26233,1.25477,3599.8582,-11.97413,-1.1480,,7200.00,-9104.94665,895.05335,0.911486,0.508230,0.548444,-2.693296
973,EURUSD,sell,2012-09-09T14:00:00+00:00,2012-09-10T04:00:00+00:00,1.28108,1.27851,1.28402,1.27633,2619.2390,6.71552,,,50400.00,-9098.23113,904.15723,0.910585,0.508736,0.548777,-2.680216
974,EURUSD,sell,2012-09-09T14:00:00+00:00,2012-09-10T05:00:00+00:00,1.28108,1.27930,1.27887,1.27633,873.0797,1.54700,0.8034,,54000.00,-9096.68413,903.31587,0.910668,0.509240,0.548854,-2.681404
975,EURUSD,sell,2012-09-11T07:00:00+00:00,2012-09-11T11:00:00+00:00,1.27973,1.27716,1.28267,1.27499,2646.2058,6.77751,,,14400.00,-9089.90662,911.94217,0.909815,0.509744,0.549190,-2.667297
976,EURUSD,sell,2012-09-11T07:00:00+00:00,2012-09-11T12:00:00+00:00,1.27973,1.28008,1.27965,1.27499,882.0686,-0.31573,-4.7118,,18000.00,-9090.22235,909.77765,0.910029,0.509221,0.549181,-2.670949
977,EURUSD,sell,2012-09-13T20:00:00+00:00,2012-09-14T01:00:00+00:00,1.29845,1.30188,1.30144,1.29364,3502.2699,-12.00500,-1.1474,,18000.00,-9102.22736,897.77264,0.911217,0.508700,0.548854,-2.685010
978,EURUSD,buy,2012-09-17T06:00:00+00:00,2012-09-17T08:00:00+00:00,1.31244,1.30898,1.30943,1.31730,3421.2593,-11.83936,-1.1467,,7200.00,-9114.06672,885.93328,0.912387,0.508180,0.548533,-2.696637
979,EURUSD,buy,2012-09-22T13:00:00+00:00,2012-09-24T01:00:00+00:00,1.29745,1.29403,1.29447,1.30225,3415.1592,-11.68518,-1.1469,,129600.00,-9125.75190,862.56296,0.914699,0.507661,0.548215,-2.720888
980,EURUSD,buy,2012-09-23T22:00:00+00:00,2012-09-24T01:00:00+00:00,1.29777,1.29435,1.29479,1.30257,3414.3169,-11.68514,-1.1469,,10800.00,-9137.43704,862.56296,0.914699,0.507143,0.547898,-2.720888
981,EURUSD,sell,2012-09-28T16:00:00+00:00,2012-09-30T22:00:00+00:00,1.28712,1.28455,1.29009,1.28236,2512.2998,6.47175,,,194400.00,-9130.96529,878.41549,0.913131,0.507645,0.548219,-2.692556
982,EURUSD,sell,2012-09-28T16:00:00+00:00,2012-09-30T23:00:00+00:00,1.28712,1.28426,1.28382,1.28236,837.4333,2.40225,0.8683,,198000.00,-9128.56304,881.57589,0.912818,0.508147,0.548337,-2.686347
983,EURUSD,sell,2012-09-30T01:00:00+00:00,2012-09-30T23:00:00+00:00,1.28525,1.28268,1.28821,1.28050,2515.9540,6.47175,,,79200.00,-9122.09130,881.57589,0.912818,0.508647,0.548658,-2.686347
984,EURUSD,sell,2012-09-30T01:00:00+00:00,2012-09-30T23:00:00+00:00,1.28525,1.28088,1.28525,1.28050,838.6513,3.66719,,,79200.00,-9118.42411,881.57589,0.912818,0.509146,0.548839,-2.686347
985,EURUSD,sell,2012-10-01T01:00:00+00:00,2012-10-01T06:00:00+00:00,1.28108,1.28446,1.28402,1.27633,3439.7324,-11.63517,-1.1477,,18000.00,-9130.05928,869.94072,0.913969,0.508629,0.548523,-2.699187
986,EURUSD,sell,2012-10-03T08:00:00+00:00,2012-10-04T06:00:00+00:00,1.29126,1.29467,1.29423,1.28648,3367.5559,-11.48027,-1.1475,,79200.00,-9141.53955,858.46045,0.915104,0.508114,0.548212,-2.714782
987,EURUSD,sell,2012-10-08T02:00:00+00:00,2012-10-08T07:00:00+00:00,1.29937,1.29677,1.30236,1.29456,2476.7855,6.44096,,,18000.00,-9135.09859,866.50313,0.914309,0.508612,0.548530,-2.699152
988,EURUSD,sell,2012-10-08T02:00:00+00:00,2012-10-08T08:00:00+00:00,1.29937,1.29807,1.29763,1.29456,825.5952,1.07391,0.7475,,21600.00,-9134.02468,865.97532,0.914361,0.509109,0.548583,-2.700090
989,EURUSD,sell,2012-10-10T13:00:00+00:00,2012-10-10T14:00:00+00:00,1.28779,1.29119,1.29076,1.28303,3361.2357,-11.42839,-1.1476,,3600.00,-9145.45307,854.54693,0.915491,0.508595,0.548274,-2.712201
990,EURUSD,sell,2012-10-12T03:00:00+00:00,2012-10-12T07:00:00+00:00,1.29236,1.29577,1.29534,1.28758,3305.1515,-11.27698,-1.1475,,14400.00,-9156.73005,843.26995,0.916607,0.508081,0.547969,-2.724280
991,EURUSD,sell,2012-10-14T02:00:00+00:00,2012-10-15T00:00:00+00:00,1.29487,1.29228,1.29785,1.29008,2441.4112,6.32699,,,79200.00,-9150.40306,853.18211,0.915626,0.508577,0.548281,-2.714788
992,EURUSD,sell,2012-10-14T02:00:00+00:00,2012-10-15T00:00:00+00:00,1.29487,1.29047,1.29487,1.29008,813.8037,3.58516,,,79200.00,-9146.81789,853.18211,0.915626,0.509073,0.548458,-2.714788
993,EURUSD,buy,2012-10-22T01:00:00+00:00,2012-10-22T10:00:00+00:00,1.30417,1.30678,1.30117,1.30900,2453.9668,6.39637,,,32400.00,-9140.42152,861.95790,0.914758,0.509567,0.548774,-2.695862
994,EURUSD,buy,2012-10-22T01:00:00+00:00,2012-10-22T11:00:00+00:00,1.30417,1.30581,1.30625,1.30900,817.9889,1.33905,0.7875,,36000.00,-9139.08247,860.91753,0.914861,0.510060,0.548840,-2.697736
995,EURUSD,buy,2012-10-25T17:00:00+00:00,2012-10-26T06:00:00+00:00,1.29561,1.29219,1.29263,1.30040,3323.4413,-11.35547,-1.1470,,46800.00,-9150.43794,849.56206,0.915984,0.509548,0.548532,-2.712275
996,EURUSD,sell,2012-10-30T10:00:00+00:00,2012-10-30T15:00:00+00:00,1.29487,1.29829,1.29785,1.29008,3279.5040,-11.21088,-1.1475,,18000.00,-9161.64882,838.35118,0.917093,0.509036,0.548229,-2.722960
997,EURUSD,buy,2012-11-01T21:00:00+00:00,2012-11-02T05:00:00+00:00,1.29453,1.29111,1.29155,1.29932,3239.0282,-11.05795,-1.1470,,28800.00,-9172.70677,827.29323,0.918187,0.508526,0.547930,-2.728229
998,EURUSD,buy,2012-11-02T23:00:00+00:00,2012-11-05T07:00:00+00:00,1.28388,1.28049,1.28092,1.28862,3222.8269,-10.91342,-1.1471,,201600.00,-9183.62020,816.37980,0.919266,0.508016,0.547636,-2.747098
999,EURUSD,sell,2012-11-05T21:00:00+00:00,2012-11-06T16:00:00+00:00,1.27919,1.28256,1.28213,1.27445,3190.0553,-10.77494,-1.1477,,68400.00,-9194.39513,805.60487,0.920331,0.507508,0.547345,-2.761844
1000,EURUSD,sell,2012-11-07T20:00:00+00:00,2012-11-08T09:00:00+00:00,1.27628,1.27372,1.27921,1.27155,2366.3452,6.04439,,,46800.00,-9188.35074,811.30780,0.919767,0.508000,0.547643,-2.752587
1001,EURUSD,sell,2012-11-07T20:00:00+00:00,2012-11-08T09:00:00+00:00,1.27628,1.27671,1.27628,1.27155,788.7817,-0.34146,,,46800.00,-9188.69220,811.30780,0.919767,0.507493,0.547634,-2.752587
1002,EURUSD,sell,2012-11-09T20:00:00+00:00,2012-11-11T23:00:00+00:00,1.27062,1.27397,1.27354,1.26592,3191.6121,-10.70906,-1.1478,,183600.00,-9199.40127,796.47766,0.921234,0.506986,0.547345,-2.768323
1003,EURUSD,sell,2012-11-11T06:00:00+00:00,2012-11-12T06:00:00+00:00,1.27073,1.27408,1.27365,1.26603,3191.3359,-10.70905,-1.1478,,86400.00,-9210.11032,789.88968,0.921885,0.506481,0.547057,-2.775548
1004,EURUSD,sell,2012-11-16T20:00:00+00:00,2012-11-19T01:00:00+00:00,1.27326,1.27662,1.27619,1.26855,3100.9142,-10.42603,-1.1478,,190800.00,-9220.53634,779.46366,0.922917,0.505976,0.546776,-2.790368
1005,EURUSD,buy,2012-11-19T21:00:00+00:00,2012-11-19T22:00:00+00:00,1.28167,1.27829,1.27873,1.28642,3041.7144,-10.28273,-1.1471,,3600.00,-9230.81907,769.18093,0.923933,0.505473,0.546500,-2.800791
1006,EURUSD,buy,2012-11-21T03:00:00+00:00,2012-11-21T04:00:00+00:00,1.27694,1.27357,1.27401,1.28167,3012.7097,-10.14763,-1.1472,,3600.00,-9240.96671,759.03329,0.924937,0.504970,0.546228,-2.812533
1007,EURUSD,buy,2012-11-30T00:00:00+00:00,2012-11-30T07:00:00+00:00,1.29805,1.30064,1.29506,1.30285,2193.4674,5.69053,,,25200.00,-9235.27618,767.61240,0.924089,0.505462,0.546507,-2.788341
1008,EURUSD,buy,2012-11-30T00:00:00+00:00,2012-11-30T08:00:00+00:00,1.29805,1.30021,1.30065,1.30285,731.1558,1.57968,0.8307,,28800.00,-9233.69650,766.30350,0.924218,0.505952,0.546585,-2.791096
1009,EURUSD,sell,2012-12-01T00:00:00+00:00,2012-12-03T01:00:00+00:00,1.29815,1.30158,1.30114,1.29335,2950.6349,-10.11182,-1.1474,,176400.00,-9243.80832,756.19168,0.925218,0.505451,0.546314,-2.799308
1010,EURUSD,buy,2012-12-03T21:00:00+00:00,2012-12-04T12:00:00+00:00,1.30567,1.30828,1.30267,1.31050,2172.4985,5.66923,,,54000.00,-9238.13909,764.51745,0.924395,0.505941,0.546592,-2.777228
1011,EURUSD,buy,2012-12-03T21:00:00+00:00,2012-12-04T13:00:00+00:00,1.30567,1.30816,1.30860,1.31050,724.1662,1.80017,0.8489,,57600.00,-9236.33892,763.66108,0.924479,0.506429,0.546680,-2.779055
1012,EURUSD,buy,2012-12-06T22:00:00+00:00,2012-12-07T07:00:00+00:00,1.29614,1.29272,1.29316,1.30093,2946.7917,-10.07260,-1.1469,,32400.00,-9246.41152,753.58848,0.925475,0.505929,0.546410,-2.791280
1013,EURUSD,buy,2012-12-09T11:00:00+00:00,2012-12-09T22:00:00+00:00,1.29293,1.28952,1.28995,1.29771,2915.1457,-9.94010,-1.1470,,39600.00,-9256.35163,743.64837,0.926458,0.505429,0.546144,-2.802937
1014,EURUSD,buy,2012-12-14T13:00:00+00:00,2012-12-14T16:00:00+00:00,1.30844,1.31106,1.30543,1.31328,2131.9379,5.57519,,,10800.00,-9250.77644,752.38295,0.925595,0.505917,0.546417,-2.783321
1015,EURUSD,buy,2012-12-14T13:00:00+00:00,2012-12-14T16:00:00+00:00,1.30844,1.31289,1.30844,1.31328,710.6460,3.15939,,,10800.00,-9247.61705,752.38295,0.925595,0.506404,0.546572,-2.783321
1016,EURUSD,buy,2012-12-16T18:00:00+00:00,2012-12-18T15:00:00+00:00,1.31670,1.31934,1.31368,1.32158,2143.4435,5.64067,,,162000.00,-9241.97638,751.34506,0.925697,0.506890,0.546849,-2.782587
1017,EURUSD,sell,2012-12-18T10:00:00+00:00,2012-12-18T15:00:00+00:00,1.31791,1.32139,1.32095,1.31304,2853.5889,-9.92596,-1.1472,,18000.00,-9251.90233,751.34506,0.925697,0.506391,0.546583,-2.782587
1018,EURUSD,buy,2012-12-16T18:00:00+00:00,2012-12-18T16:00:00+00:00,1.31670,1.32072,1.32117,1.32158,714.4812,2.87134,0.9000,,165600.00,-9249.03100,750.96900,0.925734,0.506876,0.546723,-2.783165
1019,EURUSD,buy,2012-12-21T09:00:00+00:00,2012-12-21T14:00:00+00:00,1.32052,1.31703,1.31748,1.32540,2844.3210,-9.90252,-1.1466,,18000.00,-9258.93352,741.06648,0.926714,0.506379,0.546458,-2.794116
1020,EURUSD,sell,2012-12-22T09:00:00+00:00,2012-12-24T08:00:00+00:00,1.31828,1.32176,1.32132,1.31341,2809.8799,-9.77662,-1.1472,,169200.00,-9268.71014,739.02938,0.926915,0.505882,0.546196,-2.795343
1021,EURUSD,buy,2012-12-23T21:00:00+00:00,2012-12-24T09:00:00+00:00,1.31908,1.32171,1.31604,1.32395,2107.4099,5.55583,,,43200.00,-9263.15431,738.27479,0.926990,0.506366,0.546468,-2.796552
1022,EURUSD,buy,2012-12-23T21:00:00+00:00,2012-12-24T10:00:00+00:00,1.31908,1.32043,1.32088,1.32395,702.4700,0.95406,0.7527,,46800.00,-9262.20025,737.79975,0.927037,0.506849,0.546515,-2.797296
1023,EURUSD,sell,2012-12-27T11:00:00+00:00,2012-12-27T15:00:00+00:00,1.32560,1.32295,1.32865,1.32070,2086.5378,5.53566,,,14400.00,-9256.66460,743.02403,0.926520,0.507331,0.546786,-2.786074
1024,EURUSD,sell,2012-12-27T11:00:00+00:00,2012-12-27T15:00:00+00:00,1.32560,1.32605,1.32560,1.32070,695.5126,-0.31138,,,14400.00,-9256.97597,743.02403,0.926520,0.506836,0.546778,-2.786074
1025,EURUSD,sell,2012-12-31T21:00:00+00:00,2013-01-02T01:00:00+00:00,1.31898,1.32247,1.32202,1.31410,2815.8075,-9.80237,-1.1472,,100800.00,-9266.77835,733.22165,0.927490,0.506341,0.546516,-2.792884
1026,EURUSD,buy,2013-01-02T05:00:00+00:00,2013-01-02T10:00:00+00:00,1.32702,1.32352,1.32397,1.33193,2763.4954,-9.66782,-1.1466,,18000.00,-9276.44616,723.55384,0.928446,0.505848,0.546257,-2.802720
1027,EURUSD,buy,2013-01-05T23:00:00+00:00,2013-01-07T04:00:00+00:00,1.30717,1.30373,1.30417,1.31201,2768.4608,-9.54241,-1.1468,,104400.00,-9285.98857,714.01143,0.929389,0.505355,0.546002,-2.806823
1028,EURUSD,sell,2013-01-08T12:00:00+00:00,2013-01-08T15:00:00+00:00,1.30961,1.30699,1.31262,1.30476,2043.9258,5.35717,,,10800.00,-9280.63140,721.48543,0.928650,0.505837,0.546264,-2.791997
1029,EURUSD,sell,2013-01-08T12:00:00+00:00,2013-01-08T16:00:00+00:00,1.30961,1.30794,1.30750,1.30476,681.3086,1.13420,0.7901,,14400.00,-9279.49720,720.50280,0.928747,0.506317,0.546320,-2.794060
1030,EURUSD,sell,2013-01-10T08:00:00+00:00,2013-01-10T09:00:00+00:00,1.30602,1.30947,1.30902,1.30118,2757.5677,-9.50662,-1.1473,,3600.00,-9289.00382,710.99618,0.929687,0.505825,0.546066,-2.805561
1031,EURUSD,buy,2013-01-11T15:00:00+00:00,2013-01-14T02:00:00+00:00,1.33488,1.33755,1.33181,1.33982,1997.9585,5.33039,,,212400.00,-9283.67343,719.34724,0.928862,0.506305,0.546326,-2.794387
1032,EURUSD,buy,2013-01-11T15:00:00+00:00,2013-01-14T02:00:00+00:00,1.33488,1.33942,1.33488,1.33982,665.9862,3.02067,,,212400.00,-9280.65276,719.34724,0.928862,0.506783,0.546474,-2.794387
1033,EURUSD,buy,2013-01-15T13:00:00+00:00,2013-01-15T18:00:00+00:00,1.33410,1.33058,1.33103,1.33903,2696.8105,-9.48416,-1.1465,,18000.00,-9290.13692,709.86308,0.929800,0.506292,0.546221,-2.806506
1034,EURUSD,buy,2013-01-17T06:00:00+00:00,2013-01-17T08:00:00+00:00,1.33062,1.33328,1.32756,1.33554,2001.1626,5.32190,,,7200.00,-9284.81502,714.88536,0.929303,0.506770,0.546481,-2.796048
1035,EURUSD,buy,2013-01-17T06:00:00+00:00,2013-01-17T08:00:00+00:00,1.33062,1.33017,1.33062,1.33554,667.0542,-0.29962,,,7200.00,-9285.11464,714.88536,0.929303,0.506280,0.546473,-2.796048
1036,EURUSD,buy,2013-01-22T07:00:00+00:00,2013-01-22T09:00:00+00:00,1.33642,1.33290,1.33335,1.34136,2675.4291,-9.42510,-1.1464,,7200.00,-9294.53974,705.46026,0.930235,0.505792,0.546221,-2.805525
1037,EURUSD,buy,2013-01-24T07:00:00+00:00,2013-01-24T09:00:00+00:00,1.33079,1.33345,1.32773,1.33571,1988.4966,5.28889,,,7200.00,-9289.25085,711.47222,0.929640,0.506268,0.546480,-2.793036
1038,EURUSD,buy,2013-01-24T07:00:00+00:00,2013-01-24T10:00:00+00:00,1.33079,1.33115,1.33160,1.33571,662.8322,0.23956,0.4457,,10800.00,-9289.01129,710.98871,0.929688,0.506744,0.546491,-2.794021
1039,EURUSD,sell,2013-01-25T13:00:00+00:00,2013-01-29T10:00:00+00:00,1.34511,1.34241,1.34820,1.34013,1981.5592,5.33449,,,334800.00,-9283.67679,709.93350,0.929793,0.507218,0.546752,-2.794362
1040,EURUSD,sell,2013-01-25T13:00:00+00:00,2013-01-29T10:00:00+00:00,1.34511,1.34556,1.34511,1.34013,660.5197,-0.29958,,,334800.00,-9283.97637,709.93350,0.929793,0.506731,0.546744,-2.794362
1041,EURUSD,buy,2013-01-28T22:00:00+00:00,2013-01-29T11:00:00+00:00,1.34492,1.34138,1.34183,1.34990,2644.0243,-9.37288,-1.1463,,46800.00,-9293.34925,706.65075,0.930117,0.506244,0.546494,-2.799119
1042,EURUSD,sell,2013-01-30T11:00:00+00:00,2013-01-30T15:00:00+00:00,1.35404,1.35762,1.35716,1.34903,2608.6262,-9.31905,-1.1468,,14400.00,-9302.66830,697.33170,0.931039,0.505758,0.546245,-2.811159
1043,EURUSD,sell,2013-01-31T21:00:00+00:00,2013-01-31T23:00:00+00:00,1.35735,1.36093,1.36048,1.35233,2567.9490,-9.19584,-1.1467,,7200.00,-9311.86414,688.13586,0.931948,0.505273,0.546000,-2.823176
1044,EURUSD,buy,2013-02-05T20:00:00+00:00,2013-02-06T07:00:00+00:00,1.35825,1.35467,1.35512,1.36327,2533.9357,-9.07036,-1.1462,,39600.00,-9320.93450,679.06550,0.932845,0.504789,0.545759,-2.831906
1045,EURUSD,sell,2013-02-07T05:00:00+00:00,2013-02-07T08:00:00+00:00,1.35226,1.35583,1.35538,1.34726,2510.0930,-8.95543,-1.1468,,10800.00,-9329.88993,670.11007,0.933731,0.504306,0.545521,-2.843866
1046,EURUSD,buy,2013-02-10T17:00:00+00:00,2013-02-11T09:00:00+00:00,1.33705,1.33972,1.33398,1.34200,1880.0080,5.02387,,,57600.00,-9324.86607,676.80652,0.933069,0.504780,0.545766,-2.832849
1047,EURUSD,buy,2013-02-10T17:00:00+00:00,2013-02-11T10:00:00+00:00,1.33705,1.33767,1.33812,1.34200,626.6693,0.38702,0.5777,,61200.00,-9324.47905,675.52095,0.933196,0.505253,0.545784,-2.835514
1048,EURUSD,buy,2013-02-14T08:00:00+00:00,2013-02-14T09:00:00+00:00,1.34163,1.33810,1.33855,1.34659,2518.2890,-8.90562,-1.1464,,3600.00,-9333.38467,666.61533,0.934076,0.504771,0.545548,-2.846127
1049,EURUSD,sell,2013-02-18T19:00:00+00:00,2013-02-19T16:00:00+00:00,1.33466,1.33818,1.33773,1.32972,2496.5744,-8.79287,-1.1470,,75600.00,-9342.17753,657.82247,0.934946,0.504290,0.545314,-2.856447
1050,EURUSD,sell,2013-02-20T03:00:00+00:00,2013-02-20T11:00:00+00:00,1.34087,1.33818,1.34395,1.33590,1839.1780,4.93559,,,28800.00,-9337.24194,664.74291,0.934262,0.504762,0.545555,-2.841777
1051,EURUSD,sell,2013-02-20T03:00:00+00:00,2013-02-20T12:00:00+00:00,1.34087,1.33857,1.33812,1.33590,613.0593,1.40769,0.8357,,32400.00,-9335.83426,664.16574,0.934319,0.505233,0.545623,-2.843081
1052,EURUSD,sell,2013-02-24T21:00:00+00:00,2013-02-24T22:00:00+00:00,1.31862,1.32210,1.32166,1.31374,2517.6485,-8.76207,-1.1472,,3600.00,-9344.59632,655.40368,0.935185,0.504753,0.545390,-2.852988
1053,EURUSD,sell,2013-02-26T12:00:00+00:00,2013-02-26T13:00:00+00:00,1.30909,1.30647,1.31210,1.30424,1876.9006,4.91744,,,3600.00,-9339.67888,660.04413,0.934726,0.505223,0.545630,-2.842664
1054,EURUSD,sell,2013-02-26T12:00:00+00:00,2013-02-26T13:00:00+00:00,1.30909,1.30953,1.30909,1.30424,625.6335,-0.27699,,,3600.00,-9339.95587,660.04413,0.934726,0.504744,0.545622,-2.842664
1055,EURUSD,sell,2013-02-28T00:00:00+00:00,2013-02-28T09:00:00+00:00,1.31429,1.31166,1.31731,1.30942,1882.7133,4.95226,,,32400.00,-9335.00361,666.49980,0.934088,0.505213,0.545863,-2.826244
1056,EURUSD,sell,2013-02-28T00:00:00+00:00,2013-02-28T10:00:00+00:00,1.31429,1.31284,1.31240,1.30942,627.5711,0.90487,0.7647,,36000.00,-9334.09874,665.90126,0.934147,0.505682,0.545907,-2.827608
1057,EURUSD,buy,2013-03-02T06:00:00+00:00,2013-03-04T07:00:00+00:00,1.30217,1.29874,1.29918,1.30699,2557.6567,-8.78256,-1.1469,,176400.00,-9342.88130,657.11870,0.935016,0.505203,0.545674,-2.836760
1058,EURUSD,buy,2013-03-05T22:00:00+00:00,2013-03-06T13:00:00+00:00,1.30489,1.30145,1.30189,1.30972,2518.6612,-8.66647,-1.1468,,54000.00,-9351.54777,648.45223,0.935873,0.504726,0.545444,-2.851859
1059,EURUSD,sell,2013-03-07T22:00:00+00:00,2013-03-08T10:00:00+00:00,1.31003,1.31348,1.31304,1.30518,2474.2153,-8.55557,-1.1473,,43200.00,-9360.10334,639.89666,0.936719,0.504249,0.545218,-2.865762
1060,EURUSD,sell,2013-03-14T07:00:00+00:00,2013-03-14T11:00:00+00:00,1.29523,1.29264,1.29821,1.29044,1852.0959,4.80110,,,14400.00,-9355.30225,646.56301,0.936059,0.504717,0.545451,-2.848119
1061,EURUSD,sell,2013-03-14T07:00:00+00:00,2013-03-14T12:00:00+00:00,1.29523,1.29384,1.29340,1.29044,617.3653,0.86016,0.7608,,18000.00,-9354.44208,645.55792,0.936159,0.505184,0.545493,-2.850408
1062,EURUSD,buy,2013-03-17T23:00:00+00:00,2013-03-18T07:00:00+00:00,1.28946,1.29203,1.28649,1.29423,1877.9757,4.83980,,,28800.00,-9349.60229,650.12427,0.935707,0.505650,0.545728,-2.847642
1063,EURUSD,buy,2013-03-17T23:00:00+00:00,2013-03-18T07:00:00+00:00,1.28946,1.28902,1.28946,1.29423,625.9919,-0.27345,,,28800.00,-9349.87573,650.12427,0.935707,0.505174,0.545720,-2.847642
1064,EURUSD,sell,2013-03-23T05:00:00+00:00,2013-03-24T21:00:00+00:00,1.29846,1.29586,1.30145,1.29365,1877.0189,4.87783,,,144000.00,-9344.99790,662.74595,0.934459,0.505639,0.545957,-2.814534
1065,EURUSD,sell,2013-03-24T10:00:00+00:00,2013-03-24T21:00:00+00:00,1.29846,1.29586,1.30145,1.29365,1877.0189,4.87783,,,39600.00,-9340.12007,662.74595,0.934459,0.506103,0.546194,-2.814534
1066,EURUSD,sell,2013-03-23T05:00:00+00:00,2013-03-24T22:00:00+00:00,1.29846,1.29748,1.29704,1.29365,625.6730,0.61392,0.6908,,147600.00,-9339.50615,661.10778,0.934621,0.506567,0.546224,-2.818977
1067,EURUSD,sell,2013-03-24T10:00:00+00:00,2013-03-24T22:00:00+00:00,1.29846,1.29748,1.29704,1.29365,625.6730,0.61392,0.6908,,43200.00,-9338.89222,661.10778,0.934621,0.507029,0.546254,-2.818977
1068,EURUSD,buy,2013-03-26T00:00:00+00:00,2013-03-26T14:00:00+00:00,1.28624,1.28284,1.28328,1.29099,2570.7033,-8.72091,-1.1471,,50400.00,-9347.61314,652.38686,0.935484,0.506554,0.546023,-2.828944
1069,EURUSD,buy,2013-03-31T13:00:00+00:00,2013-04-01T00:00:00+00:00,1.28222,1.27884,1.27928,1.28697,2544.7281,-8.60627,-1.1471,,39600.00,-9356.21941,643.78059,0.936335,0.506080,0.545795,-2.832006
1070,EURUSD,buy,2013-04-03T05:00:00+00:00,2013-04-03T12:00:00+00:00,1.28089,1.28345,1.27795,1.28563,1885.3248,4.82647,,,25200.00,-9351.39294,650.43950,0.935676,0.506542,0.546029,-2.817249
1071,EURUSD,buy,2013-04-03T05:00:00+00:00,2013-04-03T13:00:00+00:00,1.28089,1.28217,1.28260,1.28563,628.4416,0.79880,0.7451,,28800.00,-9350.59414,649.40586,0.935778,0.507003,0.546068,-2.819559
1072,EURUSD,buy,2013-04-06T16:00:00+00:00,2013-04-08T10:00:00+00:00,1.29975,1.30235,1.29676,1.30456,1874.2088,4.86864,,,151200.00,-9345.72549,655.94267,0.935132,0.507463,0.546304,-2.800657
1073,EURUSD,buy,2013-04-06T16:00:00+00:00,2013-04-08T11:00:00+00:00,1.29975,1.30096,1.30140,1.30456,624.7363,0.75580,0.7331,,154800.00,-9344.96969,655.03031,0.935222,0.507922,0.546341,-2.802831
1074,EURUSD,sell,2013-04-11T03:00:00+00:00,2013-04-11T07:00:00+00:00,1.30549,1.30893,1.30849,1.30066,2508.0034,-8.64280,-1.1473,,14400.00,-9353.61249,646.38751,0.936077,0.507449,0.546112,-2.813237
1075,EURUSD,sell,2013-04-16T17:00:00+00:00,2013-04-17T07:00:00+00:00,1.31869,1.31606,1.32173,1.31381,1837.5950,4.84980,,,50400.00,-9348.76269,650.96435,0.935624,0.507907,0.546347,-2.800038
1076,EURUSD,sell,2013-04-16T17:00:00+00:00,2013-04-17T07:00:00+00:00,1.31869,1.31914,1.31869,1.31381,612.5317,-0.27296,,,50400.00,-9349.03565,650.96435,0.935624,0.507435,0.546340,-2.800038
1077,EURUSD,sell,2013-04-18T06:00:00+00:00,2013-04-18T14:00:00+00:00,1.30473,1.30817,1.30773,1.29990,2493.8870,-8.58922,-1.1474,,28800.00,-9357.62487,642.37513,0.936474,0.506964,0.546112,-2.811676
1078,EURUSD,buy,2013-04-21T03:00:00+00:00,2013-04-22T12:00:00+00:00,1.30549,1.30205,1.30249,1.31032,2461.0188,-8.47196,-1.1468,,118800.00,-9366.09684,633.90316,0.937311,0.506494,0.545888,-2.822217
1079,EURUSD,buy,2013-04-27T11:00:00+00:00,2013-04-28T21:00:00+00:00,1.30313,1.30574,1.30013,1.30795,1824.7209,4.75242,,,122400.00,-9361.34442,640.44331,0.936665,0.506951,0.546118,-2.804568
1080,EURUSD,buy,2013-04-27T11:00:00+00:00,2013-04-28T22:00:00+00:00,1.30313,1.30410,1.30454,1.30795,608.2403,0.58867,0.6868,,126000.00,-9360.75574,639.24426,0.936783,0.507407,0.546147,-2.807341
1081,EURUSD,buy,2013-04-29T08:00:00+00:00,2013-04-30T08:00:00+00:00,1.30927,1.30582,1.30626,1.31412,2441.9513,-8.43032,-1.1468,,86400.00,-9369.18606,630.81394,0.937617,0.506938,0.545924,-2.817480
1082,EURUSD,sell,2013-05-01T14:00:00+00:00,2013-05-01T18:00:00+00:00,1.31889,1.32238,1.32193,1.31401,2390.7327,-8.32205,-1.1472,,14400.00,-9377.50811,622.49189,0.938440,0.506470,0.545704,-2.829029
1083,EURUSD,buy,2013-05-05T00:00:00+00:00,2013-05-06T14:00:00+00:00,1.31170,1.30824,1.30869,1.31656,2373.5497,-8.20917,-1.1467,,136800.00,-9385.71728,614.28272,0.939252,0.506002,0.545487,-2.838318
1084,EURUSD,sell,2013-05-08T16:00:00+00:00,2013-05-09T09:00:00+00:00,1.31661,1.31398,1.31964,1.31174,1749.0833,4.60892,,,61200.00,-9381.10836,620.15967,0.938671,0.506458,0.545710,-2.825317
1085,EURUSD,sell,2013-05-08T16:00:00+00:00,2013-05-09T10:00:00+00:00,1.31661,1.31615,1.31571,1.31174,583.0278,0.26829,0.5085,,64800.00,-9380.84007,619.15993,0.938769,0.506912,0.545723,-2.827443
1086,EURUSD,buy,2013-05-12T10:00:00+00:00,2013-05-12T22:00:00+00:00,1.29938,1.29595,1.29639,1.30419,2383.2359,-8.16635,-1.1469,,43200.00,-9389.00642,615.37946,0.939143,0.506446,0.545507,-2.832053
1087,EURUSD,sell,2013-05-11T04:00:00+00:00,2013-05-13T08:00:00+00:00,1.29860,1.29600,1.30159,1.29379,1787.4270,4.64551,,,187200.00,-9384.36091,616.58065,0.939025,0.506900,0.545732,-2.830169
1088,EURUSD,sell,2013-05-11T04:00:00+00:00,2013-05-13T09:00:00+00:00,1.29860,1.29777,1.29733,1.29379,595.8090,0.49517,0.6542,,190800.00,-9383.86574,616.13426,0.939069,0.507353,0.545756,-2.830994
1089,EURUSD,buy,2013-05-14T09:00:00+00:00,2013-05-14T10:00:00+00:00,1.29902,1.29559,1.29603,1.30382,2372.2472,-8.12647,-1.1469,,3600.00,-9391.99221,608.00779,0.939872,0.506887,0.545541,-2.842462
1090,EURUSD,sell,2013-05-19T21:00:00+00:00,2013-05-20T08:00:00+00:00,1.28423,1.28763,1.28719,1.27948,2366.4889,-8.02429,-1.1476,,39600.00,-9400.01649,599.98351,0.940666,0.506422,0.545330,-2.850342
1091,EURUSD,sell,2013-05-21T10:00:00+00:00,2013-05-21T15:00:00+00:00,1.28615,1.28955,1.28911,1.28139,2331.7717,-7.91821,-1.1476,,18000.00,-9407.93470,592.06530,0.941449,0.505958,0.545121,-2.861748
1092,EURUSD,buy,2013-05-24T18:00:00+00:00,2013-05-28T00:00:00+00:00,1.29367,1.29026,1.29069,1.29845,2289.0066,-7.80949,-1.1470,,280800.00,-9415.74419,576.44622,0.942994,0.505495,0.544915,-2.846138
1093,EURUSD,buy,2013-05-27T00:00:00+00:00,2013-05-28T00:00:00+00:00,1.29260,1.28919,1.28963,1.29738,2290.9020,-7.80958,-1.1470,,86400.00,-9423.55378,576.44622,0.942994,0.505032,0.544709,-2.846138
1094,EURUSD,buy,2013-05-31T11:00:00+00:00,2013-05-31T14:00:00+00:00,1.29914,1.29571,1.29615,1.30395,2219.2347,-7.60300,-1.1469,,10800.00,-9431.15678,568.84322,0.943745,0.504570,0.544509,-2.856245
1095,EURUSD,sell,2013-06-04T12:00:00+00:00,2013-06-05T06:00:00+00:00,1.30666,1.31011,1.30966,1.30182,2176.0576,-7.50550,-1.1473,,64800.00,-9438.66228,561.33772,0.944488,0.504110,0.544312,-2.866557
1096,EURUSD,buy,2013-06-06T01:00:00+00:00,2013-06-06T06:00:00+00:00,1.30956,1.31218,1.30655,1.31441,1607.9015,4.20839,,,18000.00,-9434.45389,567.02927,0.943925,0.504562,0.544515,-2.853103
1097,EURUSD,buy,2013-06-06T01:00:00+00:00,2013-06-06T07:00:00+00:00,1.30956,1.31078,1.31122,1.31441,535.9672,0.65061,0.7325,,21600.00,-9433.80328,566.19672,0.944007,0.505014,0.544547,-2.855174
1098,EURUSD,buy,2013-06-10T04:00:00+00:00,2013-06-10T15:00:00+00:00,1.32007,1.32270,1.31703,1.32495,1608.9156,4.24482,,,39600.00,-9429.55846,570.20235,0.943611,0.505464,0.544752,-2.844069
1099,EURUSD,buy,2013-06-10T04:00:00+00:00,2013-06-10T15:00:00+00:00,1.32007,1.31962,1.32007,1.32495,536.3052,-0.23919,,,39600.00,-9429.79765,570.20235,0.943611,0.505005,0.544745,-2.844069
1100,EURUSD,sell,2013-06-13T22:00:00+00:00,2013-06-14T07:00:00+00:00,1.33622,1.33354,1.33929,1.33127,1599.7507,4.27819,,,32400.00,-9425.51947,576.54368,0.942984,0.505455,0.544952,-2.823555
1101,EURUSD,sell,2013-06-13T22:00:00+00:00,2013-06-14T08:00:00+00:00,1.33622,1.33450,1.33405,1.33127,533.2502,0.91654,0.7924,,36000.00,-9424.60293,575.39707,0.943097,0.505904,0.544996,-2.826494
1102,EURUSD,sell,2013-06-20T16:00:00+00:00,2013-06-20T18:00:00+00:00,1.32346,1.32081,1.32651,1.31856,1629.8846,4.31716,,,7200.00,-9420.28577,581.84549,0.942460,0.506352,0.545205,-2.808539
1103,EURUSD,sell,2013-06-20T16:00:00+00:00,2013-06-20T19:00:00+00:00,1.32346,1.32283,1.32238,1.31856,543.2949,0.34560,0.5874,,10800.00,-9419.94017,580.05983,0.942636,0.506800,0.545221,-2.812862
1104,EURUSD,sell,2013-06-23T14:00:00+00:00,2013-06-24T07:00:00+00:00,1.31176,1.30913,1.31477,1.30690,1657.7559,4.35215,,,61200.00,-9415.58802,584.75809,0.942172,0.507246,0.545431,-2.799937
1105,EURUSD,sell,2013-06-23T14:00:00+00:00,2013-06-24T08:00:00+00:00,1.31176,1.31187,1.31143,1.30690,552.5853,-0.06470,-0.3588,,64800.00,-9415.65273,584.34727,0.942212,0.506787,0.545430,-2.800808
1106,EURUSD,buy,2013-06-24T22:00:00+00:00,2013-06-25T12:00:00+00:00,1.31354,1.31008,1.31052,1.31840,2224.9830,-7.70598,-1.1467,,50400.00,-9423.35870,576.64130,0.942974,0.506329,0.545227,-2.809821
1107,EURUSD,buy,2013-06-27T23:00:00+00:00,2013-06-28T02:00:00+00:00,1.30400,1.30661,1.30100,1.30882,1658.7820,4.32312,,,10800.00,-9419.03558,582.68343,0.942377,0.506775,0.545435,-2.792660
1108,EURUSD,buy,2013-06-27T23:00:00+00:00,2013-06-28T03:00:00+00:00,1.30400,1.30603,1.30647,1.30882,552.9273,1.12078,0.8210,,14400.00,-9417.91480,582.08520,0.942436,0.507220,0.545490,-2.794192
1109,EURUSD,sell,2013-06-30T16:00:00+00:00,2013-07-01T07:00:00+00:00,1.30057,1.30400,1.30356,1.29576,2237.1372,-7.68074,-1.1474,,54000.00,-9425.59555,574.40445,0.943195,0.506763,0.545287,-2.803233
1110,EURUSD,sell,2013-07-03T10:00:00+00:00,2013-07-03T14:00:00+00:00,1.29559,1.29901,1.29857,1.29080,2216.1008,-7.57982,-1.1475,,14400.00,-9433.17536,566.82464,0.943945,0.506306,0.545088,-2.813881
1111,EURUSD,sell,2013-07-04T13:00:00+00:00,2013-07-05T07:00:00+00:00,1.29104,1.28846,1.29401,1.28626,1645.9215,4.25284,,,64800.00,-9428.92252,572.57119,0.943377,0.506751,0.545293,-2.798304
1112,EURUSD,sell,2013-07-04T13:00:00+00:00,2013-07-05T08:00:00+00:00,1.29104,1.28946,1.28902,1.28626,548.6405,0.87006,0.7841,,68400.00,-9428.05246,571.94754,0.943438,0.507194,0.545335,-2.799651
1113,EURUSD,buy,2013-07-07T07:00:00+00:00,2013-07-08T13:00:00+00:00,1.28341,1.28598,1.28046,1.28816,1671.6704,4.28793,,,108000.00,-9423.76453,578.13287,0.942827,0.507637,0.545542,-2.787455
1114,EURUSD,buy,2013-07-07T07:00:00+00:00,2013-07-08T14:00:00+00:00,1.28341,1.28482,1.28526,1.28816,557.2235,0.78542,0.7639,,111600.00,-9422.97910,577.02090,0.942937,0.508079,0.545580,-2.790347
1115,EURUSD,buy,2013-07-13T10:00:00+00:00,2013-07-15T08:00:00+00:00,1.30718,1.30374,1.30418,1.31202,2207.7797,-7.60990,-1.1468,,165600.00,-9430.58900,561.80110,0.944442,0.507623,0.545380,-2.809859
1116,EURUSD,buy,2013-07-14T18:00:00+00:00,2013-07-15T08:00:00+00:00,1.30718,1.30374,1.30418,1.31202,2207.7797,-7.60990,-1.1468,,50400.00,-9438.19890,561.80110,0.944442,0.507168,0.545180,-2.809859
1117,EURUSD,buy,2013-07-17T03:00:00+00:00,2013-07-17T12:00:00+00:00,1.31441,1.31704,1.31139,1.31928,1603.2892,4.21186,,,32400.00,-9433.98703,565.77552,0.944049,0.507610,0.545383,-2.800202
1118,EURUSD,buy,2013-07-17T03:00:00+00:00,2013-07-17T12:00:00+00:00,1.31441,1.31397,1.31441,1.31928,534.4297,-0.23745,,,32400.00,-9434.22448,565.77552,0.944049,0.507156,0.545376,-2.800202
1119,EURUSD,sell,2013-07-19T03:00:00+00:00,2013-07-19T09:00:00+00:00,1.31319,1.31056,1.31621,1.30833,1615.1724,4.24497,,,21600.00,-9429.97951,571.59039,0.943474,0.507596,0.545581,-2.786261
1120,EURUSD,sell,2013-07-19T03:00:00+00:00,2013-07-19T10:00:00+00:00,1.31319,1.31238,1.31194,1.30833,538.3908,0.43197,0.6440,,25200.00,-9429.54755,570.45245,0.943586,0.508036,0.545602,-2.788996
1121,EURUSD,buy,2013-07-20T19:00:00+00:00,2013-07-22T09:00:00+00:00,1.31466,1.31729,1.31164,1.31953,1627.6691,4.27672,,,136800.00,-9425.27082,576.62038,0.942976,0.508475,0.545808,-2.776234
1122,EURUSD,buy,2013-07-20T19:00:00+00:00,2013-07-22T10:00:00+00:00,1.31466,1.31748,1.31793,1.31953,542.5564,1.53020,0.8636,,140400.00,-9423.74062,576.25938,0.943012,0.508913,0.545882,-2.777002
1123,EURUSD,sell,2013-07-22T14:00:00+00:00,2013-07-23T14:00:00+00:00,1.31886,1.32235,1.32190,1.31398,2184.0251,-7.60233,-1.1472,,86400.00,-9431.34296,568.65704,0.943764,0.508459,0.545682,-2.789027
1124,EURUSD,sell,2013-07-23T15:00:00+00:00,2013-07-23T18:00:00+00:00,1.32074,1.32423,1.32378,1.31586,2152.1453,-7.50189,-1.1472,,10800.00,-9438.84484,561.15516,0.944506,0.508007,0.545485,-2.795706
1125,EURUSD,sell,2013-07-25T19:00:00+00:00,2013-07-29T12:00:00+00:00,1.32807,1.32541,1.33113,1.32316,1584.0266,4.21031,,,320400.00,-9434.63454,570.07556,0.943624,0.508444,0.545687,-2.761776
1126,EURUSD,sell,2013-07-25T19:00:00+00:00,2013-07-29T13:00:00+00:00,1.32807,1.32686,1.32641,1.32316,528.0089,0.64075,0.7304,,324000.00,-9433.99379,571.75447,0.943458,0.508881,0.545718,-2.756287
1127,EURUSD,sell,2013-07-28T06:00:00+00:00,2013-07-29T13:00:00+00:00,1.32756,1.32490,1.33062,1.32265,1584.6350,4.21031,,,111600.00,-9429.78348,571.75447,0.943458,0.509317,0.545921,-2.756287
1128,EURUSD,sell,2013-07-28T06:00:00+00:00,2013-07-29T14:00:00+00:00,1.32756,1.32630,1.32585,1.32265,528.2117,0.66758,0.7384,,115200.00,-9429.11591,570.88409,0.943544,0.509752,0.545953,-2.759164
1129,EURUSD,sell,2013-08-01T06:00:00+00:00,2013-08-01T12:00:00+00:00,1.32489,1.32224,1.32794,1.31999,1615.3561,4.28330,,,21600.00,-9424.83261,577.59451,0.942880,0.510186,0.546159,-2.742784
1130,EURUSD,sell,2013-08-01T06:00:00+00:00,2013-08-01T12:00:00+00:00,1.32489,1.32038,1.32489,1.31999,538.4520,2.42711,,,21600.00,-9422.40549,577.59451,0.942880,0.510619,0.546276,-2.742784
1131,EURUSD,sell,2013-08-03T06:00:00+00:00,2013-08-05T12:00:00+00:00,1.32762,1.32496,1.33068,1.32271,1630.9840,4.33365,,,194400.00,-9418.07184,583.44040,0.942302,0.511052,0.546485,-2.732481
1132,EURUSD,sell,2013-08-03T06:00:00+00:00,2013-08-05T13:00:00+00:00,1.32762,1.32650,1.32605,1.32271,543.6613,0.61095,0.7150,,198000.00,-9417.46090,582.53910,0.942391,0.511484,0.546514,-2.734426
1133,EURUSD,sell,2013-08-06T19:00:00+00:00,2013-08-07T08:00:00+00:00,1.33035,1.32769,1.33341,1.32543,1641.5718,4.37075,,,46800.00,-9413.09015,587.99918,0.941851,0.511915,0.546725,-2.725337
1134,EURUSD,sell,2013-08-06T19:00:00+00:00,2013-08-07T09:00:00+00:00,1.33035,1.32921,1.32876,1.32543,547.1906,0.62496,0.7180,,50400.00,-9412.46519,587.53481,0.941897,0.512346,0.546755,-2.726359
1135,EURUSD,sell,2013-08-08T21:00:00+00:00,2013-08-09T15:00:00+00:00,1.33772,1.33504,1.34080,1.33277,1646.5306,4.40823,,,64800.00,-9408.05696,594.09372,0.941248,0.512775,0.546967,-2.710275
1136,EURUSD,sell,2013-08-08T21:00:00+00:00,2013-08-09T16:00:00+00:00,1.33772,1.33516,1.33471,1.33277,548.8435,1.40402,0.8503,,68400.00,-9406.65294,593.34706,0.941322,0.513204,0.547035,-2.712063
1137,EURUSD,sell,2013-08-15T04:00:00+00:00,2013-08-15T12:00:00+00:00,1.32867,1.32601,1.33173,1.32375,1674.1417,4.45184,,,28800.00,-9402.20110,597.54855,0.940907,0.513632,0.547249,-2.700333
1138,EURUSD,sell,2013-08-15T04:00:00+00:00,2013-08-15T12:00:00+00:00,1.32867,1.32912,1.32867,1.32375,558.0472,-0.25035,,,28800.00,-9402.45145,597.54855,0.940907,0.513181,0.547242,-2.700333
1139,EURUSD,buy,2013-08-16T09:00:00+00:00,2013-08-16T13:00:00+00:00,1.33396,1.33663,1.33089,1.33889,1680.3196,4.47987,,,14400.00,-9397.97158,603.40064,0.940328,0.513608,0.547458,-2.687970
1140,EURUSD,buy,2013-08-16T09:00:00+00:00,2013-08-16T14:00:00+00:00,1.33396,1.33549,1.33594,1.33889,560.1065,0.85650,0.7723,,18000.00,-9397.11509,602.88491,0.940379,0.514035,0.547499,-2.689115
1141,EURUSD,buy,2013-08-18T17:00:00+00:00,2013-08-19T10:00:00+00:00,1.33328,1.33594,1.33021,1.33821,1696.1905,4.51987,,,61200.00,-9392.59522,608.87489,0.939787,0.514461,0.547717,-2.678638
1142,EURUSD,buy,2013-08-18T17:00:00+00:00,2013-08-19T11:00:00+00:00,1.33328,1.33412,1.33457,1.33821,565.3968,0.47481,0.6509,,64800.00,-9392.12041,607.87959,0.939885,0.514886,0.547740,-2.680752
1143,EURUSD,buy,2013-08-25T00:00:00+00:00,2013-08-27T08:00:00+00:00,1.33831,1.33478,1.33523,1.34326,2271.7507,-8.01416,-1.1464,,201600.00,-9400.13457,604.17003,0.940252,0.514436,0.547529,-2.680229
1144,EURUSD,sell,2013-08-26T12:00:00+00:00,2013-08-27T08:00:00+00:00,1.33813,1.33545,1.34121,1.33318,1703.0238,4.56088,,,72000.00,-9395.57370,604.17003,0.940252,0.514860,0.547748,-2.680229
1145,EURUSD,sell,2013-08-26T12:00:00+00:00,2013-08-27T08:00:00+00:00,1.33813,1.33858,1.33813,1.33318,567.6746,-0.25628,,,72000.00,-9395.82997,604.17003,0.940252,0.514410,0.547741,-2.680229
1146,EURUSD,sell,2013-08-28T07:00:00+00:00,2013-08-28T10:00:00+00:00,1.33764,1.33496,1.34072,1.33269,1693.2510,4.53304,,,10800.00,-9391.29693,610.17540,0.939658,0.514834,0.547960,-2.667732
1147,EURUSD,sell,2013-08-28T07:00:00+00:00,2013-08-28T11:00:00+00:00,1.33764,1.33555,1.33510,1.33269,564.4170,1.17853,0.8225,,14400.00,-9390.11841,609.88159,0.939687,0.515257,0.548016,-2.668378
1148,EURUSD,buy,2013-08-29T08:00:00+00:00,2013-08-29T12:00:00+00:00,1.32687,1.32337,1.32382,1.33178,2298.8895,-8.04154,-1.1466,,14400.00,-9398.15995,601.84005,0.940482,0.514808,0.547804,-2.679426
1149,EURUSD,buy,2013-08-30T12:00:00+00:00,2013-08-30T14:00:00+00:00,1.32260,1.31911,1.31956,1.32749,2275.9040,-7.93588,-1.1466,,7200.00,-9406.09582,593.90418,0.941267,0.514360,0.547595,-2.690456
1150,EURUSD,sell,2013-08-31T20:00:00+00:00,2013-09-02T15:00:00+00:00,1.32173,1.31909,1.32477,1.31684,1684.5096,4.45602,,,154800.00,-9401.63980,599.86130,0.940678,0.514783,0.547810,-2.681405
1151,EURUSD,sell,2013-08-31T20:00:00+00:00,2013-09-02T16:00:00+00:00,1.32173,1.31992,1.31947,1.31684,561.5032,1.02053,0.8030,,158400.00,-9400.61927,599.38073,0.940725,0.515204,0.547859,-2.682300
1152,EURUSD,buy,2013-09-04T17:00:00+00:00,2013-09-05T05:00:00+00:00,1.32126,1.31777,1.31822,1.32614,2268.9033,-7.90356,-1.1466,,43200.00,-9408.52283,591.47717,0.941507,0.514757,0.547650,-2.692571
1153,EURUSD,buy,2013-09-07T17:00:00+00:00,2013-09-09T12:00:00+00:00,1.31805,1.32068,1.31501,1.32292,1683.3297,4.43435,,,154800.00,-9404.08848,603.61171,0.940307,0.515178,0.547864,-2.663367
1154,EURUSD,buy,2013-09-09T05:00:00+00:00,2013-09-09T12:00:00+00:00,1.31770,1.32033,1.31467,1.32257,1683.7770,4.43435,,,25200.00,-9399.65413,603.61171,0.940307,0.515598,0.548077,-2.663367
1155,EURUSD,buy,2013-09-07T17:00:00+00:00,2013-09-09T13:00:00+00:00,1.31805,1.32033,1.32078,1.32292,561.1099,1.28409,0.8368,,158400.00,-9398.37004,603.11089,0.940357,0.516017,0.548139,-2.664765
1156,EURUSD,buy,2013-09-09T05:00:00+00:00,2013-09-09T13:00:00+00:00,1.31770,1.32033,1.32078,1.32257,561.2590,1.48093,0.8553,,28800.00,-9396.88911,603.11089,0.940357,0.516436,0.548210,-2.664765
1157,EURUSD,sell,2013-09-11T14:00:00+00:00,2013-09-12T12:00:00+00:00,1.32971,1.32705,1.33277,1.32479,1700.3600,4.52510,,,79200.00,-9392.36401,608.70209,0.939804,0.516854,0.548427,-2.647084
1158,EURUSD,sell,2013-09-11T14:00:00+00:00,2013-09-12T13:00:00+00:00,1.32971,1.32979,1.32934,1.32479,566.7867,-0.04412,-0.2099,,82800.00,-9392.40814,607.59186,0.939913,0.516408,0.548426,-2.649845
1159,EURUSD,buy,2013-09-12T15:00:00+00:00,2013-09-13T01:00:00+00:00,1.33182,1.32831,1.32876,1.33675,2281.7438,-8.01092,-1.1465,,36000.00,-9400.41906,599.58094,0.940706,0.515962,0.548215,-2.664490
1160,EURUSD,sell,2013-09-15T11:00:00+00:00,2013-09-15T21:00:00+00:00,1.32890,1.33241,1.33196,1.32398,2255.2507,-7.90915,-1.1471,,36000.00,-9408.32821,591.67179,0.941488,0.515517,0.548007,-2.674894
1161,EURUSD,sell,2013-09-19T00:00:00+00:00,2013-09-19T07:00:00+00:00,1.35202,1.35559,1.35513,1.34702,2187.4396,-7.80291,-1.1468,,25200.00,-9416.13112,583.86888,0.942259,0.515073,0.547801,-2.683092
1162,EURUSD,sell,2013-09-23T02:00:00+00:00,2013-09-23T14:00:00+00:00,1.35173,1.34903,1.35484,1.34673,1619.2911,4.38072,,,43200.00,-9411.75040,589.60136,0.941693,0.515491,0.548012,-2.669226
1163,EURUSD,sell,2013-09-23T02:00:00+00:00,2013-09-23T15:00:00+00:00,1.35173,1.35033,1.34988,1.34673,539.7637,0.75533,0.7546,,46800.00,-9410.99506,589.00494,0.941752,0.515907,0.548048,-2.670556
1164,EURUSD,sell,2013-09-24T15:00:00+00:00,2013-09-25T11:00:00+00:00,1.34848,1.35203,1.35158,1.34348,2183.3111,-7.76803,-1.1468,,72000.00,-9418.76309,581.23691,0.942520,0.515464,0.547844,-2.678708
1165,EURUSD,buy,2013-09-26T06:00:00+00:00,2013-09-26T09:00:00+00:00,1.35231,1.34874,1.34920,1.35731,2149.7038,-7.66179,-1.1462,,10800.00,-9426.42488,573.57512,0.943277,0.515021,0.547642,-2.689594
1166,EURUSD,sell,2013-09-27T08:00:00+00:00,2013-09-27T11:00:00+00:00,1.35015,1.35372,1.35326,1.34516,2123.4714,-7.56440,-1.1468,,10800.00,-9433.98929,566.01071,0.944026,0.514580,0.547443,-2.700465
1167,EURUSD,sell,2013-09-28T12:00:00+00:00,2013-09-29T21:00:00+00:00,1.35176,1.34906,1.35487,1.34676,1569.7288,4.24674,,,118800.00,-9429.74255,572.18526,0.943415,0.514996,0.547647,-2.685785
1168,EURUSD,sell,2013-09-28T12:00:00+00:00,2013-09-29T22:00:00+00:00,1.35176,1.35005,1.34960,1.34676,523.2429,0.89446,0.7898,,122400.00,-9428.84809,571.15191,0.943517,0.515411,0.547690,-2.688266
1169,EURUSD,buy,2013-09-30T10:00:00+00:00,2013-09-30T12:00:00+00:00,1.35035,1.35305,1.34725,1.35535,1586.5918,4.28197,,,7200.00,-9424.56612,575.19320,0.943117,0.515825,0.547896,-2.679637
1170,EURUSD,buy,2013-09-30T10:00:00+00:00,2013-09-30T12:00:00+00:00,1.35035,1.34990,1.35035,1.35535,528.8639,-0.24068,,,7200.00,-9424.80680,575.19320,0.943117,0.515385,0.547889,-2.679637
1171,EURUSD,sell,2013-10-01T12:00:00+00:00,2013-10-02T00:00:00+00:00,1.35453,1.35182,1.35765,1.34952,1591.9336,4.31563,,,43200.00,-9420.49117,581.34142,0.942509,0.515798,0.548096,-2.668818
1172,EURUSD,sell,2013-10-01T12:00:00+00:00,2013-10-02T01:00:00+00:00,1.35453,1.35211,1.35165,1.34952,530.6445,1.28841,0.8420,,46800.00,-9419.20276,580.79724,0.942563,0.516212,0.548158,-2.669782
1173,EURUSD,sell,2013-10-10T20:00:00+00:00,2013-10-11T07:00:00+00:00,1.35156,1.35513,1.35467,1.34656,2147.9664,-7.65954,-1.1468,,39600.00,-9426.86230,573.13770,0.943321,0.515772,0.547957,-2.677164
1174,EURUSD,buy,2013-10-12T09:00:00+00:00,2013-10-14T12:00:00+00:00,1.35447,1.35717,1.35135,1.35948,1587.2756,4.29686,,,183600.00,-9422.56544,579.86953,0.942655,0.516184,0.548163,-2.661362
1175,EURUSD,buy,2013-10-12T09:00:00+00:00,2013-10-14T12:00:00+00:00,1.35447,1.35907,1.35447,1.35948,529.0919,2.43498,,,183600.00,-9420.13047,579.86953,0.942655,0.516596,0.548280,-2.661362
1176,EURUSD,sell,2013-10-16T07:00:00+00:00,2013-10-16T11:00:00+00:00,1.35174,1.35531,1.35485,1.34674,2144.2500,-7.64729,-1.1468,,14400.00,-9427.77776,572.22224,0.943411,0.516156,0.548079,-2.671627
1177,EURUSD,sell,2013-10-17T09:00:00+00:00,2013-10-17T11:00:00+00:00,1.36154,1.36513,1.36467,1.35650,2100.7462,-7.54567,-1.1467,,7200.00,-9435.32343,564.67657,0.944157,0.515718,0.547880,-2.682425
1178,EURUSD,sell,2013-10-18T23:00:00+00:00,2013-10-22T12:00:00+00:00,1.36803,1.37164,1.37118,1.36297,2063.2127,-7.44568,-1.1466,,306000.00,-9442.76911,557.23089,0.944894,0.515280,0.547685,-2.692704
1179,EURUSD,buy,2013-10-26T00:00:00+00:00,2013-10-29T00:00:00+00:00,1.38026,1.37663,1.37709,1.38537,2019.1720,-7.34326,-1.1459,,259200.00,-9450.11237,549.88763,0.945620,0.514843,0.547492,-2.695042
1180,EURUSD,sell,2013-11-01T06:00:00+00:00,2013-11-01T08:00:00+00:00,1.35553,1.35282,1.35865,1.35052,1520.7742,4.12577,,,7200.00,-9445.98660,554.82104,0.945132,0.515254,0.547690,-2.683033
1181,EURUSD,sell,2013-11-01T06:00:00+00:00,2013-11-01T09:00:00+00:00,1.35553,1.35440,1.35394,1.35052,506.9247,0.57638,0.7137,,10800.00,-9445.41022,554.58978,0.945155,0.515665,0.547718,-2.683565
1182,EURUSD,sell,2013-11-03T13:00:00+00:00,2013-11-04T03:00:00+00:00,1.34808,1.34538,1.35118,1.34309,1542.2636,4.16105,,,50400.00,-9441.24917,558.51721,0.944767,0.516074,0.547917,-2.669838
1183,EURUSD,sell,2013-11-03T13:00:00+00:00,2013-11-04T03:00:00+00:00,1.34808,1.34853,1.34808,1.34309,514.0879,-0.23362,,,50400.00,-9441.48279,558.51721,0.944767,0.515638,0.547911,-2.669838
1184,EURUSD,sell,2013-11-08T07:00:00+00:00,2013-11-08T13:00:00+00:00,1.34107,1.33838,1.34415,1.33610,1561.3018,4.19051,,,21600.00,-9437.29228,562.47231,0.944375,0.516047,0.548111,-2.659693
1185,EURUSD,sell,2013-11-08T07:00:00+00:00,2013-11-08T13:00:00+00:00,1.34107,1.34152,1.34107,1.33610,520.4339,-0.23541,,,21600.00,-9437.52769,562.47231,0.944375,0.515612,0.548105,-2.659693
1186,EURUSD,sell,2013-11-09T15:00:00+00:00,2013-11-11T09:00:00+00:00,1.33608,1.33960,1.33915,1.33113,2104.3050,-7.41907,-1.1470,,151200.00,-9444.94677,555.05323,0.945109,0.515177,0.547910,-2.663984
1187,EURUSD,buy,2013-11-12T03:00:00+00:00,2013-11-12T08:00:00+00:00,1.34024,1.33671,1.33716,1.34520,2071.3415,-7.31756,-1.1464,,18000.00,-9452.26433,547.73567,0.945833,0.514743,0.547719,-2.674670
1188,EURUSD,sell,2013-11-14T15:00:00+00:00,2013-11-14T16:00:00+00:00,1.34535,1.34890,1.34844,1.34037,2035.0573,-7.22399,-1.1469,,3600.00,-9459.48832,540.51168,0.946547,0.514310,0.547529,-2.684792
1189,EURUSD,sell,2013-11-18T19:00:00+00:00,2013-11-19T08:00:00+00:00,1.34954,1.35310,1.35264,1.34454,2001.9841,-7.12840,-1.1468,,46800.00,-9466.61672,533.38328,0.947252,0.513877,0.547343,-2.691047
1190,EURUSD,sell,2013-11-25T06:00:00+00:00,2013-11-25T13:00:00+00:00,1.35363,1.35092,1.35675,1.34862,1477.1996,4.00193,,,25200.00,-9462.61479,538.53437,0.946743,0.514286,0.547534,-2.676639
1191,EURUSD,sell,2013-11-25T06:00:00+00:00,2013-11-25T14:00:00+00:00,1.35363,1.35197,1.35151,1.34862,492.3999,0.82148,0.7855,,28800.00,-9461.79331,538.20669,0.946775,0.514694,0.547573,-2.677419
1192,EURUSD,buy,2013-11-27T22:00:00+00:00,2013-11-28T09:00:00+00:00,1.35820,1.36091,1.35507,1.36322,1486.4413,4.03498,,,39600.00,-9457.75833,543.14476,0.946287,0.515101,0.547766,-2.660657
1193,EURUSD,buy,2013-11-27T22:00:00+00:00,2013-11-28T10:00:00+00:00,1.35820,1.35911,1.35957,1.36322,495.4804,0.45327,0.6664,,43200.00,-9457.30506,542.69494,0.946331,0.515507,0.547788,-2.661836
1194,EURUSD,sell,2013-11-29T04:00:00+00:00,2013-12-02T09:00:00+00:00,1.36074,1.35802,1.36387,1.35571,1495.1372,4.07180,,,277200.00,-9453.23326,541.92079,0.946408,0.515913,0.547983,-2.660265
1195,EURUSD,sell,2013-11-29T04:00:00+00:00,2013-12-02T09:00:00+00:00,1.36074,1.35611,1.36074,1.35571,498.3791,2.30727,,,277200.00,-9450.92600,541.92079,0.946408,0.516318,0.548093,-2.660265
1196,EURUSD,buy,2013-12-01T17:00:00+00:00,2013-12-02T09:00:00+00:00,1.35931,1.35573,1.35618,1.36434,1996.8170,-7.15322,-1.1462,,57600.00,-9458.07921,541.92079,0.946408,0.515886,0.547906,-2.660265
1197,EURUSD,sell,2013-12-02T17:00:00+00:00,2013-12-03T12:00:00+00:00,1.35462,1.35820,1.35774,1.34961,1999.6634,-7.14661,-1.1467,,68400.00,-9465.22582,534.77418,0.947115,0.515455,0.547719,-2.671820
1198,EURUSD,sell,2013-12-04T05:00:00+00:00,2013-12-04T13:00:00+00:00,1.35831,1.35559,1.36144,1.35329,1475.9503,4.01237,,,28800.00,-9461.21345,538.56146,0.946740,0.515860,0.547910,-2.663416
1199,EURUSD,sell,2013-12-04T05:00:00+00:00,2013-12-04T13:00:00+00:00,1.35831,1.35877,1.35831,1.35329,491.9834,-0.22509,,,28800.00,-9461.43854,538.56146,0.946740,0.515430,0.547904,-2.663416
1200,EURUSD,buy,2013-12-08T01:00:00+00:00,2013-12-09T18:00:00+00:00,1.37078,1.37352,1.36763,1.37585,1473.7666,4.03764,,,147600.00,-9457.40090,544.17057,0.946185,0.515833,0.548097,-2.648824
1201,EURUSD,buy,2013-12-08T01:00:00+00:00,2013-12-09T19:00:00+00:00,1.37078,1.37287,1.37333,1.37585,491.2555,1.02520,0.8188,,151200.00,-9456.37570,543.62430,0.946239,0.516236,0.548146,-2.650122
1202,EURUSD,sell,2013-12-12T03:00:00+00:00,2013-12-12T13:00:00+00:00,1.37878,1.37602,1.38195,1.37367,1478.1075,4.07877,,,36000.00,-9452.29693,549.19904,0.945688,0.516639,0.548341,-2.636752
1203,EURUSD,sell,2013-12-12T03:00:00+00:00,2013-12-12T14:00:00+00:00,1.37878,1.37838,1.37792,1.37367,492.7025,0.19356,0.4588,,39600.00,-9452.10337,547.89663,0.945817,0.517041,0.548350,-2.639742
1204,EURUSD,buy,2013-12-13T14:00:00+00:00,2013-12-16T02:00:00+00:00,1.37235,1.37509,1.36920,1.37743,1497.5964,4.10762,,,216000.00,-9447.99574,553.66081,0.945247,0.517442,0.548547,-2.629012
1205,EURUSD,buy,2013-12-13T14:00:00+00:00,2013-12-16T03:00:00+00:00,1.37235,1.37505,1.37551,1.37743,499.1988,1.34573,0.8535,,219600.00,-9446.65001,553.34999,0.945278,0.517842,0.548611,-2.629612
1206,EURUSD,buy,2013-12-16T08:00:00+00:00,2013-12-16T12:00:00+00:00,1.37594,1.37869,1.37278,1.38103,1508.5548,4.14851,,,14400.00,-9442.50151,558.90514,0.944728,0.518242,0.548809,-2.617666
1207,EURUSD,buy,2013-12-16T08:00:00+00:00,2013-12-16T13:00:00+00:00,1.37594,1.37775,1.37821,1.38103,502.8516,0.90709,0.7956,,18000.00,-9441.59442,558.40558,0.944778,0.518641,0.548853,-2.618846
1208,EURUSD,buy,2013-12-21T04:00:00+00:00,2013-12-23T15:00:00+00:00,1.36744,1.37017,1.36430,1.37250,1531.8032,4.18641,,,212400.00,-9437.40801,564.17990,0.944207,0.519040,0.549053,-2.609287
1209,EURUSD,buy,2013-12-21T04:00:00+00:00,2013-12-23T16:00:00+00:00,1.36744,1.36935,1.36981,1.37250,510.6011,0.97472,0.8055,,216000.00,-9436.43329,563.56671,0.944267,0.519438,0.549099,-2.610493
1210,EURUSD,buy,2013-12-26T21:00:00+00:00,2013-12-27T03:00:00+00:00,1.36949,1.37223,1.36634,1.37456,1543.6462,4.22510,,,21600.00,-9432.20819,569.85478,0.943645,0.519835,0.549301,-2.600510
1211,EURUSD,buy,2013-12-26T21:00:00+00:00,2013-12-27T04:00:00+00:00,1.36949,1.37282,1.37328,1.37456,514.5487,1.71206,0.8781,,25200.00,-9430.49613,569.50387,0.943680,0.520231,0.549383,-2.601245
1212,EURUSD,sell,2013-12-30T01:00:00+00:00,2013-12-30T11:00:00+00:00,1.37401,1.37763,1.37717,1.36892,2071.7971,-7.50888,-1.1465,,36000.00,-9438.00501,561.99499,0.944423,0.519802,0.549186,-2.610752
1213,EURUSD,buy,2014-01-01T12:00:00+00:00,2014-01-02T11:00:00+00:00,1.37451,1.37089,1.37135,1.37960,2044.9567,-7.40647,-1.1460,,82800.00,-9445.41147,554.58853,0.945155,0.519373,0.548992,-2.615206
1214,EURUSD,buy,2014-01-02T15:00:00+00:00,2014-01-03T09:00:00+00:00,1.36617,1.36257,1.36303,1.37122,2030.3294,-7.30947,-1.1461,,64800.00,-9452.72095,547.27905,0.945878,0.518946,0.548800,-2.624797
1215,EURUSD,sell,2014-01-03T15:00:00+00:00,2014-01-06T05:00:00+00:00,1.36085,1.35813,1.36398,1.35581,1507.6447,4.10619,,,223200.00,-9448.61475,553.66386,0.945247,0.519342,0.548996,-2.608464
1216,EURUSD,sell,2014-01-03T15:00:00+00:00,2014-01-06T06:00:00+00:00,1.36085,1.35900,1.35854,1.35581,502.5482,0.93175,0.8021,,226800.00,-9447.68301,551.85858,0.945425,0.519737,0.549041,-2.612768
1217,EURUSD,sell,2014-01-04T19:00:00+00:00,2014-01-06T10:00:00+00:00,1.35833,1.36192,1.36146,1.35331,2013.9212,-7.21700,-1.1467,,140400.00,-9454.90000,545.10000,0.946093,0.519310,0.548851,-2.626437
1218,EURUSD,sell,2014-01-06T13:00:00+00:00,2014-01-06T15:00:00+00:00,1.35946,1.36305,1.36259,1.35443,2004.2357,-7.18818,-1.1467,,7200.00,-9462.08818,537.91182,0.946804,0.518883,0.548663,-2.636688
1219,EURUSD,sell,2014-01-10T21:00:00+00:00,2014-01-14T08:00:00+00:00,1.36620,1.36980,1.36934,1.36114,1968.0517,-7.09290,-1.1466,,298800.00,-9469.18108,530.81892,0.947506,0.518458,0.548478,-2.647480
1220,EURUSD,sell,2014-01-16T11:00:00+00:00,2014-01-16T14:00:00+00:00,1.36076,1.36435,1.36389,1.35573,1949.8627,-6.99976,-1.1467,,10800.00,-9476.18084,523.81916,0.948198,0.518033,0.548295,-2.657392
1221,EURUSD,sell,2014-01-18T13:00:00+00:00,2014-01-20T13:00:00+00:00,1.35348,1.35705,1.35660,1.34847,1934.4968,-6.90797,-1.1468,,172800.00,-9483.08881,516.91119,0.948881,0.517609,0.548114,-2.667182
1222,EURUSD,sell,2014-01-23T13:00:00+00:00,2014-01-23T18:00:00+00:00,1.36625,1.36985,1.36939,1.36119,1891.1477,-6.81598,-1.1466,,18000.00,-9489.90480,510.09520,0.949555,0.517185,0.547936,-2.676504
1223,EURUSD,sell,2014-01-26T07:00:00+00:00,2014-01-27T07:00:00+00:00,1.36696,1.37057,1.37010,1.36190,1865.2421,-6.72606,-1.1466,,86400.00,-9496.63085,503.36915,0.950220,0.516762,0.547761,-2.688120
1224,EURUSD,sell,2014-01-28T16:00:00+00:00,2014-01-29T13:00:00+00:00,1.36566,1.36293,1.36880,1.36061,1381.7991,3.77674,,,75600.00,-9492.85411,509.28596,0.949635,0.517157,0.547941,-2.673232
1225,EURUSD,sell,2014-01-28T16:00:00+00:00,2014-01-29T13:00:00+00:00,1.36566,1.36101,1.36566,1.36061,460.5997,2.14007,,,75600.00,-9490.71404,509.28596,0.949635,0.517551,0.548043,-2.673232
1226,EURUSD,sell,2014-02-02T15:00:00+00:00,2014-02-03T10:00:00+00:00,1.34787,1.35142,1.35097,1.34288,1888.6646,-6.71671,-1.1468,,68400.00,-9497.43075,502.56925,0.950299,0.517129,0.547867,-2.682512
1227,EURUSD,sell,2014-02-05T07:00:00+00:00,2014-02-05T13:00:00+00:00,1.35054,1.35411,1.35365,1.34555,1860.0587,-6.62794,-1.1468,,21600.00,-9504.05868,495.94132,0.950955,0.516707,0.547694,-2.692304
1228,EURUSD,buy,2014-02-07T03:00:00+00:00,2014-02-07T08:00:00+00:00,1.35950,1.35591,1.35637,1.36453,1824.5345,-6.53695,-1.1462,,18000.00,-9510.59563,489.40437,0.951601,0.516287,0.547524,-2.702072
1229,EURUSD,sell,2014-02-10T00:00:00+00:00,2014-02-10T08:00:00+00:00,1.36185,1.36544,1.36498,1.35681,1796.2957,-6.45357,-1.1467,,28800.00,-9517.04920,482.95080,0.952240,0.515867,0.547356,-2.710295
1230,EURUSD,sell,2014-02-13T01:00:00+00:00,2014-02-13T06:00:00+00:00,1.36014,1.36373,1.36327,1.35511,1774.8366,-6.36858,-1.1467,,18000.00,-9523.41778,476.58222,0.952869,0.515447,0.547190,-2.719488
1231,EURUSD,sell,2014-02-16T21:00:00+00:00,2014-02-17T01:00:00+00:00,1.36873,1.37234,1.37188,1.36366,1740.4437,-6.28405,-1.1466,,14400.00,-9529.70182,474.29853,0.953095,0.515028,0.547027,-2.721939
1232,EURUSD,buy,2014-02-14T17:00:00+00:00,2014-02-18T11:00:00+00:00,1.36995,1.37269,1.36680,1.37502,1304.9515,3.57297,,,324000.00,-9526.12885,478.57014,0.952673,0.515422,0.547197,-2.706669
1233,EURUSD,buy,2014-02-14T17:00:00+00:00,2014-02-18T12:00:00+00:00,1.36995,1.37199,1.37245,1.37502,434.9838,0.88624,0.8152,,327600.00,-9525.24261,478.90884,0.952639,0.515815,0.547239,-2.705633
1234,EURUSD,buy,2014-02-18T01:00:00+00:00,2014-02-18T13:00:00+00:00,1.37057,1.37331,1.36742,1.37564,1287.1622,3.52586,,,43200.00,-9521.71675,479.88747,0.952543,0.516207,0.547406,-2.702566
1235,EURUSD,buy,2014-02-18T01:00:00+00:00,2014-02-18T14:00:00+00:00,1.37057,1.37377,1.37423,1.37564,429.0541,1.37156,0.8737,,46800.00,-9520.34519,479.65481,0.952566,0.516599,0.547472,-2.703305
1236,EURUSD,sell,2014-02-21T04:00:00+00:00,2014-02-21T14:00:00+00:00,1.37129,1.37491,1.37444,1.36621,1748.3955,-6.32440,-1.1465,,36000.00,-9526.66959,473.33041,0.953191,0.516181,0.547307,-2.712466
1237,EURUSD,buy,2014-02-27T00:00:00+00:00,2014-02-27T08:00:00+00:00,1.36914,1.36553,1.36599,1.37420,1729.0861,-6.23830,-1.1461,,28800.00,-9532.90789,467.09211,0.953808,0.515764,0.547145,-2.719011
1238,EURUSD,buy,2014-03-03T22:00:00+00:00,2014-03-04T08:00:00+00:00,1.37403,1.37678,1.37087,1.37911,1275.1674,3.50182,,,36000.00,-9529.40607,471.27314,0.953394,0.516155,0.547311,-2.705311
1239,EURUSD,buy,2014-03-03T22:00:00+00:00,2014-03-04T09:00:00+00:00,1.37403,1.37461,1.37507,1.37911,425.0558,0.24458,0.5544,,39600.00,-9529.16149,470.83851,0.953437,0.516546,0.547323,-2.706485
1240,EURUSD,buy,2014-03-05T23:00:00+00:00,2014-03-06T12:00:00+00:00,1.37355,1.37630,1.37039,1.37863,1285.8444,3.52991,,,46800.00,-9525.63157,474.17038,0.953108,0.516935,0.547491,-2.697494
1241,EURUSD,buy,2014-03-05T23:00:00+00:00,2014-03-06T12:00:00+00:00,1.37355,1.37309,1.37355,1.37863,428.6148,-0.19804,,,46800.00,-9525.82962,474.17038,0.953108,0.516519,0.547485,-2.697494
1242,EURUSD,buy,2014-03-17T20:00:00+00:00,2014-03-18T10:00:00+00:00,1.39258,1.38891,1.38938,1.39773,1703.0025,-6.24792,-1.1458,,50400.00,-9532.07753,467.92247,0.953726,0.516103,0.547323,-2.703828
1243,EURUSD,buy,2014-03-19T17:00:00+00:00,2014-03-19T18:00:00+00:00,1.39197,1.38830,1.38877,1.39712,1681.2995,-6.16563,-1.1458,,3600.00,-9538.24316,461.75684,0.954336,0.515688,0.547163,-2.713961
1244,EURUSD,buy,2014-03-22T04:00:00+00:00,2014-03-24T10:00:00+00:00,1.37956,1.37593,1.37639,1.38467,1674.0631,-6.08513,-1.1459,,194400.00,-9544.32829,460.11730,0.954498,0.515273,0.547005,-2.714434
1245,EURUSD,sell,2014-03-23T21:00:00+00:00,2014-03-24T10:00:00+00:00,1.37979,1.37702,1.38296,1.37468,1254.5922,3.46453,,,46800.00,-9540.86377,460.11730,0.954498,0.515663,0.547169,-2.714434
1246,EURUSD,sell,2014-03-23T21:00:00+00:00,2014-03-24T11:00:00+00:00,1.37979,1.37804,1.37758,1.37468,418.1974,0.72877,0.7900,,50400.00,-9540.13499,459.86501,0.954523,0.516051,0.547204,-2.714902
1247,EURUSD,buy,2014-03-25T05:00:00+00:00,2014-03-25T12:00:00+00:00,1.38303,1.37939,1.37985,1.38815,1663.0202,-6.05999,-1.1459,,25200.00,-9546.19499,453.80501,0.955122,0.515638,0.547046,-2.725007
1248,EURUSD,buy,2014-03-28T03:00:00+00:00,2014-03-28T08:00:00+00:00,1.37506,1.37144,1.37190,1.38015,1650.6202,-5.98061,-1.1460,,18000.00,-9552.17560,447.82440,0.955713,0.515224,0.546891,-2.734031
1249,EURUSD,buy,2014-04-01T19:00:00+00:00,2014-04-02T14:00:00+00:00,1.38003,1.37640,1.37686,1.38514,1622.9991,-5.90150,-1.1459,,68400.00,-9558.07710,445.53654,0.955940,0.514812,0.546738,-2.734437
1250,EURUSD,sell,2014-03-31T13:00:00+00:00,2014-04-02T15:00:00+00:00,1.37900,1.37624,1.38217,1.37389,1217.4346,3.35999,,,180000.00,-9554.71710,446.47849,0.955846,0.515200,0.546897,-2.732399
1251,EURUSD,sell,2014-03-31T13:00:00+00:00,2014-04-02T16:00:00+00:00,1.37900,1.37720,1.37674,1.37389,405.8115,0.72768,0.7948,,183600.00,-9553.98943,446.01057,0.955893,0.515588,0.546932,-2.733426
1252,EURUSD,buy,2014-04-03T05:00:00+00:00,2014-04-03T12:00:00+00:00,1.37641,1.37916,1.37325,1.38150,1215.5085,3.34377,,,25200.00,-9550.64565,449.16679,0.955581,0.515974,0.547091,-2.725372
1253,EURUSD,buy,2014-04-03T05:00:00+00:00,2014-04-03T12:00:00+00:00,1.37641,1.37595,1.37641,1.38150,405.1695,-0.18756,,,25200.00,-9550.83321,449.16679,0.955581,0.515563,0.547086,-2.725372
1254,EURUSD,sell,2014-04-06T04:00:00+00:00,2014-04-07T11:00:00+00:00,1.36975,1.37336,1.37290,1.36468,1639.1034,-5.92250,-1.1466,,111600.00,-9556.75570,443.24430,0.956166,0.515152,0.546932,-2.735071
1255,EURUSD,buy,2014-04-08T12:00:00+00:00,2014-04-09T18:00:00+00:00,1.38002,1.38278,1.37685,1.38513,1204.8087,3.32304,,,108000.00,-9553.43267,448.45046,0.955651,0.515538,0.547090,-2.717978
1256,EURUSD,buy,2014-04-08T12:00:00+00:00,2014-04-09T18:00:00+00:00,1.38002,1.38471,1.38002,1.38513,401.6029,1.88312,,,108000.00,-9551.54954,448.45046,0.955651,0.515924,0.547179,-2.717978
1257,EURUSD,sell,2014-04-12T15:00:00+00:00,2014-04-13T21:00:00+00:00,1.38801,1.38524,1.39121,1.38288,1211.2164,3.36469,,,108000.00,-9548.18485,452.61999,0.955239,0.516309,0.547338,-2.705349
1258,EURUSD,sell,2014-04-12T15:00:00+00:00,2014-04-13T22:00:00+00:00,1.38801,1.38644,1.38597,1.38288,403.7388,0.63696,0.7721,,111600.00,-9547.54789,452.45211,0.955256,0.516693,0.547369,-2.705813
1259,EURUSD,sell,2014-04-15T01:00:00+00:00,2014-04-16T07:00:00+00:00,1.38132,1.38496,1.38449,1.37620,1637.2667,-5.96512,-1.1464,,108000.00,-9553.51301,446.48699,0.955846,0.516283,0.547214,-2.713725
1260,EURUSD,sell,2014-04-22T15:00:00+00:00,2014-04-23T06:00:00+00:00,1.37994,1.38358,1.38311,1.37483,1617.2963,-5.88656,-1.1464,,54000.00,-9559.39957,440.60043,0.956428,0.515873,0.547061,-2.722497
1261,EURUSD,buy,2014-04-26T06:00:00+00:00,2014-04-28T07:00:00+00:00,1.38370,1.38647,1.38052,1.38882,1194.4362,3.30321,,,176400.00,-9556.09636,443.71847,0.956119,0.516257,0.547218,-2.704177
1262,EURUSD,buy,2014-04-26T06:00:00+00:00,2014-04-28T07:00:00+00:00,1.38370,1.38324,1.38370,1.38882,398.1454,-0.18518,,,176400.00,-9556.28153,443.71847,0.956119,0.515848,0.547213,-2.704177
1263,EURUSD,sell,2014-05-03T02:00:00+00:00,2014-05-06T07:00:00+00:00,1.38664,1.39030,1.38983,1.38151,1599.4927,-5.84967,-1.1464,,277200.00,-9562.13120,437.86880,0.956698,0.515439,0.547061,-2.713526
1264,EURUSD,sell,2014-05-07T18:00:00+00:00,2014-05-08T09:00:00+00:00,1.39119,1.39486,1.39439,1.38604,1573.2454,-5.77229,-1.1463,,54000.00,-9567.90350,432.09650,0.957269,0.515032,0.546912,-2.723160
1265,EURUSD,sell,2014-05-11T01:00:00+00:00,2014-05-13T10:00:00+00:00,1.37512,1.37237,1.37828,1.37003,1177.9909,3.24199,,,205200.00,-9564.66151,435.15686,0.956966,0.515415,0.547065,-2.711728
1266,EURUSD,sell,2014-05-11T01:00:00+00:00,2014-05-13T10:00:00+00:00,1.37512,1.37558,1.37512,1.37003,392.6636,-0.18163,,,205200.00,-9564.84314,435.15686,0.956966,0.515008,0.547061,-2.711728
1267,EURUSD,sell,2014-05-13T12:00:00+00:00,2014-05-15T07:00:00+00:00,1.37200,1.36925,1.37515,1.36692,1189.0312,3.26495,,,154800.00,-9561.57819,434.53685,0.957027,0.515391,0.547215,-2.711549
1268,EURUSD,sell,2014-05-13T12:00:00+00:00,2014-05-15T07:00:00+00:00,1.37200,1.36733,1.37200,1.36692,396.3437,1.85007,,,154800.00,-9559.72812,434.53685,0.957027,0.515773,0.547303,-2.711549
1269,EURUSD,buy,2014-05-14T20:00:00+00:00,2014-05-15T07:00:00+00:00,1.37185,1.36824,1.36870,1.37693,1586.4962,-5.73503,-1.1460,,39600.00,-9565.46315,434.53685,0.957027,0.515366,0.547154,-2.711549
1270,EURUSD,sell,2014-05-16T09:00:00+00:00,2014-05-21T11:00:00+00:00,1.37067,1.36793,1.37382,1.36560,1188.4888,3.26030,,,439200.00,-9562.20285,435.57698,0.956925,0.515748,0.547309,-2.706594
1271,EURUSD,sell,2014-05-16T09:00:00+00:00,2014-05-21T12:00:00+00:00,1.37067,1.36844,1.36798,1.36560,396.1629,0.88276,0.8288,,442800.00,-9561.32010,432.95293,0.957184,0.516129,0.547350,-2.711867
1272,EURUSD,buy,2014-05-20T14:00:00+00:00,2014-05-21T12:00:00+00:00,1.36996,1.36635,1.36681,1.37503,1586.4220,-5.72697,-1.1460,,79200.00,-9567.04707,432.95293,0.957184,0.515723,0.547202,-2.711867
1273,EURUSD,buy,2014-05-24T23:00:00+00:00,2014-05-27T00:00:00+00:00,1.36315,1.36587,1.36001,1.36819,1191.4037,3.24588,,,176400.00,-9563.80119,442.45268,0.956245,0.516104,0.547356,-2.683413
1274,EURUSD,buy,2014-05-26T05:00:00+00:00,2014-05-27T00:00:00+00:00,1.36258,1.36530,1.35945,1.36762,1191.9022,3.24588,,,68400.00,-9560.55531,442.45268,0.956245,0.516484,0.547509,-2.683413
1275,EURUSD,buy,2014-05-24T23:00:00+00:00,2014-05-27T01:00:00+00:00,1.36315,1.36556,1.36602,1.36819,397.1346,0.95765,0.8399,,180000.00,-9559.59766,441.58691,0.956330,0.516863,0.547555,-2.685228
1276,EURUSD,buy,2014-05-26T05:00:00+00:00,2014-05-27T01:00:00+00:00,1.36258,1.36556,1.36602,1.36762,397.3007,1.18458,0.8664,,72000.00,-9558.41309,441.58691,0.956330,0.517241,0.547611,-2.685228
1277,EURUSD,sell,2014-05-28T23:00:00+00:00,2014-05-29T09:00:00+00:00,1.35878,1.36237,1.36191,1.35375,1624.4488,-5.82320,-1.1467,,36000.00,-9564.23629,435.76371,0.956906,0.516836,0.547460,-2.693460
1278,EURUSD,sell,2014-06-04T12:00:00+00:00,2014-06-05T11:00:00+00:00,1.36237,1.35964,1.36551,1.35733,1199.1032,3.26950,,,82800.00,-9560.96679,438.84986,0.956601,0.517214,0.547614,-2.683172
1279,EURUSD,sell,2014-06-04T12:00:00+00:00,2014-06-05T11:00:00+00:00,1.36237,1.36283,1.36237,1.35733,399.7011,-0.18335,,,82800.00,-9561.15014,438.84986,0.956601,0.516810,0.547610,-2.683172
1280,EURUSD,sell,2014-06-09T21:00:00+00:00,2014-06-10T08:00:00+00:00,1.35882,1.35610,1.36195,1.35379,1210.7494,3.29266,,,39600.00,-9557.85748,441.95781,0.956293,0.517188,0.547766,-2.673656
1281,EURUSD,sell,2014-06-09T21:00:00+00:00,2014-06-10T08:00:00+00:00,1.35882,1.35928,1.35882,1.35379,403.5831,-0.18470,,,39600.00,-9558.04219,441.95781,0.956293,0.516784,0.547761,-2.673656
1282,EURUSD,sell,2014-06-12T16:00:00+00:00,2014-06-13T06:00:00+00:00,1.35424,1.35782,1.35736,1.34923,1631.2620,-5.82836,-1.1467,,50400.00,-9563.87055,436.12945,0.956870,0.516381,0.547610,-2.681947
1283,EURUSD,sell,2014-06-14T00:00:00+00:00,2014-06-16T12:00:00+00:00,1.35313,1.35670,1.35625,1.34813,1611.0697,-5.75157,-1.1468,,216000.00,-9569.62212,430.37788,0.957439,0.515978,0.547461,-2.688334
1284,EURUSD,buy,2014-06-16T13:00:00+00:00,2014-06-18T18:00:00+00:00,1.35650,1.35921,1.35338,1.36151,1190.1253,3.22658,,,190800.00,-9566.39555,433.42318,0.957138,0.516355,0.547613,-2.677539
1285,EURUSD,buy,2014-06-16T13:00:00+00:00,2014-06-18T18:00:00+00:00,1.35650,1.35604,1.35650,1.36151,396.7084,-0.18127,,,190800.00,-9566.57682,433.42318,0.957138,0.515953,0.547609,-2.677539
1286,EURUSD,buy,2014-06-23T02:00:00+00:00,2014-06-23T08:00:00+00:00,1.36111,1.35752,1.35798,1.36614,1592.6478,-5.71281,-1.1461,,21600.00,-9572.28963,427.71037,0.957702,0.515552,0.547461,-2.685332
1287,EURUSD,buy,2014-06-24T12:00:00+00:00,2014-06-24T15:00:00+00:00,1.36213,1.35854,1.35900,1.36717,1570.4784,-5.63745,-1.1461,,10800.00,-9577.92708,422.07292,0.958260,0.515152,0.547315,-2.695128
1288,EURUSD,buy,2014-06-28T09:00:00+00:00,2014-06-30T14:00:00+00:00,1.36518,1.36791,1.36204,1.37023,1159.7364,3.16431,,,190800.00,-9574.76277,426.75284,0.957797,0.515528,0.547464,-2.679663
1289,EURUSD,buy,2014-06-28T09:00:00+00:00,2014-06-30T15:00:00+00:00,1.36518,1.36804,1.36850,1.37023,386.5788,1.10563,0.8613,,194400.00,-9573.65714,426.34286,0.957838,0.515904,0.547517,-2.680894
1290,EURUSD,sell,2014-06-30T22:00:00+00:00,2014-07-02T08:00:00+00:00,1.36872,1.36598,1.37187,1.36365,1167.7384,3.19882,,,122400.00,-9570.45832,426.43088,0.957829,0.516279,0.547668,-2.679262
1291,EURUSD,sell,2014-06-30T22:00:00+00:00,2014-07-02T09:00:00+00:00,1.36872,1.36695,1.36649,1.36365,389.2461,0.68869,0.7937,,126000.00,-9569.76963,426.64562,0.957808,0.516654,0.547700,-2.678799
1292,EURUSD,buy,2014-07-01T22:00:00+00:00,2014-07-02T12:00:00+00:00,1.36836,1.36475,1.36521,1.37342,1558.3277,-5.61907,-1.1461,,50400.00,-9575.38870,424.61130,0.958009,0.516254,0.547555,-2.682935
1293,EURUSD,buy,2014-07-03T19:00:00+00:00,2014-07-07T06:00:00+00:00,1.36116,1.35757,1.35803,1.36619,1560.2106,-5.59666,-1.1461,,298800.00,-9580.98536,420.81400,0.958384,0.515855,0.547410,-2.687513
1294,EURUSD,sell,2014-07-06T13:00:00+00:00,2014-07-09T00:00:00+00:00,1.35903,1.36262,1.36216,1.35400,1561.7140,-5.59933,-1.1467,,212400.00,-9586.58469,413.38705,0.959119,0.515456,0.547266,-2.697622
1295,EURUSD,buy,2014-07-08T19:00:00+00:00,2014-07-09T18:00:00+00:00,1.36161,1.36433,1.35848,1.36664,1154.3527,3.14138,,,82800.00,-9583.44330,416.38029,0.958823,0.515830,0.547414,-2.690183
1296,EURUSD,buy,2014-07-08T19:00:00+00:00,2014-07-09T18:00:00+00:00,1.36161,1.36115,1.36161,1.36664,384.7842,-0.17641,,,82800.00,-9583.61971,416.38029,0.958823,0.515432,0.547409,-2.690183
1297,EURUSD,sell,2014-07-10T11:00:00+00:00,2014-07-14T07:00:00+00:00,1.36014,1.36373,1.36327,1.35511,1530.1910,-5.49073,-1.1467,,331200.00,-9589.11044,413.83588,0.959075,0.515035,0.547267,-2.696421
1298,EURUSD,buy,2014-07-13T02:00:00+00:00,2014-07-14T07:00:00+00:00,1.36076,1.36348,1.35763,1.36579,1147.8120,3.12163,,,104400.00,-9585.98880,413.83588,0.959075,0.515408,0.547415,-2.696421
1299,EURUSD,buy,2014-07-13T02:00:00+00:00,2014-07-14T07:00:00+00:00,1.36076,1.36030,1.36076,1.36579,382.6040,-0.17531,,,104400.00,-9586.16412,413.83588,0.959075,0.515012,0.547410,-2.696421
1300,EURUSD,buy,2014-07-16T05:00:00+00:00,2014-07-16T10:00:00+00:00,1.35650,1.35292,1.35338,1.36151,1525.8422,-5.45489,-1.1462,,18000.00,-9591.61901,408.38099,0.959614,0.514615,0.547269,-2.705640
1301,EURUSD,sell,2014-07-22T15:00:00+00:00,2014-07-25T12:00:00+00:00,1.34649,1.34379,1.34958,1.34150,1137.0110,3.06405,,,248400.00,-9588.55496,412.66389,0.959190,0.514988,0.547414,-2.690928
1302,EURUSD,sell,2014-07-22T15:00:00+00:00,2014-07-25T13:00:00+00:00,1.34649,1.34489,1.34444,1.34150,379.0037,0.60360,0.7784,,252000.00,-9587.95137,412.04863,0.959251,0.515361,0.547442,-2.692703
1303,EURUSD,sell,2014-07-29T05:00:00+00:00,2014-07-30T07:00:00+00:00,1.34269,1.34000,1.34578,1.33772,1150.4682,3.09157,,,93600.00,-9584.85980,416.23203,0.958838,0.515733,0.547588,-2.679312
1304,EURUSD,sell,2014-07-29T05:00:00+00:00,2014-07-30T08:00:00+00:00,1.34269,1.34082,1.34037,1.33772,383.4894,0.71519,0.8049,,97200.00,-9584.14461,415.85539,0.958875,0.516104,0.547622,-2.680250
1305,EURUSD,sell,2014-08-04T13:00:00+00:00,2014-08-05T10:00:00+00:00,1.34170,1.33901,1.34478,1.33673,1161.9534,3.12013,,,75600.00,-9581.02448,419.96991,0.958468,0.516475,0.547769,-2.666904
1306,EURUSD,sell,2014-08-04T13:00:00+00:00,2014-08-05T11:00:00+00:00,1.34170,1.33967,1.33922,1.33673,387.3178,0.78455,0.8176,,79200.00,-9580.23993,419.76007,0.958489,0.516845,0.547806,-2.667508
1307,EURUSD,sell,2014-08-08T19:00:00+00:00,2014-08-12T00:00:00+00:00,1.34081,1.33812,1.34389,1.33585,1173.6419,3.14943,,,277200.00,-9577.09050,420.04206,0.958461,0.517215,0.547955,-2.663277
1308,EURUSD,sell,2014-08-08T19:00:00+00:00,2014-08-12T01:00:00+00:00,1.34081,1.33836,1.33791,1.33585,391.2140,0.95701,0.8442,,280800.00,-9576.13349,418.33259,0.958630,0.517584,0.548000,-2.666863
1309,EURUSD,buy,2014-08-11T02:00:00+00:00,2014-08-12T01:00:00+00:00,1.34041,1.33688,1.33733,1.34537,1566.2572,-5.53391,-1.1464,,82800.00,-9581.66741,418.33259,0.958630,0.517189,0.547857,-2.666863
1310,EURUSD,sell,2014-08-13T11:00:00+00:00,2014-08-13T12:00:00+00:00,1.33600,1.33952,1.33907,1.33105,1565.1474,-5.51786,-1.1470,,3600.00,-9587.18526,412.81474,0.959176,0.516794,0.547715,-2.676537
1311,EURUSD,buy,2014-08-14T15:00:00+00:00,2014-08-15T14:00:00+00:00,1.33796,1.34064,1.33488,1.34291,1157.3726,3.09490,,,82800.00,-9584.09036,415.73550,0.958887,0.517162,0.547861,-2.665817
1312,EURUSD,buy,2014-08-14T15:00:00+00:00,2014-08-15T14:00:00+00:00,1.33796,1.33751,1.33796,1.34291,385.7909,-0.17414,,,82800.00,-9584.26450,415.73550,0.958887,0.516768,0.547856,-2.665817
1313,EURUSD,sell,2014-08-15T23:00:00+00:00,2014-08-18T14:00:00+00:00,1.33936,1.33668,1.34244,1.33440,1163.6473,3.11923,,,226800.00,-9581.14527,428.66719,0.957608,0.517136,0.548003,-2.626001
1314,EURUSD,sell,2014-08-17T03:00:00+00:00,2014-08-18T14:00:00+00:00,1.33936,1.33668,1.34244,1.33440,1163.6473,3.11923,,,126000.00,-9578.02603,428.66719,0.957608,0.517504,0.548150,-2.626001
1315,EURUSD,sell,2014-08-18T04:00:00+00:00,2014-08-18T14:00:00+00:00,1.33940,1.33672,1.34248,1.33444,1163.6126,3.11923,,,36000.00,-9574.90680,428.66719,0.957608,0.517871,0.548297,-2.626001
1316,EURUSD,sell,2014-08-15T23:00:00+00:00,2014-08-18T15:00:00+00:00,1.33936,1.33700,1.33655,1.33440,387.8824,0.91427,0.8394,,230400.00,-9573.99253,427.85151,0.957689,0.518237,0.548341,-2.629065
1317,EURUSD,sell,2014-08-17T03:00:00+00:00,2014-08-18T15:00:00+00:00,1.33936,1.33700,1.33655,1.33440,387.8824,0.91427,0.8394,,129600.00,-9573.07825,427.85151,0.957689,0.518603,0.548384,-2.629065
1318,EURUSD,sell,2014-08-18T04:00:00+00:00,2014-08-18T15:00:00+00:00,1.33940,1.33700,1.33655,1.33444,387.8709,0.92976,0.8417,,39600.00,-9572.14849,427.85151,0.957689,0.518968,0.548428,-2.629065
1319,EURUSD,sell,2014-08-20T00:00:00+00:00,2014-08-20T09:00:00+00:00,1.33139,1.32873,1.33445,1.32646,1204.7268,3.21014,,,32400.00,-9568.93836,432.27459,0.957251,0.519333,0.548579,-2.615510
1320,EURUSD,sell,2014-08-20T00:00:00+00:00,2014-08-20T10:00:00+00:00,1.33139,1.32905,1.32860,1.32646,401.5756,0.94044,0.8392,,36000.00,-9567.99792,432.00208,0.957278,0.519697,0.548623,-2.616270
1321,EURUSD,buy,2014-08-23T04:00:00+00:00,2014-08-24T21:00:00+00:00,1.32432,1.32083,1.32127,1.32922,1631.5264,-5.69628,-1.1466,,147600.00,-9573.69420,431.38373,0.957339,0.519304,0.548476,-2.615638
1322,EURUSD,sell,2014-08-24T19:00:00+00:00,2014-08-24T21:00:00+00:00,1.32352,1.32087,1.32657,1.31862,1223.6448,3.24128,,,7200.00,-9570.45292,431.38373,0.957339,0.519667,0.548629,-2.615638
1323,EURUSD,sell,2014-08-24T19:00:00+00:00,2014-08-24T21:00:00+00:00,1.32352,1.31902,1.32352,1.31862,407.8816,1.83666,,,7200.00,-9568.61627,431.38373,0.957339,0.520030,0.548715,-2.615638
1324,EURUSD,buy,2014-08-26T10:00:00+00:00,2014-08-26T17:00:00+00:00,1.32021,1.31673,1.31717,1.32509,1634.2645,-5.68838,-1.1466,,25200.00,-9574.30465,425.69535,0.957902,0.519637,0.548568,-2.624793
1325,EURUSD,buy,2014-08-31T18:00:00+00:00,2014-09-04T11:00:00+00:00,1.31350,1.31004,1.31048,1.31836,1620.9432,-5.61379,-1.1467,,320400.00,-9579.91843,414.46775,0.959012,0.519245,0.548423,-2.626211
1326,EURUSD,buy,2014-09-02T06:00:00+00:00,2014-09-04T11:00:00+00:00,1.31301,1.30955,1.30999,1.31787,1621.5483,-5.61382,-1.1467,,190800.00,-9585.53225,414.46775,0.959012,0.518854,0.548278,-2.626211
1327,EURUSD,sell,2014-09-08T07:00:00+00:00,2014-09-08T17:00:00+00:00,1.29387,1.29128,1.29685,1.28908,1200.8824,3.10972,,,36000.00,-9582.42253,419.33958,0.958530,0.519216,0.548425,-2.611970
1328,EURUSD,sell,2014-09-08T07:00:00+00:00,2014-09-08T17:00:00+00:00,1.29387,1.28947,1.29387,1.28908,400.2941,1.76211,,,36000.00,-9580.66042,419.33958,0.958530,0.519578,0.548508,-2.611970
1329,EURUSD,buy,2014-09-10T07:00:00+00:00,2014-09-10T12:00:00+00:00,1.29346,1.29005,1.29048,1.29824,1621.4883,-5.53121,-1.1470,,18000.00,-9586.19163,413.80837,0.959077,0.519187,0.548365,-2.621041
1330,EURUSD,sell,2014-09-16T03:00:00+00:00,2014-09-16T15:00:00+00:00,1.29385,1.29727,1.29683,1.28906,1598.6539,-5.46071,-1.1475,,43200.00,-9591.65233,408.34767,0.959617,0.518797,0.548224,-2.628179
1331,EURUSD,buy,2014-09-19T23:00:00+00:00,2014-09-22T03:00:00+00:00,1.28319,1.28576,1.28024,1.28794,1193.7105,3.06141,,,187200.00,-9588.59092,416.71083,0.958790,0.519159,0.548368,-2.612180
1332,EURUSD,buy,2014-09-21T15:00:00+00:00,2014-09-22T03:00:00+00:00,1.28317,1.28574,1.28022,1.28792,1193.7291,3.06141,,,43200.00,-9585.52951,416.71083,0.958790,0.519520,0.548512,-2.612180
1333,EURUSD,buy,2014-09-19T23:00:00+00:00,2014-09-22T04:00:00+00:00,1.28319,1.28551,1.28595,1.28794,397.9035,0.92289,0.8418,,190800.00,-9584.60661,416.32425,0.958828,0.519880,0.548556,-2.613163
1334,EURUSD,buy,2014-09-21T15:00:00+00:00,2014-09-22T04:00:00+00:00,1.28317,1.28551,1.28595,1.28792,397.9097,0.93087,0.8430,,46800.00,-9583.67575,416.32425,0.958828,0.520240,0.548599,-2.613163
1335,EURUSD,sell,2014-09-22T23:00:00+00:00,2014-09-23T08:00:00+00:00,1.28462,1.28802,1.28758,1.27987,1619.9261,-5.49448,-1.1476,,32400.00,-9589.17023,410.82977,0.959372,0.519850,0.548457,-2.623075
1336,EURUSD,buy,2014-09-24T22:00:00+00:00,2014-09-25T06:00:00+00:00,1.27796,1.27459,1.27502,1.28269,1607.8436,-5.41992,-1.1472,,28800.00,-9594.59016,405.40984,0.959908,0.519461,0.548318,-2.633320
1337,EURUSD,buy,2014-09-26T02:00:00+00:00,2014-09-26T12:00:00+00:00,1.27499,1.27163,1.27206,1.27971,1590.3290,-5.34860,-1.1472,,36000.00,-9599.93876,400.06124,0.960437,0.519073,0.548179,-2.642800
1338,EURUSD,sell,2014-09-29T17:00:00+00:00,2014-09-30T08:00:00+00:00,1.26828,1.26574,1.27120,1.26359,1182.5309,3.00163,,,54000.00,-9596.93713,402.89318,0.960157,0.519432,0.548321,-2.635943
1339,EURUSD,sell,2014-09-29T17:00:00+00:00,2014-09-30T08:00:00+00:00,1.26828,1.26871,1.26828,1.26359,394.1770,-0.16969,,,54000.00,-9597.10682,402.89318,0.960157,0.519044,0.548316,-2.635943
1340,EURUSD,sell,2014-10-06T04:00:00+00:00,2014-10-06T08:00:00+00:00,1.25148,1.25479,1.25436,1.24685,1609.1783,-5.31930,-1.1481,,14400.00,-9602.42613,402.12072,0.960233,0.518657,0.548179,-2.636172
1341,EURUSD,buy,2014-10-04T13:00:00+00:00,2014-10-06T09:00:00+00:00,1.25180,1.25430,1.24892,1.25643,1207.3080,3.02052,,,158400.00,-9599.40561,401.62647,0.960282,0.519016,0.548321,-2.637229
1342,EURUSD,buy,2014-10-04T13:00:00+00:00,2014-10-06T10:00:00+00:00,1.25180,1.25373,1.25416,1.25643,402.4360,0.78006,0.8197,,162000.00,-9598.62555,401.37445,0.960307,0.519374,0.548358,-2.637755
1343,EURUSD,sell,2014-10-09T09:00:00+00:00,2014-10-09T12:00:00+00:00,1.27570,1.27314,1.27863,1.27098,1179.5140,3.01148,,,10800.00,-9595.61406,404.21580,0.960026,0.519732,0.548500,-2.629349
1344,EURUSD,sell,2014-10-09T09:00:00+00:00,2014-10-09T12:00:00+00:00,1.27570,1.27613,1.27570,1.27098,393.1713,-0.17013,,,10800.00,-9595.78420,404.21580,0.960026,0.519345,0.548495,-2.629349
1345,EURUSD,buy,2014-10-15T08:00:00+00:00,2014-10-15T12:00:00+00:00,1.26571,1.26824,1.26280,1.27039,1197.9557,3.03044,,,14400.00,-9592.75376,408.96355,0.959556,0.519703,0.548638,-2.614328
1346,EURUSD,buy,2014-10-15T08:00:00+00:00,2014-10-15T12:00:00+00:00,1.26571,1.27001,1.26571,1.27039,399.3186,1.71731,,,14400.00,-9591.03645,408.96355,0.959556,0.520059,0.548719,-2.614328
1347,EURUSD,buy,2014-10-18T04:00:00+00:00,2014-10-20T06:00:00+00:00,1.27627,1.27291,1.27334,1.28099,1602.6599,-5.39541,-1.1472,,180000.00,-9596.43186,406.81710,0.959769,0.519673,0.548579,-2.616599
1348,EURUSD,sell,2014-10-19T06:00:00+00:00,2014-10-20T11:00:00+00:00,1.27551,1.27888,1.27844,1.27079,1602.6599,-5.39791,-1.1477,,104400.00,-9601.82977,398.17023,0.960624,0.519288,0.548440,-2.629478
1349,EURUSD,buy,2014-10-20T15:00:00+00:00,2014-10-20T19:00:00+00:00,1.27863,1.28119,1.27569,1.28336,1168.1114,2.98511,,,14400.00,-9598.84466,401.85486,0.960259,0.519644,0.548581,-2.625248
1350,EURUSD,buy,2014-10-20T15:00:00+00:00,2014-10-20T20:00:00+00:00,1.27863,1.27941,1.27984,1.28336,389.3705,0.30082,0.6403,,18000.00,-9598.54384,401.45616,0.960299,0.520000,0.548595,-2.625796
1351,EURUSD,sell,2014-10-23T09:00:00+00:00,2014-10-24T13:00:00+00:00,1.26559,1.26893,1.26850,1.26091,1585.5674,-5.29944,-1.1479,,100800.00,-9603.84327,396.15673,0.960823,0.519615,0.548458,-2.631331
1352,EURUSD,sell,2014-10-25T01:00:00+00:00,2014-10-27T01:00:00+00:00,1.26650,1.26984,1.26941,1.26181,1563.5132,-5.22943,-1.1479,,172800.00,-9609.07270,395.00797,0.960936,0.519231,0.548323,-2.632467
1353,EURUSD,buy,2014-10-26T14:00:00+00:00,2014-10-27T02:00:00+00:00,1.26726,1.26979,1.26435,1.27195,1172.6349,2.97002,,,43200.00,-9606.10268,395.22628,0.960915,0.519586,0.548463,-2.631966
1354,EURUSD,buy,2014-10-26T14:00:00+00:00,2014-10-27T03:00:00+00:00,1.26726,1.26989,1.27032,1.27195,390.8783,1.02756,0.8591,,46800.00,-9605.07512,394.92488,0.960945,0.519941,0.548511,-2.632656
1355,EURUSD,sell,2014-11-02T06:00:00+00:00,2014-11-03T00:00:00+00:00,1.25182,1.24932,1.25470,1.24719,1182.6931,2.96309,,,64800.00,-9602.11203,399.56700,0.960486,0.520295,0.548650,-2.622965
1356,EURUSD,sell,2014-11-02T06:00:00+00:00,2014-11-03T00:00:00+00:00,1.25182,1.24757,1.25182,1.24719,394.2310,1.67902,,,64800.00,-9600.43300,399.56700,0.960486,0.520649,0.548729,-2.622965
1357,EURUSD,sell,2014-11-05T12:00:00+00:00,2014-11-05T13:00:00+00:00,1.24696,1.25025,1.24982,1.24234,1601.6892,-5.27568,-1.1481,,3600.00,-9605.70868,394.29132,0.961007,0.520265,0.548593,-2.631881
1358,EURUSD,buy,2014-11-07T08:00:00+00:00,2014-11-07T13:00:00+00:00,1.23988,1.24236,1.23703,1.24447,1192.8846,2.95603,,,18000.00,-9602.75265,397.07957,0.960732,0.520619,0.548732,-2.624033
1359,EURUSD,buy,2014-11-07T08:00:00+00:00,2014-11-07T13:00:00+00:00,1.23988,1.23946,1.23988,1.24447,397.6282,-0.16778,,,18000.00,-9602.92043,397.07957,0.960732,0.520235,0.548728,-2.624033
1360,EURUSD,sell,2014-11-08T14:00:00+00:00,2014-11-09T23:00:00+00:00,1.24485,1.24813,1.24771,1.24024,1594.4153,-5.24297,-1.1482,,118800.00,-9608.16340,391.83660,0.961250,0.519853,0.548593,-2.633344
1361,EURUSD,buy,2014-11-11T04:00:00+00:00,2014-11-11T16:00:00+00:00,1.24221,1.24470,1.23936,1.24681,1183.2340,2.93763,,,43200.00,-9605.22577,395.91307,0.960847,0.520206,0.548731,-2.621867
1362,EURUSD,buy,2014-11-11T04:00:00+00:00,2014-11-11T17:00:00+00:00,1.24221,1.24410,1.24452,1.24681,394.4113,0.74311,0.8165,,46800.00,-9604.48266,395.51734,0.960886,0.520558,0.548766,-2.622997
1363,EURUSD,buy,2014-11-14T15:00:00+00:00,2014-11-14T17:00:00+00:00,1.24816,1.25066,1.24529,1.25278,1188.6536,2.96522,,,7200.00,-9601.51743,400.16292,0.960427,0.520910,0.548905,-2.609541
1364,EURUSD,buy,2014-11-14T15:00:00+00:00,2014-11-14T17:00:00+00:00,1.24816,1.25241,1.24816,1.25278,396.2179,1.68036,,,7200.00,-9599.83708,400.16292,0.960427,0.521261,0.548984,-2.609541
1365,EURUSD,buy,2014-11-16T13:00:00+00:00,2014-11-17T02:00:00+00:00,1.25272,1.25522,1.24984,1.25735,1198.2456,3.00005,,,46800.00,-9596.83703,404.86306,0.959962,0.521612,0.549125,-2.597100
1366,EURUSD,buy,2014-11-16T13:00:00+00:00,2014-11-17T02:00:00+00:00,1.25272,1.25697,1.25272,1.25735,399.4152,1.70009,,,46800.00,-9595.13694,404.86306,0.959962,0.521962,0.549205,-2.597100
1367,EURUSD,sell,2014-11-19T12:00:00+00:00,2014-11-19T13:00:00+00:00,1.25279,1.25610,1.25568,1.24816,1615.3557,-5.34523,-1.1480,,3600.00,-9600.48216,399.51784,0.960491,0.521580,0.549067,-2.605987
1368,EURUSD,buy,2014-11-21T12:00:00+00:00,2014-11-21T16:00:00+00:00,1.24262,1.23934,1.23977,1.24722,1608.0412,-5.27291,-1.1477,,14400.00,-9605.75507,394.24493,0.961012,0.521199,0.548931,-2.614854
1369,EURUSD,sell,2014-11-22T19:00:00+00:00,2014-11-24T09:00:00+00:00,1.23834,1.24161,1.24119,1.23376,1591.3528,-5.20596,-1.1483,,136800.00,-9610.96103,389.03897,0.961527,0.520818,0.548797,-2.619095
1370,EURUSD,sell,2014-12-02T21:00:00+00:00,2014-12-03T08:00:00+00:00,1.23790,1.23542,1.24075,1.23332,1178.1729,2.91893,,,39600.00,-9608.04210,393.61190,0.961075,0.521168,0.548934,-2.601796
1371,EURUSD,sell,2014-12-02T21:00:00+00:00,2014-12-03T08:00:00+00:00,1.23790,1.23369,1.23790,1.23332,392.7243,1.65400,,,39600.00,-9606.38810,393.61190,0.961075,0.521517,0.549011,-2.601796
1372,EURUSD,sell,2014-12-05T15:00:00+00:00,2014-12-08T07:00:00+00:00,1.22927,1.22681,1.23210,1.22472,1200.3876,2.95324,,,230400.00,-9603.43486,395.03651,0.960934,0.521866,0.549150,-2.596603
1373,EURUSD,sell,2014-12-05T15:00:00+00:00,2014-12-08T08:00:00+00:00,1.22927,1.22829,1.22787,1.22472,400.1292,0.39322,0.7014,,234000.00,-9603.04164,391.76248,0.961257,0.522214,0.549168,-2.603242
1374,EURUSD,buy,2014-12-06T15:00:00+00:00,2014-12-08T08:00:00+00:00,1.22847,1.22523,1.22564,1.23301,1602.5238,-5.19588,-1.1479,,147600.00,-9608.23752,391.76248,0.961257,0.521834,0.549035,-2.603242
1375,EURUSD,sell,2014-12-10T02:00:00+00:00,2014-12-10T04:00:00+00:00,1.23683,1.24010,1.23967,1.23225,1583.2625,-5.17327,-1.1483,,7200.00,-9613.41079,386.58921,0.961769,0.521455,0.548901,-2.612059
1376,EURUSD,sell,2014-12-16T00:00:00+00:00,2014-12-16T08:00:00+00:00,1.24381,1.24709,1.24667,1.23920,1553.5903,-5.10452,-1.1482,,28800.00,-9618.51531,381.48469,0.962274,0.521076,0.548770,-2.618110
1377,EURUSD,buy,2014-12-20T10:00:00+00:00,2014-12-22T07:00:00+00:00,1.22302,1.22546,1.22020,1.22754,1170.0549,2.86002,,,162000.00,-9615.65530,390.11676,0.961420,0.521423,0.548904,-2.588005
1378,EURUSD,buy,2014-12-21T15:00:00+00:00,2014-12-22T07:00:00+00:00,1.22302,1.22546,1.22020,1.22754,1170.0549,2.86002,,,57600.00,-9612.79528,390.11676,0.961420,0.521771,0.549038,-2.588005
1379,EURUSD,buy,2014-12-20T10:00:00+00:00,2014-12-22T08:00:00+00:00,1.22302,1.22462,1.22504,1.22754,390.0183,0.62626,0.7936,,165600.00,-9612.16902,388.45723,0.961584,0.522117,0.549068,-2.594190
1380,EURUSD,buy,2014-12-21T15:00:00+00:00,2014-12-22T08:00:00+00:00,1.22302,1.22462,1.22504,1.22754,390.0183,0.62626,0.7936,,61200.00,-9611.54277,388.45723,0.961584,0.522464,0.549097,-2.594190
1381,EURUSD,sell,2014-12-23T12:00:00+00:00,2014-12-23T13:00:00+00:00,1.22112,1.21868,1.22393,1.21660,1192.5719,2.91457,,,3600.00,-9608.62820,391.20629,0.961312,0.522810,0.549234,-2.586960
1382,EURUSD,sell,2014-12-23T12:00:00+00:00,2014-12-23T13:00:00+00:00,1.22112,1.22154,1.22112,1.21660,397.5240,-0.16551,,,3600.00,-9608.79371,391.20629,0.961312,0.522431,0.549229,-2.586960
1383,EURUSD,sell,2014-12-29T09:00:00+00:00,2014-12-29T17:00:00+00:00,1.22043,1.21799,1.22324,1.21592,1201.6904,2.93519,,,28800.00,-9605.85852,395.45684,0.960892,0.522777,0.549367,-2.573403
1384,EURUSD,sell,2014-12-29T09:00:00+00:00,2014-12-29T18:00:00+00:00,1.22043,1.21760,1.21718,1.21592,400.5635,1.13704,0.8724,,32400.00,-9604.72148,395.27852,0.960910,0.523121,0.549420,-2.573908
1385,EURUSD,sell,2014-12-31T04:00:00+00:00,2014-12-31T14:00:00+00:00,1.21542,1.21298,1.21821,1.21092,1219.2127,2.96575,,,36000.00,-9601.75574,399.28273,0.960514,0.523466,0.549560,-2.563006
1386,EURUSD,sell,2014-12-31T04:00:00+00:00,2014-12-31T15:00:00+00:00,1.21542,1.21387,1.21346,1.21092,406.4042,0.62636,0.7882,,39600.00,-9601.12938,398.87062,0.960555,0.523810,0.549589,-2.564137
1387,EURUSD,sell,2015-01-01T20:00:00+00:00,2015-01-02T01:00:00+00:00,1.20940,1.20698,1.21218,1.20492,1236.4145,2.99270,,,18000.00,-9598.13669,402.97488,0.960149,0.524153,0.549729,-2.561179
1388,EURUSD,sell,2015-01-01T20:00:00+00:00,2015-01-02T02:00:00+00:00,1.20940,1.20728,1.20687,1.20492,412.1382,0.87167,0.8369,,21600.00,-9597.26501,402.73499,0.960172,0.524496,0.549770,-2.561687
1389,EURUSD,sell,2015-01-03T11:00:00+00:00,2015-01-04T22:00:00+00:00,1.19981,1.19741,1.20257,1.19537,1258.3686,3.02169,,,126000.00,-9594.24332,407.46890,0.959704,0.524838,0.549912,-2.548553
1390,EURUSD,sell,2015-01-03T11:00:00+00:00,2015-01-04T22:00:00+00:00,1.19981,1.19573,1.19981,1.19537,419.4562,1.71223,,,126000.00,-9592.53110,407.46890,0.959704,0.525180,0.549992,-2.548553
1391,EURUSD,buy,2015-01-06T02:00:00+00:00,2015-01-06T08:00:00+00:00,1.19496,1.19180,1.19221,1.19938,1705.4617,-5.38112,-1.1484,,21600.00,-9597.91222,402.08778,0.960236,0.524802,0.549853,-2.557330
1392,EURUSD,sell,2015-01-09T01:00:00+00:00,2015-01-09T13:00:00+00:00,1.17974,1.17737,1.18245,1.17537,1277.7239,3.01683,,,43200.00,-9594.89538,404.93258,0.959955,0.525144,0.549995,-2.549267
1393,EURUSD,sell,2015-01-09T01:00:00+00:00,2015-01-09T13:00:00+00:00,1.17974,1.18014,1.17974,1.17537,425.9080,-0.17204,,,43200.00,-9595.06742,404.93258,0.959955,0.524767,0.549991,-2.549267
1394,EURUSD,sell,2015-01-11T12:00:00+00:00,2015-01-11T22:00:00+00:00,1.18370,1.18683,1.18643,1.17932,1709.9327,-5.35086,-1.1491,,36000.00,-9600.41828,403.45434,0.960101,0.524390,0.549853,-2.551491
1395,EURUSD,buy,2015-01-10T11:00:00+00:00,2015-01-12T08:00:00+00:00,1.18442,1.18129,1.18169,1.18880,1709.9327,-5.34838,-1.1485,,162000.00,-9605.76666,394.23334,0.961013,0.524014,0.549715,-2.564330
1396,EURUSD,buy,2015-01-14T00:00:00+00:00,2015-01-14T07:00:00+00:00,1.17743,1.17979,1.17473,1.18179,1255.9682,2.95560,,,25200.00,-9602.81107,398.27195,0.960614,0.524355,0.549853,-2.551707
1397,EURUSD,buy,2015-01-14T00:00:00+00:00,2015-01-14T08:00:00+00:00,1.17743,1.17770,1.17810,1.18179,418.6561,0.11030,0.3951,,28800.00,-9602.70077,397.29923,0.960710,0.524696,0.549858,-2.554415
1398,EURUSD,buy,2015-01-15T10:00:00+00:00,2015-01-15T11:00:00+00:00,1.16898,1.17132,1.16629,1.17330,1274.8878,2.97858,,,3600.00,-9599.72218,400.10754,0.960432,0.525036,0.549998,-2.547283
1399,EURUSD,buy,2015-01-15T10:00:00+00:00,2015-01-15T11:00:00+00:00,1.16898,1.16858,1.16898,1.17330,424.9626,-0.17027,,,3600.00,-9599.89246,400.10754,0.960432,0.524660,0.549994,-2.547283
1400,EURUSD,buy,2015-01-20T17:00:00+00:00,2015-01-21T06:00:00+00:00,1.15510,1.15741,1.15244,1.15937,1299.3317,2.99964,,,46800.00,-9596.89282,404.41672,0.960006,0.525000,0.550134,-2.536122
1401,EURUSD,buy,2015-01-20T17:00:00+00:00,2015-01-21T07:00:00+00:00,1.15510,1.15701,1.15741,1.15937,433.1106,0.83000,0.8283,,50400.00,-9596.06282,403.93718,0.960053,0.525339,0.550173,-2.537421
1402,EURUSD,sell,2015-01-22T23:00:00+00:00,2015-01-23T01:00:00+00:00,1.13433,1.13733,1.13694,1.13013,1779.9765,-5.34142,-1.1499,,7200.00,-9601.40424,398.59576,0.960582,0.524964,0.550035,-2.542009
1403,EURUSD,buy,2015-01-26T05:00:00+00:00,2015-01-26T06:00:00+00:00,1.11889,1.12112,1.11631,1.12302,1336.3141,2.98830,,,3600.00,-9598.41594,401.41228,0.960303,0.525303,0.550175,-2.534021
1404,EURUSD,buy,2015-01-26T05:00:00+00:00,2015-01-26T06:00:00+00:00,1.11889,1.11850,1.11889,1.12302,445.4380,-0.17178,,,3600.00,-9598.58772,401.41228,0.960303,0.524929,0.550171,-2.534021
1405,EURUSD,buy,2015-01-29T16:00:00+00:00,2015-01-29T17:00:00+00:00,1.13114,1.12815,1.12854,1.13532,1774.9039,-5.30587,-1.1494,,3600.00,-9603.89360,396.10640,0.960828,0.524555,0.550034,-2.542303
1406,EURUSD,sell,2015-02-02T06:00:00+00:00,2015-02-02T08:00:00+00:00,1.13040,1.13339,1.13300,1.12622,1751.5362,-5.23817,-1.1499,,7200.00,-9609.13177,390.86823,0.961346,0.524182,0.549899,-2.550128
1407,EURUSD,sell,2015-02-03T12:00:00+00:00,2015-02-03T13:00:00+00:00,1.13440,1.13740,1.13701,1.13020,1722.2810,-5.16860,-1.1499,,3600.00,-9614.30037,385.69963,0.961857,0.523810,0.549766,-2.559265
1408,EURUSD,buy,2015-02-08T19:00:00+00:00,2015-02-09T07:00:00+00:00,1.13162,1.13388,1.12902,1.13581,1278.5284,2.89162,,,43200.00,-9611.40875,389.76349,0.961455,0.524148,0.549902,-2.546456
1409,EURUSD,buy,2015-02-08T19:00:00+00:00,2015-02-09T08:00:00+00:00,1.13162,1.13344,1.13383,1.13581,426.1761,0.77585,0.8235,,46800.00,-9610.63291,389.36709,0.961494,0.524485,0.549938,-2.547580
1410,EURUSD,buy,2015-02-11T17:00:00+00:00,2015-02-11T21:00:00+00:00,1.12973,1.13199,1.12713,1.13391,1292.8453,2.91911,,,14400.00,-9607.71379,392.11861,0.961222,0.524823,0.550075,-2.540070
1411,EURUSD,buy,2015-02-11T17:00:00+00:00,2015-02-11T21:00:00+00:00,1.12973,1.12934,1.12973,1.13391,430.9484,-0.16760,,,14400.00,-9607.88139,392.11861,0.961222,0.524451,0.550070,-2.540070
1412,EURUSD,buy,2015-02-13T08:00:00+00:00,2015-02-13T12:00:00+00:00,1.14289,1.13987,1.14026,1.14712,1715.9801,-5.18214,-1.1492,,14400.00,-9613.06353,386.93647,0.961735,0.524079,0.549937,-2.548741
1413,EURUSD,buy,2015-02-14T11:00:00+00:00,2015-02-16T02:00:00+00:00,1.13911,1.14139,1.13649,1.14333,1274.1921,2.90089,,,140400.00,-9610.16264,390.82629,0.961350,0.524416,0.550073,-2.542648
1414,EURUSD,buy,2015-02-14T11:00:00+00:00,2015-02-16T03:00:00+00:00,1.13911,1.14104,1.14143,1.14333,424.7307,0.81801,0.8307,,144000.00,-9609.34463,390.65537,0.961367,0.524752,0.550111,-2.543046
1415,EURUSD,sell,2015-02-19T18:00:00+00:00,2015-02-20T08:00:00+00:00,1.13639,1.13411,1.13900,1.13218,1288.7472,2.93106,,,50400.00,-9606.41357,395.24730,0.960913,0.525088,0.550248,-2.530393
1416,EURUSD,sell,2015-02-19T18:00:00+00:00,2015-02-20T08:00:00+00:00,1.13639,1.13252,1.13639,1.13218,429.5824,1.66087,,,50400.00,-9604.75270,395.24730,0.960913,0.525424,0.550326,-2.530393
1417,EURUSD,sell,2015-02-21T07:00:00+00:00,2015-02-23T07:00:00+00:00,1.13738,1.13510,1.14000,1.13317,1302.7611,2.96551,,,172800.00,-9601.78719,398.04292,0.960636,0.525759,0.550465,-2.523083
1418,EURUSD,sell,2015-02-21T07:00:00+00:00,2015-02-23T07:00:00+00:00,1.13738,1.13777,1.13738,1.13317,434.2537,-0.16989,,,172800.00,-9601.95708,398.04292,0.960636,0.525388,0.550460,-2.523083
1419,EURUSD,buy,2015-02-23T19:00:00+00:00,2015-02-24T09:00:00+00:00,1.13360,1.13060,1.13099,1.13779,1756.1854,-5.26115,-1.1494,,50400.00,-9607.21822,392.78178,0.961157,0.525018,0.550325,-2.533575
1420,EURUSD,sell,2015-03-02T02:00:00+00:00,2015-03-02T08:00:00+00:00,1.11679,1.11975,1.11936,1.11266,1757.9949,-5.19527,-1.1502,,21600.00,-9612.41349,387.58651,0.961670,0.524648,0.550191,-2.540470
1421,EURUSD,buy,2015-03-05T10:00:00+00:00,2015-03-05T13:00:00+00:00,1.10564,1.10785,1.10310,1.10973,1314.9699,2.90577,,,10800.00,-9609.50773,390.32497,0.961400,0.524982,0.550327,-2.532582
1422,EURUSD,buy,2015-03-05T10:00:00+00:00,2015-03-05T13:00:00+00:00,1.10564,1.10526,1.10564,1.10973,438.3233,-0.16730,,,10800.00,-9609.67503,390.32497,0.961400,0.524613,0.550323,-2.532582
1423,EURUSD,sell,2015-03-09T04:00:00+00:00,2015-03-09T07:00:00+00:00,1.08379,1.08666,1.08629,1.07978,1800.1927,-5.16543,-1.1508,,10800.00,-9614.84046,385.15954,0.961910,0.524245,0.550190,-2.540337
1424,EURUSD,buy,2015-03-13T06:00:00+00:00,2015-03-13T07:00:00+00:00,1.05822,1.06033,1.05578,1.06213,1365.2976,2.88757,,,3600.00,-9611.95289,387.87989,0.961641,0.524579,0.550325,-2.532035
1425,EURUSD,buy,2015-03-13T06:00:00+00:00,2015-03-13T07:00:00+00:00,1.05822,1.05785,1.05822,1.06213,455.0992,-0.16723,,,3600.00,-9612.12011,387.87989,0.961641,0.524211,0.550321,-2.532035
1426,EURUSD,buy,2015-03-18T14:00:00+00:00,2015-03-18T15:00:00+00:00,1.06124,1.06336,1.05880,1.06516,1371.0266,2.90796,,,3600.00,-9609.21215,390.61951,0.961370,0.524544,0.550457,-2.523319
1427,EURUSD,buy,2015-03-18T14:00:00+00:00,2015-03-18T15:00:00+00:00,1.06124,1.06087,1.06124,1.06516,457.0089,-0.16834,,,3600.00,-9609.38049,390.61951,0.961370,0.524177,0.550452,-2.523319
1428,EURUSD,buy,2015-03-21T01:00:00+00:00,2015-03-22T21:00:00+00:00,1.08192,1.08409,1.07944,1.08593,1354.3114,2.92850,,,158400.00,-9606.45199,390.03802,0.961428,0.524510,0.550589,-2.522842
1429,EURUSD,buy,2015-03-21T01:00:00+00:00,2015-03-22T21:00:00+00:00,1.08192,1.08560,1.08192,1.08593,451.4371,1.65955,,,158400.00,-9604.79244,390.03802,0.961428,0.524843,0.550667,-2.522842
1430,EURUSD,sell,2015-03-22T18:00:00+00:00,2015-03-22T21:00:00+00:00,1.08128,1.08414,1.08376,1.07727,1805.7485,-5.16954,-1.1508,,10800.00,-9609.96198,390.03802,0.961428,0.524476,0.550534,-2.522842
1431,EURUSD,buy,2015-03-23T18:00:00+00:00,2015-03-24T01:00:00+00:00,1.09486,1.09196,1.09234,1.09891,1781.7603,-5.15839,-1.1500,,25200.00,-9615.12037,384.87963,0.961938,0.524109,0.550401,-2.530225
1432,EURUSD,sell,2015-03-25T11:00:00+00:00,2015-03-25T12:00:00+00:00,1.09860,1.10151,1.10113,1.09453,1751.1563,-5.09217,-1.1505,,3600.00,-9620.21254,379.78746,0.962442,0.523743,0.550270,-2.539243
1433,EURUSD,buy,2015-03-27T10:00:00+00:00,2015-03-27T11:00:00+00:00,1.08328,1.08545,1.08079,1.08729,1315.1021,2.84730,,,3600.00,-9617.36524,382.47038,0.962176,0.524075,0.550403,-2.531840
1434,EURUSD,buy,2015-03-27T10:00:00+00:00,2015-03-27T11:00:00+00:00,1.08328,1.08291,1.08328,1.08729,438.3674,-0.16437,,,3600.00,-9617.52962,382.47038,0.962176,0.523710,0.550399,-2.531840
1435,EURUSD,buy,2015-03-28T14:00:00+00:00,2015-03-30T00:00:00+00:00,1.08907,1.08619,1.08656,1.09309,1756.4817,-5.05877,-1.1501,,122400.00,-9622.58839,377.41161,0.962677,0.523345,0.550269,-2.533553
1436,EURUSD,sell,2015-03-30T19:00:00+00:00,2015-03-30T20:00:00+00:00,1.08100,1.08386,1.08348,1.07699,1745.1430,-4.99477,-1.1508,,3600.00,-9627.58315,372.41685,0.963171,0.522981,0.550140,-2.542987
1437,EURUSD,buy,2015-03-31T20:00:00+00:00,2015-04-01T00:00:00+00:00,1.07340,1.07555,1.07093,1.07737,1301.4530,2.79204,,,14400.00,-9624.79111,376.10605,0.962806,0.523312,0.550271,-2.539712
1438,EURUSD,buy,2015-03-31T20:00:00+00:00,2015-04-01T01:00:00+00:00,1.07340,1.07503,1.07540,1.07737,433.8177,0.70516,0.8135,,18000.00,-9624.08596,375.91404,0.962825,0.523644,0.550304,-2.540144
1439,EURUSD,sell,2015-04-03T08:00:00+00:00,2015-04-03T11:00:00+00:00,1.08759,1.09047,1.09010,1.08357,1727.6732,-4.97442,-1.1507,,10800.00,-9629.06038,370.93962,0.963317,0.523280,0.550176,-2.548697
1440,EURUSD,buy,2015-04-06T04:00:00+00:00,2015-04-06T12:00:00+00:00,1.09805,1.10024,1.09552,1.10211,1267.1934,2.78096,,,28800.00,-9626.27941,375.29652,0.962886,0.523611,0.550306,-2.535987
1441,EURUSD,buy,2015-04-06T04:00:00+00:00,2015-04-06T12:00:00+00:00,1.09805,1.10178,1.09805,1.10211,422.3978,1.57594,,,28800.00,-9624.70348,375.29652,0.962886,0.523942,0.550379,-2.535987
1442,EURUSD,buy,2015-04-09T04:00:00+00:00,2015-04-09T05:00:00+00:00,1.07763,1.07478,1.07516,1.08162,1741.8223,-4.96479,-1.1503,,3600.00,-9629.66827,370.33173,0.963377,0.523578,0.550252,-2.544092
1443,EURUSD,sell,2015-04-14T02:00:00+00:00,2015-04-14T04:00:00+00:00,1.05744,1.05533,1.05988,1.05353,1312.9103,2.77857,,,7200.00,-9626.88970,373.92985,0.963021,0.523909,0.550382,-2.532728
1444,EURUSD,sell,2015-04-14T02:00:00+00:00,2015-04-14T05:00:00+00:00,1.05744,1.05606,1.05569,1.05353,437.6368,0.60654,0.7908,,10800.00,-9626.28316,373.71684,0.963042,0.524238,0.550410,-2.533328
1445,EURUSD,sell,2015-04-15T15:00:00+00:00,2015-04-15T16:00:00+00:00,1.05926,1.06207,1.06170,1.05534,1763.5140,-4.94764,-1.1512,,3600.00,-9631.23080,368.76920,0.963531,0.523875,0.550283,-2.542283
1446,EURUSD,sell,2015-04-17T02:00:00+00:00,2015-04-17T06:00:00+00:00,1.07653,1.07437,1.07900,1.07254,1284.1942,2.76685,,,14400.00,-9628.46395,371.37639,0.963273,0.524205,0.550412,-2.534925
1447,EURUSD,sell,2015-04-17T02:00:00+00:00,2015-04-17T06:00:00+00:00,1.07653,1.07690,1.07653,1.07254,428.0647,-0.15966,,,14400.00,-9628.62361,371.37639,0.963273,0.523842,0.550408,-2.534925
1448,EURUSD,buy,2015-04-19T22:00:00+00:00,2015-04-20T04:00:00+00:00,1.07973,1.07688,1.07725,1.08373,1720.2749,-4.91277,-1.1503,,21600.00,-9633.53638,366.46362,0.963759,0.523481,0.550282,-2.540926
1449,EURUSD,buy,2015-04-22T18:00:00+00:00,2015-04-22T22:00:00+00:00,1.07421,1.07137,1.07174,1.07819,1706.2438,-4.84821,-1.1504,,14400.00,-9638.38459,361.61541,0.964239,0.523119,0.550157,-2.549413
1450,EURUSD,sell,2015-04-25T03:00:00+00:00,2015-04-27T07:00:00+00:00,1.08673,1.08456,1.08923,1.08271,1247.4544,2.71317,,,187200.00,-9635.67142,364.17222,0.963986,0.523448,0.550284,-2.540465
1451,EURUSD,sell,2015-04-25T03:00:00+00:00,2015-04-27T07:00:00+00:00,1.08673,1.08711,1.08673,1.08271,415.8181,-0.15636,,,187200.00,-9635.82778,364.17222,0.963986,0.523088,0.550280,-2.540465
1452,EURUSD,buy,2015-04-28T21:00:00+00:00,2015-04-29T08:00:00+00:00,1.09791,1.10010,1.09538,1.10197,1244.2335,2.73023,,,39600.00,-9633.09755,368.07648,0.963600,0.523416,0.550407,-2.533981
1453,EURUSD,buy,2015-04-28T21:00:00+00:00,2015-04-29T09:00:00+00:00,1.09791,1.09867,1.09905,1.10197,414.7445,0.31563,0.6671,,43200.00,-9632.78192,367.21808,0.963685,0.523744,0.550422,-2.536404
1454,EURUSD,sell,2015-05-02T17:00:00+00:00,2015-05-04T06:00:00+00:00,1.11914,1.12211,1.12172,1.11500,1640.1279,-4.85697,-1.1501,,133200.00,-9637.63889,364.95591,0.963908,0.523384,0.550297,-2.538800
1455,EURUSD,buy,2015-05-03T22:00:00+00:00,2015-05-04T06:00:00+00:00,1.11890,1.12113,1.11632,1.12303,1231.1077,2.75306,,,28800.00,-9634.88583,364.95591,0.963908,0.523711,0.550426,-2.538800
1456,EURUSD,buy,2015-05-03T22:00:00+00:00,2015-05-04T06:00:00+00:00,1.11890,1.11851,1.11890,1.12303,410.3692,-0.15826,,,28800.00,-9635.04409,364.95591,0.963908,0.523352,0.550421,-2.538800
1457,EURUSD,sell,2015-05-06T00:00:00+00:00,2015-05-06T02:00:00+00:00,1.11772,1.12068,1.12030,1.11359,1632.0945,-4.82715,-1.1501,,7200.00,-9639.87124,360.12876,0.964386,0.522992,0.550297,-2.546391
1458,EURUSD,buy,2015-05-10T05:00:00+00:00,2015-05-11T00:00:00+00:00,1.12034,1.11737,1.11776,1.12448,1607.7177,-4.76096,-1.1496,,68400.00,-9644.63219,355.36781,0.964857,0.522634,0.550175,-2.546967
1459,EURUSD,buy,2015-05-17T09:00:00+00:00,2015-05-18T00:00:00+00:00,1.14535,1.14233,1.14272,1.14959,1551.8109,-4.69628,-1.1492,,54000.00,-9649.32848,350.67152,0.965321,0.522276,0.550055,-2.547289
1460,EURUSD,buy,2015-05-18T15:00:00+00:00,2015-05-18T17:00:00+00:00,1.13575,1.13275,1.13314,1.13995,1544.2506,-4.63487,-1.1493,,7200.00,-9653.96334,346.03666,0.965779,0.521918,0.549936,-2.556561
1461,EURUSD,buy,2015-05-20T06:00:00+00:00,2015-05-20T08:00:00+00:00,1.10864,1.11086,1.10609,1.11274,1170.8254,2.59426,,,7200.00,-9651.36908,349.49636,0.965437,0.522245,0.550057,-2.546298
1462,EURUSD,buy,2015-05-20T06:00:00+00:00,2015-05-20T09:00:00+00:00,1.10864,1.10997,1.11035,1.11274,390.2751,0.51689,0.7756,,10800.00,-9650.85219,349.14781,0.965472,0.522572,0.550081,-2.547339
1463,EURUSD,buy,2015-05-22T03:00:00+00:00,2015-05-22T08:00:00+00:00,1.11496,1.11719,1.11240,1.11909,1174.6537,2.61759,,,18000.00,-9648.23461,352.53112,0.965137,0.522898,0.550203,-2.537412
1464,EURUSD,buy,2015-05-22T03:00:00+00:00,2015-05-22T09:00:00+00:00,1.11496,1.11574,1.11612,1.11909,391.5512,0.30180,0.6670,,21600.00,-9647.93280,352.06720,0.965183,0.523224,0.550217,-2.538769
1465,EURUSD,buy,2015-05-30T21:00:00+00:00,2015-05-31T23:00:00+00:00,1.09864,1.09573,1.09611,1.10270,1602.7679,-4.65593,-1.1500,,93600.00,-9652.58873,347.41127,0.965643,0.522867,0.550098,-2.544575
1466,EURUSD,buy,2015-06-03T09:00:00+00:00,2015-06-03T12:00:00+00:00,1.11237,1.10943,1.10982,1.11649,1562.0448,-4.59338,-1.1497,,10800.00,-9657.18212,342.81788,0.966098,0.522510,0.549980,-2.552535
1467,EURUSD,buy,2015-06-07T18:00:00+00:00,2015-06-08T00:00:00+00:00,1.11136,1.10843,1.10881,1.11547,1542.7931,-4.53272,-1.1497,,21600.00,-9661.71484,342.02824,0.966176,0.522154,0.549864,-2.552865
1468,EURUSD,sell,2015-06-05T23:00:00+00:00,2015-06-08T06:00:00+00:00,1.11091,1.11385,1.11346,1.10680,1542.5015,-4.53481,-1.1503,,198000.00,-9666.24965,333.75035,0.966994,0.521798,0.549748,-2.566982
1469,EURUSD,buy,2015-06-10T09:00:00+00:00,2015-06-10T11:00:00+00:00,1.13036,1.12737,1.12776,1.13454,1476.7453,-4.41157,-1.1494,,7200.00,-9670.66122,329.33878,0.967431,0.521443,0.549635,-2.575315
1470,EURUSD,sell,2015-06-12T10:00:00+00:00,2015-06-12T11:00:00+00:00,1.11811,1.12107,1.12069,1.11398,1472.3000,-4.35603,-1.1501,,3600.00,-9675.01724,324.98276,0.967861,0.521088,0.549523,-2.583638
1471,EURUSD,buy,2015-06-14T01:00:00+00:00,2015-06-14T21:00:00+00:00,1.12665,1.12367,1.12406,1.13082,1442.6879,-4.29591,-1.1495,,72000.00,-9679.31316,320.68684,0.968286,0.520734,0.549413,-2.591943
1472,EURUSD,sell,2015-06-15T17:00:00+00:00,2015-06-15T18:00:00+00:00,1.12527,1.12825,1.12786,1.12111,1424.5025,-4.24114,-1.1500,,3600.00,-9683.55430,316.44570,0.968706,0.520380,0.549305,-2.600669
1473,EURUSD,buy,2015-06-18T11:00:00+00:00,2015-06-18T16:00:00+00:00,1.14076,1.14304,1.13814,1.14498,1040.5565,2.37242,,,18000.00,-9681.18188,318.68208,0.968485,0.520706,0.549415,-2.592995
1474,EURUSD,buy,2015-06-18T11:00:00+00:00,2015-06-18T16:00:00+00:00,1.14076,1.14037,1.14076,1.14498,346.8522,-0.13604,,,18000.00,-9681.31792,318.68208,0.968485,0.520353,0.549412,-2.592995
1475,EURUSD,buy,2015-06-22T17:00:00+00:00,2015-06-23T02:00:00+00:00,1.13456,1.13156,1.13195,1.13876,1404.8513,-4.21213,-1.1493,,32400.00,-9685.53005,314.46995,0.968901,0.520000,0.549304,-2.597851
1476,EURUSD,sell,2015-06-25T14:00:00+00:00,2015-06-26T08:00:00+00:00,1.11882,1.12178,1.12140,1.11468,1404.9374,-4.15932,-1.1501,,64800.00,-9689.68937,310.31063,0.969312,0.519648,0.549198,-2.611186
1477,EURUSD,sell,2015-07-01T20:00:00+00:00,2015-07-02T02:00:00+00:00,1.10490,1.10782,1.10744,1.10081,1403.8283,-4.10518,-1.1504,,21600.00,-9693.79455,306.20545,0.969718,0.519296,0.549093,-2.613661
1478,EURUSD,sell,2015-07-04T10:00:00+00:00,2015-07-05T21:00:00+00:00,1.11059,1.10836,1.11314,1.10648,1033.6212,2.29744,,,126000.00,-9691.49712,309.80472,0.969362,0.519621,0.549200,-2.600803
1479,EURUSD,sell,2015-07-04T10:00:00+00:00,2015-07-05T21:00:00+00:00,1.11059,1.10681,1.11059,1.10648,344.5404,1.30183,,,126000.00,-9690.19528,309.80472,0.969362,0.519946,0.549260,-2.600803
1480,EURUSD,buy,2015-07-09T14:00:00+00:00,2015-07-09T15:00:00+00:00,1.10486,1.10194,1.10232,1.10895,1402.4278,-4.09663,-1.1498,,3600.00,-9694.29192,305.70808,0.969768,0.519595,0.549156,-2.608169
1481,EURUSD,sell,2015-07-11T08:00:00+00:00,2015-07-12T21:00:00+00:00,1.11486,1.11262,1.11742,1.11073,1027.9910,2.29370,,,133200.00,-9691.99821,309.30151,0.969412,0.519919,0.549262,-2.595352
1482,EURUSD,sell,2015-07-11T08:00:00+00:00,2015-07-12T21:00:00+00:00,1.11486,1.11106,1.11486,1.11073,342.6637,1.29972,,,133200.00,-9690.69849,309.30151,0.969412,0.520243,0.549323,-2.595352
1483,EURUSD,buy,2015-07-13T17:00:00+00:00,2015-07-13T23:00:00+00:00,1.10086,1.09795,1.09833,1.10493,1405.2389,-4.09023,-1.1499,,21600.00,-9694.78873,305.21127,0.969817,0.519892,0.549218,-2.603993
1484,EURUSD,buy,2015-07-15T17:00:00+00:00,2015-07-16T01:00:00+00:00,1.09517,1.09227,1.09265,1.09922,1393.8625,-4.03650,-1.1500,,28800.00,-9698.82523,301.17477,0.970216,0.519542,0.549115,-2.611775
1485,EURUSD,buy,2015-07-17T17:00:00+00:00,2015-07-20T01:00:00+00:00,1.08505,1.08218,1.08255,1.08906,1388.2604,-3.98376,-1.1502,,201600.00,-9702.80899,297.19101,0.970610,0.519192,0.549014,-2.619948
1486,EURUSD,buy,2015-07-20T19:00:00+00:00,2015-07-20T20:00:00+00:00,1.08379,1.08092,1.08129,1.08779,1371.4905,-3.93115,-1.1502,,3600.00,-9706.74014,293.25986,0.970999,0.518843,0.548913,-2.627522
1487,EURUSD,buy,2015-07-26T16:00:00+00:00,2015-07-27T02:00:00+00:00,1.09828,1.10047,1.09575,1.10234,1001.6162,2.19859,,,36000.00,-9704.54154,296.35010,0.970693,0.519166,0.549016,-2.621112
1488,EURUSD,buy,2015-07-26T16:00:00+00:00,2015-07-27T03:00:00+00:00,1.09828,1.09966,1.10004,1.10234,333.8721,0.46095,0.7842,,39600.00,-9704.08060,295.91940,0.970736,0.519489,0.549037,-2.622529
1489,EURUSD,buy,2015-07-27T23:00:00+00:00,2015-07-28T06:00:00+00:00,1.10917,1.10624,1.10662,1.11328,1334.3648,-3.91276,-1.1498,,25200.00,-9707.99336,292.00664,0.971123,0.519140,0.548937,-2.633933
1490,EURUSD,buy,2015-07-29T01:00:00+00:00,2015-07-29T04:00:00+00:00,1.10842,1.10549,1.10587,1.11252,1317.6125,-3.86107,-1.1498,,10800.00,-9711.85443,288.14557,0.971504,0.518792,0.548839,-2.642497
1491,EURUSD,buy,2015-08-03T04:00:00+00:00,2015-08-03T08:00:00+00:00,1.09829,1.09539,1.09576,1.10235,1312.1861,-3.81062,-1.1500,,14400.00,-9715.66505,284.33495,0.971881,0.518444,0.548742,-2.649313
1492,EURUSD,buy,2015-08-04T05:00:00+00:00,2015-08-04T11:00:00+00:00,1.09609,1.09828,1.09357,1.10014,973.0745,2.13168,,,21600.00,-9713.53337,287.10279,0.971608,0.518767,0.548841,-2.639953
1493,EURUSD,buy,2015-08-04T05:00:00+00:00,2015-08-04T12:00:00+00:00,1.09609,1.09697,1.09735,1.10014,324.3582,0.28611,0.6994,,25200.00,-9713.24726,286.75274,0.971642,0.519089,0.548854,-2.641190
1494,EURUSD,sell,2015-08-09T04:00:00+00:00,2015-08-10T10:00:00+00:00,1.09585,1.09366,1.09837,1.09180,980.9728,2.15148,,,108000.00,-9711.09577,289.76459,0.971344,0.519411,0.548954,-2.631370
1495,EURUSD,sell,2015-08-09T04:00:00+00:00,2015-08-10T11:00:00+00:00,1.09585,1.09457,1.09419,1.09180,326.9909,0.41949,0.7723,,111600.00,-9710.67628,288.88973,0.971431,0.519732,0.548973,-2.634254
1496,EURUSD,buy,2015-08-10T11:00:00+00:00,2015-08-10T13:00:00+00:00,1.09640,1.09350,1.09388,1.10045,1319.8232,-3.82631,-1.1500,,7200.00,-9714.50259,285.49741,0.971766,0.519385,0.548876,-2.643633
1497,EURUSD,sell,2015-08-14T17:00:00+00:00,2015-08-17T04:00:00+00:00,1.11110,1.10887,1.11365,1.10698,963.2773,2.14207,,,212400.00,-9712.36053,290.01481,0.971320,0.519706,0.548975,-2.626047
1498,EURUSD,sell,2015-08-14T17:00:00+00:00,2015-08-17T05:00:00+00:00,1.11110,1.10943,1.10905,1.10698,321.0924,0.53425,0.8130,,216000.00,-9711.82628,289.03078,0.971417,0.520027,0.549000,-2.629061
1499,EURUSD,sell,2015-08-15T23:00:00+00:00,2015-08-17T07:00:00+00:00,1.11029,1.10806,1.11284,1.10618,963.9798,2.14207,,,115200.00,-9709.68422,291.10201,0.971212,0.520347,0.549099,-2.622440
1500,EURUSD,sell,2015-08-15T23:00:00+00:00,2015-08-17T08:00:00+00:00,1.11029,1.11060,1.11022,1.10618,321.3266,-0.10163,-4.7335,,118800.00,-9709.78584,290.21416,0.971300,0.520000,0.549097,-2.625407
1501,EURUSD,sell,2015-08-19T18:00:00+00:00,2015-08-20T00:00:00+00:00,1.11219,1.11513,1.11475,1.10807,1304.3098,-3.83889,-1.1502,,21600.00,-9713.62473,286.37527,0.971680,0.519654,0.548999,-2.622720
1502,EURUSD,buy,2015-08-22T20:00:00+00:00,2015-08-24T01:00:00+00:00,1.13862,1.14090,1.13600,1.14283,943.4474,2.14698,,,104400.00,-9711.47775,288.39910,0.971479,0.519973,0.549099,-2.617958
1503,EURUSD,buy,2015-08-22T20:00:00+00:00,2015-08-24T01:00:00+00:00,1.13862,1.13823,1.13862,1.14283,314.4825,-0.12314,,,104400.00,-9711.60090,288.39910,0.971479,0.519627,0.549096,-2.617958
1504,EURUSD,buy,2015-08-27T19:00:00+00:00,2015-08-28T07:00:00+00:00,1.12468,1.12693,1.12209,1.12884,961.8947,2.16215,,,43200.00,-9709.43875,291.78652,0.971144,0.519947,0.549196,-2.601251
1505,EURUSD,buy,2015-08-27T19:00:00+00:00,2015-08-28T07:00:00+00:00,1.12468,1.12850,1.12468,1.12884,320.6316,1.22526,,,43200.00,-9708.21348,291.78652,0.971144,0.520266,0.549253,-2.601251
1506,EURUSD,buy,2015-08-30T17:00:00+00:00,2015-08-30T22:00:00+00:00,1.11834,1.12057,1.11576,1.12247,978.7115,2.18755,,,18000.00,-9706.02594,293.84830,0.970940,0.520584,0.549354,-2.594180
1507,EURUSD,buy,2015-08-30T17:00:00+00:00,2015-08-30T22:00:00+00:00,1.11834,1.11795,1.11834,1.12247,326.2372,-0.12576,,,18000.00,-9706.15170,293.84830,0.970940,0.520239,0.549351,-2.594180
1508,EURUSD,sell,2015-09-01T04:00:00+00:00,2015-09-01T06:00:00+00:00,1.12661,1.12959,1.12920,1.12244,1303.7326,-3.88612,-1.1500,,7200.00,-9710.03781,289.96219,0.971325,0.519894,0.549252,-2.602266
1509,EURUSD,buy,2015-09-03T10:00:00+00:00,2015-09-03T12:00:00+00:00,1.12273,1.11976,1.12015,1.12688,1291.7176,-3.83321,-1.1495,,7200.00,-9713.87102,286.12898,0.971704,0.519549,0.549154,-2.610335
1510,EURUSD,buy,2015-09-05T14:00:00+00:00,2015-09-07T06:00:00+00:00,1.11532,1.11238,1.11276,1.11945,1283.1011,-3.78295,-1.1497,,144000.00,-9717.65397,282.34603,0.972078,0.519205,0.549058,-2.619947
1511,EURUSD,sell,2015-09-13T09:00:00+00:00,2015-09-13T22:00:00+00:00,1.13314,1.13614,1.13575,1.12895,1245.4831,-3.73364,-1.1499,,46800.00,-9721.38761,279.30980,0.972378,0.518862,0.548963,-2.625188
1512,EURUSD,buy,2015-09-11T22:00:00+00:00,2015-09-14T06:00:00+00:00,1.13382,1.13609,1.13121,1.13801,934.1123,2.11677,,,201600.00,-9719.27084,280.60768,0.972250,0.519180,0.549061,-2.622939
1513,EURUSD,buy,2015-09-11T22:00:00+00:00,2015-09-14T06:00:00+00:00,1.13382,1.13343,1.13382,1.13801,311.3708,-0.12148,,,201600.00,-9719.39232,280.60768,0.972250,0.518837,0.549058,-2.622939
1514,EURUSD,buy,2015-09-14T14:00:00+00:00,2015-09-14T15:00:00+00:00,1.12875,1.13100,1.12615,1.13292,932.5323,2.10374,,,3600.00,-9717.28858,282.59062,0.972054,0.519155,0.549156,-2.616322
1515,EURUSD,buy,2015-09-14T14:00:00+00:00,2015-09-14T15:00:00+00:00,1.12875,1.12836,1.12875,1.13292,310.8441,-0.12080,,,3600.00,-9717.40938,282.59062,0.972054,0.518812,0.549153,-2.616322
1516,EURUSD,sell,2015-09-19T19:00:00+00:00,2015-09-21T04:00:00+00:00,1.12940,1.13239,1.13200,1.12522,1250.6888,-3.73708,-1.1499,,118800.00,-9721.14646,278.85354,0.972423,0.518470,0.549057,-2.617937
1517,EURUSD,buy,2015-09-21T07:00:00+00:00,2015-09-21T08:00:00+00:00,1.13242,1.12943,1.12982,1.13661,1231.5982,-3.68582,-1.1494,,3600.00,-9724.83228,275.16772,0.972788,0.518128,0.548963,-2.624554
1518,EURUSD,sell,2015-09-23T12:00:00+00:00,2015-09-23T13:00:00+00:00,1.11280,1.11574,1.11536,1.10868,1236.0089,-3.63982,-1.1502,,3600.00,-9728.47210,271.52790,0.973148,0.517787,0.548871,-2.632551
1519,EURUSD,buy,2015-09-25T10:00:00+00:00,2015-09-25T12:00:00+00:00,1.11737,1.11441,1.11480,1.12150,1215.4011,-3.58980,-1.1496,,7200.00,-9732.06190,267.93810,0.973503,0.517446,0.548779,-2.640531
1520,EURUSD,buy,2015-09-27T19:00:00+00:00,2015-09-28T06:00:00+00:00,1.11946,1.11650,1.11688,1.12360,1197.0928,-3.54223,-1.1496,,39600.00,-9735.60413,264.39587,0.973853,0.517105,0.548689,-2.646547
1521,EURUSD,sell,2015-09-29T19:00:00+00:00,2015-09-30T06:00:00+00:00,1.12476,1.12251,1.12735,1.12060,881.2412,1.98374,,,39600.00,-9733.62039,267.17933,0.973578,0.517423,0.548781,-2.638188
1522,EURUSD,sell,2015-09-29T19:00:00+00:00,2015-09-30T07:00:00+00:00,1.12476,1.12365,1.12326,1.12060,293.7471,0.32767,0.7424,,43200.00,-9733.29272,266.70728,0.973625,0.517740,0.548796,-2.639959
1523,EURUSD,buy,2015-10-01T14:00:00+00:00,2015-10-01T20:00:00+00:00,1.12069,1.11772,1.11811,1.12483,1190.2855,-3.52589,-1.1496,,21600.00,-9736.81861,263.18139,0.973973,0.517400,0.548707,-2.648337
1524,EURUSD,sell,2015-10-11T21:00:00+00:00,2015-10-12T07:00:00+00:00,1.13567,1.13867,1.13828,1.13147,1158.3586,-3.48008,-1.1498,,36000.00,-9740.29869,259.70131,0.974317,0.517060,0.548618,-2.651361
1525,EURUSD,buy,2015-10-13T05:00:00+00:00,2015-10-13T07:00:00+00:00,1.13804,1.14032,1.13542,1.14225,856.0076,1.94700,,,7200.00,-9738.35169,261.53663,0.974136,0.517377,0.548709,-2.644786
1526,EURUSD,buy,2015-10-13T05:00:00+00:00,2015-10-13T07:00:00+00:00,1.13804,1.13765,1.13804,1.14225,285.3359,-0.11168,,,7200.00,-9738.46337,261.53663,0.974136,0.517038,0.548706,-2.644786
1527,EURUSD,buy,2015-10-14T13:00:00+00:00,2015-10-14T15:00:00+00:00,1.14180,1.14408,1.13918,1.14603,859.2174,1.96076,,,7200.00,-9736.50261,264.01795,0.973890,0.517354,0.548797,-2.635880
1528,EURUSD,buy,2015-10-14T13:00:00+00:00,2015-10-14T16:00:00+00:00,1.14180,1.14302,1.14341,1.14603,286.4058,0.34786,0.7555,,10800.00,-9736.15476,263.84524,0.973908,0.517670,0.548813,-2.636529
1529,EURUSD,buy,2015-10-18T05:00:00+00:00,2015-10-19T01:00:00+00:00,1.13500,1.13727,1.13239,1.13920,871.9966,1.97807,,,72000.00,-9734.17669,266.51498,0.973644,0.517986,0.548904,-2.630587
1530,EURUSD,buy,2015-10-18T05:00:00+00:00,2015-10-19T02:00:00+00:00,1.13500,1.13649,1.13688,1.13920,290.6655,0.43267,0.7920,,75600.00,-9733.74402,266.25598,0.973669,0.518301,0.548924,-2.631376
1531,EURUSD,sell,2015-10-20T13:00:00+00:00,2015-10-21T07:00:00+00:00,1.13458,1.13758,1.13719,1.13038,1173.0165,-3.52079,-1.1499,,64800.00,-9737.26481,262.73519,0.974017,0.517962,0.548835,-2.637940
1532,EURUSD,buy,2015-10-21T17:00:00+00:00,2015-10-22T07:00:00+00:00,1.13429,1.13129,1.13168,1.13849,1158.4955,-3.47268,-1.1493,,50400.00,-9740.73749,259.26251,0.974361,0.517624,0.548747,-2.643564
1533,EURUSD,sell,2015-10-26T01:00:00+00:00,2015-10-26T07:00:00+00:00,1.10216,1.10508,1.10469,1.09808,1175.8044,-3.43000,-1.1504,,21600.00,-9744.16749,255.83251,0.974700,0.517286,0.548659,-2.650630
1534,EURUSD,sell,2015-11-03T14:00:00+00:00,2015-11-03T17:00:00+00:00,1.09368,1.09658,1.09620,1.08963,1169.2421,-3.38507,-1.1506,,10800.00,-9747.55256,252.44744,0.975035,0.516949,0.548573,-2.655987
1535,EURUSD,sell,2015-11-11T09:00:00+00:00,2015-11-11T11:00:00+00:00,1.07464,1.07249,1.07711,1.07066,880.6634,1.89409,,,7200.00,-9745.65846,255.20973,0.974762,0.517264,0.548661,-2.642725
1536,EURUSD,sell,2015-11-11T09:00:00+00:00,2015-11-11T12:00:00+00:00,1.07464,1.07270,1.07233,1.07066,293.5545,0.56826,0.8389,,10800.00,-9745.09020,254.90980,0.974791,0.517578,0.548687,-2.643915
1537,EURUSD,sell,2015-11-12T16:00:00+00:00,2015-11-12T17:00:00+00:00,1.07639,1.07924,1.07886,1.07240,1183.7440,-3.37380,-1.1509,,3600.00,-9748.46400,251.53600,0.975125,0.517241,0.548602,-2.652211
1538,EURUSD,sell,2015-11-16T21:00:00+00:00,2015-11-17T04:00:00+00:00,1.06826,1.06612,1.07072,1.06431,882.7229,1.88726,,,25200.00,-9746.57674,254.03511,0.974878,0.517555,0.548689,-2.639622
1539,EURUSD,sell,2015-11-16T21:00:00+00:00,2015-11-17T05:00:00+00:00,1.06826,1.06666,1.06629,1.06431,294.2410,0.47065,0.8122,,28800.00,-9746.10610,253.89390,0.974892,0.517869,0.548711,-2.640213
1540,EURUSD,buy,2015-11-25T19:00:00+00:00,2015-11-27T09:00:00+00:00,1.06180,1.05899,1.05936,1.06573,1195.9429,-3.35964,-1.1506,,136800.00,-9749.46574,250.53426,0.975224,0.517532,0.548625,-2.645060
1541,EURUSD,buy,2015-11-28T11:00:00+00:00,2015-11-30T01:00:00+00:00,1.05955,1.05674,1.05711,1.06347,1182.6245,-3.31531,-1.1507,,136800.00,-9752.78104,247.21896,0.975552,0.517197,0.548541,-2.651558
1542,EURUSD,buy,2015-11-30T15:00:00+00:00,2015-12-01T02:00:00+00:00,1.05646,1.05857,1.05403,1.06036,877.7918,1.85342,,,39600.00,-9750.92763,249.54731,0.975322,0.517510,0.548627,-2.643046
1543,EURUSD,buy,2015-11-30T15:00:00+00:00,2015-12-01T03:00:00+00:00,1.05646,1.05730,1.05767,1.06036,292.5973,0.24750,0.6972,,43200.00,-9750.68013,249.31987,0.975344,0.517822,0.548639,-2.643897
1544,EURUSD,buy,2015-12-03T15:00:00+00:00,2015-12-03T16:00:00+00:00,1.08516,1.08732,1.08266,1.08917,861.8397,1.86917,,,3600.00,-9748.81096,251.08116,0.975170,0.518135,0.548725,-2.636994
1545,EURUSD,buy,2015-12-03T15:00:00+00:00,2015-12-03T16:00:00+00:00,1.08516,1.08478,1.08516,1.08917,287.2799,-0.10788,,,3600.00,-9748.91884,251.08116,0.975170,0.517799,0.548722,-2.636994
1546,EURUSD,sell,2015-12-06T14:00:00+00:00,2015-12-07T08:00:00+00:00,1.08785,1.08568,1.09036,1.08383,865.2561,1.88384,,,64800.00,-9747.03500,254.03248,0.974878,0.518111,0.548810,-2.629423
1547,EURUSD,sell,2015-12-06T14:00:00+00:00,2015-12-07T08:00:00+00:00,1.08785,1.08415,1.08785,1.08383,288.4187,1.06747,,,64800.00,-9745.96752,254.03248,0.974878,0.518423,0.548859,-2.629423
1548,EURUSD,buy,2015-12-08T05:00:00+00:00,2015-12-08T13:00:00+00:00,1.08639,1.08856,1.08389,1.09040,877.1355,1.90450,,,28800.00,-9744.06302,255.82707,0.974701,0.518734,0.548947,-2.622952
1549,EURUSD,buy,2015-12-08T05:00:00+00:00,2015-12-08T13:00:00+00:00,1.08639,1.08601,1.08639,1.09040,292.3785,-0.10991,,,28800.00,-9744.17293,255.82707,0.974701,0.518399,0.548944,-2.622952
1550,EURUSD,buy,2015-12-15T14:00:00+00:00,2015-12-15T15:00:00+00:00,1.09607,1.09317,1.09355,1.10012,1167.3712,-3.38334,-1.1500,,3600.00,-9747.55626,252.44374,0.975035,0.518065,0.548858,-2.628716
1551,EURUSD,sell,2015-12-17T01:00:00+00:00,2015-12-17T07:00:00+00:00,1.08488,1.08776,1.08738,1.08087,1163.1101,-3.34070,-1.1507,,21600.00,-9750.89696,249.10304,0.975365,0.517730,0.548774,-2.636534
1552,EURUSD,sell,2015-12-26T20:00:00+00:00,2015-12-28T10:00:00+00:00,1.09613,1.09903,1.09865,1.09207,1135.9422,-3.29590,-1.1505,,136800.00,-9754.19286,249.63753,0.975313,0.517397,0.548690,-2.629991
1553,EURUSD,buy,2015-12-25T19:00:00+00:00,2015-12-29T13:00:00+00:00,1.09679,1.09389,1.09427,1.10085,1135.9422,-3.29437,-1.1500,,324000.00,-9757.48724,239.21840,0.976343,0.517064,0.548606,-2.652540
1554,EURUSD,buy,2015-12-28T07:00:00+00:00,2015-12-29T13:00:00+00:00,1.09686,1.09396,1.09434,1.10092,1135.8697,-3.29437,-1.1500,,108000.00,-9760.78160,239.21840,0.976343,0.516731,0.548523,-2.652540
1555,EURUSD,buy,2015-12-30T00:00:00+00:00,2015-12-30T15:00:00+00:00,1.09307,1.09018,1.09055,1.09711,1094.5806,-3.16383,-1.1501,,54000.00,-9763.94544,236.05456,0.976656,0.516399,0.548442,-2.659907
1556,EURUSD,buy,2016-01-03T08:00:00+00:00,2016-01-04T01:00:00+00:00,1.08597,1.08309,1.08347,1.08998,1087.1678,-3.12234,-1.1502,,61200.00,-9767.06778,232.93222,0.976965,0.516067,0.548363,-2.665325
1557,EURUSD,sell,2016-01-06T14:00:00+00:00,2016-01-06T19:00:00+00:00,1.07508,1.07792,1.07755,1.07110,1083.0027,-3.08298,-1.1509,,18000.00,-9770.15077,229.84923,0.977270,0.515735,0.548285,-2.673045
1558,EURUSD,sell,2016-01-10T17:00:00+00:00,2016-01-10T22:00:00+00:00,1.09202,1.09491,1.09453,1.08798,1052.0860,-3.04135,-1.1506,,18000.00,-9773.19212,226.80788,0.977570,0.515404,0.548208,-2.679915
1559,EURUSD,buy,2016-01-11T20:00:00+00:00,2016-01-12T03:00:00+00:00,1.08553,1.08770,1.08303,1.08954,783.7537,1.70040,,,25200.00,-9771.49172,229.14951,0.977339,0.515715,0.548287,-2.668150
1560,EURUSD,buy,2016-01-11T20:00:00+00:00,2016-01-12T04:00:00+00:00,1.08553,1.08738,1.08776,1.08954,261.2512,0.48544,0.8316,,28800.00,-9771.00628,228.99372,0.977354,0.516026,0.548309,-2.668841
1561,EURUSD,sell,2016-01-19T00:00:00+00:00,2016-01-19T03:00:00+00:00,1.08798,1.09086,1.09049,1.08396,1052.0611,-3.03022,-1.1507,,10800.00,-9774.03651,225.96349,0.977654,0.515695,0.548232,-2.673672
1562,EURUSD,buy,2016-01-22T00:00:00+00:00,2016-01-22T02:00:00+00:00,1.08572,1.08284,1.08322,1.08973,1040.9323,-2.98888,-1.1502,,7200.00,-9777.02538,222.97462,0.977949,0.515365,0.548156,-2.680152
1563,EURUSD,buy,2016-01-23T06:00:00+00:00,2016-01-25T08:00:00+00:00,1.07979,1.08195,1.07731,1.08379,774.5975,1.67166,,,180000.00,-9775.35373,225.05193,0.977744,0.515675,0.548234,-2.670302
1564,EURUSD,buy,2016-01-23T06:00:00+00:00,2016-01-25T09:00:00+00:00,1.07979,1.08112,1.08149,1.08379,258.1992,0.34127,0.7792,,183600.00,-9775.01246,223.49899,0.977898,0.515985,0.548249,-2.676621
1565,EURUSD,buy,2016-01-25T08:00:00+00:00,2016-01-25T20:00:00+00:00,1.08299,1.08516,1.08050,1.08700,778.0981,1.68419,,,43200.00,-9773.32827,227.30075,0.977522,0.516294,0.548327,-2.659458
1566,EURUSD,buy,2016-01-25T08:00:00+00:00,2016-01-25T21:00:00+00:00,1.08299,1.08423,1.08461,1.08700,259.3660,0.32157,0.7676,,46800.00,-9773.00670,226.99330,0.977552,0.516603,0.548342,-2.661057
1567,EURUSD,sell,2016-01-27T06:00:00+00:00,2016-01-27T07:00:00+00:00,1.08524,1.08812,1.08774,1.08123,1045.5028,-3.00388,-1.1507,,3600.00,-9776.01058,223.98942,0.977849,0.516273,0.548266,-2.668725
1568,EURUSD,sell,2016-01-29T19:00:00+00:00,2016-02-01T02:00:00+00:00,1.08232,1.08518,1.08481,1.07831,1034.4594,-2.96427,-1.1508,,198000.00,-9778.97486,222.33340,0.978013,0.515944,0.548191,-2.672181
1569,EURUSD,buy,2016-01-31T19:00:00+00:00,2016-02-01T08:00:00+00:00,1.08332,1.08549,1.08083,1.08733,775.5866,1.67927,,,46800.00,-9777.29559,223.12972,0.977934,0.516252,0.548269,-2.669491
1570,EURUSD,buy,2016-01-31T19:00:00+00:00,2016-02-01T09:00:00+00:00,1.08332,1.08412,1.08450,1.08733,258.5289,0.20676,0.6806,,50400.00,-9777.08883,222.91117,0.977956,0.516561,0.548278,-2.670254
1571,EURUSD,buy,2016-02-08T05:00:00+00:00,2016-02-08T09:00:00+00:00,1.11421,1.11644,1.11165,1.11834,750.4551,1.67118,,,14400.00,-9775.41765,225.49687,0.977700,0.516868,0.548355,-2.657093
1572,EURUSD,buy,2016-02-08T05:00:00+00:00,2016-02-08T10:00:00+00:00,1.11421,1.11583,1.11621,1.11834,250.1517,0.40299,0.8072,,18000.00,-9775.01465,224.98535,0.977751,0.517176,0.548374,-2.659334
1573,EURUSD,buy,2016-02-10T18:00:00+00:00,2016-02-10T20:00:00+00:00,1.12613,1.12838,1.12354,1.13029,749.4249,1.68673,,,7200.00,-9773.32792,227.46953,0.977505,0.517483,0.548452,-2.648810
1574,EURUSD,buy,2016-02-10T18:00:00+00:00,2016-02-10T21:00:00+00:00,1.12613,1.12823,1.12862,1.13029,249.8083,0.52552,0.8441,,10800.00,-9772.80240,227.19760,0.977532,0.517789,0.548476,-2.649988
1575,EURUSD,sell,2016-02-12T13:00:00+00:00,2016-02-12T14:00:00+00:00,1.12427,1.12725,1.12686,1.12011,1010.1173,-3.00477,-1.1500,,3600.00,-9775.80717,224.19283,0.977829,0.517460,0.548400,-2.657629
1576,EURUSD,buy,2016-02-14T07:00:00+00:00,2016-02-14T22:00:00+00:00,1.12566,1.12268,1.12307,1.12982,996.1292,-2.96363,-1.1495,,54000.00,-9778.77080,221.22920,0.978122,0.517132,0.548325,-2.665255
1577,EURUSD,buy,2016-02-18T08:00:00+00:00,2016-02-18T11:00:00+00:00,1.11370,1.11076,1.11114,1.11782,993.5116,-2.92498,-1.1497,,10800.00,-9781.69578,218.30422,0.978411,0.516804,0.548251,-2.672046
1578,EURUSD,sell,2016-02-28T23:00:00+00:00,2016-02-29T06:00:00+00:00,1.09211,1.09500,1.09462,1.08807,999.1589,-2.88858,-1.1506,,25200.00,-9784.58436,216.42637,0.978597,0.516477,0.548178,-2.673864
1579,EURUSD,buy,2016-02-27T22:00:00+00:00,2016-02-29T08:00:00+00:00,1.09333,1.09551,1.09081,1.09737,748.9852,1.63664,,,122400.00,-9782.94772,216.95792,0.978544,0.516783,0.548253,-2.672075
1580,EURUSD,buy,2016-02-27T22:00:00+00:00,2016-02-29T08:00:00+00:00,1.09333,1.09295,1.09333,1.09737,249.6617,-0.09437,,,122400.00,-9783.04208,216.95792,0.978544,0.516456,0.548251,-2.672075
1581,EURUSD,buy,2016-03-02T04:00:00+00:00,2016-03-02T14:00:00+00:00,1.08613,1.08325,1.08363,1.09014,999.0694,-2.86974,-1.1502,,36000.00,-9785.91182,214.08818,0.978828,0.516129,0.548178,-2.679665
1582,EURUSD,buy,2016-03-04T11:00:00+00:00,2016-03-04T13:00:00+00:00,1.09874,1.09583,1.09621,1.10280,974.5367,-2.83122,-1.1500,,7200.00,-9788.74304,211.25696,0.979108,0.515803,0.548107,-2.687241
1583,EURUSD,buy,2016-03-06T11:00:00+00:00,2016-03-07T07:00:00+00:00,1.10088,1.09797,1.09835,1.10495,959.7790,-2.79368,-1.1499,,72000.00,-9791.53672,208.46328,0.979384,0.515477,0.548036,-2.696447
1584,EURUSD,sell,2016-03-08T10:00:00+00:00,2016-03-08T14:00:00+00:00,1.10137,1.10428,1.10390,1.09729,946.0982,-2.75797,-1.1504,,14400.00,-9794.29469,205.70531,0.979657,0.515152,0.547966,-2.704416
1585,EURUSD,sell,2016-03-09T17:00:00+00:00,2016-03-09T19:00:00+00:00,1.10253,1.10032,1.10507,1.09845,699.4495,1.54339,,,7200.00,-9792.75130,207.79174,0.979451,0.515457,0.548037,-2.695225
1586,EURUSD,sell,2016-03-09T17:00:00+00:00,2016-03-09T20:00:00+00:00,1.10253,1.10122,1.10084,1.09845,233.1498,0.30516,0.7749,,10800.00,-9792.44613,207.55387,0.979474,0.515763,0.548052,-2.696329
1587,EURUSD,sell,2016-03-13T17:00:00+00:00,2016-03-13T22:00:00+00:00,1.11435,1.11729,1.11691,1.11022,931.0020,-2.74539,-1.1502,,18000.00,-9795.19152,204.80848,0.979746,0.515438,0.547982,-2.703045
1588,EURUSD,sell,2016-03-15T17:00:00+00:00,2016-03-16T08:00:00+00:00,1.11078,1.10855,1.11333,1.10667,691.2293,1.53666,,,54000.00,-9793.65486,206.81671,0.979547,0.515743,0.548053,-2.693524
1589,EURUSD,sell,2016-03-15T17:00:00+00:00,2016-03-16T09:00:00+00:00,1.11078,1.10933,1.10895,1.10667,230.4098,0.33270,0.7905,,57600.00,-9793.32215,206.67785,0.979561,0.516048,0.548068,-2.694162
1590,EURUSD,sell,2016-03-17T20:00:00+00:00,2016-03-18T07:00:00+00:00,1.13143,1.12917,1.13403,1.12724,684.8051,1.55069,,,39600.00,-9791.77147,208.94540,0.979337,0.516352,0.548140,-2.682670
1591,EURUSD,sell,2016-03-17T20:00:00+00:00,2016-03-18T08:00:00+00:00,1.13143,1.13037,1.12998,1.12724,228.2684,0.24230,0.7318,,43200.00,-9791.52917,208.47083,0.979384,0.516656,0.548151,-2.684931
1592,EURUSD,buy,2016-03-18T22:00:00+00:00,2016-03-21T07:00:00+00:00,1.12730,1.12432,1.12471,1.13147,924.9256,-2.75573,-1.1495,,205200.00,-9794.28490,205.71510,0.979656,0.516332,0.548081,-2.692722
1593,EURUSD,buy,2016-03-21T10:00:00+00:00,2016-03-21T13:00:00+00:00,1.12860,1.12562,1.12600,1.13277,911.6476,-2.71925,-1.1494,,10800.00,-9797.00414,202.99586,0.979925,0.516008,0.548013,-2.697084
1594,EURUSD,buy,2016-03-24T02:00:00+00:00,2016-03-24T11:00:00+00:00,1.11743,1.11447,1.11486,1.12156,908.5922,-2.68375,-1.1496,,32400.00,-9799.68790,200.31210,0.980191,0.515684,0.547945,-2.704171
1595,EURUSD,buy,2016-03-25T18:00:00+00:00,2016-03-28T13:00:00+00:00,1.11691,1.11915,1.11435,1.12105,672.7421,1.50175,,,241200.00,-9798.18614,204.96384,0.979731,0.515987,0.548014,-2.675309
1596,EURUSD,buy,2016-03-27T12:00:00+00:00,2016-03-28T13:00:00+00:00,1.11657,1.11881,1.11401,1.12070,672.9470,1.50175,,,90000.00,-9796.68439,204.96384,0.979731,0.516291,0.548083,-2.675309
1597,EURUSD,buy,2016-03-27T12:00:00+00:00,2016-03-28T13:00:00+00:00,1.11657,1.12037,1.11657,1.12070,224.3157,0.85103,,,90000.00,-9795.83336,204.96384,0.979731,0.516594,0.548123,-2.675309
1598,EURUSD,buy,2016-03-25T18:00:00+00:00,2016-03-28T14:00:00+00:00,1.11691,1.11934,1.11973,1.12105,224.2474,0.54472,0.8629,,244800.00,-9795.28864,204.71136,0.979755,0.516896,0.548148,-2.677033
1599,EURUSD,sell,2016-03-30T00:00:00+00:00,2016-03-30T07:00:00+00:00,1.12930,1.13229,1.13190,1.12512,906.0912,-2.70718,-1.1499,,25200.00,-9797.99582,202.00418,0.980023,0.516573,0.548079,-2.683751
1600,EURUSD,sell,2016-04-09T13:00:00+00:00,2016-04-11T01:00:00+00:00,1.13916,1.14217,1.14178,1.13494,886.3720,-2.67099,-1.1498,,129600.00,-9800.66681,199.33319,0.980287,0.516250,0.548012,-2.690381
1601,EURUSD,buy,2016-04-16T11:00:00+00:00,2016-04-18T09:00:00+00:00,1.12857,1.13082,1.12597,1.13274,662.5417,1.49442,,,165600.00,-9799.17239,201.28510,0.980094,0.516552,0.548081,-2.678525
1602,EURUSD,buy,2016-04-16T11:00:00+00:00,2016-04-18T10:00:00+00:00,1.12857,1.12963,1.13002,1.13274,220.8472,0.23466,0.7320,,169200.00,-9798.93773,200.76067,0.980146,0.516854,0.548092,-2.680718
1603,EURUSD,sell,2016-04-18T10:00:00+00:00,2016-04-18T14:00:00+00:00,1.13012,1.13311,1.13272,1.12594,889.2940,-2.65889,-1.1499,,14400.00,-9801.59662,198.40338,0.980379,0.516532,0.548024,-2.688937
1604,EURUSD,buy,2016-04-23T17:00:00+00:00,2016-04-25T07:00:00+00:00,1.12261,1.12485,1.12003,1.12676,662.9534,1.48744,,,136800.00,-9800.10918,200.51473,0.980171,0.516833,0.548093,-2.675517
1605,EURUSD,buy,2016-04-23T17:00:00+00:00,2016-04-25T08:00:00+00:00,1.12261,1.12448,1.12487,1.12676,220.9845,0.41454,0.8288,,140400.00,-9799.69464,200.30536,0.980191,0.517134,0.548112,-2.676507
1606,EURUSD,buy,2016-04-26T04:00:00+00:00,2016-04-26T08:00:00+00:00,1.12660,1.12885,1.12401,1.13077,666.9376,1.50170,,,14400.00,-9798.19294,202.40111,0.979984,0.517435,0.548181,-2.667193
1607,EURUSD,buy,2016-04-26T04:00:00+00:00,2016-04-26T09:00:00+00:00,1.12660,1.12778,1.12817,1.13077,222.3125,0.26315,0.7529,,18000.00,-9797.92979,202.07021,0.980017,0.517735,0.548193,-2.668739
1608,EURUSD,sell,2016-04-27T10:00:00+00:00,2016-04-27T17:00:00+00:00,1.13049,1.13348,1.13309,1.12631,893.4597,-2.67221,-1.1499,,25200.00,-9800.60199,199.39801,0.980281,0.517413,0.548126,-2.676579
1609,EURUSD,buy,2016-04-28T12:00:00+00:00,2016-04-28T14:00:00+00:00,1.13489,1.13189,1.13228,1.13909,878.7537,-2.63550,-1.1493,,7200.00,-9803.23749,196.76251,0.980542,0.517091,0.548059,-2.684406
1610,EURUSD,sell,2016-05-04T21:00:00+00:00,2016-05-05T07:00:00+00:00,1.14816,1.14586,1.15080,1.14391,642.4549,1.47629,,,36000.00,-9801.76120,198.15433,0.980404,0.517391,0.548127,-2.677309
1611,EURUSD,sell,2016-05-04T21:00:00+00:00,2016-05-05T07:00:00+00:00,1.14816,1.14855,1.14816,1.14391,214.1516,-0.08447,,,36000.00,-9801.84567,198.15433,0.980404,0.517070,0.548125,-2.677309
1612,EURUSD,sell,2016-05-08T10:00:00+00:00,2016-05-10T02:00:00+00:00,1.13989,1.13761,1.14251,1.13567,651.6920,1.48674,,,144000.00,-9800.35894,200.08594,0.980213,0.517370,0.548194,-2.667735
1613,EURUSD,sell,2016-05-08T10:00:00+00:00,2016-05-10T03:00:00+00:00,1.13989,1.13873,1.13834,1.13567,217.2307,0.25121,0.7471,,147600.00,-9800.10773,199.89227,0.980232,0.517669,0.548205,-2.668515
1614,EURUSD,buy,2016-05-12T13:00:00+00:00,2016-05-12T15:00:00+00:00,1.14150,1.13849,1.13888,1.14572,875.8293,-2.64178,-1.1492,,7200.00,-9802.74951,197.25049,0.980493,0.517348,0.548139,-2.675918
1615,EURUSD,buy,2016-05-13T16:00:00+00:00,2016-05-16T07:00:00+00:00,1.12976,1.13202,1.12716,1.13394,654.9285,1.47880,,,226800.00,-9801.27071,199.13779,0.980307,0.517647,0.548207,-2.661748
1616,EURUSD,buy,2016-05-13T16:00:00+00:00,2016-05-16T08:00:00+00:00,1.12976,1.13099,1.13138,1.13394,218.3095,0.26891,0.7598,,230400.00,-9801.00180,198.99820,0.980320,0.517946,0.548219,-2.662364
1617,EURUSD,sell,2016-05-19T18:00:00+00:00,2016-05-20T06:00:00+00:00,1.11968,1.12265,1.12226,1.11554,888.3690,-2.63201,-1.1501,,43200.00,-9803.63380,196.36620,0.980581,0.517625,0.548153,-2.670211
1618,EURUSD,buy,2016-05-21T07:00:00+00:00,2016-05-23T12:00:00+00:00,1.12256,1.11959,1.11998,1.12671,874.9006,-2.59590,-1.1495,,190800.00,-9806.22971,191.17439,0.981094,0.517305,0.548087,-2.685064
1619,EURUSD,buy,2016-05-22T18:00:00+00:00,2016-05-23T12:00:00+00:00,1.12256,1.11959,1.11998,1.12671,874.9006,-2.59590,-1.1495,,64800.00,-9808.82561,191.17439,0.981094,0.516986,0.548021,-2.685064
1620,EURUSD,buy,2016-05-25T09:00:00+00:00,2016-05-26T00:00:00+00:00,1.11496,1.11719,1.11240,1.11909,643.1766,1.43325,,,54000.00,-9807.39236,193.05049,0.980909,0.517284,0.548088,-2.682050
1621,EURUSD,buy,2016-05-25T09:00:00+00:00,2016-05-26T01:00:00+00:00,1.11496,1.11624,1.11662,1.11909,214.3922,0.27242,0.7675,,57600.00,-9807.11995,192.88005,0.980926,0.517582,0.548100,-2.682700
1622,EURUSD,sell,2016-05-29T17:00:00+00:00,2016-05-30T08:00:00+00:00,1.11083,1.11377,1.11338,1.10672,867.9221,-2.55143,-1.1503,,54000.00,-9809.67137,190.32863,0.981178,0.517263,0.548036,-2.690339
1623,EURUSD,sell,2016-06-01T10:00:00+00:00,2016-06-01T12:00:00+00:00,1.11543,1.11838,1.11799,1.11130,852.9102,-2.51750,-1.1502,,7200.00,-9812.18888,187.81112,0.981427,0.516944,0.547972,-2.697680
1624,EURUSD,sell,2016-06-02T20:00:00+00:00,2016-06-03T12:00:00+00:00,1.11471,1.11766,1.11727,1.11058,842.1721,-2.48423,-1.1502,,57600.00,-9814.67310,185.32690,0.981672,0.516626,0.547909,-2.707172
1625,EURUSD,sell,2016-06-04T18:00:00+00:00,2016-06-06T04:00:00+00:00,1.13624,1.13396,1.13885,1.13203,611.4623,1.39049,,,122400.00,-9813.28261,187.14114,0.981493,0.516923,0.547973,-2.699957
1626,EURUSD,sell,2016-06-04T18:00:00+00:00,2016-06-06T05:00:00+00:00,1.13624,1.13464,1.13425,1.13203,203.8208,0.32586,0.8038,,126000.00,-9812.95676,187.04324,0.981503,0.517220,0.547988,-2.700369
1627,EURUSD,sell,2016-06-06T16:00:00+00:00,2016-06-07T11:00:00+00:00,1.13744,1.13516,1.14006,1.13323,616.4743,1.40337,,,68400.00,-9811.55338,189.02583,0.981307,0.517517,0.548053,-2.693446
1628,EURUSD,sell,2016-06-06T16:00:00+00:00,2016-06-07T12:00:00+00:00,1.13744,1.13648,1.13609,1.13323,205.4914,0.19682,0.7102,,72000.00,-9811.35656,188.64344,0.981344,0.517813,0.548062,-2.695023
1629,EURUSD,buy,2016-06-11T04:00:00+00:00,2016-06-13T14:00:00+00:00,1.12532,1.12757,1.12273,1.12948,628.8226,1.41427,,,208800.00,-9809.94229,190.85917,0.981125,0.518109,0.548127,-2.684260
1630,EURUSD,buy,2016-06-11T04:00:00+00:00,2016-06-13T14:00:00+00:00,1.12532,1.12914,1.12532,1.12948,209.6075,0.80145,,,208800.00,-9809.14083,190.85917,0.981125,0.518405,0.548164,-2.684260
1631,EURUSD,sell,2016-06-14T04:00:00+00:00,2016-06-14T07:00:00+00:00,1.12846,1.12620,1.13106,1.12428,634.0555,1.43200,,,10800.00,-9807.70883,193.00371,0.980913,0.518700,0.548230,-2.674362
1632,EURUSD,sell,2016-06-14T04:00:00+00:00,2016-06-14T08:00:00+00:00,1.12846,1.12597,1.12558,1.12428,211.3518,0.52704,0.8654,,14400.00,-9807.18179,192.81821,0.980932,0.518995,0.548254,-2.675277
1633,EURUSD,sell,2016-06-16T03:00:00+00:00,2016-06-16T06:00:00+00:00,1.12605,1.12903,1.12864,1.12188,855.9123,-2.55002,-1.1500,,10800.00,-9809.73181,190.26819,0.981184,0.518677,0.548190,-2.682590
1634,EURUSD,sell,2016-06-19T17:00:00+00:00,2016-06-19T21:00:00+00:00,1.12698,1.12996,1.12957,1.12281,843.8961,-2.51626,-1.1500,,14400.00,-9812.24808,187.75192,0.981433,0.518360,0.548127,-2.689492
1635,EURUSD,buy,2016-06-22T17:00:00+00:00,2016-06-22T21:00:00+00:00,1.13011,1.13237,1.12751,1.13429,623.1974,1.40759,,,14400.00,-9810.84049,189.07870,0.981301,0.518654,0.548191,-2.682611
1636,EURUSD,buy,2016-06-22T17:00:00+00:00,2016-06-22T21:00:00+00:00,1.13011,1.12972,1.13011,1.13429,207.7325,-0.08081,,,14400.00,-9810.92130,189.07870,0.981301,0.518337,0.548189,-2.682611
1637,EURUSD,sell,2016-06-25T15:00:00+00:00,2016-06-26T21:00:00+00:00,1.10880,1.10658,1.11135,1.10469,639.2805,1.41864,,,108000.00,-9809.50266,193.52372,0.980862,0.518632,0.548255,-2.657789
1638,EURUSD,sell,2016-06-25T15:00:00+00:00,2016-06-26T21:00:00+00:00,1.10880,1.10502,1.10880,1.10469,213.0935,0.80387,,,108000.00,-9808.69879,193.52372,0.980862,0.518926,0.548292,-2.657789
1639,EURUSD,sell,2016-06-26T19:00:00+00:00,2016-06-26T21:00:00+00:00,1.10880,1.10658,1.11135,1.10469,639.2805,1.41864,,,7200.00,-9807.28014,193.52372,0.980862,0.519219,0.548357,-2.657789
1640,EURUSD,sell,2016-06-26T19:00:00+00:00,2016-06-26T21:00:00+00:00,1.10880,1.10502,1.10880,1.10469,213.0935,0.80387,,,7200.00,-9806.47628,193.52372,0.980862,0.519512,0.548394,-2.657789
1641,EURUSD,sell,2016-07-08T03:00:00+00:00,2016-07-08T12:00:00+00:00,1.10781,1.10559,1.11036,1.10371,654.8938,1.45199,,,32400.00,-9805.02428,194.89225,0.980727,0.519805,0.548461,-2.647422
1642,EURUSD,sell,2016-07-08T03:00:00+00:00,2016-07-08T12:00:00+00:00,1.10781,1.10819,1.10781,1.10371,218.2979,-0.08347,,,32400.00,-9805.10775,194.89225,0.980727,0.519488,0.548459,-2.647422
1643,EURUSD,sell,2016-07-09T18:00:00+00:00,2016-07-11T07:00:00+00:00,1.10464,1.10243,1.10718,1.10055,661.4170,1.46226,,,133200.00,-9803.64549,196.82379,0.980536,0.519781,0.548526,-2.640416
1644,EURUSD,sell,2016-07-09T18:00:00+00:00,2016-07-11T08:00:00+00:00,1.10464,1.10434,1.10396,1.10055,220.4723,0.06555,0.4382,,136800.00,-9803.57994,196.42006,0.980575,0.520073,0.548529,-2.642126
1645,EURUSD,sell,2016-07-18T08:00:00+00:00,2016-07-18T15:00:00+00:00,1.10477,1.10769,1.10731,1.10068,888.6981,-2.59850,-1.1504,,25200.00,-9806.17844,193.82156,0.980832,0.519757,0.548463,-2.647454
1646,EURUSD,buy,2016-07-20T00:00:00+00:00,2016-07-20T06:00:00+00:00,1.10175,1.09884,1.09922,1.10583,879.8713,-2.56308,-1.1499,,21600.00,-9808.74152,191.25848,0.981086,0.519441,0.548399,-2.653977
1647,EURUSD,sell,2016-07-22T07:00:00+00:00,2016-07-22T14:00:00+00:00,1.10224,1.10003,1.10478,1.09816,650.4978,1.43500,,,25200.00,-9807.30652,193.50662,0.980864,0.519733,0.548465,-2.643331
1648,EURUSD,sell,2016-07-22T07:00:00+00:00,2016-07-22T14:00:00+00:00,1.10224,1.09849,1.10224,1.09816,216.8326,0.81314,,,25200.00,-9806.49338,193.50662,0.980864,0.520024,0.548502,-2.643331
1649,EURUSD,sell,2016-07-24T21:00:00+00:00,2016-07-25T09:00:00+00:00,1.09679,1.09969,1.09931,1.09273,881.8845,-2.56027,-1.1505,,43200.00,-9809.05366,190.94634,0.981117,0.519709,0.548438,-2.652235
1650,EURUSD,buy,2016-07-28T09:00:00+00:00,2016-07-28T17:00:00+00:00,1.10971,1.10678,1.10716,1.11382,860.5994,-2.52475,-1.1498,,28800.00,-9811.57841,188.42159,0.981366,0.519394,0.548374,-2.659083
1651,EURUSD,buy,2016-07-30T14:00:00+00:00,2016-08-02T07:00:00+00:00,1.11760,1.11983,1.11503,1.12173,632.4231,1.41261,,,234000.00,-9810.16579,190.33694,0.981177,0.519685,0.548439,-2.652607
1652,EURUSD,buy,2016-07-30T14:00:00+00:00,2016-08-02T08:00:00+00:00,1.11760,1.11887,1.11926,1.12173,210.8077,0.26964,0.7683,,237600.00,-9809.89616,190.10384,0.981200,0.519976,0.548451,-2.653764
1653,EURUSD,buy,2016-08-02T13:00:00+00:00,2016-08-03T09:00:00+00:00,1.12185,1.11888,1.11927,1.12600,847.5352,-2.51314,-1.1496,,72000.00,-9812.40930,187.59070,0.981449,0.519661,0.548388,-2.660756
1654,EURUSD,sell,2016-08-04T04:00:00+00:00,2016-08-04T11:00:00+00:00,1.11426,1.11203,1.11682,1.11013,631.1425,1.40748,,,25200.00,-9811.00182,189.43064,0.981267,0.519952,0.548453,-2.652345
1655,EURUSD,sell,2016-08-04T04:00:00+00:00,2016-08-04T12:00:00+00:00,1.11426,1.11425,1.11387,1.11013,210.3808,0.00030,0.0038,,28800.00,-9811.00152,188.99848,0.981309,0.520242,0.548453,-2.654388
1656,EURUSD,buy,2016-08-05T15:00:00+00:00,2016-08-09T13:00:00+00:00,1.10828,1.11050,1.10573,1.11238,639.6898,1.41694,,,338400.00,-9809.58458,190.33386,0.981177,0.520531,0.548518,-2.646364
1657,EURUSD,buy,2016-08-05T15:00:00+00:00,2016-08-09T13:00:00+00:00,1.10828,1.10790,1.10828,1.11238,213.2299,-0.08155,,,338400.00,-9809.66614,190.33386,0.981177,0.520217,0.548516,-2.646364
1658,EURUSD,sell,2016-08-11T00:00:00+00:00,2016-08-11T07:00:00+00:00,1.11806,1.11583,1.12064,1.11393,638.1903,1.42806,,,25200.00,-9808.23808,192.44787,0.980968,0.520507,0.548582,-2.634965
1659,EURUSD,sell,2016-08-11T00:00:00+00:00,2016-08-11T08:00:00+00:00,1.11806,1.11531,1.11493,1.11393,212.7301,0.58500,0.8773,,28800.00,-9807.65307,192.34693,0.980978,0.520796,0.548608,-2.635470
1660,EURUSD,sell,2016-08-22T16:00:00+00:00,2016-08-23T07:00:00+00:00,1.13160,1.13459,1.13420,1.12741,849.6339,-2.54358,-1.1499,,54000.00,-9810.19665,189.80335,0.981230,0.520482,0.548544,-2.636900
1661,EURUSD,buy,2016-08-23T21:00:00+00:00,2016-08-24T09:00:00+00:00,1.13108,1.12809,1.12848,1.13526,839.2882,-2.50883,-1.1494,,43200.00,-9812.70548,187.29452,0.981478,0.520169,0.548481,-2.643788
1662,EURUSD,buy,2016-08-25T07:00:00+00:00,2016-08-26T06:00:00+00:00,1.12808,1.13033,1.12548,1.13225,622.7982,1.40416,,,82800.00,-9811.30132,189.06233,0.981303,0.520457,0.548546,-2.637837
1663,EURUSD,buy,2016-08-25T07:00:00+00:00,2016-08-26T07:00:00+00:00,1.12808,1.12873,1.12912,1.13225,207.5994,0.13555,0.6268,,86400.00,-9811.16576,188.83424,0.981326,0.520746,0.548552,-2.638795
1664,EURUSD,buy,2016-08-29T22:00:00+00:00,2016-08-30T05:00:00+00:00,1.11906,1.11610,1.11648,1.12319,843.9745,-2.49646,-1.1496,,25200.00,-9813.66223,186.33777,0.981573,0.520433,0.548489,-2.644053
1665,EURUSD,sell,2016-09-04T01:00:00+00:00,2016-09-05T05:00:00+00:00,1.11506,1.11801,1.11762,1.11093,835.3032,-2.46473,-1.1502,,100800.00,-9816.12696,183.87304,0.981816,0.520120,0.548427,-2.650413
1666,EURUSD,buy,2016-09-06T12:00:00+00:00,2016-09-06T14:00:00+00:00,1.11626,1.11850,1.11370,1.12039,617.8917,1.37851,,,7200.00,-9814.74845,185.17228,0.981688,0.520408,0.548490,-2.644470
1667,EURUSD,buy,2016-09-06T12:00:00+00:00,2016-09-06T14:00:00+00:00,1.11626,1.11588,1.11626,1.12039,205.9639,-0.07927,,,7200.00,-9814.82772,185.17228,0.981688,0.520096,0.548488,-2.644470
1668,EURUSD,buy,2016-09-07T18:00:00+00:00,2016-09-08T08:00:00+00:00,1.12470,1.12695,1.12211,1.12886,617.5923,1.38825,,,50400.00,-9813.43946,187.08810,0.981498,0.520384,0.548552,-2.638384
1669,EURUSD,buy,2016-09-07T18:00:00+00:00,2016-09-08T09:00:00+00:00,1.12470,1.12645,1.12684,1.12886,205.8641,0.36122,0.8189,,54000.00,-9813.07824,186.92176,0.981515,0.520671,0.548568,-2.639186
1670,EURUSD,sell,2016-09-10T06:00:00+00:00,2016-09-12T06:00:00+00:00,1.12284,1.12581,1.12543,1.11869,832.1095,-2.47216,-1.1501,,172800.00,-9815.55041,184.44959,0.981759,0.520359,0.548506,-2.644323
1671,EURUSD,buy,2016-09-13T17:00:00+00:00,2016-09-13T18:00:00+00:00,1.12324,1.12027,1.12065,1.12739,821.3091,-2.43834,-1.1495,,3600.00,-9817.98875,182.01125,0.982000,0.520048,0.548445,-2.651865
1672,EURUSD,sell,2016-09-21T10:00:00+00:00,2016-09-21T18:00:00+00:00,1.11434,1.11728,1.11690,1.11021,816.4356,-2.40753,-1.1502,,28800.00,-9820.39628,179.60372,0.982238,0.519737,0.548384,-2.656708
1673,EURUSD,buy,2016-09-22T21:00:00+00:00,2016-09-23T17:00:00+00:00,1.12107,1.12331,1.11849,1.12521,600.9601,1.34650,,,72000.00,-9819.04977,181.47782,0.982053,0.520024,0.548446,-2.646597
1674,EURUSD,buy,2016-09-22T21:00:00+00:00,2016-09-23T18:00:00+00:00,1.12107,1.12265,1.12304,1.12521,200.3200,0.31788,0.8040,,75600.00,-9818.73189,181.26811,0.982074,0.520311,0.548460,-2.647685
1675,EURUSD,sell,2016-09-24T12:00:00+00:00,2016-09-26T10:00:00+00:00,1.12203,1.12500,1.12461,1.11788,807.5239,-2.39742,-1.1501,,165600.00,-9821.12931,177.50127,0.982446,0.520000,0.548400,-2.660506
1676,EURUSD,sell,2016-09-26T02:00:00+00:00,2016-09-26T11:00:00+00:00,1.12276,1.12573,1.12535,1.11861,806.9990,-2.39739,-1.1501,,32400.00,-9823.52670,176.47330,0.982548,0.519690,0.548340,-2.662693
1677,EURUSD,sell,2016-09-29T22:00:00+00:00,2016-09-30T07:00:00+00:00,1.12197,1.11973,1.12455,1.11782,589.6543,1.32407,,,32400.00,-9822.20263,178.54764,0.982343,0.519976,0.548400,-2.656670
1678,EURUSD,sell,2016-09-29T22:00:00+00:00,2016-09-30T07:00:00+00:00,1.12197,1.11816,1.12197,1.11782,196.5514,0.75028,,,32400.00,-9821.45236,178.54764,0.982343,0.520262,0.548435,-2.656670
1679,EURUSD,buy,2016-10-02T20:00:00+00:00,2016-10-03T14:00:00+00:00,1.12426,1.12129,1.12167,1.12842,794.3076,-2.36029,-1.1495,,64800.00,-9823.81264,176.18736,0.982576,0.519952,0.548375,-2.663598
1680,EURUSD,sell,2016-10-06T12:00:00+00:00,2016-10-06T15:00:00+00:00,1.11762,1.11539,1.12020,1.11349,590.9895,1.32192,,,10800.00,-9822.49072,177.89039,0.982408,0.520238,0.548436,-2.654673
1681,EURUSD,sell,2016-10-06T12:00:00+00:00,2016-10-06T16:00:00+00:00,1.11762,1.11692,1.11654,1.11349,196.9965,0.13783,0.6451,,14400.00,-9822.35290,177.64710,0.982432,0.520523,0.548442,-2.655887
1682,EURUSD,buy,2016-10-10T04:00:00+00:00,2016-10-10T07:00:00+00:00,1.11946,1.11650,1.11688,1.12360,793.6910,-2.34855,-1.1496,,10800.00,-9824.70145,175.29855,0.982664,0.520214,0.548383,-2.662221
1683,EURUSD,buy,2016-10-14T11:00:00+00:00,2016-10-14T15:00:00+00:00,1.10093,1.09802,1.09840,1.10500,796.3772,-2.31816,-1.1499,,14400.00,-9827.01961,172.98039,0.982893,0.519905,0.548325,-2.668543
1684,EURUSD,buy,2016-10-16T13:00:00+00:00,2016-10-17T09:00:00+00:00,1.09730,1.09949,1.09478,1.10136,591.3347,1.29685,,,72000.00,-9825.72276,174.60659,0.982733,0.520190,0.548384,-2.659660
1685,EURUSD,buy,2016-10-16T13:00:00+00:00,2016-10-17T10:00:00+00:00,1.09730,1.09832,1.09870,1.10136,197.1116,0.20131,0.7290,,75600.00,-9825.52145,174.47855,0.982745,0.520475,0.548394,-2.660349
1686,EURUSD,buy,2016-10-18T17:00:00+00:00,2016-10-19T13:00:00+00:00,1.09844,1.09554,1.09591,1.10250,794.4493,-2.30741,-1.1500,,72000.00,-9827.82886,172.17114,0.982973,0.520166,0.548336,-2.671834
1687,EURUSD,buy,2016-10-19T17:00:00+00:00,2016-10-20T12:00:00+00:00,1.09673,1.09892,1.09421,1.10079,588.8743,1.29078,,,68400.00,-9826.53808,173.38752,0.982853,0.520451,0.548395,-2.665315
1688,EURUSD,buy,2016-10-19T17:00:00+00:00,2016-10-20T12:00:00+00:00,1.09673,1.09635,1.09673,1.10079,196.2914,-0.07440,,,68400.00,-9826.61248,173.38752,0.982853,0.520142,0.548393,-2.665315
1689,EURUSD,buy,2016-10-26T11:00:00+00:00,2016-10-26T19:00:00+00:00,1.09253,1.08964,1.09002,1.09657,793.7535,-2.29319,-1.1501,,28800.00,-9828.90567,171.09433,0.983080,0.519834,0.548335,-2.670848
1690,EURUSD,sell,2016-10-31T11:00:00+00:00,2016-10-31T18:00:00+00:00,1.09472,1.09762,1.09724,1.09067,781.2170,-2.26381,-1.1506,,25200.00,-9831.16948,168.83052,0.983304,0.519527,0.548278,-2.676753
1691,EURUSD,sell,2016-11-02T04:00:00+00:00,2016-11-02T08:00:00+00:00,1.10661,1.10954,1.10915,1.10251,762.6001,-2.23344,-1.1503,,14400.00,-9833.40293,166.59707,0.983525,0.519219,0.548222,-2.683793
1692,EURUSD,buy,2016-11-03T22:00:00+00:00,2016-11-04T12:00:00+00:00,1.11089,1.10796,1.10834,1.11500,750.0589,-2.20275,-1.1497,,50400.00,-9835.60568,164.39432,0.983743,0.518913,0.548166,-2.692162
1693,EURUSD,sell,2016-11-06T00:00:00+00:00,2016-11-06T22:00:00+00:00,1.11346,1.11123,1.11602,1.10933,553.4964,1.23344,,,79200.00,-9834.37224,166.32668,0.983551,0.519197,0.548223,-2.680358
1694,EURUSD,sell,2016-11-06T00:00:00+00:00,2016-11-06T22:00:00+00:00,1.11346,1.10967,1.11346,1.10933,184.4988,0.69892,,,79200.00,-9833.67332,166.32668,0.983551,0.519481,0.548255,-2.680358
1695,EURUSD,sell,2016-11-10T11:00:00+00:00,2016-11-10T12:00:00+00:00,1.08949,1.08731,1.09200,1.08546,572.3193,1.24794,,,3600.00,-9832.42538,167.50272,0.983435,0.519764,0.548313,-2.673359
1696,EURUSD,sell,2016-11-10T11:00:00+00:00,2016-11-10T12:00:00+00:00,1.08949,1.08987,1.08949,1.08546,190.7731,-0.07190,,,3600.00,-9832.49728,167.50272,0.983435,0.519458,0.548311,-2.673359
1697,EURUSD,sell,2016-11-20T15:00:00+00:00,2016-11-21T00:00:00+00:00,1.05834,1.06115,1.06078,1.05443,791.1073,-2.21761,-1.1512,,32400.00,-9834.71488,165.28512,0.983654,0.519151,0.548255,-2.669029
1698,EURUSD,buy,2016-11-21T15:00:00+00:00,2016-11-21T16:00:00+00:00,1.06251,1.05970,1.06007,1.06644,778.0393,-2.18710,-1.1506,,3600.00,-9836.90198,163.09802,0.983871,0.518846,0.548200,-2.676804
1699,EURUSD,buy,2016-11-23T03:00:00+00:00,2016-11-23T09:00:00+00:00,1.06291,1.06010,1.06046,1.06684,767.4551,-2.15815,-1.1506,,21600.00,-9839.06013,160.93987,0.984084,0.518540,0.548145,-2.683809
1700,EURUSD,sell,2016-11-24T23:00:00+00:00,2016-11-25T06:00:00+00:00,1.05569,1.05849,1.05812,1.05179,762.0187,-2.13081,-1.1513,,25200.00,-9841.19094,158.80906,0.984295,0.518235,0.548092,-2.692528
1701,EURUSD,buy,2016-11-30T02:00:00+00:00,2016-11-30T11:00:00+00:00,1.06416,1.06629,1.06171,1.06810,559.7966,1.19060,,,32400.00,-9840.00034,160.09685,0.984168,0.518519,0.548147,-2.684293
1702,EURUSD,buy,2016-11-30T02:00:00+00:00,2016-11-30T12:00:00+00:00,1.06416,1.06414,1.06451,1.06810,186.5989,-0.00345,-0.0527,,36000.00,-9840.00379,159.99621,0.984178,0.518214,0.548146,-2.684830
1703,EURUSD,buy,2016-12-03T16:00:00+00:00,2016-12-04T22:00:00+00:00,1.06664,1.06382,1.06419,1.07059,750.2261,-2.11697,-1.1506,,108000.00,-9842.12076,157.87924,0.984387,0.517910,0.548093,-2.691376
1704,EURUSD,buy,2016-12-07T05:00:00+00:00,2016-12-07T14:00:00+00:00,1.07217,1.07431,1.06971,1.07614,552.3601,1.18363,,,32400.00,-9840.93713,159.44924,0.984232,0.518192,0.548147,-2.682326
1705,EURUSD,buy,2016-12-07T05:00:00+00:00,2016-12-07T15:00:00+00:00,1.07217,1.07360,1.07397,1.07614,184.1200,0.26260,0.7931,,36000.00,-9840.67452,159.32548,0.984244,0.518475,0.548160,-2.683014
1706,EURUSD,sell,2016-12-12T02:00:00+00:00,2016-12-12T09:00:00+00:00,1.05601,1.05881,1.05844,1.05210,754.1463,-2.10943,-1.1513,,25200.00,-9842.78395,157.21605,0.984452,0.518171,0.548106,-2.688845
1707,EURUSD,buy,2016-12-17T05:00:00+00:00,2016-12-19T06:00:00+00:00,1.04514,1.04723,1.04274,1.04901,564.2642,1.17866,,,176400.00,-9841.60529,158.85300,0.984291,0.518453,0.548161,-2.681199
1708,EURUSD,buy,2016-12-17T05:00:00+00:00,2016-12-19T07:00:00+00:00,1.04514,1.04568,1.04604,1.04901,188.0881,0.10020,0.5942,,180000.00,-9841.50509,158.49491,0.984326,0.518735,0.548165,-2.683098
1709,EURUSD,buy,2016-12-20T11:00:00+00:00,2016-12-20T12:00:00+00:00,1.03816,1.03541,1.03577,1.04200,763.5733,-2.09813,-1.1511,,3600.00,-9843.60321,156.39679,0.984533,0.518432,0.548112,-2.690434
1710,EURUSD,buy,2016-12-24T20:00:00+00:00,2016-12-28T10:00:00+00:00,1.04563,1.04287,1.04323,1.04950,748.0809,-2.07008,-1.1510,,309600.00,-9845.67329,154.32671,0.984738,0.518129,0.548060,-2.690999
1711,EURUSD,sell,2016-12-28T11:00:00+00:00,2016-12-28T13:00:00+00:00,1.04142,1.03933,1.04381,1.03756,555.5424,1.15790,,,7200.00,-9844.51539,155.86932,0.984586,0.518410,0.548113,-2.686237
1712,EURUSD,sell,2016-12-28T11:00:00+00:00,2016-12-28T14:00:00+00:00,1.04142,1.04039,1.04003,1.03756,185.1808,0.18989,0.7391,,10800.00,-9844.32550,155.67450,0.984605,0.518692,0.548122,-2.686935
1713,EURUSD,sell,2016-12-30T15:00:00+00:00,2016-12-30T21:00:00+00:00,1.05447,1.05236,1.05690,1.05057,553.4556,1.16801,,,21600.00,-9843.15748,157.39110,0.984435,0.518973,0.548176,-2.677351
1714,EURUSD,sell,2016-12-30T15:00:00+00:00,2016-12-30T22:00:00+00:00,1.05447,1.05187,1.05150,1.05057,184.4852,0.48116,0.8771,,25200.00,-9842.67633,157.32367,0.984442,0.519253,0.548198,-2.677739
1715,EURUSD,buy,2017-01-01T05:00:00+00:00,2017-01-02T08:00:00+00:00,1.05182,1.04903,1.04940,1.05571,748.0916,-2.08213,-1.1508,,97200.00,-9844.75846,155.24154,0.984648,0.518950,0.548145,-2.683155
1716,EURUSD,sell,2017-01-04T18:00:00+00:00,2017-01-04T19:00:00+00:00,1.04749,1.05026,1.04990,1.04361,740.7976,-2.05566,-1.1514,,3600.00,-9846.81411,153.18589,0.984851,0.518648,0.548094,-2.690085
1717,EURUSD,buy,2017-01-05T23:00:00+00:00,2017-01-06T01:00:00+00:00,1.06071,1.05790,1.05827,1.06463,722.3092,-2.02706,-1.1507,,7200.00,-9848.84117,151.15883,0.985051,0.518346,0.548043,-2.693820
1718,EURUSD,sell,2017-01-07T04:00:00+00:00,2017-01-09T08:00:00+00:00,1.05258,1.05537,1.05501,1.04869,717.8214,-2.00142,-1.1513,,187200.00,-9850.84259,149.15741,0.985249,0.518044,0.547992,-2.699368
1719,EURUSD,buy,2017-01-11T17:00:00+00:00,2017-01-11T18:00:00+00:00,1.05615,1.05826,1.05372,1.06005,529.7636,1.11824,,,3600.00,-9849.72435,150.21087,0.985145,0.518325,0.548044,-2.693223
1720,EURUSD,buy,2017-01-11T17:00:00+00:00,2017-01-11T18:00:00+00:00,1.05615,1.05578,1.05615,1.06005,176.5879,-0.06478,,,3600.00,-9849.78913,150.21087,0.985145,0.518023,0.548042,-2.693223
1721,EURUSD,sell,2017-01-14T20:00:00+00:00,2017-01-15T22:00:00+00:00,1.06388,1.06175,1.06633,1.05994,529.3091,1.12702,,,93600.00,-9848.66211,151.63267,0.985005,0.518303,0.548094,-2.683986
1722,EURUSD,sell,2017-01-14T20:00:00+00:00,2017-01-15T23:00:00+00:00,1.06388,1.06334,1.06297,1.05994,176.4364,0.09560,0.5949,,97200.00,-9848.56651,151.43349,0.985024,0.518583,0.548098,-2.685160
1723,EURUSD,sell,2017-01-17T18:00:00+00:00,2017-01-18T12:00:00+00:00,1.07000,1.06786,1.07246,1.06604,530.5662,1.13619,,,64800.00,-9847.43031,153.18318,0.984851,0.518862,0.548150,-2.669529
1724,EURUSD,sell,2017-01-17T18:00:00+00:00,2017-01-18T13:00:00+00:00,1.07000,1.06772,1.06735,1.06604,176.8554,0.40300,0.8602,,68400.00,-9847.02732,152.97268,0.984872,0.519142,0.548169,-2.670882
1725,EURUSD,buy,2017-01-19T07:00:00+00:00,2017-01-19T09:00:00+00:00,1.06451,1.06664,1.06206,1.06845,539.0462,1.14685,,,7200.00,-9845.88047,154.40356,0.984731,0.519420,0.548221,-2.663212
1726,EURUSD,buy,2017-01-19T07:00:00+00:00,2017-01-19T10:00:00+00:00,1.06451,1.06496,1.06533,1.06845,179.6821,0.08107,0.5497,,10800.00,-9845.79940,154.20060,0.984751,0.519699,0.548225,-2.664341
1727,EURUSD,buy,2017-01-29T18:00:00+00:00,2017-01-30T00:00:00+00:00,1.06990,1.07204,1.06744,1.07386,540.6349,1.15605,,,21600.00,-9844.64335,155.78720,0.984594,0.519977,0.548278,-2.653812
1728,EURUSD,buy,2017-01-29T18:00:00+00:00,2017-01-30T01:00:00+00:00,1.06990,1.07192,1.07229,1.07386,180.2116,0.36357,0.8444,,25200.00,-9844.27978,155.72022,0.984600,0.520255,0.548295,-2.654109
1729,EURUSD,buy,2017-01-31T11:00:00+00:00,2017-01-31T14:00:00+00:00,1.07537,1.07752,1.07290,1.07935,543.1848,1.16745,,,10800.00,-9843.11234,156.82020,0.984492,0.520532,0.548348,-2.648389
1730,EURUSD,buy,2017-01-31T11:00:00+00:00,2017-01-31T14:00:00+00:00,1.07537,1.07500,1.07537,1.07935,181.0616,-0.06746,,,10800.00,-9843.17980,156.82020,0.984492,0.520231,0.548347,-2.648389
1731,EURUSD,sell,2017-02-02T08:00:00+00:00,2017-02-02T17:00:00+00:00,1.08101,1.07884,1.08349,1.07700,543.8449,1.17661,,,32400.00,-9842.00319,158.40027,0.984335,0.520508,0.548401,-2.639759
1732,EURUSD,sell,2017-02-02T08:00:00+00:00,2017-02-02T18:00:00+00:00,1.08101,1.07983,1.07946,1.07700,181.2816,0.21242,0.7581,,36000.00,-9841.79077,158.20923,0.984354,0.520785,0.548411,-2.640807
1733,EURUSD,buy,2017-02-04T14:00:00+00:00,2017-02-06T07:00:00+00:00,1.07850,1.07565,1.07602,1.08249,733.6865,-2.09292,-1.1503,,147600.00,-9843.88369,157.78144,0.984397,0.520485,0.548358,-2.641173
1734,EURUSD,sell,2017-02-05T14:00:00+00:00,2017-02-06T07:00:00+00:00,1.07786,1.07570,1.08034,1.07387,550.2649,1.18703,,,61200.00,-9842.69666,157.78144,0.984397,0.520761,0.548412,-2.641173
1735,EURUSD,sell,2017-02-05T14:00:00+00:00,2017-02-06T08:00:00+00:00,1.07786,1.07616,1.07579,1.07387,183.4216,0.31068,0.8196,,64800.00,-9842.38598,157.61402,0.984413,0.521037,0.548427,-2.641905
1736,EURUSD,buy,2017-02-06T17:00:00+00:00,2017-02-07T03:00:00+00:00,1.07380,1.07096,1.07133,1.07777,734.1265,-2.08520,-1.1504,,36000.00,-9844.47118,155.52882,0.984619,0.520737,0.548374,-2.645892
1737,EURUSD,buy,2017-02-08T12:00:00+00:00,2017-02-08T14:00:00+00:00,1.06617,1.06830,1.06372,1.07011,547.1999,1.16601,,,7200.00,-9843.30517,157.35559,0.984439,0.521013,0.548428,-2.636167
1738,EURUSD,buy,2017-02-08T12:00:00+00:00,2017-02-08T14:00:00+00:00,1.06617,1.06979,1.06617,1.07011,182.4000,0.66076,,,7200.00,-9842.64441,157.35559,0.984439,0.521289,0.548458,-2.636167
1739,EURUSD,buy,2017-02-13T01:00:00+00:00,2017-02-13T08:00:00+00:00,1.06239,1.06451,1.05995,1.06632,555.5975,1.17971,,,25200.00,-9841.46470,159.00040,0.984276,0.521564,0.548512,-2.626141
1740,EURUSD,buy,2017-02-13T01:00:00+00:00,2017-02-13T09:00:00+00:00,1.06239,1.06381,1.06418,1.06632,185.1992,0.26338,0.7939,,28800.00,-9841.20132,158.79868,0.984296,0.521839,0.548524,-2.627248
1741,EURUSD,buy,2017-02-16T09:00:00+00:00,2017-02-16T15:00:00+00:00,1.06428,1.06641,1.06183,1.06822,559.6968,1.19053,,,21600.00,-9840.01080,160.46136,0.984132,0.522114,0.548579,-2.617955
1742,EURUSD,buy,2017-02-16T09:00:00+00:00,2017-02-16T16:00:00+00:00,1.06428,1.06548,1.06585,1.06822,186.5656,0.22408,0.7646,,25200.00,-9839.78672,160.21328,0.984156,0.522388,0.548589,-2.619299
1743,EURUSD,sell,2017-02-25T03:00:00+00:00,2017-02-27T07:00:00+00:00,1.05563,1.05843,1.05806,1.05173,758.6215,-2.12120,-1.1513,,187200.00,-9841.90791,158.09209,0.984366,0.522088,0.548536,-2.619385
1744,EURUSD,buy,2017-02-28T11:00:00+00:00,2017-02-28T21:00:00+00:00,1.06058,1.05777,1.05814,1.06450,745.5345,-2.09199,-1.1507,,36000.00,-9843.99990,156.00010,0.984573,0.521789,0.548483,-2.626627
1745,EURUSD,sell,2017-03-02T22:00:00+00:00,2017-03-03T09:00:00+00:00,1.05033,1.05312,1.05275,1.04645,742.3980,-2.06560,-1.1514,,39600.00,-9846.06550,153.93450,0.984777,0.521490,0.548431,-2.631445
1746,EURUSD,buy,2017-03-04T05:00:00+00:00,2017-03-06T06:00:00+00:00,1.06235,1.05954,1.05991,1.06628,724.7182,-2.03691,-1.1506,,176400.00,-9848.10242,151.08619,0.985059,0.521191,0.548380,-2.638839
1747,EURUSD,buy,2017-03-06T02:00:00+00:00,2017-03-06T08:00:00+00:00,1.06104,1.06316,1.05860,1.06496,544.2099,1.15406,,,21600.00,-9846.94836,152.98483,0.984871,0.521465,0.548433,-2.631824
1748,EURUSD,buy,2017-03-06T02:00:00+00:00,2017-03-06T08:00:00+00:00,1.06104,1.06067,1.06104,1.06496,181.4033,-0.06681,,,21600.00,-9847.01517,152.98483,0.984871,0.521167,0.548431,-2.631824
1749,EURUSD,buy,2017-03-07T02:00:00+00:00,2017-03-07T09:00:00+00:00,1.05889,1.05609,1.05645,1.06280,722.6014,-2.02446,-1.1507,,25200.00,-9849.03963,150.96037,0.985071,0.520869,0.548380,-2.639049
1750,EURUSD,sell,2017-03-14T04:00:00+00:00,2017-03-14T14:00:00+00:00,1.06504,1.06291,1.06749,1.06110,531.3710,1.13264,,,36000.00,-9847.90699,152.32689,0.984936,0.521143,0.548432,-2.629555
1751,EURUSD,sell,2017-03-14T04:00:00+00:00,2017-03-14T15:00:00+00:00,1.06504,1.06465,1.06428,1.06110,177.1237,0.06927,0.5143,,39600.00,-9847.83771,152.16229,0.984952,0.521416,0.548435,-2.630467
1752,EURUSD,sell,2017-03-16T15:00:00+00:00,2017-03-16T18:00:00+00:00,1.07333,1.07118,1.07580,1.06936,531.4661,1.14166,,,10800.00,-9846.69605,153.23804,0.984846,0.521689,0.548488,-2.624445
1753,EURUSD,sell,2017-03-16T15:00:00+00:00,2017-03-16T18:00:00+00:00,1.07333,1.07370,1.07333,1.06936,177.1554,-0.06590,,,10800.00,-9846.76196,153.23804,0.984846,0.521392,0.548486,-2.624445
1754,EURUSD,buy,2017-03-25T20:00:00+00:00,2017-03-26T21:00:00+00:00,1.08001,1.08217,1.07753,1.08401,532.2293,1.14884,,,90000.00,-9845.61312,154.96632,0.984675,0.521665,0.548539,-2.611644
1755,EURUSD,buy,2017-03-25T20:00:00+00:00,2017-03-26T22:00:00+00:00,1.08001,1.08261,1.08298,1.08401,177.4098,0.45971,0.8736,,93600.00,-9845.15341,154.84659,0.984687,0.521937,0.548560,-2.612348
1756,EURUSD,buy,2017-03-29T04:00:00+00:00,2017-03-29T06:00:00+00:00,1.08179,1.07893,1.07931,1.08580,715.9079,-2.04833,-1.1503,,7200.00,-9847.20174,152.79826,0.984889,0.521640,0.548508,-2.618829
1757,EURUSD,buy,2017-03-31T01:00:00+00:00,2017-03-31T20:00:00+00:00,1.06838,1.06555,1.06592,1.07233,715.3075,-2.02167,-1.1505,,68400.00,-9849.22341,150.77659,0.985089,0.521343,0.548457,-2.625661
1758,EURUSD,buy,2017-04-07T07:00:00+00:00,2017-04-07T12:00:00+00:00,1.06393,1.06606,1.06148,1.06786,531.5973,1.13038,,,18000.00,-9848.09303,151.84156,0.984984,0.521615,0.548509,-2.617876
1759,EURUSD,buy,2017-04-07T07:00:00+00:00,2017-04-07T12:00:00+00:00,1.06393,1.06356,1.06393,1.06786,177.1991,-0.06542,,,18000.00,-9848.15844,151.84156,0.984984,0.521319,0.548508,-2.617876
1760,EURUSD,sell,2017-04-10T01:00:00+00:00,2017-04-10T14:00:00+00:00,1.05751,1.06031,1.05995,1.05360,717.7030,-2.01029,-1.1513,,46800.00,-9850.16874,148.90803,0.985274,0.521023,0.548457,-2.626201
1761,EURUSD,sell,2017-04-11T05:00:00+00:00,2017-04-11T09:00:00+00:00,1.05826,1.06107,1.06070,1.05435,707.6993,-1.98365,-1.1512,,14400.00,-9852.15239,146.32928,0.985529,0.520727,0.548407,-2.636068
1762,EURUSD,sell,2017-04-08T22:00:00+00:00,2017-04-11T10:00:00+00:00,1.05857,1.06138,1.06101,1.05465,716.9846,-2.01026,-1.1512,,216000.00,-9854.16264,145.83736,0.985578,0.520431,0.548357,-2.637040
1763,EURUSD,buy,2017-04-16T12:00:00+00:00,2017-04-17T07:00:00+00:00,1.06137,1.06349,1.05893,1.06529,515.4235,1.09335,,,68400.00,-9853.06929,147.34506,0.985429,0.520703,0.548407,-2.630736
1764,EURUSD,buy,2017-04-16T12:00:00+00:00,2017-04-17T08:00:00+00:00,1.06137,1.06211,1.06248,1.06529,171.8078,0.12765,0.6683,,72000.00,-9852.94164,147.05836,0.985457,0.520975,0.548413,-2.632283
1765,EURUSD,sell,2017-04-18T08:00:00+00:00,2017-04-18T11:00:00+00:00,1.06473,1.06755,1.06718,1.06079,690.3824,-1.94673,-1.1511,,10800.00,-9854.88837,145.11163,0.985649,0.520680,0.548364,-2.639424
1766,EURUSD,sell,2017-04-23T22:00:00+00:00,2017-04-24T00:00:00+00:00,1.08806,1.08589,1.09057,1.08404,499.9757,1.08876,,,7200.00,-9853.79961,146.81733,0.985481,0.520951,0.548414,-2.634873
1767,EURUSD,sell,2017-04-23T22:00:00+00:00,2017-04-24T00:00:00+00:00,1.08806,1.08436,1.08806,1.08404,166.6586,0.61694,,,7200.00,-9853.18267,146.81733,0.985481,0.521222,0.548442,-2.634873
1768,EURUSD,sell,2017-04-26T21:00:00+00:00,2017-04-27T12:00:00+00:00,1.09014,1.09303,1.09265,1.08611,673.1837,-1.94274,-1.1506,,54000.00,-9855.12540,144.87460,0.985673,0.520928,0.548393,-2.642252
1769,EURUSD,sell,2017-05-02T04:00:00+00:00,2017-05-02T23:00:00+00:00,1.09093,1.09382,1.09344,1.08689,663.7950,-1.91700,-1.1506,,68400.00,-9857.04241,142.95759,0.985863,0.520633,0.548345,-2.647926
1770,EURUSD,sell,2017-05-03T09:00:00+00:00,2017-05-04T06:00:00+00:00,1.09063,1.08845,1.09314,1.08660,491.3938,1.07260,,,75600.00,-9855.96981,144.41556,0.985718,0.520904,0.548394,-2.640105
1771,EURUSD,sell,2017-05-03T09:00:00+00:00,2017-05-04T07:00:00+00:00,1.09063,1.09013,1.08975,1.08660,163.7979,0.08284,0.5730,,79200.00,-9855.88696,144.11304,0.985748,0.521174,0.548398,-2.641532
1772,EURUSD,sell,2017-05-05T22:00:00+00:00,2017-05-07T21:00:00+00:00,1.09917,1.10208,1.10170,1.09510,655.3571,-1.90668,-1.1505,,169200.00,-9857.79364,142.20636,0.985937,0.520880,0.548350,-2.648228
1773,EURUSD,buy,2017-05-07T22:00:00+00:00,2017-05-07T23:00:00+00:00,1.09962,1.09671,1.09709,1.10369,646.8100,-1.88059,-1.1499,,3600.00,-9859.67423,140.32577,0.986123,0.520587,0.548303,-2.652955
1774,EURUSD,buy,2017-05-09T03:00:00+00:00,2017-05-09T06:00:00+00:00,1.09324,1.09035,1.09072,1.09728,641.9823,-1.85590,-1.1501,,10800.00,-9861.53013,138.46987,0.986306,0.520293,0.548256,-2.659676
1775,EURUSD,sell,2017-05-16T20:00:00+00:00,2017-05-17T02:00:00+00:00,1.10793,1.11086,1.11048,1.10383,624.7174,-1.83177,-1.1503,,21600.00,-9863.36190,136.63810,0.986487,0.520000,0.548210,-2.664437
1776,EURUSD,sell,2017-05-24T00:00:00+00:00,2017-05-24T18:00:00+00:00,1.11832,1.12128,1.12090,1.11419,610.7222,-1.80725,-1.1501,,64800.00,-9865.16915,134.83085,0.986666,0.519707,0.548165,-2.668647
1777,EURUSD,sell,2017-05-28T16:00:00+00:00,2017-05-29T21:00:00+00:00,1.11765,1.11542,1.12023,1.11352,452.2542,1.01163,,,104400.00,-9864.15753,137.51512,0.986401,0.519977,0.548211,-2.652916
1778,EURUSD,sell,2017-05-26T16:00:00+00:00,2017-05-29T22:00:00+00:00,1.11738,1.11515,1.11996,1.11325,452.3635,1.01163,,,280800.00,-9863.14590,137.68407,0.986384,0.520247,0.548257,-2.651687
1779,EURUSD,sell,2017-05-28T16:00:00+00:00,2017-05-29T22:00:00+00:00,1.11765,1.11569,1.11531,1.11352,150.7514,0.29547,0.8360,,108000.00,-9862.85043,137.68407,0.986384,0.520517,0.548271,-2.651687
1780,EURUSD,sell,2017-05-26T16:00:00+00:00,2017-05-29T23:00:00+00:00,1.11738,1.11435,1.11397,1.11325,150.7878,0.45696,0.8875,,284400.00,-9862.39347,137.60653,0.986392,0.520787,0.548292,-2.652254
1781,EURUSD,buy,2017-06-01T20:00:00+00:00,2017-06-02T12:00:00+00:00,1.12156,1.12380,1.11898,1.12570,460.2348,1.03165,,,57600.00,-9861.36182,138.57889,0.986296,0.521056,0.548339,-2.646820
1782,EURUSD,buy,2017-06-01T20:00:00+00:00,2017-06-02T12:00:00+00:00,1.12156,1.12117,1.12156,1.12570,153.4116,-0.05929,,,57600.00,-9861.42111,138.57889,0.986296,0.520763,0.548337,-2.646820
1783,EURUSD,buy,2017-06-03T02:00:00+00:00,2017-06-05T10:00:00+00:00,1.12859,1.12561,1.12599,1.13276,614.1320,-1.83181,-1.1494,,201600.00,-9863.25292,136.74708,0.986477,0.520471,0.548291,-2.652721
1784,EURUSD,buy,2017-06-06T15:00:00+00:00,2017-06-07T10:00:00+00:00,1.12693,1.12395,1.12434,1.13110,606.9071,-1.80764,-1.1495,,68400.00,-9865.06056,134.93944,0.986655,0.520179,0.548246,-2.659709
1785,EURUSD,buy,2017-06-07T22:00:00+00:00,2017-06-08T09:00:00+00:00,1.12614,1.12316,1.12355,1.13030,599.3047,-1.78376,-1.1495,,39600.00,-9866.84432,133.15568,0.986832,0.519888,0.548201,-2.665425
1786,EURUSD,sell,2017-06-09T09:00:00+00:00,2017-06-09T16:00:00+00:00,1.11696,1.11992,1.11953,1.11283,595.8815,-1.76123,-1.1502,,25200.00,-9868.60555,131.39445,0.987006,0.519597,0.548157,-2.672444
1787,EURUSD,sell,2017-06-12T20:00:00+00:00,2017-06-14T12:00:00+00:00,1.11995,1.12292,1.12253,1.11581,586.4305,-1.73785,-1.1501,,144000.00,-9870.34340,129.65660,0.987178,0.519306,0.548114,-2.678237
1788,EURUSD,buy,2017-06-18T06:00:00+00:00,2017-06-19T13:00:00+00:00,1.12002,1.11706,1.11744,1.12416,578.9895,-1.71409,-1.1496,,111600.00,-9872.05749,127.94251,0.987347,0.519016,0.548070,-2.680623
1789,EURUSD,sell,2017-06-21T08:00:00+00:00,2017-06-21T18:00:00+00:00,1.11392,1.11686,1.11648,1.10979,574.1194,-1.69235,-1.1502,,36000.00,-9873.74984,126.25016,0.987515,0.518726,0.548028,-2.687256
1790,EURUSD,buy,2017-06-22T22:00:00+00:00,2017-06-23T07:00:00+00:00,1.11530,1.11753,1.11274,1.11943,424.6196,0.94651,,,32400.00,-9872.80333,127.51733,0.987389,0.518994,0.548071,-2.678467
1791,EURUSD,buy,2017-06-22T22:00:00+00:00,2017-06-23T08:00:00+00:00,1.11530,1.11670,1.11709,1.11943,141.5399,0.19821,0.7843,,36000.00,-9872.60512,127.39488,0.987402,0.519263,0.548080,-2.679306
1792,EURUSD,buy,2017-06-25T17:00:00+00:00,2017-06-27T08:00:00+00:00,1.11952,1.12175,1.11694,1.12366,426.8579,0.95509,,,140400.00,-9871.65003,126.61007,0.987479,0.519531,0.548124,-2.680006
1793,EURUSD,buy,2017-06-25T17:00:00+00:00,2017-06-27T08:00:00+00:00,1.11952,1.11913,1.11952,1.12366,142.2860,-0.05490,,,140400.00,-9871.70493,126.61007,0.987479,0.519241,0.548123,-2.680006
1794,EURUSD,sell,2017-06-27T00:00:00+00:00,2017-06-27T08:00:00+00:00,1.11807,1.12103,1.12065,1.11394,569.5357,-1.68500,-1.1501,,28800.00,-9873.38993,126.61007,0.987479,0.518952,0.548081,-2.680006
1795,EURUSD,buy,2017-06-28T01:00:00+00:00,2017-06-28T07:00:00+00:00,1.13545,1.13772,1.13284,1.13965,418.2747,0.94921,,,21600.00,-9872.44072,127.50481,0.987391,0.519220,0.548124,-2.674487
1796,EURUSD,buy,2017-06-28T01:00:00+00:00,2017-06-28T07:00:00+00:00,1.13545,1.13506,1.13545,1.13965,139.4249,-0.05446,,,21600.00,-9872.49519,127.50481,0.987391,0.518931,0.548123,-2.674487
1797,EURUSD,buy,2017-07-03T05:00:00+00:00,2017-07-03T08:00:00+00:00,1.14111,1.13810,1.13849,1.14533,558.8542,-1.68511,-1.1492,,10800.00,-9874.18030,125.81970,0.987557,0.518642,0.548080,-2.680025
1798,EURUSD,sell,2017-07-05T01:00:00+00:00,2017-07-05T09:00:00+00:00,1.13634,1.13406,1.13895,1.13213,415.0894,0.94402,,,28800.00,-9873.23628,127.29864,0.987411,0.518910,0.548124,-2.670269
1799,EURUSD,sell,2017-07-05T01:00:00+00:00,2017-07-05T09:00:00+00:00,1.13634,1.13247,1.13634,1.13213,138.3631,0.53492,,,28800.00,-9872.70136,127.29864,0.987411,0.519177,0.548148,-2.670269
1800,EURUSD,buy,2017-07-06T17:00:00+00:00,2017-07-07T12:00:00+00:00,1.14264,1.13962,1.14002,1.14687,557.2032,-1.68235,-1.1492,,68400.00,-9874.38371,125.61629,0.987577,0.518889,0.548106,-2.676053
1801,EURUSD,buy,2017-07-08T22:00:00+00:00,2017-07-11T15:00:00+00:00,1.14030,1.14258,1.13768,1.14452,413.2260,0.94175,,,234000.00,-9873.44196,126.92967,0.987448,0.519156,0.548149,-2.664592
1802,EURUSD,buy,2017-07-08T22:00:00+00:00,2017-07-11T16:00:00+00:00,1.14030,1.14245,1.14284,1.14452,137.7420,0.29548,0.8452,,237600.00,-9873.14648,126.85352,0.987455,0.519423,0.548162,-2.665141
1803,EURUSD,buy,2017-07-13T03:00:00+00:00,2017-07-13T08:00:00+00:00,1.14372,1.14070,1.14109,1.14795,554.7304,-1.67644,-1.1492,,18000.00,-9874.82292,125.17708,0.987621,0.519135,0.548120,-2.671739
1804,EURUSD,sell,2017-07-15T12:00:00+00:00,2017-07-17T07:00:00+00:00,1.14651,1.14421,1.14914,1.14226,409.3073,0.93919,,,154800.00,-9873.88373,124.79305,0.987659,0.519401,0.548163,-2.672317
1805,EURUSD,buy,2017-07-16T15:00:00+00:00,2017-07-17T07:00:00+00:00,1.14719,1.14416,1.14456,1.15144,545.7430,-1.65421,-1.1491,,57600.00,-9875.53793,124.79305,0.987659,0.519114,0.548122,-2.672317
1806,EURUSD,sell,2017-07-15T12:00:00+00:00,2017-07-17T08:00:00+00:00,1.14651,1.14553,1.14514,1.14226,136.4358,0.13267,0.7119,,158400.00,-9875.40527,124.59473,0.987678,0.519380,0.548128,-2.673352
1807,EURUSD,sell,2017-07-17T16:00:00+00:00,2017-07-18T01:00:00+00:00,1.14688,1.14991,1.14951,1.14263,543.0290,-1.64726,-1.1497,,32400.00,-9877.05253,122.94747,0.987841,0.519092,0.548087,-2.677960
1808,EURUSD,buy,2017-07-20T03:00:00+00:00,2017-07-20T11:00:00+00:00,1.15102,1.14797,1.14837,1.15527,534.2430,-1.62465,-1.1491,,28800.00,-9878.67718,121.32282,0.988002,0.518805,0.548046,-2.684540
1809,EURUSD,sell,2017-07-25T20:00:00+00:00,2017-07-26T08:00:00+00:00,1.16432,1.16199,1.16700,1.16001,390.6347,0.91028,,,43200.00,-9877.76691,122.49229,0.987886,0.519071,0.548088,-2.676173
1810,EURUSD,sell,2017-07-25T20:00:00+00:00,2017-07-26T09:00:00+00:00,1.16432,1.16367,1.16327,1.16001,130.2116,0.08485,0.6202,,46800.00,-9877.68206,122.31794,0.987904,0.519337,0.548091,-2.677327
1811,EURUSD,buy,2017-07-27T01:00:00+00:00,2017-07-27T03:00:00+00:00,1.17435,1.17670,1.17165,1.17870,390.7089,0.91703,,,7200.00,-9876.76503,123.18257,0.987818,0.519602,0.548133,-2.671848
1812,EURUSD,buy,2017-07-27T01:00:00+00:00,2017-07-27T03:00:00+00:00,1.17435,1.17395,1.17435,1.17870,130.2363,-0.05239,,,7200.00,-9876.81743,123.18257,0.987818,0.519316,0.548132,-2.671848
1813,EURUSD,buy,2017-07-29T18:00:00+00:00,2017-07-31T07:00:00+00:00,1.17513,1.17203,1.17243,1.17948,524.2793,-1.62721,-1.1487,,133200.00,-9878.44464,121.55536,0.987979,0.519029,0.548091,-2.677256
1814,EURUSD,buy,2017-07-31T08:00:00+00:00,2017-07-31T14:00:00+00:00,1.17360,1.17595,1.17090,1.17794,388.5213,0.91131,,,21600.00,-9877.53333,122.98310,0.987838,0.519294,0.548133,-2.670281
1815,EURUSD,buy,2017-07-31T08:00:00+00:00,2017-07-31T14:00:00+00:00,1.17360,1.17759,1.17360,1.17794,129.5071,0.51643,,,21600.00,-9877.01690,122.98310,0.987838,0.519559,0.548157,-2.670281
1816,EURUSD,sell,2017-08-01T15:00:00+00:00,2017-08-01T17:00:00+00:00,1.17950,1.18261,1.18221,1.17513,521.1811,-1.62522,-1.1491,,7200.00,-9878.64212,121.35788,0.987999,0.519273,0.548116,-2.677204
1817,EURUSD,sell,2017-08-03T13:00:00+00:00,2017-08-03T14:00:00+00:00,1.18460,1.18774,1.18733,1.18022,512.0759,-1.60363,-1.1490,,3600.00,-9880.24574,119.75426,0.988157,0.518987,0.548076,-2.683762
1818,EURUSD,buy,2017-08-04T13:00:00+00:00,2017-08-04T14:00:00+00:00,1.17968,1.17657,1.17697,1.18405,507.7216,-1.58182,-1.1486,,3600.00,-9881.82757,118.17243,0.988314,0.518702,0.548036,-2.690666
1819,EURUSD,buy,2017-08-06T17:00:00+00:00,2017-08-07T07:00:00+00:00,1.17765,1.18001,1.17495,1.18201,376.4093,0.88595,,,50400.00,-9880.94162,119.47579,0.988185,0.518966,0.548076,-2.684383
1820,EURUSD,buy,2017-08-06T17:00:00+00:00,2017-08-07T08:00:00+00:00,1.17765,1.17920,1.17960,1.18201,125.4698,0.19359,0.7926,,54000.00,-9880.74803,119.25197,0.988207,0.519231,0.548085,-2.685830
1821,EURUSD,sell,2017-08-10T01:00:00+00:00,2017-08-10T07:00:00+00:00,1.17499,1.17264,1.17769,1.17064,380.4813,0.89474,,,21600.00,-9879.85329,120.52052,0.988081,0.519495,0.548126,-2.676753
1822,EURUSD,sell,2017-08-10T01:00:00+00:00,2017-08-10T08:00:00+00:00,1.17499,1.17385,1.17345,1.17064,126.8271,0.14399,0.7385,,25200.00,-9879.70930,120.29070,0.988104,0.519759,0.548133,-2.678347
1823,EURUSD,buy,2017-08-12T20:00:00+00:00,2017-08-14T08:00:00+00:00,1.18234,1.17922,1.17963,1.18672,508.8482,-1.58885,-1.1486,,129600.00,-9881.29815,118.70185,0.988261,0.519473,0.548093,-2.682778
1824,EURUSD,sell,2017-08-14T21:00:00+00:00,2017-08-15T06:00:00+00:00,1.17724,1.17488,1.17995,1.17288,378.0025,0.89061,,,32400.00,-9880.40754,119.96375,0.988136,0.519737,0.548134,-2.671750
1825,EURUSD,sell,2017-08-14T21:00:00+00:00,2017-08-15T07:00:00+00:00,1.17724,1.17512,1.17472,1.17288,126.0008,0.26640,0.8401,,36000.00,-9880.14114,119.85886,0.988147,0.520000,0.548146,-2.672545
1826,EURUSD,buy,2017-08-17T10:00:00+00:00,2017-08-17T11:00:00+00:00,1.17010,1.16701,1.16741,1.17443,512.3268,-1.58341,-1.1488,,3600.00,-9881.72455,118.27545,0.988303,0.519715,0.548106,-2.679077
1827,EURUSD,buy,2017-08-21T11:00:00+00:00,2017-08-21T14:00:00+00:00,1.17676,1.17911,1.17406,1.18112,377.0224,0.88672,,,10800.00,-9880.83783,119.66466,0.988166,0.519978,0.548147,-2.668742
1828,EURUSD,buy,2017-08-21T11:00:00+00:00,2017-08-21T14:00:00+00:00,1.17676,1.18076,1.17676,1.18112,125.6741,0.50249,,,10800.00,-9880.33534,119.66466,0.988166,0.520241,0.548170,-2.668742
1829,EURUSD,sell,2017-08-23T17:00:00+00:00,2017-08-25T07:00:00+00:00,1.18085,1.17848,1.18356,1.17648,379.9039,0.89783,,,136800.00,-9879.43750,120.91779,0.988042,0.520503,0.548211,-2.661989
1830,EURUSD,sell,2017-08-23T17:00:00+00:00,2017-08-25T08:00:00+00:00,1.18085,1.17953,1.17913,1.17648,126.6346,0.16613,0.7647,,140400.00,-9879.27137,120.72863,0.988061,0.520765,0.548218,-2.663147
1831,EURUSD,buy,2017-08-27T02:00:00+00:00,2017-08-27T22:00:00+00:00,1.19255,1.19493,1.18981,1.19696,379.7485,0.90511,,,72000.00,-9878.36626,121.96695,0.987938,0.521027,0.548260,-2.654804
1832,EURUSD,buy,2017-08-27T02:00:00+00:00,2017-08-27T23:00:00+00:00,1.19255,1.19454,1.19495,1.19696,126.5828,0.25239,0.8300,,75600.00,-9878.11387,121.88613,0.987946,0.521288,0.548271,-2.655356
1833,EURUSD,buy,2017-08-30T05:00:00+00:00,2017-08-30T07:00:00+00:00,1.19685,1.19369,1.19410,1.20128,509.3487,-1.60961,-1.1483,,7200.00,-9879.72348,120.27652,0.988106,0.521004,0.548231,-2.661526
1834,EURUSD,buy,2017-09-02T05:00:00+00:00,2017-09-04T06:00:00+00:00,1.18633,1.18870,1.18360,1.19071,380.3106,0.90172,,,176400.00,-9878.82176,120.91570,0.988042,0.521265,0.548272,-2.655013
1835,EURUSD,buy,2017-09-02T05:00:00+00:00,2017-09-04T07:00:00+00:00,1.18633,1.18801,1.18842,1.19071,126.7702,0.21395,0.8059,,180000.00,-9878.60781,120.49325,0.988084,0.521526,0.548282,-2.657099
1836,EURUSD,sell,2017-09-04T05:00:00+00:00,2017-09-04T08:00:00+00:00,1.18813,1.19127,1.19087,1.18374,506.0056,-1.58926,-1.1490,,10800.00,-9880.19707,119.80293,0.988152,0.521242,0.548242,-2.660066
1837,EURUSD,buy,2017-09-12T09:00:00+00:00,2017-09-12T10:00:00+00:00,1.19650,1.19334,1.19375,1.20092,500.7897,-1.58211,-1.1483,,3600.00,-9881.77919,118.22081,0.988309,0.520958,0.548203,-2.664465
1838,EURUSD,sell,2017-09-18T07:00:00+00:00,2017-09-18T09:00:00+00:00,1.19216,1.19531,1.19491,1.18775,495.6764,-1.56202,-1.1489,,7200.00,-9883.34120,116.17465,0.988511,0.520675,0.548163,-2.669740
1839,EURUSD,sell,2017-09-16T20:00:00+00:00,2017-09-18T11:00:00+00:00,1.19411,1.19727,1.19686,1.18969,494.8672,-1.56198,-1.1489,,140400.00,-9884.90318,115.09682,0.988618,0.520392,0.548124,-2.672541
1840,EURUSD,buy,2017-09-21T12:00:00+00:00,2017-09-21T15:00:00+00:00,1.19200,1.19438,1.18926,1.19641,362.2009,0.86289,,,10800.00,-9884.04029,115.91050,0.988537,0.520652,0.548164,-2.666446
1841,EURUSD,buy,2017-09-21T12:00:00+00:00,2017-09-21T15:00:00+00:00,1.19200,1.19159,1.19200,1.19641,120.7336,-0.04921,,,10800.00,-9884.08950,115.91050,0.988537,0.520369,0.548162,-2.666446
1842,EURUSD,sell,2017-09-24T01:00:00+00:00,2017-09-24T21:00:00+00:00,1.19430,1.19191,1.19705,1.18988,363.8394,0.86967,,,72000.00,-9883.21983,117.27296,0.988403,0.520630,0.548202,-2.656562
1843,EURUSD,sell,2017-09-24T01:00:00+00:00,2017-09-24T21:00:00+00:00,1.19430,1.19024,1.19430,1.18988,121.2798,0.49279,,,72000.00,-9882.72704,117.27296,0.988403,0.520890,0.548225,-2.656562
1844,EURUSD,buy,2017-09-25T11:00:00+00:00,2017-09-25T16:00:00+00:00,1.18744,1.18430,1.18471,1.19183,493.9556,-1.54889,-1.1485,,18000.00,-9884.27592,115.72408,0.988556,0.520607,0.548186,-2.663381
1845,EURUSD,buy,2017-09-29T01:00:00+00:00,2017-09-29T10:00:00+00:00,1.17831,1.18067,1.17560,1.18267,368.4041,0.86759,,,32400.00,-9883.40833,116.95229,0.988434,0.520867,0.548226,-2.654124
1846,EURUSD,buy,2017-09-29T01:00:00+00:00,2017-09-29T11:00:00+00:00,1.17831,1.18063,1.18103,1.18267,122.8014,0.28396,0.8512,,36000.00,-9883.12438,116.87562,0.988442,0.521127,0.548239,-2.654669
1847,EURUSD,buy,2017-10-01T01:00:00+00:00,2017-10-01T21:00:00+00:00,1.18172,1.17860,1.17901,1.18610,494.6614,-1.54376,-1.1486,,72000.00,-9884.66813,115.33187,0.988594,0.520845,0.548200,-2.661132
1848,EURUSD,buy,2017-10-03T21:00:00+00:00,2017-10-04T00:00:00+00:00,1.17402,1.17637,1.17132,1.17836,368.4975,0.86465,,,10800.00,-9883.80348,116.62003,0.988467,0.521104,0.548239,-2.657927
1849,EURUSD,buy,2017-10-03T21:00:00+00:00,2017-10-04T01:00:00+00:00,1.17402,1.17624,1.17664,1.17836,122.8325,0.27206,0.8461,,14400.00,-9883.53142,116.46858,0.988482,0.521363,0.548252,-2.658759
1850,EURUSD,sell,2017-10-05T23:00:00+00:00,2017-10-06T12:00:00+00:00,1.17103,1.16868,1.17372,1.16669,372.8570,0.87386,,,46800.00,-9882.65756,117.29256,0.988401,0.521622,0.548292,-2.653629
1851,EURUSD,sell,2017-10-05T23:00:00+00:00,2017-10-06T12:00:00+00:00,1.17103,1.17143,1.17103,1.16669,124.2857,-0.04988,,,46800.00,-9882.70744,117.29256,0.988401,0.521340,0.548290,-2.653629
1852,EURUSD,sell,2017-10-14T09:00:00+00:00,2017-10-16T06:00:00+00:00,1.18156,1.17919,1.18427,1.17718,372.1494,0.88004,,,162000.00,-9881.82740,118.56899,0.988274,0.521598,0.548331,-2.642771
1853,EURUSD,sell,2017-10-14T09:00:00+00:00,2017-10-16T07:00:00+00:00,1.18156,1.17995,1.17955,1.17718,124.0498,0.19867,0.7986,,165600.00,-9881.62873,118.37127,0.988294,0.521856,0.548340,-2.644111
1854,EURUSD,buy,2017-10-16T18:00:00+00:00,2017-10-17T05:00:00+00:00,1.17950,1.17639,1.17679,1.18387,501.9347,-1.56356,-1.1486,,39600.00,-9883.19229,116.80771,0.988449,0.521575,0.548301,-2.649391
1855,EURUSD,buy,2017-10-26T06:00:00+00:00,2017-10-26T11:00:00+00:00,1.18258,1.17946,1.17987,1.18696,494.0143,-1.54284,-1.1486,,18000.00,-9884.73514,115.26486,0.988601,0.521294,0.548262,-2.653414
1856,EURUSD,sell,2017-10-27T22:00:00+00:00,2017-10-30T08:00:00+00:00,1.16048,1.16355,1.16315,1.15619,496.4761,-1.52362,-1.1494,,208800.00,-9886.25876,114.83436,0.988644,0.521013,0.548224,-2.654418
1857,EURUSD,buy,2017-10-29T01:00:00+00:00,2017-10-30T09:00:00+00:00,1.16118,1.16350,1.15851,1.16547,372.3571,0.86415,,,115200.00,-9885.39461,114.94570,0.988633,0.521271,0.548263,-2.653793
1858,EURUSD,buy,2017-10-29T01:00:00+00:00,2017-10-30T10:00:00+00:00,1.16118,1.16276,1.16316,1.16547,124.1190,0.19646,0.7987,,118800.00,-9885.19815,114.80185,0.988647,0.521529,0.548272,-2.654597
1859,EURUSD,sell,2017-11-02T15:00:00+00:00,2017-11-03T09:00:00+00:00,1.16686,1.16452,1.16954,1.16254,368.8342,0.86135,,,64800.00,-9884.33680,115.92874,0.988535,0.521786,0.548312,-2.646911
1860,EURUSD,sell,2017-11-02T15:00:00+00:00,2017-11-03T10:00:00+00:00,1.16686,1.16533,1.16493,1.16254,122.9447,0.18815,0.7930,,68400.00,-9884.14865,115.85135,0.988543,0.522043,0.548320,-2.647396
1861,EURUSD,buy,2017-11-03T20:00:00+00:00,2017-11-06T14:00:00+00:00,1.16095,1.15788,1.15828,1.16524,499.1011,-1.53067,-1.1489,,237600.00,-9885.67932,114.32068,0.988694,0.521762,0.548282,-2.651125
1862,EURUSD,buy,2017-11-07T13:00:00+00:00,2017-11-07T22:00:00+00:00,1.15662,1.15893,1.15396,1.16090,370.7634,0.85707,,,32400.00,-9884.82225,115.51059,0.988577,0.522019,0.548321,-2.643151
1863,EURUSD,buy,2017-11-07T13:00:00+00:00,2017-11-07T23:00:00+00:00,1.15662,1.15879,1.15919,1.16090,123.5878,0.26885,0.8454,,36000.00,-9884.55340,115.44660,0.988583,0.522276,0.548333,-2.643606
1864,EURUSD,buy,2017-11-09T18:00:00+00:00,2017-11-10T08:00:00+00:00,1.16523,1.16215,1.16255,1.16954,495.5300,-1.52523,-1.1488,,50400.00,-9886.07863,113.92137,0.988734,0.521996,0.548295,-2.651319
1865,EURUSD,buy,2017-11-10T18:00:00+00:00,2017-11-13T08:00:00+00:00,1.16643,1.16335,1.16375,1.17074,488.4801,-1.50505,-1.1488,,223200.00,-9887.58368,112.41632,0.988883,0.521716,0.548257,-2.655058
1866,EURUSD,sell,2017-11-16T16:00:00+00:00,2017-11-17T01:00:00+00:00,1.17685,1.17996,1.17955,1.17249,477.4733,-1.48563,-1.1492,,32400.00,-9889.06931,110.93069,0.989030,0.521436,0.548220,-2.658801
1867,EURUSD,buy,2017-11-19T13:00:00+00:00,2017-11-19T23:00:00+00:00,1.17914,1.17603,1.17643,1.18351,470.5278,-1.46529,-1.1486,,36000.00,-9890.53460,109.46540,0.989175,0.521157,0.548183,-2.665197
1868,EURUSD,buy,2017-11-20T21:00:00+00:00,2017-11-22T08:00:00+00:00,1.17363,1.17598,1.17093,1.17797,349.8698,0.82067,,,126000.00,-9889.71393,110.67070,0.989055,0.521413,0.548221,-2.657744
1869,EURUSD,buy,2017-11-20T21:00:00+00:00,2017-11-22T09:00:00+00:00,1.17363,1.17523,1.17563,1.17797,116.6233,0.18605,0.7985,,129600.00,-9889.52787,110.47213,0.989075,0.521669,0.548229,-2.659160
1870,EURUSD,buy,2017-11-24T17:00:00+00:00,2017-11-27T13:00:00+00:00,1.19312,1.19550,1.19037,1.19753,347.3209,0.82822,,,244800.00,-9888.69965,112.75885,0.988849,0.521925,0.548267,-2.627715
1871,EURUSD,buy,2017-11-25T23:00:00+00:00,2017-11-27T13:00:00+00:00,1.19322,1.19560,1.19047,1.19763,347.2918,0.82822,,,136800.00,-9887.87144,112.75885,0.988849,0.522181,0.548305,-2.627715
1872,EURUSD,buy,2017-11-24T17:00:00+00:00,2017-11-27T14:00:00+00:00,1.19312,1.19381,1.19422,1.19753,115.7736,0.08034,0.6296,,248400.00,-9887.79110,112.27765,0.988897,0.522436,0.548309,-2.632870
1873,EURUSD,buy,2017-11-25T23:00:00+00:00,2017-11-27T14:00:00+00:00,1.19322,1.19381,1.19422,1.19763,115.7639,0.06875,0.5926,,140400.00,-9887.72235,112.27765,0.988897,0.522691,0.548312,-2.632870
1874,EURUSD,sell,2017-11-29T00:00:00+00:00,2017-11-29T08:00:00+00:00,1.18448,1.18762,1.18721,1.18010,473.8093,-1.48364,-1.1490,,28800.00,-9889.20599,110.79401,0.989043,0.522412,0.548275,-2.638604
1875,EURUSD,sell,2017-11-30T03:00:00+00:00,2017-11-30T09:00:00+00:00,1.18621,1.18384,1.18894,1.18182,350.1500,0.83128,,,21600.00,-9888.37471,111.97824,0.988926,0.522667,0.548313,-2.630475
1876,EURUSD,sell,2017-11-30T03:00:00+00:00,2017-11-30T10:00:00+00:00,1.18621,1.18373,1.18332,1.18182,116.7167,0.29051,0.8601,,25200.00,-9888.08420,111.91580,0.988932,0.522921,0.548326,-2.630932
1877,EURUSD,buy,2017-12-01T14:00:00+00:00,2017-12-01T16:00:00+00:00,1.18649,1.18886,1.18376,1.19087,353.8265,0.83904,,,7200.00,-9887.24516,112.70696,0.988854,0.523175,0.548364,-2.625652
1878,EURUSD,buy,2017-12-01T14:00:00+00:00,2017-12-01T16:00:00+00:00,1.18649,1.18608,1.18649,1.19087,117.9422,-0.04788,,,7200.00,-9887.29304,112.70696,0.988854,0.522897,0.548363,-2.625652
1879,EURUSD,sell,2017-12-02T17:00:00+00:00,2017-12-03T22:00:00+00:00,1.18906,1.18668,1.19180,1.18466,355.3422,0.84563,,,104400.00,-9886.44740,113.80882,0.988745,0.523151,0.548402,-2.617649
1880,EURUSD,sell,2017-12-02T17:00:00+00:00,2017-12-03T23:00:00+00:00,1.18906,1.18763,1.18722,1.18466,118.4474,0.17021,0.7796,,108000.00,-9886.27720,113.72280,0.988754,0.523404,0.548410,-2.618274
1881,EURUSD,sell,2017-12-05T10:00:00+00:00,2017-12-05T13:00:00+00:00,1.18593,1.18356,1.18866,1.18154,359.4909,0.85325,,,10800.00,-9885.42394,114.87013,0.988640,0.523658,0.548449,-2.610318
1882,EURUSD,sell,2017-12-05T10:00:00+00:00,2017-12-05T14:00:00+00:00,1.18593,1.18409,1.18368,1.18154,119.8303,0.22157,0.8203,,14400.00,-9885.20238,114.79762,0.988647,0.523911,0.548459,-2.610826
1883,EURUSD,sell,2017-12-06T12:00:00+00:00,2017-12-06T16:00:00+00:00,1.18095,1.17858,1.18366,1.17657,364.4215,0.86132,,,14400.00,-9884.34106,115.91229,0.988537,0.524164,0.548498,-2.603518
1884,EURUSD,sell,2017-12-06T12:00:00+00:00,2017-12-06T17:00:00+00:00,1.18095,1.17987,1.17947,1.17657,121.4738,0.13019,0.7263,,18000.00,-9884.21087,115.78913,0.988549,0.524416,0.548504,-2.604362
1885,EURUSD,buy,2017-12-07T18:00:00+00:00,2017-12-07T21:00:00+00:00,1.17996,1.17685,1.17725,1.18433,490.7941,-1.52944,-1.1486,,10800.00,-9885.74031,114.25969,0.988701,0.524138,0.548466,-2.611080
1886,EURUSD,sell,2017-12-09T08:00:00+00:00,2017-12-11T08:00:00+00:00,1.17685,1.17996,1.17955,1.17249,485.3028,-1.50999,-1.1492,,172800.00,-9887.25030,113.64597,0.988761,0.523860,0.548428,-2.613097
1887,EURUSD,buy,2017-12-10T12:00:00+00:00,2017-12-11T11:00:00+00:00,1.17755,1.17991,1.17485,1.18191,363.9771,0.85661,,,82800.00,-9886.39369,113.79883,0.988746,0.524112,0.548467,-2.612276
1888,EURUSD,buy,2017-12-10T12:00:00+00:00,2017-12-11T12:00:00+00:00,1.17755,1.17848,1.17888,1.18191,121.3257,0.11201,0.6958,,86400.00,-9886.28168,113.71832,0.988754,0.524364,0.548472,-2.612712
1889,EURUSD,buy,2017-12-14T13:00:00+00:00,2017-12-14T14:00:00+00:00,1.18243,1.17931,1.17972,1.18681,481.0094,-1.50204,-1.1486,,3600.00,-9887.78372,112.21628,0.988903,0.524087,0.548434,-2.618745
1890,EURUSD,buy,2017-12-17T22:00:00+00:00,2017-12-18T07:00:00+00:00,1.17490,1.17725,1.17220,1.17925,358.2743,0.84129,,,32400.00,-9886.94243,113.43228,0.988782,0.524339,0.548473,-2.611240
1891,EURUSD,buy,2017-12-17T22:00:00+00:00,2017-12-18T08:00:00+00:00,1.17490,1.17713,1.17753,1.17925,119.4248,0.26565,0.8465,,36000.00,-9886.67678,113.32322,0.988793,0.524590,0.548485,-2.612018
1892,EURUSD,buy,2017-12-18T23:00:00+00:00,2017-12-19T08:00:00+00:00,1.17872,1.18108,1.17601,1.18308,360.6355,0.84959,,,32400.00,-9885.82719,114.38636,0.988688,0.524841,0.548524,-2.604750
1893,EURUSD,buy,2017-12-18T23:00:00+00:00,2017-12-19T09:00:00+00:00,1.17872,1.17980,1.18020,1.18308,120.2118,0.12892,0.7263,,36000.00,-9885.69827,114.30173,0.988696,0.525092,0.548530,-2.605357
1894,EURUSD,buy,2017-12-20T21:00:00+00:00,2017-12-22T00:00:00+00:00,1.18743,1.18429,1.18470,1.19182,481.4448,-1.50964,-1.1485,,97200.00,-9887.20791,112.79209,0.988846,0.524815,0.548492,-2.608788
1895,EURUSD,sell,2017-12-24T07:00:00+00:00,2017-12-27T06:00:00+00:00,1.18571,1.18885,1.18844,1.18133,475.4866,-1.49042,-1.1490,,255600.00,-9888.69833,111.30167,0.988993,0.524538,0.548455,-2.613652
1896,EURUSD,buy,2017-12-31T20:00:00+00:00,2018-01-02T06:00:00+00:00,1.20021,1.20261,1.19745,1.20465,347.8612,0.83444,,,122400.00,-9887.86389,112.44339,0.988880,0.524789,0.548493,-2.606185
1897,EURUSD,buy,2017-12-31T20:00:00+00:00,2018-01-02T07:00:00+00:00,1.20021,1.20196,1.20237,1.20465,115.9537,0.20284,0.8099,,126000.00,-9887.66105,112.33895,0.988890,0.525040,0.548502,-2.606838
1898,EURUSD,buy,2018-01-03T23:00:00+00:00,2018-01-04T09:00:00+00:00,1.20143,1.20383,1.19867,1.20587,350.7465,0.84221,,,36000.00,-9886.81884,113.52018,0.988774,0.525290,0.548540,-2.598024
1899,EURUSD,buy,2018-01-03T23:00:00+00:00,2018-01-04T10:00:00+00:00,1.20143,1.20372,1.20413,1.20587,116.9155,0.26756,0.8477,,39600.00,-9886.55128,113.44872,0.988781,0.525540,0.548553,-2.598551
1900,EURUSD,sell,2018-01-05T03:00:00+00:00,2018-01-05T09:00:00+00:00,1.20708,1.20466,1.20985,1.20261,352.3427,0.85120,,,21600.00,-9885.70008,114.59327,0.988668,0.525789,0.548591,-2.591001
1901,EURUSD,sell,2018-01-05T03:00:00+00:00,2018-01-05T10:00:00+00:00,1.20708,1.20581,1.20540,1.20261,117.4476,0.14870,0.7547,,25200.00,-9885.55138,114.44862,0.988682,0.526039,0.548598,-2.592002
1902,EURUSD,sell,2018-01-08T02:00:00+00:00,2018-01-08T07:00:00+00:00,1.20322,1.20081,1.20599,1.19877,356.5881,0.85870,,,18000.00,-9884.69268,115.77313,0.988551,0.526288,0.548637,-2.582605
1903,EURUSD,sell,2018-01-08T02:00:00+00:00,2018-01-08T08:00:00+00:00,1.20322,1.20048,1.20007,1.19877,118.8627,0.32555,0.8698,,21600.00,-9884.36713,115.63287,0.988565,0.526537,0.548652,-2.583595
1904,EURUSD,buy,2018-01-09T02:00:00+00:00,2018-01-09T08:00:00+00:00,1.19762,1.19446,1.19487,1.20205,482.9063,-1.52702,-1.1483,,21600.00,-9885.89415,114.10585,0.988716,0.526261,0.548614,-2.590268
1905,EURUSD,buy,2018-01-13T13:00:00+00:00,2018-01-15T05:00:00+00:00,1.22030,1.22273,1.21749,1.22481,350.7553,0.85546,,,144000.00,-9885.03869,115.19562,0.988608,0.526509,0.548653,-2.580173
1906,EURUSD,buy,2018-01-13T13:00:00+00:00,2018-01-15T06:00:00+00:00,1.22030,1.22037,1.22079,1.22481,116.9184,0.00910,0.1575,,147600.00,-9885.02959,114.97041,0.988630,0.526758,0.548654,-2.581853
1907,EURUSD,sell,2018-01-15T14:00:00+00:00,2018-01-15T16:00:00+00:00,1.22578,1.22902,1.22860,1.22125,468.8269,-1.51841,-1.1484,,7200.00,-9886.54800,113.45200,0.988780,0.526481,0.548615,-2.591572
1908,EURUSD,sell,2018-01-16T20:00:00+00:00,2018-01-17T00:00:00+00:00,1.22628,1.22952,1.22910,1.22174,462.4465,-1.49835,-1.1484,,14400.00,-9888.04635,111.95365,0.988929,0.526205,0.548578,-2.592866
1909,EURUSD,sell,2018-01-17T23:00:00+00:00,2018-01-18T05:00:00+00:00,1.21765,1.22087,1.22046,1.21315,459.5723,-1.47872,-1.1485,,21600.00,-9889.52506,110.47494,0.989075,0.525930,0.548541,-2.597936
1910,EURUSD,buy,2018-01-23T06:00:00+00:00,2018-01-23T08:00:00+00:00,1.22515,1.22191,1.22233,1.22968,450.9991,-1.45839,-1.1479,,7200.00,-9890.98345,109.01655,0.989219,0.525654,0.548504,-2.603262
1911,EURUSD,sell,2018-01-25T16:00:00+00:00,2018-01-25T19:00:00+00:00,1.24835,1.24585,1.25122,1.24373,327.3849,0.81794,,,10800.00,-9890.16551,109.78817,0.989143,0.525903,0.548542,-2.597725
1912,EURUSD,sell,2018-01-25T16:00:00+00:00,2018-01-25T19:00:00+00:00,1.24835,1.24877,1.24835,1.24373,109.1283,-0.04633,,,10800.00,-9890.21183,109.78817,0.989143,0.525628,0.548541,-2.597725
1913,EURUSD,sell,2018-01-27T14:00:00+00:00,2018-01-29T01:00:00+00:00,1.24246,1.23997,1.24532,1.23786,331.2646,0.82373,,,126000.00,-9889.38810,110.92187,0.989031,0.525876,0.548578,-2.591768
1914,EURUSD,sell,2018-01-27T14:00:00+00:00,2018-01-29T02:00:00+00:00,1.24246,1.24056,1.24014,1.23786,110.4215,0.20926,0.8179,,129600.00,-9889.17884,110.82116,0.989041,0.526123,0.548588,-2.592470
1915,EURUSD,buy,2018-01-29T18:00:00+00:00,2018-01-30T06:00:00+00:00,1.23814,1.23487,1.23529,1.24272,447.6646,-1.46272,-1.1477,,43200.00,-9890.64156,109.35844,0.989185,0.525849,0.548551,-2.598349
1916,EURUSD,buy,2018-02-01T18:00:00+00:00,2018-02-02T13:00:00+00:00,1.24974,1.24645,1.24687,1.25437,437.6543,-1.44321,-1.1476,,68400.00,-9892.08477,107.91523,0.989328,0.525574,0.548515,-2.602282
1917,EURUSD,sell,2018-02-05T01:00:00+00:00,2018-02-05T14:00:00+00:00,1.24501,1.24251,1.24787,1.24040,324.9467,0.80968,,,46800.00,-9891.27509,109.18371,0.989203,0.525822,0.548552,-2.592789
1918,EURUSD,sell,2018-02-05T01:00:00+00:00,2018-02-05T14:00:00+00:00,1.24501,1.24077,1.24501,1.24040,108.3156,0.45880,,,46800.00,-9890.81629,109.18371,0.989203,0.526069,0.548573,-2.592789
1919,EURUSD,sell,2018-02-07T22:00:00+00:00,2018-02-08T01:00:00+00:00,1.22501,1.22825,1.22783,1.22048,445.5096,-1.44200,-1.1484,,10800.00,-9892.25829,107.74171,0.989345,0.525795,0.548537,-2.598905
1920,EURUSD,sell,2018-02-09T18:00:00+00:00,2018-02-09T21:00:00+00:00,1.22253,1.22576,1.22535,1.21801,440.5173,-1.42300,-1.1485,,10800.00,-9893.68128,106.31872,0.989486,0.525521,0.548501,-2.605522
1921,EURUSD,sell,2018-02-11T11:00:00+00:00,2018-02-12T01:00:00+00:00,1.22473,1.22797,1.22755,1.22020,433.9185,-1.40416,-1.1484,,50400.00,-9895.08545,104.91455,0.989625,0.525247,0.548466,-2.609764
1922,EURUSD,sell,2018-02-14T06:00:00+00:00,2018-02-14T12:00:00+00:00,1.23698,1.23450,1.23982,1.23240,317.9614,0.78717,,,21600.00,-9894.29828,105.98458,0.989519,0.525494,0.548502,-2.601864
1923,EURUSD,sell,2018-02-14T06:00:00+00:00,2018-02-14T13:00:00+00:00,1.23698,1.23551,1.23509,1.23240,105.9871,0.15562,0.7773,,25200.00,-9894.14267,105.85733,0.989531,0.525741,0.548509,-2.602811
1924,EURUSD,sell,2018-02-17T06:00:00+00:00,2018-02-19T01:00:00+00:00,1.24004,1.24331,1.24289,1.23545,426.7030,-1.39780,-1.1482,,154800.00,-9895.54047,104.30284,0.989685,0.525468,0.548474,-2.607320
1925,EURUSD,sell,2018-02-19T01:00:00+00:00,2018-02-19T07:00:00+00:00,1.24305,1.24056,1.24591,1.23845,315.0369,0.78375,,,21600.00,-9894.75672,105.43619,0.989573,0.525714,0.548510,-2.600591
1926,EURUSD,sell,2018-02-19T01:00:00+00:00,2018-02-19T08:00:00+00:00,1.24305,1.24239,1.24197,1.23845,105.0123,0.06872,0.6076,,25200.00,-9894.68800,105.31200,0.989585,0.525961,0.548513,-2.601418
1927,EURUSD,sell,2018-02-21T20:00:00+00:00,2018-02-22T13:00:00+00:00,1.22865,1.23190,1.23148,1.22410,428.4389,-1.39080,-1.1484,,61200.00,-9896.07880,103.92120,0.989723,0.525688,0.548478,-2.607878
1928,EURUSD,buy,2018-02-23T11:00:00+00:00,2018-02-25T23:00:00+00:00,1.23100,1.22775,1.22817,1.23555,422.2276,-1.37177,-1.1478,,216000.00,-9897.45057,102.54943,0.989859,0.525415,0.548444,-2.614515
1929,EURUSD,sell,2018-02-26T06:00:00+00:00,2018-02-26T10:00:00+00:00,1.23266,1.23592,1.23550,1.22810,415.8432,-1.35425,-1.1483,,14400.00,-9898.80482,101.19518,0.989993,0.525143,0.548410,-2.621096
1930,EURUSD,sell,2018-03-05T01:00:00+00:00,2018-03-05T06:00:00+00:00,1.23261,1.23014,1.23545,1.22805,307.7762,0.75926,,,18000.00,-9898.04556,102.31250,0.989882,0.525389,0.548445,-2.610905
1931,EURUSD,sell,2018-03-05T01:00:00+00:00,2018-03-05T07:00:00+00:00,1.23261,1.23014,1.22972,1.22805,102.5921,0.25352,0.8550,,21600.00,-9897.79204,102.20796,0.989892,0.525634,0.548456,-2.611723
1932,EURUSD,sell,2018-03-09T23:00:00+00:00,2018-03-12T07:00:00+00:00,1.23004,1.23329,1.23287,1.22549,415.3411,-1.34978,-1.1484,,201600.00,-9899.14182,101.93292,0.989920,0.525362,0.548422,-2.611075
1933,EURUSD,buy,2018-03-11T11:00:00+00:00,2018-03-12T07:00:00+00:00,1.23078,1.23324,1.22795,1.23533,311.5058,0.76626,,,72000.00,-9898.37556,101.93292,0.989920,0.525608,0.548457,-2.611075
1934,EURUSD,buy,2018-03-11T11:00:00+00:00,2018-03-12T08:00:00+00:00,1.23078,1.23181,1.23223,1.23533,103.8353,0.10708,0.7108,,75600.00,-9898.26848,101.73152,0.989939,0.525853,0.548462,-2.612292
1935,EURUSD,sell,2018-03-20T18:00:00+00:00,2018-03-21T07:00:00+00:00,1.22478,1.22802,1.22760,1.22025,415.1798,-1.34358,-1.1484,,46800.00,-9899.61206,100.38794,0.990072,0.525581,0.548429,-2.614842
1936,EURUSD,sell,2018-03-22T14:00:00+00:00,2018-03-23T00:00:00+00:00,1.23050,1.23375,1.23333,1.22595,407.7926,-1.32574,-1.1484,,36000.00,-9900.93780,99.06220,0.990203,0.525310,0.548395,-2.618520
1937,EURUSD,buy,2018-03-23T14:00:00+00:00,2018-03-23T18:00:00+00:00,1.23409,1.23656,1.23125,1.23865,301.1082,0.74268,,,14400.00,-9900.19513,100.06984,0.990104,0.525555,0.548429,-2.611348
1938,EURUSD,buy,2018-03-23T14:00:00+00:00,2018-03-23T19:00:00+00:00,1.23409,1.23560,1.23602,1.23865,100.3694,0.15147,0.7820,,18000.00,-9900.04366,99.95634,0.990115,0.525800,0.548436,-2.612237
1939,EURUSD,buy,2018-03-27T09:00:00+00:00,2018-03-27T12:00:00+00:00,1.24174,1.23847,1.23889,1.24634,402.6049,-1.31926,-1.1477,,10800.00,-9901.36292,98.63708,0.990245,0.525529,0.548403,-2.617800
1940,EURUSD,sell,2018-03-28T20:00:00+00:00,2018-03-29T05:00:00+00:00,1.23048,1.23373,1.23331,1.22593,400.6869,-1.30262,-1.1484,,32400.00,-9902.66553,97.33447,0.990374,0.525258,0.548371,-2.624524
1941,EURUSD,sell,2018-03-30T13:00:00+00:00,2018-04-02T15:00:00+00:00,1.23219,1.22972,1.23503,1.22763,296.1351,0.73029,,,266400.00,-9901.93524,98.40238,0.990269,0.525502,0.548404,-2.613035
1942,EURUSD,sell,2018-03-30T13:00:00+00:00,2018-04-02T16:00:00+00:00,1.23219,1.22987,1.22945,1.22763,98.7117,0.22915,0.8471,,270000.00,-9901.70609,98.29391,0.990279,0.525747,0.548414,-2.613910
1943,EURUSD,buy,2018-04-07T00:00:00+00:00,2018-04-09T12:00:00+00:00,1.22829,1.23074,1.22546,1.23283,300.1842,0.73692,,,216000.00,-9900.96918,98.98895,0.990211,0.525991,0.548448,-2.606292
1944,EURUSD,buy,2018-04-07T00:00:00+00:00,2018-04-09T12:00:00+00:00,1.22829,1.22787,1.22829,1.23283,100.0614,-0.04187,,,216000.00,-9901.01105,98.98895,0.990211,0.525720,0.548447,-2.606292
1945,EURUSD,buy,2018-04-09T13:00:00+00:00,2018-04-10T11:00:00+00:00,1.23274,1.23520,1.22991,1.23730,301.2152,0.74213,,,79200.00,-9900.26892,99.68893,0.990141,0.525964,0.548481,-2.602638
1946,EURUSD,buy,2018-04-09T13:00:00+00:00,2018-04-10T11:00:00+00:00,1.23274,1.23232,1.23274,1.23730,100.4051,-0.04215,,,79200.00,-9900.31107,99.68893,0.990141,0.525694,0.548480,-2.602638
1947,EURUSD,buy,2018-04-12T19:00:00+00:00,2018-04-16T07:00:00+00:00,1.23292,1.23538,1.23008,1.23748,303.3009,0.74738,,,302400.00,-9899.56370,101.39257,0.989973,0.525937,0.548514,-2.592708
1948,EURUSD,buy,2018-04-12T19:00:00+00:00,2018-04-16T07:00:00+00:00,1.23292,1.23250,1.23292,1.23748,101.1003,-0.04245,,,302400.00,-9899.60615,101.39257,0.989973,0.525667,0.548513,-2.592708
1949,EURUSD,buy,2018-04-14T20:00:00+00:00,2018-04-16T08:00:00+00:00,1.23319,1.23565,1.23035,1.23775,303.2344,0.74738,,,129600.00,-9898.85877,101.46975,0.989965,0.525911,0.548547,-2.592104
1950,EURUSD,buy,2018-04-14T20:00:00+00:00,2018-04-16T09:00:00+00:00,1.23319,1.23524,1.23566,1.23775,101.0781,0.20716,0.8297,,133200.00,-9898.65161,101.34839,0.989977,0.526154,0.548556,-2.593050
1951,EURUSD,sell,2018-04-18T06:00:00+00:00,2018-04-18T11:00:00+00:00,1.23593,1.23919,1.23877,1.23135,409.8859,-1.33833,-1.1483,,18000.00,-9899.98995,100.01005,0.990110,0.525884,0.548523,-2.599251
1952,EURUSD,buy,2018-04-21T21:00:00+00:00,2018-04-23T08:00:00+00:00,1.22883,1.22559,1.22600,1.23337,407.0546,-1.32018,-1.1479,,126000.00,-9901.31012,98.68988,0.990240,0.525615,0.548490,-2.604622
1953,EURUSD,sell,2018-04-28T07:00:00+00:00,2018-04-30T10:00:00+00:00,1.21255,1.21012,1.21534,1.20806,305.1232,0.74046,,,183600.00,-9900.56966,100.77111,0.990034,0.525858,0.548524,-2.583854
1954,EURUSD,sell,2018-04-30T04:00:00+00:00,2018-04-30T10:00:00+00:00,1.21254,1.21011,1.21533,1.20805,305.1258,0.74046,,,21600.00,-9899.82920,100.77111,0.990034,0.526100,0.548557,-2.583854
1955,EURUSD,sell,2018-04-28T07:00:00+00:00,2018-04-30T11:00:00+00:00,1.21255,1.21003,1.20962,1.20806,101.7077,0.25561,0.8589,,187200.00,-9899.57358,100.68102,0.990043,0.526343,0.548569,-2.584728
1956,EURUSD,sell,2018-04-30T04:00:00+00:00,2018-04-30T11:00:00+00:00,1.21254,1.21003,1.20962,1.20805,101.7086,0.25460,0.8584,,25200.00,-9899.31898,100.68102,0.990043,0.526585,0.548581,-2.584728
1957,EURUSD,buy,2018-05-02T22:00:00+00:00,2018-05-03T03:00:00+00:00,1.19575,1.19814,1.19300,1.20017,315.8415,0.75481,,,18000.00,-9898.56417,101.67391,0.989945,0.526827,0.548615,-2.581702
1958,EURUSD,buy,2018-05-02T22:00:00+00:00,2018-05-03T04:00:00+00:00,1.19575,1.19750,1.19791,1.20017,105.2805,0.18445,0.8106,,21600.00,-9898.37972,101.62028,0.989950,0.527068,0.548623,-2.582076
1959,EURUSD,buy,2018-05-08T07:00:00+00:00,2018-05-08T08:00:00+00:00,1.19205,1.18890,1.18931,1.19646,426.3705,-1.34207,-1.1484,,3600.00,-9899.72179,100.27821,0.990083,0.526799,0.548590,-2.587297
1960,EURUSD,buy,2018-05-10T10:00:00+00:00,2018-05-10T12:00:00+00:00,1.18930,1.19167,1.18656,1.19370,316.2845,0.75179,,,7200.00,-9898.97000,100.98712,0.990013,0.527041,0.548624,-2.581903
1961,EURUSD,buy,2018-05-10T10:00:00+00:00,2018-05-10T12:00:00+00:00,1.18930,1.18889,1.18930,1.19370,105.4282,-0.04289,,,7200.00,-9899.01288,100.98712,0.990013,0.526772,0.548623,-2.581903
1962,EURUSD,buy,2018-05-12T15:00:00+00:00,2018-05-14T06:00:00+00:00,1.19431,1.19670,1.19156,1.19873,317.1839,0.75711,,,140400.00,-9898.25577,101.87024,0.989926,0.527013,0.548658,-2.578030
1963,EURUSD,buy,2018-05-12T15:00:00+00:00,2018-05-14T07:00:00+00:00,1.19431,1.19493,1.19534,1.19873,105.7280,0.06589,0.6040,,144000.00,-9898.18988,101.81012,0.989932,0.527254,0.548661,-2.578391
1964,EURUSD,buy,2018-05-16T22:00:00+00:00,2018-05-17T10:00:00+00:00,1.18193,1.17881,1.17922,1.18631,430.8220,-1.34476,-1.1486,,43200.00,-9899.53464,100.46536,0.990065,0.526986,0.548627,-2.583989
1965,EURUSD,buy,2018-05-18T10:00:00+00:00,2018-05-18T13:00:00+00:00,1.17847,1.17536,1.17576,1.18283,426.3800,-1.32706,-1.1486,,10800.00,-9900.86170,99.13830,0.990196,0.526718,0.548594,-2.590475
1966,EURUSD,buy,2018-05-20T12:00:00+00:00,2018-05-21T00:00:00+00:00,1.17724,1.17413,1.17454,1.18160,421.1876,-1.30955,-1.1486,,43200.00,-9902.17126,97.82874,0.990325,0.526450,0.548561,-2.591361
1967,EURUSD,sell,2018-05-27T22:00:00+00:00,2018-05-28T01:00:00+00:00,1.16854,1.17163,1.17123,1.16421,418.4686,-1.29300,-1.1493,,10800.00,-9903.46425,96.53575,0.990453,0.526182,0.548529,-2.594378
1968,EURUSD,buy,2018-05-28T22:00:00+00:00,2018-05-29T06:00:00+00:00,1.16299,1.15992,1.16031,1.16729,415.1575,-1.27543,-1.1489,,28800.00,-9904.73968,95.26032,0.990579,0.525915,0.548497,-2.601102
1969,EURUSD,sell,2018-05-29T23:00:00+00:00,2018-05-30T06:00:00+00:00,1.15340,1.15645,1.15606,1.14914,412.8291,-1.25932,-1.1495,,25200.00,-9905.99900,94.00100,0.990704,0.525648,0.548465,-2.608141
1970,EURUSD,sell,2018-06-02T21:00:00+00:00,2018-06-04T01:00:00+00:00,1.16549,1.16857,1.16817,1.16118,403.1471,-1.24246,-1.1493,,100800.00,-9907.24145,93.65722,0.990738,0.525381,0.548434,-2.608645
1971,EURUSD,buy,2018-06-01T14:00:00+00:00,2018-06-04T03:00:00+00:00,1.16669,1.16902,1.16401,1.17101,302.2307,0.70473,,,219600.00,-9906.53672,93.74436,0.990729,0.525622,0.548466,-2.608043
1972,EURUSD,buy,2018-06-01T14:00:00+00:00,2018-06-04T04:00:00+00:00,1.16669,1.16856,1.16896,1.17101,100.7436,0.18833,0.8235,,223200.00,-9906.34839,93.65161,0.990739,0.525862,0.548475,-2.608683
1973,EURUSD,buy,2018-06-05T11:00:00+00:00,2018-06-05T13:00:00+00:00,1.16860,1.16551,1.16591,1.17292,400.8201,-1.23722,-1.1488,,7200.00,-9907.58561,92.41439,0.990861,0.525596,0.548444,-2.615132
1974,EURUSD,buy,2018-06-07T19:00:00+00:00,2018-06-08T06:00:00+00:00,1.18019,1.17708,1.17748,1.18456,391.6395,-1.22069,-1.1486,,39600.00,-9908.80630,91.19370,0.990982,0.525329,0.548413,-2.623760
1975,EURUSD,buy,2018-06-10T07:00:00+00:00,2018-06-11T00:00:00+00:00,1.17701,1.17937,1.17431,1.18137,290.6331,0.68369,,,61200.00,-9908.12261,92.14738,0.990887,0.525570,0.548445,-2.618754
1976,EURUSD,buy,2018-06-10T07:00:00+00:00,2018-06-11T01:00:00+00:00,1.17701,1.17916,1.17956,1.18137,96.8777,0.20762,0.8414,,64800.00,-9907.91499,92.08501,0.990893,0.525810,0.548454,-2.619166
1977,EURUSD,buy,2018-06-11T14:00:00+00:00,2018-06-11T16:00:00+00:00,1.18101,1.17790,1.17830,1.18538,389.9726,-1.21632,-1.1486,,7200.00,-9909.13131,90.86869,0.991014,0.525544,0.548424,-2.625776
1978,EURUSD,sell,2018-06-13T12:00:00+00:00,2018-06-13T18:00:00+00:00,1.17707,1.17471,1.17977,1.17271,289.4104,0.68178,,,21600.00,-9908.44953,91.51158,0.990950,0.525784,0.548455,-2.620403
1979,EURUSD,sell,2018-06-13T12:00:00+00:00,2018-06-13T18:00:00+00:00,1.17707,1.17747,1.17707,1.17271,96.4701,-0.03889,,,21600.00,-9908.48842,91.51158,0.990950,0.525518,0.548454,-2.620403
1980,EURUSD,buy,2018-06-14T16:00:00+00:00,2018-06-14T17:00:00+00:00,1.16371,1.16063,1.16103,1.16801,393.3072,-1.20904,-1.1489,,3600.00,-9909.69746,90.30254,0.991070,0.525253,0.548424,-2.626828
1981,EURUSD,buy,2018-06-16T03:00:00+00:00,2018-06-18T00:00:00+00:00,1.16094,1.15787,1.15827,1.16523,389.0372,-1.19311,-1.1489,,162000.00,-9910.89057,89.10943,0.991188,0.524987,0.548394,-2.629610
1982,EURUSD,buy,2018-06-23T21:00:00+00:00,2018-06-25T06:00:00+00:00,1.16596,1.16288,1.16328,1.17027,382.2438,-1.17726,-1.1488,,118800.00,-9912.06783,87.93217,0.991304,0.524723,0.548364,-2.633374
1983,EURUSD,sell,2018-06-26T06:00:00+00:00,2018-06-26T09:00:00+00:00,1.16900,1.16666,1.17169,1.16467,281.9905,0.65975,,,10800.00,-9911.40808,88.87384,0.991211,0.524962,0.548394,-2.625609
1984,EURUSD,sell,2018-06-26T06:00:00+00:00,2018-06-26T10:00:00+00:00,1.16900,1.16749,1.16709,1.16467,93.9968,0.14185,0.7904,,14400.00,-9911.26623,88.73377,0.991225,0.525202,0.548401,-2.626828
1985,EURUSD,buy,2018-06-28T05:00:00+00:00,2018-06-28T06:00:00+00:00,1.15593,1.15287,1.15327,1.16020,383.9361,-1.17246,-1.1490,,3600.00,-9912.43870,87.56130,0.991341,0.524937,0.548372,-2.632911
1986,EURUSD,buy,2018-06-29T16:00:00+00:00,2018-07-02T03:00:00+00:00,1.16802,1.16494,1.16533,1.17234,374.9403,-1.15678,-1.1488,,212400.00,-9913.59547,86.40453,0.991455,0.524673,0.548343,-2.635639
1987,EURUSD,sell,2018-07-06T04:00:00+00:00,2018-07-06T06:00:00+00:00,1.16821,1.17130,1.17090,1.16389,369.7051,-1.14201,-1.1493,,7200.00,-9914.73748,85.26252,0.991568,0.524409,0.548314,-2.641064
1988,EURUSD,sell,2018-07-10T17:00:00+00:00,2018-07-11T08:00:00+00:00,1.17425,1.17190,1.17695,1.16990,272.2071,0.63972,,,54000.00,-9914.09776,86.21143,0.991474,0.524648,0.548343,-2.632602
1989,EURUSD,sell,2018-07-10T17:00:00+00:00,2018-07-11T09:00:00+00:00,1.17425,1.17153,1.17113,1.16990,90.7357,0.24646,0.8713,,57600.00,-9913.85130,86.14870,0.991481,0.524887,0.548355,-2.633092
1990,EURUSD,buy,2018-07-16T18:00:00+00:00,2018-07-17T09:00:00+00:00,1.17173,1.17407,1.16904,1.17607,275.7923,0.64586,,,54000.00,-9913.20544,86.90843,0.991405,0.525126,0.548384,-2.623847
1991,EURUSD,buy,2018-07-16T18:00:00+00:00,2018-07-17T10:00:00+00:00,1.17173,1.17250,1.17290,1.17607,91.9308,0.07049,0.6561,,57600.00,-9913.13495,86.86505,0.991410,0.525364,0.548387,-2.624256
1992,EURUSD,buy,2018-07-24T03:00:00+00:00,2018-07-24T06:00:00+00:00,1.16903,1.16594,1.16634,1.17335,371.6374,-1.14756,-1.1488,,10800.00,-9914.28251,85.71749,0.991523,0.525100,0.548358,-2.628713
1993,EURUSD,sell,2018-07-25T04:00:00+00:00,2018-07-25T09:00:00+00:00,1.16746,1.17055,1.17015,1.16314,367.0010,-1.13294,-1.1493,,18000.00,-9915.41545,84.58455,0.991635,0.524837,0.548330,-2.635081
1994,EURUSD,sell,2018-07-28T07:00:00+00:00,2018-07-30T09:00:00+00:00,1.16524,1.16832,1.16792,1.16093,362.8401,-1.11800,-1.1494,,180000.00,-9916.53345,82.34855,0.991856,0.524574,0.548302,-2.645885
1995,EURUSD,sell,2018-07-29T09:00:00+00:00,2018-07-30T09:00:00+00:00,1.16524,1.16832,1.16792,1.16093,362.8401,-1.11800,-1.1494,,86400.00,-9917.65145,82.34855,0.991856,0.524311,0.548274,-2.645885
1996,EURUSD,sell,2018-08-03T06:00:00+00:00,2018-08-03T11:00:00+00:00,1.15748,1.16054,1.16015,1.15320,355.6159,-1.08856,-1.1495,,18000.00,-9918.74002,81.25998,0.991964,0.524048,0.548247,-2.651266
1997,EURUSD,sell,2018-08-04T06:00:00+00:00,2018-08-06T10:00:00+00:00,1.15635,1.15404,1.15901,1.15207,263.4434,0.60969,,,187200.00,-9918.13033,81.83481,0.991907,0.524286,0.548275,-2.645563
1998,EURUSD,sell,2018-08-04T06:00:00+00:00,2018-08-06T10:00:00+00:00,1.15635,1.15675,1.15635,1.15207,87.8145,-0.03486,,,187200.00,-9918.16519,81.83481,0.991907,0.524024,0.548274,-2.645563
1999,EURUSD,buy,2018-08-06T22:00:00+00:00,2018-08-07T08:00:00+00:00,1.15599,1.15830,1.15333,1.16026,265.5503,0.61352,,,36000.00,-9917.55166,82.69117,0.991822,0.524262,0.548302,-2.639029
2000,EURUSD,buy,2018-08-06T22:00:00+00:00,2018-08-07T09:00:00+00:00,1.15599,1.15811,1.15851,1.16026,88.5168,0.18817,0.8425,,39600.00,-9917.36350,82.63650,0.991828,0.524500,0.548311,-2.639532
2001,EURUSD,sell,2018-08-09T12:00:00+00:00,2018-08-09T14:00:00+00:00,1.15956,1.15724,1.16223,1.15527,267.1646,0.62002,,,7200.00,-9916.74348,83.22108,0.991770,0.524738,0.548339,-2.634222
2002,EURUSD,sell,2018-08-09T12:00:00+00:00,2018-08-09T14:00:00+00:00,1.15956,1.15996,1.15956,1.15527,89.0549,-0.03543,,,7200.00,-9916.77892,83.22108,0.991770,0.524476,0.548338,-2.634222
2003,EURUSD,buy,2018-08-15T15:00:00+00:00,2018-08-16T01:00:00+00:00,1.13343,1.13570,1.13082,1.13762,275.4230,0.62391,,,36000.00,-9916.15500,84.19856,0.991673,0.524713,0.548366,-2.625039
2004,EURUSD,buy,2018-08-15T15:00:00+00:00,2018-08-16T01:00:00+00:00,1.13343,1.13728,1.13343,1.13762,91.8077,0.35356,,,36000.00,-9915.80144,84.19856,0.991673,0.524950,0.548382,-2.625039
2005,EURUSD,sell,2018-08-18T03:00:00+00:00,2018-08-20T08:00:00+00:00,1.14345,1.14116,1.14608,1.13921,276.0512,0.63174,,,190800.00,-9915.16970,85.08674,0.991586,0.525187,0.548411,-2.617999
2006,EURUSD,sell,2018-08-18T03:00:00+00:00,2018-08-20T09:00:00+00:00,1.14345,1.14158,1.14119,1.13921,92.0171,0.17156,0.8261,,194400.00,-9914.99814,85.00186,0.991594,0.525424,0.548419,-2.618750
2007,EURUSD,buy,2018-08-21T09:00:00+00:00,2018-08-21T12:00:00+00:00,1.15233,1.14928,1.14968,1.15659,368.9381,-1.12321,-1.1490,,10800.00,-9916.12135,83.87865,0.991705,0.525162,0.548391,-2.625082
2008,EURUSD,sell,2018-08-23T11:00:00+00:00,2018-08-23T17:00:00+00:00,1.15715,1.15484,1.15982,1.15287,271.7451,0.62934,,,21600.00,-9915.49201,84.78904,0.991615,0.525398,0.548420,-2.616995
2009,EURUSD,sell,2018-08-23T11:00:00+00:00,2018-08-23T18:00:00+00:00,1.15715,1.15507,1.15467,1.15287,90.5817,0.18898,0.8403,,25200.00,-9915.30303,84.69697,0.991624,0.525635,0.548428,-2.617830
2010,EURUSD,buy,2018-08-25T11:00:00+00:00,2018-08-26T23:00:00+00:00,1.16240,1.16472,1.15973,1.16670,273.3218,0.63498,,,129600.00,-9914.66805,85.52432,0.991542,0.525871,0.548457,-2.609992
2011,EURUSD,buy,2018-08-25T11:00:00+00:00,2018-08-27T00:00:00+00:00,1.16240,1.16303,1.16343,1.16670,91.1073,0.05761,0.6131,,133200.00,-9914.61043,85.38957,0.991556,0.526106,0.548460,-2.609677
2012,EURUSD,buy,2018-08-27T10:00:00+00:00,2018-08-27T12:00:00+00:00,1.16137,1.16369,1.15870,1.16566,275.8013,0.64017,,,7200.00,-9913.97026,86.25145,0.991470,0.526342,0.548489,-2.602819
2013,EURUSD,buy,2018-08-27T10:00:00+00:00,2018-08-27T13:00:00+00:00,1.16137,1.16291,1.16331,1.16566,91.9338,0.14183,0.7945,,10800.00,-9913.82843,86.17157,0.991478,0.526577,0.548495,-2.603520
2014,EURUSD,buy,2018-09-01T10:00:00+00:00,2018-09-04T06:00:00+00:00,1.16032,1.15725,1.15765,1.16461,371.4388,-1.13854,-1.1489,,244800.00,-9914.96697,85.03303,0.991591,0.526316,0.548467,-2.604080
2015,EURUSD,sell,2018-09-05T06:00:00+00:00,2018-09-05T09:00:00+00:00,1.15605,1.15911,1.15871,1.15177,367.6627,-1.12407,-1.1495,,10800.00,-9916.09105,83.90895,0.991702,0.526055,0.548439,-2.610396
2016,EURUSD,sell,2018-09-07T11:00:00+00:00,2018-09-07T12:00:00+00:00,1.16062,1.15830,1.16329,1.15633,271.0308,0.62956,,,3600.00,-9915.46148,84.50254,0.991643,0.526290,0.548468,-2.605135
2017,EURUSD,sell,2018-09-07T11:00:00+00:00,2018-09-07T12:00:00+00:00,1.16062,1.16102,1.16062,1.15633,90.3436,-0.03597,,,3600.00,-9915.49746,84.50254,0.991643,0.526029,0.548467,-2.605135
2018,EURUSD,buy,2018-09-10T20:00:00+00:00,2018-09-11T06:00:00+00:00,1.15959,1.16191,1.15692,1.16388,273.3554,0.63352,,,36000.00,-9914.86394,85.40598,0.991554,0.526264,0.548496,-2.594953
2019,EURUSD,buy,2018-09-10T20:00:00+00:00,2018-09-11T07:00:00+00:00,1.15959,1.16185,1.16225,1.16388,91.1185,0.20625,0.8503,,39600.00,-9914.65768,85.34232,0.991560,0.526498,0.548505,-2.595557
2020,EURUSD,buy,2018-09-15T03:00:00+00:00,2018-09-17T08:00:00+00:00,1.16262,1.16494,1.15995,1.16692,275.3523,0.63982,,,190800.00,-9914.01787,87.09482,0.991387,0.526733,0.548534,-2.581994
2021,EURUSD,buy,2018-09-16T22:00:00+00:00,2018-09-17T08:00:00+00:00,1.16289,1.16521,1.16021,1.16719,275.2883,0.63982,,,36000.00,-9913.37805,87.09482,0.991387,0.526967,0.548563,-2.581994
2022,EURUSD,buy,2018-09-15T03:00:00+00:00,2018-09-17T09:00:00+00:00,1.16262,1.16433,1.16473,1.16692,91.7841,0.15713,0.8108,,194400.00,-9913.22092,86.91139,0.991405,0.527201,0.548570,-2.583843
2023,EURUSD,buy,2018-09-16T22:00:00+00:00,2018-09-17T09:00:00+00:00,1.16289,1.16433,1.16473,1.16719,91.7628,0.13231,0.7831,,39600.00,-9913.08861,86.91139,0.991405,0.527435,0.548576,-2.583843
2024,EURUSD,sell,2018-09-21T19:00:00+00:00,2018-09-24T09:00:00+00:00,1.17456,1.17766,1.17726,1.17021,369.8640,-1.14861,-1.1492,,223200.00,-9914.23722,85.76278,0.991519,0.527174,0.548548,-2.588814
2025,EURUSD,sell,2018-09-24T21:00:00+00:00,2018-09-25T07:00:00+00:00,1.17453,1.17763,1.17723,1.17018,364.9853,-1.13343,-1.1492,,36000.00,-9915.37065,84.62935,0.991631,0.526914,0.548519,-2.595014
2026,EURUSD,sell,2018-09-25T21:00:00+00:00,2018-09-26T12:00:00+00:00,1.17620,1.17384,1.17890,1.17184,269.7378,0.63497,,,54000.00,-9914.73568,85.45736,0.991549,0.527147,0.548548,-2.589716
2027,EURUSD,sell,2018-09-25T21:00:00+00:00,2018-09-26T13:00:00+00:00,1.17620,1.17447,1.17407,1.17184,89.9126,0.15508,0.8109,,57600.00,-9914.58060,85.41940,0.991553,0.527380,0.548555,-2.590035
2028,EURUSD,buy,2018-10-01T03:00:00+00:00,2018-10-01T14:00:00+00:00,1.15997,1.15690,1.15730,1.16426,368.3077,-1.12861,-1.1489,,39600.00,-9915.70921,84.29079,0.991664,0.527120,0.548527,-2.595077
2029,EURUSD,buy,2018-10-02T06:00:00+00:00,2018-10-02T08:00:00+00:00,1.15421,1.15116,1.15155,1.15848,365.2557,-1.11378,-1.1490,,7200.00,-9916.82299,83.17701,0.991774,0.526861,0.548499,-2.601353
2030,EURUSD,sell,2018-10-03T20:00:00+00:00,2018-10-04T09:00:00+00:00,1.14732,1.15035,1.14996,1.14307,362.3765,-1.09967,-1.1496,,46800.00,-9917.92267,82.07733,0.991883,0.526601,0.548472,-2.607499
2031,EURUSD,buy,2018-10-05T19:00:00+00:00,2018-10-08T06:00:00+00:00,1.15262,1.14957,1.14997,1.15688,356.1550,-1.08456,-1.1490,,212400.00,-9919.00723,81.56091,0.991934,0.526342,0.548445,-2.609882
2032,EURUSD,sell,2018-10-06T23:00:00+00:00,2018-10-08T08:00:00+00:00,1.15139,1.14909,1.15404,1.14713,267.2391,0.61582,,,118800.00,-9918.39141,81.96531,0.991894,0.526575,0.548473,-2.606816
2033,EURUSD,sell,2018-10-06T23:00:00+00:00,2018-10-08T09:00:00+00:00,1.15139,1.14907,1.14868,1.14713,89.0797,0.20665,0.8546,,122400.00,-9918.18476,81.81524,0.991909,0.526808,0.548482,-2.607997
2034,EURUSD,buy,2018-10-10T08:00:00+00:00,2018-10-10T13:00:00+00:00,1.14897,1.15127,1.14633,1.15322,267.1070,0.61338,,,18000.00,-9917.57138,82.69354,0.991822,0.527040,0.548510,-2.600106
2035,EURUSD,buy,2018-10-10T08:00:00+00:00,2018-10-10T14:00:00+00:00,1.14897,1.15152,1.15192,1.15322,89.0357,0.22703,0.8657,,21600.00,-9917.34435,82.65565,0.991826,0.527273,0.548520,-2.600455
2036,EURUSD,sell,2018-10-14T04:00:00+00:00,2018-10-15T09:00:00+00:00,1.15536,1.15842,1.15802,1.15109,357.5968,-1.09266,-1.1495,,104400.00,-9918.43701,81.56299,0.991934,0.527014,0.548493,-2.605319
2037,EURUSD,sell,2018-10-15T13:00:00+00:00,2018-10-16T13:00:00+00:00,1.15874,1.16181,1.16141,1.15445,351.8406,-1.07816,-1.1495,,86400.00,-9919.51517,80.48483,0.992041,0.526755,0.548466,-2.610370
2038,EURUSD,sell,2018-10-16T22:00:00+00:00,2018-10-17T11:00:00+00:00,1.15702,1.15471,1.15968,1.15274,260.7793,0.60387,,,46800.00,-9918.91130,81.43088,0.991947,0.526987,0.548494,-2.600644
2039,EURUSD,sell,2018-10-16T22:00:00+00:00,2018-10-17T11:00:00+00:00,1.15702,1.15309,1.15702,1.15274,86.9264,0.34218,,,46800.00,-9918.56912,81.43088,0.991947,0.527219,0.548509,-2.600644
2040,EURUSD,buy,2018-10-18T08:00:00+00:00,2018-10-18T13:00:00+00:00,1.15211,1.14906,1.14946,1.15637,353.5063,-1.07603,-1.1490,,18000.00,-9919.64514,80.35486,0.992053,0.526961,0.548482,-2.606889
2041,EURUSD,sell,2018-10-22T05:00:00+00:00,2018-10-22T06:00:00+00:00,1.15095,1.15400,1.15360,1.14669,348.9744,-1.06231,-1.1496,,3600.00,-9920.70745,79.29255,0.992159,0.526703,0.548456,-2.612197
2042,EURUSD,sell,2018-10-23T11:00:00+00:00,2018-10-23T14:00:00+00:00,1.14760,1.14530,1.15024,1.14335,259.0266,0.59493,,,10800.00,-9920.11253,80.02783,0.992086,0.526934,0.548483,-2.605736
2043,EURUSD,sell,2018-10-23T11:00:00+00:00,2018-10-23T15:00:00+00:00,1.14760,1.14716,1.14677,1.14335,86.3422,0.03726,0.5227,,14400.00,-9920.07526,79.92474,0.992096,0.527166,0.548485,-2.606676
2044,EURUSD,sell,2018-10-30T15:00:00+00:00,2018-10-31T09:00:00+00:00,1.13605,1.13378,1.13866,1.13184,263.7455,0.59967,,,64800.00,-9919.47559,80.72565,0.992017,0.527397,0.548512,-2.598683
2045,EURUSD,sell,2018-10-30T15:00:00+00:00,2018-10-31T10:00:00+00:00,1.13605,1.13472,1.13433,1.13184,87.9152,0.11682,0.7730,,68400.00,-9919.35878,80.64122,0.992025,0.527628,0.548517,-2.599328
2046,EURUSD,buy,2018-11-01T19:00:00+00:00,2018-11-02T07:00:00+00:00,1.14138,1.14366,1.13876,1.14560,265.0254,0.60457,,,43200.00,-9918.75420,81.45320,0.991945,0.527859,0.548545,-2.590300
2047,EURUSD,buy,2018-11-01T19:00:00+00:00,2018-11-02T08:00:00+00:00,1.14138,1.14261,1.14300,1.14560,88.3418,0.10820,0.7571,,46800.00,-9918.64600,81.35400,0.991955,0.528090,0.548550,-2.591309
2048,EURUSD,buy,2018-11-02T19:00:00+00:00,2018-11-05T11:00:00+00:00,1.13985,1.13684,1.13723,1.14407,356.9692,-1.07520,-1.1492,,230400.00,-9919.72120,80.27880,0.992061,0.527832,0.548523,-2.597408
2049,EURUSD,sell,2018-11-06T08:00:00+00:00,2018-11-06T10:00:00+00:00,1.14181,1.13952,1.14443,1.13758,263.5779,0.60233,,,7200.00,-9919.11888,81.02234,0.991987,0.528062,0.548550,-2.590981
2050,EURUSD,sell,2018-11-06T08:00:00+00:00,2018-11-06T11:00:00+00:00,1.14181,1.14113,1.14074,1.13758,87.8593,0.05932,0.6325,,10800.00,-9919.05956,80.94044,0.991996,0.528293,0.548553,-2.591717
2051,EURUSD,buy,2018-11-07T14:00:00+00:00,2018-11-07T18:00:00+00:00,1.14813,1.14510,1.14549,1.15238,352.5925,-1.06961,-1.1491,,14400.00,-9920.12917,79.87083,0.992101,0.528035,0.548526,-2.597937
2052,EURUSD,buy,2018-11-09T21:00:00+00:00,2018-11-12T05:00:00+00:00,1.13376,1.13076,1.13115,1.13795,352.3444,-1.05569,-1.1493,,201600.00,-9921.18486,77.75945,0.992310,0.527778,0.548500,-2.610437
2053,EURUSD,buy,2018-11-11T13:00:00+00:00,2018-11-12T05:00:00+00:00,1.13376,1.13076,1.13115,1.13795,352.3444,-1.05569,-1.1493,,57600.00,-9922.24055,77.75945,0.992310,0.527521,0.548474,-2.610437
2054,EURUSD,sell,2018-11-14T02:00:00+00:00,2018-11-14T09:00:00+00:00,1.12961,1.12735,1.13221,1.12543,258.0627,0.58342,,,25200.00,-9921.65713,78.56833,0.992230,0.527751,0.548500,-2.602871
2055,EURUSD,sell,2018-11-14T02:00:00+00:00,2018-11-14T10:00:00+00:00,1.12961,1.12766,1.12727,1.12543,86.0209,0.16798,0.8342,,28800.00,-9921.48915,78.51085,0.992236,0.527981,0.548508,-2.603418
2056,EURUSD,buy,2018-11-17T09:00:00+00:00,2018-11-19T06:00:00+00:00,1.14219,1.13917,1.13957,1.14642,343.7879,-1.03759,-1.1492,,162000.00,-9922.52674,76.43567,0.992441,0.527724,0.548482,-2.613578
2057,EURUSD,buy,2018-11-18T11:00:00+00:00,2018-11-19T06:00:00+00:00,1.14219,1.13917,1.13957,1.14642,343.7879,-1.03759,-1.1492,,68400.00,-9923.56433,76.43567,0.992441,0.527467,0.548456,-2.613578
2058,EURUSD,buy,2018-11-21T10:00:00+00:00,2018-11-21T11:00:00+00:00,1.13780,1.14008,1.13519,1.14201,251.9946,0.57304,,,3600.00,-9922.99128,76.97585,0.992388,0.527697,0.548482,-2.608422
2059,EURUSD,buy,2018-11-21T10:00:00+00:00,2018-11-21T11:00:00+00:00,1.13780,1.13741,1.13780,1.14201,83.9982,-0.03287,,,3600.00,-9923.02415,76.97585,0.992388,0.527441,0.548481,-2.608422
2060,EURUSD,sell,2018-11-22T11:00:00+00:00,2018-11-23T08:00:00+00:00,1.14161,1.13932,1.14423,1.13738,252.7776,0.57754,,,75600.00,-9922.44661,77.52032,0.992334,0.527670,0.548508,-2.602811
2061,EURUSD,sell,2018-11-22T11:00:00+00:00,2018-11-23T08:00:00+00:00,1.14161,1.14200,1.14161,1.13738,84.2592,-0.03307,,,75600.00,-9922.47968,77.52032,0.992334,0.527414,0.548507,-2.602811
2062,EURUSD,sell,2018-11-25T17:00:00+00:00,2018-11-26T07:00:00+00:00,1.13321,1.13621,1.13582,1.12902,341.9360,-1.02510,-1.1499,,50400.00,-9923.50478,76.49522,0.992435,0.527158,0.548481,-2.609373
2063,EURUSD,sell,2018-11-28T02:00:00+00:00,2018-11-28T17:00:00+00:00,1.12904,1.13203,1.13164,1.12486,338.6602,-1.01161,-1.1500,,54000.00,-9924.51639,75.48361,0.992535,0.526903,0.548456,-2.615247
2064,EURUSD,buy,2018-11-29T21:00:00+00:00,2018-11-30T10:00:00+00:00,1.13958,1.13657,1.13696,1.14380,331.2893,-0.99762,-1.1493,,46800.00,-9925.51401,74.48599,0.992634,0.526647,0.548431,-2.620751
2065,EURUSD,sell,2018-12-04T08:00:00+00:00,2018-12-04T09:00:00+00:00,1.13746,1.14047,1.14008,1.13325,327.3246,-0.98491,-1.1498,,3600.00,-9926.49892,73.50108,0.992731,0.526392,0.548406,-2.625992
2066,EURUSD,sell,2018-12-10T14:00:00+00:00,2018-12-10T15:00:00+00:00,1.14036,1.13808,1.14298,1.13614,241.6315,0.55147,,,3600.00,-9925.94745,74.02097,0.992680,0.526621,0.548432,-2.619609
2067,EURUSD,sell,2018-12-10T14:00:00+00:00,2018-12-10T15:00:00+00:00,1.14036,1.14075,1.14036,1.13614,80.5438,-0.03158,,,3600.00,-9925.97903,74.02097,0.992680,0.526367,0.548431,-2.619609
2068,EURUSD,buy,2018-12-14T07:00:00+00:00,2018-12-14T08:00:00+00:00,1.13585,1.13285,1.13324,1.14005,325.9371,-0.97834,-1.1493,,3600.00,-9926.95737,73.04263,0.992777,0.526112,0.548406,-2.624840
2069,EURUSD,sell,2018-12-16T17:00:00+00:00,2018-12-17T09:00:00+00:00,1.13011,1.13310,1.13271,1.12593,323.0688,-0.96593,-1.1499,,57600.00,-9927.92330,72.07670,0.992872,0.525858,0.548382,-2.630542
2070,EURUSD,sell,2018-12-19T20:00:00+00:00,2018-12-20T06:00:00+00:00,1.13698,1.13999,1.13959,1.13277,316.8708,-0.95306,-1.1498,,36000.00,-9928.87636,71.12364,0.992966,0.525604,0.548358,-2.637605
2071,EURUSD,buy,2018-12-23T06:00:00+00:00,2018-12-24T08:00:00+00:00,1.13718,1.13945,1.13457,1.14139,234.6097,0.53322,,,93600.00,-9928.34314,71.87105,0.992892,0.525833,0.548383,-2.631240
2072,EURUSD,buy,2018-12-23T06:00:00+00:00,2018-12-24T09:00:00+00:00,1.13718,1.13902,1.13941,1.14139,78.2032,0.14367,0.8242,,97200.00,-9928.19947,71.80053,0.992899,0.526062,0.548389,-2.631927
2073,EURUSD,buy,2018-12-30T08:00:00+00:00,2019-01-02T05:00:00+00:00,1.14448,1.14677,1.14185,1.14872,235.3313,0.53829,,,248400.00,-9927.66118,72.59900,0.992820,0.526290,0.548414,-2.622655
2074,EURUSD,buy,2018-12-30T08:00:00+00:00,2019-01-02T06:00:00+00:00,1.14448,1.14730,1.14769,1.14872,78.4438,0.22062,0.8770,,252000.00,-9927.44056,72.55944,0.992824,0.526519,0.548424,-2.623024
2075,EURUSD,buy,2019-01-02T18:00:00+00:00,2019-01-03T02:00:00+00:00,1.13312,1.13538,1.13051,1.13731,240.2037,0.54398,,,28800.00,-9926.89658,73.31882,0.992749,0.526747,0.548449,-2.623605
2076,EURUSD,buy,2019-01-02T18:00:00+00:00,2019-01-03T03:00:00+00:00,1.13312,1.13528,1.13567,1.13731,80.0679,0.17290,0.8468,,32400.00,-9926.72367,73.27633,0.992753,0.526975,0.548456,-2.624002
2077,EURUSD,sell,2019-01-06T13:00:00+00:00,2019-01-07T01:00:00+00:00,1.13909,1.14210,1.14171,1.13487,321.5482,-0.96889,-1.1498,,43200.00,-9927.69257,71.64814,0.992915,0.526721,0.548432,-2.633694
2078,EURUSD,sell,2019-01-04T18:00:00+00:00,2019-01-07T04:00:00+00:00,1.14005,1.14306,1.14267,1.13583,321.2775,-0.96888,-1.1498,,208800.00,-9928.66145,71.33855,0.992945,0.526468,0.548408,-2.635392
2079,EURUSD,buy,2019-01-08T03:00:00+00:00,2019-01-08T11:00:00+00:00,1.14419,1.14648,1.14156,1.14843,233.8764,0.53483,,,28800.00,-9928.12662,71.84273,0.992895,0.526696,0.548432,-2.630586
2080,EURUSD,buy,2019-01-08T03:00:00+00:00,2019-01-08T11:00:00+00:00,1.14419,1.14380,1.14419,1.14843,77.9588,-0.03066,,,28800.00,-9928.15727,71.84273,0.992895,0.526442,0.548432,-2.630586
2081,EURUSD,buy,2019-01-14T17:00:00+00:00,2019-01-15T08:00:00+00:00,1.14801,1.14498,1.14537,1.15226,312.9938,-0.94938,-1.1491,,54000.00,-9929.10666,70.89334,0.992989,0.526189,0.548408,-2.636061
2082,EURUSD,sell,2019-01-17T02:00:00+00:00,2019-01-18T15:00:00+00:00,1.13867,1.13639,1.14129,1.13445,233.4045,0.53191,,,133200.00,-9928.57475,71.57839,0.992921,0.526417,0.548432,-2.627695
2083,EURUSD,sell,2019-01-17T02:00:00+00:00,2019-01-18T16:00:00+00:00,1.13867,1.13716,1.13677,1.13445,77.8015,0.11727,0.7940,,136800.00,-9928.45748,71.54252,0.992925,0.526644,0.548437,-2.628086
2084,EURUSD,buy,2019-01-18T22:00:00+00:00,2019-01-21T07:00:00+00:00,1.13648,1.13875,1.13387,1.14068,236.1368,0.53636,,,205200.00,-9927.92112,72.23466,0.992857,0.526871,0.548462,-2.623929
2085,EURUSD,buy,2019-01-18T22:00:00+00:00,2019-01-21T08:00:00+00:00,1.13648,1.13718,1.13757,1.14068,78.7123,0.05493,0.6408,,208800.00,-9927.86619,72.13381,0.992866,0.527098,0.548464,-2.624847
2086,EURUSD,sell,2019-01-27T15:00:00+00:00,2019-01-28T14:00:00+00:00,1.13998,1.14299,1.14260,1.13576,316.2876,-0.95378,-1.1498,,82800.00,-9928.81997,71.81511,0.992898,0.526846,0.548441,-2.625233
2087,EURUSD,buy,2019-01-25T23:00:00+00:00,2019-01-28T15:00:00+00:00,1.14066,1.14294,1.13804,1.14488,237.2157,0.54079,,,230400.00,-9928.27917,71.95392,0.992884,0.527072,0.548465,-2.624123
2088,EURUSD,buy,2019-01-25T23:00:00+00:00,2019-01-28T16:00:00+00:00,1.14066,1.14261,1.14300,1.14488,79.0719,0.15380,0.8319,,234000.00,-9928.12538,71.87462,0.992892,0.527299,0.548472,-2.624764
2089,EURUSD,buy,2019-02-02T20:00:00+00:00,2019-02-04T14:00:00+00:00,1.14581,1.14279,1.14318,1.15005,313.7342,-0.94984,-1.1491,,151200.00,-9929.07521,69.97494,0.993080,0.527046,0.548448,-2.633570
2090,EURUSD,buy,2019-02-04T03:00:00+00:00,2019-02-04T14:00:00+00:00,1.14518,1.14216,1.14255,1.14942,313.9068,-0.94985,-1.1492,,39600.00,-9930.02506,69.97494,0.993080,0.526794,0.548425,-2.633570
2091,EURUSD,buy,2019-02-09T01:00:00+00:00,2019-02-11T10:00:00+00:00,1.13241,1.12942,1.12981,1.13660,309.0575,-0.92491,-1.1494,,205200.00,-9930.94997,69.05003,0.993171,0.526542,0.548402,-2.637762
2092,EURUSD,sell,2019-02-11T16:00:00+00:00,2019-02-12T14:00:00+00:00,1.12726,1.13024,1.12986,1.12309,306.1814,-0.91317,-1.1500,,79200.00,-9931.86314,68.13686,0.993262,0.526291,0.548379,-2.644199
2093,EURUSD,buy,2019-02-14T17:00:00+00:00,2019-02-15T07:00:00+00:00,1.13000,1.12701,1.12740,1.13418,301.5813,-0.90065,-1.1494,,50400.00,-9932.76379,67.23621,0.993351,0.526039,0.548356,-2.649642
2094,EURUSD,buy,2019-02-16T18:00:00+00:00,2019-02-18T02:00:00+00:00,1.12959,1.13185,1.12699,1.13377,223.2772,0.50407,,,115200.00,-9932.25972,67.90188,0.993285,0.526266,0.548379,-2.644711
2095,EURUSD,buy,2019-02-16T18:00:00+00:00,2019-02-18T03:00:00+00:00,1.12959,1.13124,1.13163,1.13377,74.4257,0.12293,0.8092,,118800.00,-9932.13678,67.86322,0.993289,0.526492,0.548385,-2.645098
2096,EURUSD,sell,2019-02-19T07:00:00+00:00,2019-02-19T08:00:00+00:00,1.12959,1.13258,1.13219,1.12541,300.2983,-0.89744,-1.1499,,3600.00,-9933.03423,66.96577,0.993378,0.526240,0.548363,-2.651156
2097,EURUSD,buy,2019-02-20T18:00:00+00:00,2019-02-20T19:00:00+00:00,1.13668,1.13368,1.13407,1.14089,294.6555,-0.88508,-1.1493,,3600.00,-9933.91931,66.08069,0.993465,0.525990,0.548341,-2.657205
2098,EURUSD,buy,2019-02-22T18:00:00+00:00,2019-02-26T13:00:00+00:00,1.13468,1.13695,1.13207,1.13888,218.4553,0.49541,,,327600.00,-9933.42390,66.76104,0.993398,0.526215,0.548363,-2.648973
2099,EURUSD,buy,2019-02-22T18:00:00+00:00,2019-02-26T14:00:00+00:00,1.13468,1.13545,1.13584,1.13888,72.8184,0.05599,0.6631,,331200.00,-9933.36790,66.63210,0.993411,0.526441,0.548366,-2.650180
2100,EURUSD,sell,2019-02-27T05:00:00+00:00,2019-02-27T11:00:00+00:00,1.13744,1.14045,1.14006,1.13323,292.8163,-0.88106,-1.1498,,21600.00,-9934.24897,65.75103,0.993498,0.526190,0.548344,-2.656222
2101,EURUSD,buy,2019-03-02T08:00:00+00:00,2019-03-04T08:00:00+00:00,1.13667,1.13367,1.13406,1.14088,289.3131,-0.86903,-1.1493,,172800.00,-9935.11799,64.88201,0.993584,0.525940,0.548322,-2.659165
2102,EURUSD,buy,2019-03-04T12:00:00+00:00,2019-03-04T15:00:00+00:00,1.13376,1.13076,1.13115,1.13795,286.2223,-0.85758,-1.1493,,10800.00,-9935.97557,64.02443,0.993668,0.525690,0.548301,-2.662657
2103,EURUSD,buy,2019-03-05T18:00:00+00:00,2019-03-07T12:00:00+00:00,1.13091,1.12792,1.12831,1.13509,283.1511,-0.84628,-1.1494,,151200.00,-9936.82185,63.17815,0.993752,0.525440,0.548280,-2.665890
2104,EURUSD,sell,2019-03-10T14:00:00+00:00,2019-03-11T09:00:00+00:00,1.12277,1.12574,1.12536,1.11862,281.2643,-0.83557,-1.1501,,68400.00,-9937.65742,62.34258,0.993835,0.525190,0.548259,-2.671911
2105,EURUSD,buy,2019-03-12T07:00:00+00:00,2019-03-12T18:00:00+00:00,1.12695,1.12920,1.12436,1.13112,207.5116,0.46739,,,39600.00,-9937.19004,63.00447,0.993769,0.525416,0.548280,-2.664664
2106,EURUSD,buy,2019-03-12T07:00:00+00:00,2019-03-12T19:00:00+00:00,1.12695,1.12857,1.12896,1.13112,69.1705,0.11229,0.8068,,43200.00,-9937.07775,62.92225,0.993777,0.525641,0.548285,-2.665616
2107,EURUSD,sell,2019-03-14T00:00:00+00:00,2019-03-14T11:00:00+00:00,1.13238,1.13011,1.13499,1.12819,208.3114,0.47210,,,39600.00,-9936.60565,63.54782,0.993716,0.525866,0.548307,-2.657449
2108,EURUSD,sell,2019-03-14T00:00:00+00:00,2019-03-14T12:00:00+00:00,1.13238,1.13146,1.13107,1.12819,69.4371,0.06394,0.7028,,43200.00,-9936.54171,63.45829,0.993724,0.526091,0.548309,-2.658493
2109,EURUSD,sell,2019-03-15T21:00:00+00:00,2019-03-18T07:00:00+00:00,1.13206,1.13506,1.13466,1.12787,280.1938,-0.83916,-1.1499,,208800.00,-9937.38087,63.24964,0.993745,0.525842,0.548289,-2.659124
2110,EURUSD,buy,2019-03-17T07:00:00+00:00,2019-03-18T11:00:00+00:00,1.13274,1.13500,1.13014,1.13693,210.1454,0.47575,,,100800.00,-9936.90512,63.30154,0.993740,0.526066,0.548310,-2.658651
2111,EURUSD,buy,2019-03-17T07:00:00+00:00,2019-03-18T12:00:00+00:00,1.13274,1.13470,1.13509,1.13693,70.0485,0.13728,0.8338,,104400.00,-9936.76784,63.23216,0.993747,0.526291,0.548316,-2.659281
2112,EURUSD,sell,2019-03-22T20:00:00+00:00,2019-03-25T09:00:00+00:00,1.12970,1.13269,1.13230,1.12552,279.7784,-0.83620,-1.1499,,219600.00,-9937.60404,62.99526,0.993770,0.526042,0.548296,-2.659206
2113,EURUSD,buy,2019-03-24T23:00:00+00:00,2019-03-25T13:00:00+00:00,1.12989,1.13215,1.12729,1.13407,209.9248,0.47406,,,50400.00,-9937.12998,62.99255,0.993770,0.526266,0.548317,-2.659229
2114,EURUSD,buy,2019-03-24T23:00:00+00:00,2019-03-25T14:00:00+00:00,1.12989,1.13085,1.13124,1.13407,69.9749,0.06730,0.7118,,54000.00,-9937.06268,62.93732,0.993776,0.526490,0.548320,-2.659687
2115,EURUSD,sell,2019-03-26T19:00:00+00:00,2019-03-28T07:00:00+00:00,1.12659,1.12434,1.12918,1.12242,209.4318,0.47221,,,129600.00,-9936.59047,63.60374,0.993710,0.526714,0.548342,-2.655051
2116,EURUSD,sell,2019-03-26T19:00:00+00:00,2019-03-28T08:00:00+00:00,1.12659,1.12588,1.12549,1.12242,69.8106,0.04986,0.6482,,133200.00,-9936.54061,63.45939,0.993724,0.526938,0.548344,-2.656407
2117,EURUSD,sell,2019-03-28T17:00:00+00:00,2019-04-01T16:00:00+00:00,1.12321,1.12096,1.12580,1.11906,211.8043,0.47613,,,342000.00,-9936.06448,64.11788,0.993659,0.527161,0.548366,-2.646464
2118,EURUSD,sell,2019-03-28T17:00:00+00:00,2019-04-01T17:00:00+00:00,1.12321,1.12136,1.12097,1.11906,70.6014,0.13108,0.8278,,345600.00,-9935.93340,64.06660,0.993664,0.527384,0.548371,-2.647023
2119,EURUSD,sell,2019-04-02T02:00:00+00:00,2019-04-03T01:00:00+00:00,1.11992,1.12289,1.12250,1.11578,285.9452,-0.84736,-1.1501,,82800.00,-9936.78076,63.21924,0.993748,0.527135,0.548350,-2.650411
2120,EURUSD,sell,2019-04-06T14:00:00+00:00,2019-04-08T08:00:00+00:00,1.12108,1.12405,1.12366,1.11693,281.8714,-0.83614,-1.1501,,151200.00,-9937.61689,62.47129,0.993822,0.526887,0.548330,-2.655438
2121,EURUSD,buy,2019-04-04T09:00:00+00:00,2019-04-08T12:00:00+00:00,1.12304,1.12528,1.12045,1.12719,211.1625,0.47396,,,356400.00,-9937.14293,63.07408,0.993762,0.527110,0.548351,-2.649698
2122,EURUSD,buy,2019-04-04T09:00:00+00:00,2019-04-08T13:00:00+00:00,1.12304,1.12562,1.12601,1.12719,70.3875,0.18198,0.8696,,360000.00,-9936.96095,63.03905,0.993766,0.527333,0.548359,-2.650069
2123,EURUSD,sell,2019-04-13T00:00:00+00:00,2019-04-15T07:00:00+00:00,1.12942,1.13241,1.13202,1.12524,278.9931,-0.83365,-1.1499,,198000.00,-9937.79460,62.63534,0.993806,0.527084,0.548339,-2.650654
2124,EURUSD,buy,2019-04-14T16:00:00+00:00,2019-04-18T07:00:00+00:00,1.13010,1.12711,1.12750,1.13428,278.9931,-0.83326,-1.1494,,313200.00,-9938.62787,61.81209,0.993887,0.526836,0.548318,-2.657029
2125,EURUSD,sell,2019-04-18T03:00:00+00:00,2019-04-18T07:00:00+00:00,1.12906,1.12680,1.13166,1.12488,206.5435,0.46672,,,14400.00,-9938.16115,61.81209,0.993887,0.527059,0.548339,-2.657029
2126,EURUSD,sell,2019-04-18T03:00:00+00:00,2019-04-18T07:00:00+00:00,1.12906,1.12945,1.12906,1.12488,68.8478,-0.02676,,,14400.00,-9938.18791,61.81209,0.993887,0.526811,0.548338,-2.657029
2127,EURUSD,buy,2019-04-19T23:00:00+00:00,2019-04-23T12:00:00+00:00,1.12442,1.12145,1.12183,1.12858,274.9452,-0.81711,-1.1495,,306000.00,-9939.00502,60.99498,0.993968,0.526563,0.548318,-2.657424
2128,EURUSD,sell,2019-04-23T18:00:00+00:00,2019-04-24T13:00:00+00:00,1.12115,1.11891,1.12373,1.11700,203.9529,0.45764,,,68400.00,-9938.54738,61.58135,0.993910,0.526786,0.548339,-2.650758
2129,EURUSD,sell,2019-04-23T18:00:00+00:00,2019-04-24T14:00:00+00:00,1.12115,1.12074,1.12035,1.11700,67.9843,0.02838,0.5195,,72000.00,-9938.51900,61.48100,0.993920,0.527008,0.548340,-2.651976
2130,EURUSD,sell,2019-04-28T07:00:00+00:00,2019-04-29T06:00:00+00:00,1.11396,1.11690,1.11652,1.10983,275.8752,-0.81324,-1.1502,,82800.00,-9939.33224,60.66776,0.994000,0.526761,0.548320,-2.657448
2131,EURUSD,sell,2019-04-29T14:00:00+00:00,2019-04-30T00:00:00+00:00,1.11629,1.11924,1.11885,1.11215,271.6580,-0.80245,-1.1502,,36000.00,-9940.13469,59.86531,0.994080,0.526513,0.548300,-2.660699
2132,EURUSD,buy,2019-05-01T07:00:00+00:00,2019-05-01T18:00:00+00:00,1.12306,1.12530,1.12047,1.12721,199.9563,0.44881,,,39600.00,-9939.68587,60.28834,0.994038,0.526735,0.548320,-2.656007
2133,EURUSD,buy,2019-05-01T07:00:00+00:00,2019-05-01T18:00:00+00:00,1.12306,1.12267,1.12306,1.12721,66.6521,-0.02579,,,39600.00,-9939.71166,60.28834,0.994038,0.526489,0.548320,-2.656007
2134,EURUSD,buy,2019-05-04T00:00:00+00:00,2019-05-05T21:00:00+00:00,1.12041,1.11744,1.11783,1.12455,269.1275,-0.79702,-1.1496,,162000.00,-9940.50868,59.49132,0.994117,0.526242,0.548300,-2.660471
2135,EURUSD,buy,2019-05-06T01:00:00+00:00,2019-05-07T16:00:00+00:00,1.11952,1.11656,1.11694,1.12366,265.7808,-0.78649,-1.1496,,140400.00,-9941.29518,58.70482,0.994195,0.525995,0.548280,-2.665312
2136,EURUSD,sell,2019-05-09T08:00:00+00:00,2019-05-09T13:00:00+00:00,1.11852,1.12148,1.12110,1.11438,262.3421,-0.77646,-1.1501,,18000.00,-9942.07164,57.92836,0.994271,0.525749,0.548261,-2.670946
2137,EURUSD,sell,2019-05-15T12:00:00+00:00,2019-05-15T14:00:00+00:00,1.11802,1.12098,1.12060,1.11389,258.9880,-0.76620,-1.1501,,7200.00,-9942.83783,57.16217,0.994347,0.525503,0.548242,-2.675353
2138,EURUSD,sell,2019-05-25T09:00:00+00:00,2019-05-28T14:00:00+00:00,1.12009,1.11785,1.12267,1.11595,191.3177,0.42888,,,277200.00,-9942.40895,58.23746,0.994241,0.525725,0.548261,-2.658294
2139,EURUSD,sell,2019-05-25T09:00:00+00:00,2019-05-28T15:00:00+00:00,1.12009,1.11855,1.11816,1.11595,63.7726,0.09875,0.8007,,280800.00,-9942.31020,58.09931,0.994254,0.525947,0.548266,-2.660131
2140,EURUSD,sell,2019-05-24T06:00:00+00:00,2019-05-28T16:00:00+00:00,1.11923,1.11699,1.12181,1.11509,191.4647,0.42888,,,381600.00,-9941.88132,58.29190,0.994235,0.526168,0.548285,-2.657548
2141,EURUSD,sell,2019-05-24T06:00:00+00:00,2019-05-28T17:00:00+00:00,1.11923,1.11752,1.11713,1.11509,63.8216,0.10971,0.8170,,385200.00,-9941.77161,58.22839,0.994242,0.526390,0.548290,-2.658418
2142,EURUSD,sell,2019-05-30T17:00:00+00:00,2019-05-31T12:00:00+00:00,1.11340,1.11634,1.11596,1.10928,261.4116,-0.77022,-1.1502,,68400.00,-9942.54183,57.45817,0.994318,0.526144,0.548271,-2.662510
2143,EURUSD,sell,2019-06-02T08:00:00+00:00,2019-06-03T12:00:00+00:00,1.11644,1.11940,1.11901,1.11231,257.2493,-0.75999,-1.1502,,100800.00,-9943.30182,56.69818,0.994393,0.525898,0.548252,-2.667247
2144,EURUSD,buy,2019-06-11T11:00:00+00:00,2019-06-12T06:00:00+00:00,1.13135,1.13361,1.12875,1.13553,187.9896,0.42507,,,68400.00,-9942.87675,56.79102,0.994384,0.526119,0.548271,-2.665053
2145,EURUSD,buy,2019-06-11T11:00:00+00:00,2019-06-12T07:00:00+00:00,1.13135,1.13284,1.13323,1.13553,62.6632,0.09341,0.7927,,72000.00,-9942.78334,56.61317,0.994401,0.526340,0.548276,-2.666783
2146,EURUSD,sell,2019-06-09T23:00:00+00:00,2019-06-12T08:00:00+00:00,1.13156,1.13455,1.13416,1.12737,250.4558,-0.74977,-1.1499,,205200.00,-9943.53311,56.46689,0.994416,0.526095,0.548257,-2.668100
2147,EURUSD,buy,2019-06-18T20:00:00+00:00,2019-06-19T18:00:00+00:00,1.11970,1.12193,1.11712,1.12384,189.1713,0.42334,,,79200.00,-9943.10978,57.13012,0.994350,0.526316,0.548276,-2.659242
2148,EURUSD,buy,2019-06-18T20:00:00+00:00,2019-06-19T18:00:00+00:00,1.11970,1.12350,1.11970,1.12384,63.0571,0.23990,,,79200.00,-9942.86988,57.13012,0.994350,0.526536,0.548287,-2.659242
2149,EURUSD,sell,2019-06-20T20:00:00+00:00,2019-06-21T07:00:00+00:00,1.12882,1.13181,1.13142,1.12464,252.9762,-0.75552,-1.1500,,39600.00,-9943.62539,56.37461,0.994425,0.526291,0.548268,-2.665219
2150,EURUSD,sell,2019-06-22T06:00:00+00:00,2019-06-24T08:00:00+00:00,1.13645,1.13946,1.13906,1.13224,247.9552,-0.74544,-1.1498,,180000.00,-9944.37083,55.62917,0.994499,0.526047,0.548250,-2.671978
2151,EURUSD,buy,2019-06-25T12:00:00+00:00,2019-06-25T16:00:00+00:00,1.13976,1.13675,1.13714,1.14398,244.1118,-0.73521,-1.1492,,14400.00,-9945.10605,54.89395,0.994571,0.525802,0.548231,-2.677855
2152,EURUSD,sell,2019-06-30T10:00:00+00:00,2019-07-01T05:00:00+00:00,1.13647,1.13419,1.13908,1.13226,181.0789,0.41187,,,68400.00,-9944.69418,55.53920,0.994508,0.526022,0.548250,-2.670599
2153,EURUSD,sell,2019-06-30T10:00:00+00:00,2019-07-01T05:00:00+00:00,1.13647,1.13260,1.13647,1.13226,60.3596,0.23338,,,68400.00,-9944.46080,55.53920,0.994508,0.526242,0.548261,-2.670599
2154,EURUSD,sell,2019-07-01T14:00:00+00:00,2019-07-01T16:00:00+00:00,1.13208,1.12981,1.13468,1.12789,183.9176,0.41671,,,7200.00,-9944.04409,56.11900,0.994450,0.526462,0.548280,-2.662825
2155,EURUSD,sell,2019-07-01T14:00:00+00:00,2019-07-01T17:00:00+00:00,1.13208,1.12992,1.12953,1.12789,61.3059,0.13251,0.8475,,10800.00,-9943.91159,56.08841,0.994453,0.526682,0.548286,-2.663274
2156,EURUSD,buy,2019-07-06T17:00:00+00:00,2019-07-09T08:00:00+00:00,1.12269,1.11972,1.12011,1.12684,249.8704,-0.74147,-1.1495,,226800.00,-9944.65306,55.34694,0.994527,0.526438,0.548267,-2.666396
2157,EURUSD,buy,2019-07-13T13:00:00+00:00,2019-07-16T07:00:00+00:00,1.12732,1.12434,1.12473,1.13149,245.5542,-0.73162,-1.1495,,237600.00,-9945.38468,54.94990,0.994566,0.526194,0.548249,-2.668199
2158,EURUSD,sell,2019-07-12T02:00:00+00:00,2019-07-16T08:00:00+00:00,1.12622,1.12397,1.12881,1.12205,184.2343,0.41526,,,367200.00,-9944.96941,55.13818,0.994547,0.526413,0.548268,-2.666310
2159,EURUSD,sell,2019-07-12T02:00:00+00:00,2019-07-16T09:00:00+00:00,1.12622,1.12495,1.12456,1.12205,61.4114,0.07828,0.7669,,370800.00,-9944.89113,55.10887,0.994550,0.526633,0.548271,-2.666616
2160,EURUSD,buy,2019-07-17T18:00:00+00:00,2019-07-18T18:00:00+00:00,1.12260,1.12484,1.12002,1.12675,184.1447,0.41316,,,86400.00,-9944.47798,55.75615,0.994486,0.526852,0.548290,-2.661739
2161,EURUSD,buy,2019-07-17T18:00:00+00:00,2019-07-18T18:00:00+00:00,1.12260,1.12641,1.12260,1.12675,61.3816,0.23413,,,86400.00,-9944.24385,55.75615,0.994486,0.527071,0.548301,-2.661739
2162,EURUSD,buy,2019-07-19T09:00:00+00:00,2019-07-19T15:00:00+00:00,1.12417,1.12120,1.12158,1.12833,248.0631,-0.73706,-1.1495,,21600.00,-9944.98091,55.01909,0.994559,0.526827,0.548282,-2.667596
2163,EURUSD,sell,2019-07-20T19:00:00+00:00,2019-07-23T04:00:00+00:00,1.12158,1.11934,1.12416,1.11743,183.9004,0.41280,,,205200.00,-9944.56811,55.57800,0.994504,0.527046,0.548301,-2.661864
2164,EURUSD,sell,2019-07-20T19:00:00+00:00,2019-07-23T05:00:00+00:00,1.12158,1.11982,1.11943,1.11743,61.3001,0.10835,0.8208,,208800.00,-9944.45975,55.54025,0.994507,0.527264,0.548306,-2.662293
2165,EURUSD,sell,2019-07-25T17:00:00+00:00,2019-07-26T15:00:00+00:00,1.11416,1.11193,1.11672,1.11003,186.8800,0.41671,,,79200.00,-9944.04304,56.08564,0.994454,0.527483,0.548325,-2.654428
2166,EURUSD,sell,2019-07-25T17:00:00+00:00,2019-07-26T16:00:00+00:00,1.11416,1.11285,1.11247,1.11003,62.2933,0.08110,0.7723,,82800.00,-9943.96194,56.03806,0.994458,0.527701,0.548329,-2.655051
2167,EURUSD,buy,2019-07-27T08:00:00+00:00,2019-07-30T12:00:00+00:00,1.11280,1.11503,1.11025,1.11692,188.8974,0.42012,,,273600.00,-9943.54182,56.62166,0.994401,0.527919,0.548348,-2.649298
2168,EURUSD,buy,2019-07-27T08:00:00+00:00,2019-07-30T13:00:00+00:00,1.11280,1.11397,1.11435,1.11692,62.9658,0.07316,0.7515,,277200.00,-9943.46865,56.53135,0.994409,0.528137,0.548351,-2.650276
2169,EURUSD,buy,2019-07-31T08:00:00+00:00,2019-07-31T16:00:00+00:00,1.11475,1.11181,1.11219,1.11888,253.6357,-0.74742,-1.1497,,28800.00,-9944.21607,55.78393,0.994483,0.527893,0.548332,-2.656125
2170,EURUSD,sell,2019-08-02T13:00:00+00:00,2019-08-05T00:00:00+00:00,1.10972,1.11265,1.11227,1.10561,251.2676,-0.73793,-1.1503,,212400.00,-9944.95400,55.46463,0.994515,0.527650,0.548314,-2.657509
2171,EURUSD,buy,2019-08-04T18:00:00+00:00,2019-08-05T07:00:00+00:00,1.11090,1.11312,1.10835,1.11501,188.3625,0.41822,,,46800.00,-9944.53578,55.59650,0.994502,0.527867,0.548333,-2.656139
2172,EURUSD,buy,2019-08-04T18:00:00+00:00,2019-08-05T08:00:00+00:00,1.11090,1.11256,1.11294,1.11501,62.7875,0.10379,0.8115,,50400.00,-9944.43199,55.56801,0.994505,0.528085,0.548338,-2.656442
2173,EURUSD,sell,2019-08-07T09:00:00+00:00,2019-08-07T12:00:00+00:00,1.11817,1.12113,1.12075,1.11404,248.4019,-0.73497,-1.1501,,10800.00,-9945.16697,54.83303,0.994577,0.527842,0.548319,-2.661986
2174,EURUSD,buy,2019-08-09T15:00:00+00:00,2019-08-09T20:00:00+00:00,1.12248,1.11951,1.11990,1.12663,244.3235,-0.72488,-1.1495,,18000.00,-9945.89185,54.10815,0.994649,0.527599,0.548301,-2.667521
2175,EURUSD,sell,2019-08-11T15:00:00+00:00,2019-08-12T07:00:00+00:00,1.11935,1.11711,1.12193,1.11521,181.2159,0.40597,,,57600.00,-9945.48588,54.49082,0.994611,0.527816,0.548320,-2.661870
2176,EURUSD,sell,2019-08-11T15:00:00+00:00,2019-08-12T07:00:00+00:00,1.11935,1.11974,1.11935,1.11521,60.4053,-0.02331,,,57600.00,-9945.50918,54.49082,0.994611,0.527574,0.548319,-2.661870
2177,EURUSD,buy,2019-08-12T22:00:00+00:00,2019-08-13T02:00:00+00:00,1.12176,1.11879,1.11918,1.12591,242.9545,-0.72036,-1.1496,,14400.00,-9946.22954,53.77046,0.994682,0.527331,0.548301,-2.666053
2178,EURUSD,sell,2019-08-19T04:00:00+00:00,2019-08-19T10:00:00+00:00,1.10881,1.11174,1.11136,1.10470,242.3971,-0.71130,-1.1503,,21600.00,-9946.94084,53.05916,0.994753,0.527089,0.548284,-2.670389
2179,EURUSD,buy,2019-08-22T12:00:00+00:00,2019-08-23T09:00:00+00:00,1.10831,1.10538,1.10576,1.11241,239.4409,-0.70158,-1.1498,,75600.00,-9947.64242,52.35758,0.994822,0.526847,0.548266,-2.674507
2180,EURUSD,buy,2019-08-25T00:00:00+00:00,2019-08-26T08:00:00+00:00,1.11393,1.11099,1.11137,1.11805,235.0825,-0.69224,-1.1497,,115200.00,-9948.33466,51.66534,0.994891,0.526606,0.548249,-2.678403
2181,EURUSD,buy,2019-08-27T01:00:00+00:00,2019-08-28T12:00:00+00:00,1.11065,1.10772,1.10810,1.11476,232.6597,-0.68312,-1.1497,,126000.00,-9949.01779,50.98221,0.994958,0.526364,0.548232,-2.684254
2182,EURUSD,buy,2019-08-28T20:00:00+00:00,2019-08-29T15:00:00+00:00,1.10803,1.10510,1.10548,1.11213,230.1264,-0.67412,-1.1498,,68400.00,-9949.69191,50.30809,0.995025,0.526123,0.548215,-2.689627
2183,EURUSD,sell,2019-08-31T09:00:00+00:00,2019-09-02T09:00:00+00:00,1.09847,1.09627,1.10100,1.09440,171.6922,0.37746,,,172800.00,-9949.31445,50.16793,0.995039,0.526340,0.548232,-2.689948
2184,EURUSD,buy,2019-09-01T16:00:00+00:00,2019-09-02T09:00:00+00:00,1.09913,1.09622,1.09660,1.10320,228.9229,-0.66530,-1.1500,,61200.00,-9949.97975,50.16793,0.995039,0.526099,0.548216,-2.689948
2185,EURUSD,sell,2019-08-31T09:00:00+00:00,2019-09-02T10:00:00+00:00,1.09847,1.09730,1.09692,1.09440,57.2307,0.06703,0.7555,,176400.00,-9949.91271,50.08729,0.995047,0.526316,0.548219,-2.690828
2186,EURUSD,sell,2019-09-03T03:00:00+00:00,2019-09-03T14:00:00+00:00,1.09324,1.09614,1.09576,1.08920,229.0081,-0.66274,-1.1506,,39600.00,-9950.57545,49.42455,0.995112,0.526075,0.548202,-2.696619
2187,EURUSD,sell,2019-09-04T10:00:00+00:00,2019-09-05T01:00:00+00:00,1.10132,1.10423,1.10385,1.09724,224.3206,-0.65389,-1.1504,,54000.00,-9951.22934,48.77066,0.995177,0.525834,0.548186,-2.702726
2188,EURUSD,buy,2019-09-07T18:00:00+00:00,2019-09-09T12:00:00+00:00,1.10283,1.10503,1.10030,1.10691,165.8866,0.36564,,,151200.00,-9950.86370,49.11524,0.995143,0.526051,0.548203,-2.695788
2189,EURUSD,buy,2019-09-07T18:00:00+00:00,2019-09-09T12:00:00+00:00,1.10283,1.10245,1.10283,1.10691,55.2955,-0.02106,,,151200.00,-9950.88476,49.11524,0.995143,0.525811,0.548202,-2.695788
2190,EURUSD,sell,2019-09-12T07:00:00+00:00,2019-09-12T11:00:00+00:00,1.10138,1.09918,1.10391,1.09730,167.1784,0.36851,,,14400.00,-9950.51625,49.46255,0.995109,0.526027,0.548219,-2.690608
2191,EURUSD,sell,2019-09-12T07:00:00+00:00,2019-09-12T11:00:00+00:00,1.10138,1.10176,1.10138,1.09730,55.7261,-0.02120,,,14400.00,-9950.53745,49.46255,0.995109,0.525787,0.548218,-2.690608
2192,EURUSD,sell,2019-09-16T10:00:00+00:00,2019-09-16T14:00:00+00:00,1.10351,1.10130,1.10605,1.09942,168.0357,0.37111,,,14400.00,-9950.16634,50.04395,0.995051,0.526004,0.548235,-2.681909
2193,EURUSD,sell,2019-09-16T10:00:00+00:00,2019-09-16T14:00:00+00:00,1.10351,1.09975,1.10351,1.09942,56.0119,0.21029,,,14400.00,-9949.95605,50.04395,0.995051,0.526220,0.548245,-2.681909
2194,EURUSD,buy,2019-09-21T18:00:00+00:00,2019-09-23T07:00:00+00:00,1.10202,1.09911,1.09949,1.10610,227.1236,-0.66177,-1.1499,,133200.00,-9950.61782,49.38218,0.995116,0.525980,0.548228,-2.685785
2195,EURUSD,buy,2019-09-25T18:00:00+00:00,2019-09-26T19:00:00+00:00,1.09443,1.09153,1.09191,1.09848,225.6749,-0.65310,-1.1500,,90000.00,-9951.27092,48.72908,0.995181,0.525740,0.548212,-2.690294
2196,EURUSD,sell,2019-09-27T04:00:00+00:00,2019-09-27T12:00:00+00:00,1.09182,1.09471,1.09433,1.08778,223.0878,-0.64478,-1.1506,,28800.00,-9951.91570,48.08430,0.995245,0.525501,0.548196,-2.696054
2197,EURUSD,buy,2019-10-07T00:00:00+00:00,2019-10-07T07:00:00+00:00,1.09911,1.09620,1.09658,1.10318,218.8077,-0.63589,-1.1500,,25200.00,-9952.55159,47.49673,0.995303,0.525262,0.548180,-2.697617
2198,EURUSD,sell,2019-10-04T17:00:00+00:00,2019-10-07T13:00:00+00:00,1.09747,1.10038,1.10000,1.09341,219.0030,-0.63619,-1.1505,,244800.00,-9953.18779,46.81221,0.995371,0.525023,0.548164,-2.703066
2199,EURUSD,buy,2019-10-08T01:00:00+00:00,2019-10-08T15:00:00+00:00,1.09773,1.09483,1.09521,1.10179,213.2869,-0.61908,-1.1500,,50400.00,-9953.80687,46.19313,0.995432,0.524784,0.548149,-2.708805
2200,EURUSD,sell,2019-10-09T13:00:00+00:00,2019-10-10T06:00:00+00:00,1.09772,1.10063,1.10025,1.09366,210.3417,-0.61117,-1.1505,,61200.00,-9954.41804,45.58196,0.995492,0.524545,0.548134,-2.715182
2201,EURUSD,sell,2019-10-12T05:00:00+00:00,2019-10-15T11:00:00+00:00,1.10296,1.10075,1.10550,1.09888,154.9297,0.34200,,,280800.00,-9954.07604,46.38000,0.995413,0.524761,0.548149,-2.702275
2202,EURUSD,sell,2019-10-12T05:00:00+00:00,2019-10-15T12:00:00+00:00,1.10296,1.10133,1.10095,1.09888,51.6432,0.08411,0.8107,,284400.00,-9953.99193,46.43634,0.995408,0.524977,0.548153,-2.701281
2203,EURUSD,sell,2019-10-14T13:00:00+00:00,2019-10-15T12:00:00+00:00,1.10218,1.09997,1.10472,1.09810,155.0393,0.34200,,,82800.00,-9953.64993,46.43634,0.995408,0.525193,0.548168,-2.701281
2204,EURUSD,sell,2019-10-14T13:00:00+00:00,2019-10-15T13:00:00+00:00,1.10218,1.10133,1.10095,1.09810,51.6798,0.04387,0.6906,,86400.00,-9953.60605,46.39395,0.995412,0.525408,0.548170,-2.702031
2205,EURUSD,sell,2019-10-18T16:00:00+00:00,2019-10-22T12:00:00+00:00,1.11549,1.11325,1.11805,1.11136,155.9188,0.34809,,,331200.00,-9953.25796,46.88783,0.995363,0.525624,0.548186,-2.690366
2206,EURUSD,sell,2019-10-18T16:00:00+00:00,2019-10-22T13:00:00+00:00,1.11549,1.11417,1.11379,1.11136,51.9729,0.06814,0.7734,,334800.00,-9953.18982,46.81018,0.995371,0.525839,0.548189,-2.691510
2207,EURUSD,buy,2019-11-03T05:00:00+00:00,2019-11-04T16:00:00+00:00,1.11674,1.11379,1.11418,1.12088,209.6460,-0.61887,-1.1496,,126000.00,-9953.80869,46.19131,0.995432,0.525600,0.548174,-2.692777
2208,EURUSD,buy,2019-11-08T00:00:00+00:00,2019-11-08T14:00:00+00:00,1.10506,1.10214,1.10252,1.10915,209.0615,-0.61080,-1.1498,,50400.00,-9954.41949,45.58051,0.995492,0.525362,0.548159,-2.697052
2209,EURUSD,sell,2019-11-11T05:00:00+00:00,2019-11-13T17:00:00+00:00,1.10220,1.09999,1.10474,1.09812,155.0315,0.34199,,,216000.00,-9954.07750,46.04183,0.995447,0.525577,0.548174,-2.689732
2210,EURUSD,sell,2019-11-11T05:00:00+00:00,2019-11-13T18:00:00+00:00,1.10220,1.10074,1.10036,1.09812,51.6772,0.07540,0.7933,,219600.00,-9954.00210,45.99790,0.995451,0.525792,0.548178,-2.690308
2211,EURUSD,sell,2019-11-14T02:00:00+00:00,2019-11-14T18:00:00+00:00,1.09988,1.10279,1.10241,1.09581,209.0414,-0.60857,-1.1505,,57600.00,-9954.61067,45.38933,0.995511,0.525554,0.548163,-2.696012
2212,EURUSD,buy,2019-11-15T15:00:00+00:00,2019-11-18T15:00:00+00:00,1.10540,1.10761,1.10286,1.10949,154.0264,0.34029,,,259200.00,-9954.27038,45.86663,0.995464,0.525769,0.548178,-2.688729
2213,EURUSD,buy,2019-11-15T15:00:00+00:00,2019-11-18T16:00:00+00:00,1.10540,1.10750,1.10788,1.10949,51.3421,0.10762,0.8457,,262800.00,-9954.16276,45.83724,0.995467,0.525983,0.548183,-2.689170
2214,EURUSD,sell,2019-11-26T09:00:00+00:00,2019-11-29T13:00:00+00:00,1.10109,1.09889,1.10362,1.09701,156.0619,0.34391,,,273600.00,-9953.81885,45.67121,0.995483,0.526197,0.548198,-2.688464
2215,EURUSD,buy,2019-11-27T23:00:00+00:00,2019-11-29T13:00:00+00:00,1.10081,1.09790,1.09828,1.10488,208.2602,-0.60616,-1.1499,,136800.00,-9954.42500,45.67121,0.995483,0.525959,0.548183,-2.688464
2216,EURUSD,sell,2019-11-26T09:00:00+00:00,2019-11-29T14:00:00+00:00,1.10109,1.10003,1.09965,1.09701,52.0206,0.05512,0.7361,,277200.00,-9954.36988,45.63012,0.995488,0.526173,0.548186,-2.688885
2217,EURUSD,buy,2019-12-01T09:00:00+00:00,2019-12-02T14:00:00+00:00,1.10183,1.10403,1.09930,1.10591,155.3454,0.34209,,,104400.00,-9954.02779,46.10734,0.995440,0.526387,0.548201,-2.681926
2218,EURUSD,buy,2019-12-01T09:00:00+00:00,2019-12-02T15:00:00+00:00,1.10183,1.10408,1.10446,1.10591,51.7818,0.11642,0.8550,,108000.00,-9953.91137,46.08863,0.995442,0.526601,0.548207,-2.682206
2219,EURUSD,buy,2019-12-03T00:00:00+00:00,2019-12-04T13:00:00+00:00,1.10768,1.10990,1.10514,1.11178,156.0775,0.34553,,,133200.00,-9953.56584,46.41427,0.995410,0.526814,0.548222,-2.676660
2220,EURUSD,buy,2019-12-03T00:00:00+00:00,2019-12-04T13:00:00+00:00,1.10768,1.10730,1.10768,1.11178,52.0258,-0.01989,,,133200.00,-9953.58573,46.41427,0.995410,0.526577,0.548222,-2.676660
2221,EURUSD,buy,2019-12-05T14:00:00+00:00,2019-12-06T13:00:00+00:00,1.11033,1.10740,1.10778,1.11444,209.0733,-0.61370,-1.1498,,82800.00,-9954.19943,45.80057,0.995471,0.526339,0.548207,-2.681886
2222,EURUSD,buy,2019-12-08T08:00:00+00:00,2019-12-10T11:00:00+00:00,1.10576,1.10797,1.10322,1.10985,155.3714,0.34337,,,183600.00,-9953.85605,46.54915,0.995397,0.526553,0.548222,-2.669964
2223,EURUSD,buy,2019-12-08T08:00:00+00:00,2019-12-10T12:00:00+00:00,1.10576,1.10717,1.10755,1.10985,51.7905,0.07282,0.7863,,187200.00,-9953.78323,46.31153,0.995420,0.526766,0.548226,-2.673567
2224,EURUSD,buy,2019-12-10T01:00:00+00:00,2019-12-10T16:00:00+00:00,1.10710,1.10931,1.10456,1.11120,155.1832,0.34337,,,54000.00,-9953.43986,46.65521,0.995386,0.526978,0.548241,-2.668236
2225,EURUSD,buy,2019-12-10T01:00:00+00:00,2019-12-10T17:00:00+00:00,1.10710,1.10845,1.10883,1.11120,51.7277,0.06959,0.7786,,57600.00,-9953.37027,46.62973,0.995389,0.527191,0.548244,-2.668658
2226,EURUSD,sell,2019-12-14T06:00:00+00:00,2019-12-16T06:00:00+00:00,1.11141,1.11435,1.11396,1.10729,209.7151,-0.61682,-1.1503,,172800.00,-9953.98708,46.47565,0.995404,0.526954,0.548229,-2.668686
2227,EURUSD,buy,2019-12-15T17:00:00+00:00,2019-12-16T07:00:00+00:00,1.11207,1.11430,1.10952,1.11619,157.2863,0.34959,,,50400.00,-9953.63750,46.49234,0.995402,0.527167,0.548245,-2.668491
2228,EURUSD,buy,2019-12-15T17:00:00+00:00,2019-12-16T08:00:00+00:00,1.11207,1.11358,1.11396,1.11619,52.4288,0.07876,0.7964,,54000.00,-9953.55873,46.44127,0.995407,0.527379,0.548248,-2.669081
2229,EURUSD,buy,2019-12-17T01:00:00+00:00,2019-12-17T12:00:00+00:00,1.11425,1.11648,1.11169,1.11838,156.3440,0.34817,,,39600.00,-9953.21056,46.93045,0.995359,0.527591,0.548264,-2.662284
2230,EURUSD,buy,2019-12-17T01:00:00+00:00,2019-12-17T13:00:00+00:00,1.11425,1.11550,1.11588,1.11838,52.1147,0.06468,0.7634,,43200.00,-9953.14588,46.85412,0.995366,0.527803,0.548267,-2.663401
2231,EURUSD,buy,2019-12-18T11:00:00+00:00,2019-12-20T11:00:00+00:00,1.11311,1.11017,1.11055,1.11723,210.5273,-0.61949,-1.1497,,172800.00,-9953.76537,46.72651,0.995379,0.527566,0.548252,-2.663866
2232,EURUSD,sell,2019-12-19T18:00:00+00:00,2019-12-20T11:00:00+00:00,1.11240,1.11017,1.11496,1.10828,157.9026,0.35154,,,61200.00,-9953.41383,46.72651,0.995379,0.527778,0.548268,-2.663866
2233,EURUSD,sell,2019-12-19T18:00:00+00:00,2019-12-20T12:00:00+00:00,1.11240,1.11075,1.11037,1.10828,52.6342,0.08648,0.8109,,64800.00,-9953.32734,46.67266,0.995384,0.527989,0.548272,-2.664492
2234,EURUSD,buy,2019-12-21T11:00:00+00:00,2019-12-26T18:00:00+00:00,1.10802,1.11024,1.10547,1.11212,158.0067,0.34991,,,457200.00,-9952.97744,46.70114,0.995382,0.528201,0.548287,-2.661221
2235,EURUSD,buy,2019-12-21T11:00:00+00:00,2019-12-26T19:00:00+00:00,1.10802,1.10991,1.11029,1.11212,52.6689,0.09926,0.8311,,460800.00,-9952.87818,46.77194,0.995375,0.528412,0.548292,-2.660429
2236,EURUSD,sell,2019-12-23T16:00:00+00:00,2019-12-27T02:00:00+00:00,1.10864,1.11157,1.11119,1.10453,210.4325,-0.61741,-1.1503,,295200.00,-9953.49558,46.50442,0.995401,0.528175,0.548277,-2.662990
2237,EURUSD,buy,2019-12-27T21:00:00+00:00,2019-12-30T02:00:00+00:00,1.11747,1.11970,1.11490,1.12160,156.1068,0.34865,,,190800.00,-9953.14694,47.00682,0.995351,0.528386,0.548292,-2.657359
2238,EURUSD,buy,2019-12-27T21:00:00+00:00,2019-12-30T03:00:00+00:00,1.11747,1.11941,1.11980,1.12160,52.0356,0.10141,0.8347,,194400.00,-9953.04552,46.95448,0.995357,0.528597,0.548297,-2.658034
2239,EURUSD,buy,2019-12-30T06:00:00+00:00,2019-12-31T11:00:00+00:00,1.11989,1.12212,1.11731,1.12403,157.2768,0.35202,,,104400.00,-9952.69350,47.45770,0.995307,0.528808,0.548313,-2.651886
2240,EURUSD,buy,2019-12-30T06:00:00+00:00,2019-12-31T12:00:00+00:00,1.11989,1.12232,1.12271,1.12403,52.4256,0.12778,0.8630,,108000.00,-9952.56572,47.43428,0.995309,0.529018,0.548319,-2.652215
2241,EURUSD,sell,2019-12-31T13:00:00+00:00,2019-12-31T21:00:00+00:00,1.12345,1.12120,1.12604,1.11929,158.2845,0.35590,,,28800.00,-9952.20983,47.93225,0.995260,0.529228,0.548335,-2.644503
2242,EURUSD,sell,2019-12-31T13:00:00+00:00,2019-12-31T22:00:00+00:00,1.12345,1.12115,1.12076,1.11929,52.7615,0.12170,0.8566,,32400.00,-9952.08813,47.91187,0.995262,0.529438,0.548340,-2.644848
2243,EURUSD,buy,2020-01-03T02:00:00+00:00,2020-01-03T09:00:00+00:00,1.11759,1.11463,1.11502,1.12172,214.4188,-0.63343,-1.1496,,25200.00,-9952.72156,47.27844,0.995324,0.529202,0.548325,-2.649941
2244,EURUSD,buy,2020-01-05T15:00:00+00:00,2020-01-06T09:00:00+00:00,1.11581,1.11804,1.11325,1.11994,158.9398,0.35445,,,64800.00,-9952.36711,47.81861,0.995271,0.529412,0.548341,-2.643091
2245,EURUSD,buy,2020-01-05T15:00:00+00:00,2020-01-06T10:00:00+00:00,1.11581,1.11860,1.11899,1.11994,52.9799,0.14780,0.8785,,68400.00,-9952.21931,47.78069,0.995275,0.529621,0.548347,-2.643619
2246,EURUSD,buy,2020-01-08T10:00:00+00:00,2020-01-08T21:00:00+00:00,1.11306,1.11012,1.11050,1.11718,214.7003,-0.63174,-1.1497,,39600.00,-9952.85105,47.14895,0.995337,0.529386,0.548332,-2.648993
2247,EURUSD,buy,2020-01-09T22:00:00+00:00,2020-01-13T09:00:00+00:00,1.11098,1.11320,1.10843,1.11509,159.1938,0.35348,,,298800.00,-9952.49757,47.35872,0.995317,0.529595,0.548348,-2.645674
2248,EURUSD,buy,2020-01-09T22:00:00+00:00,2020-01-13T10:00:00+00:00,1.11098,1.11109,1.11147,1.11509,53.0646,0.00549,0.2124,,302400.00,-9952.49208,47.40437,0.995312,0.529804,0.548348,-2.645133
2249,EURUSD,buy,2020-01-12T05:00:00+00:00,2020-01-13T16:00:00+00:00,1.11198,1.11421,1.10943,1.11610,159.0506,0.35348,,,126000.00,-9952.13860,48.40984,0.995213,0.530013,0.548364,-2.629979
2250,EURUSD,buy,2020-01-13T09:00:00+00:00,2020-01-13T16:00:00+00:00,1.11184,1.11407,1.10929,1.11596,160.2632,0.35613,,,25200.00,-9951.78247,48.40984,0.995213,0.530222,0.548380,-2.629979
2251,EURUSD,buy,2020-01-12T05:00:00+00:00,2020-01-13T17:00:00+00:00,1.11198,1.11317,1.11355,1.11610,53.0169,0.06269,0.7548,,129600.00,-9951.71978,48.35087,0.995218,0.530431,0.548383,-2.631037
2252,EURUSD,buy,2020-01-13T09:00:00+00:00,2020-01-13T17:00:00+00:00,1.11184,1.11317,1.11355,1.11596,53.4211,0.07065,0.7750,,28800.00,-9951.64913,48.35087,0.995218,0.530639,0.548386,-2.631037
2253,EURUSD,buy,2020-01-14T23:00:00+00:00,2020-01-15T14:00:00+00:00,1.11308,1.11531,1.11052,1.11720,162.9438,0.36249,,,54000.00,-9951.28664,48.82938,0.995171,0.530848,0.548403,-2.624840
2254,EURUSD,buy,2020-01-14T23:00:00+00:00,2020-01-15T15:00:00+00:00,1.11308,1.11448,1.11486,1.11720,54.3146,0.07559,0.7836,,57600.00,-9951.21105,48.78895,0.995175,0.531056,0.548406,-2.625407
2255,EURUSD,sell,2020-01-20T00:00:00+00:00,2020-01-21T13:00:00+00:00,1.10895,1.11188,1.11150,1.10484,219.9127,-0.64540,-1.1503,,133200.00,-9951.85645,47.78248,0.995275,0.530820,0.548390,-2.632961
2256,EURUSD,sell,2020-01-17T14:00:00+00:00,2020-01-22T15:00:00+00:00,1.10972,1.10750,1.11227,1.10561,164.8201,0.36606,,,435600.00,-9951.49039,48.62921,0.995191,0.531028,0.548407,-2.626501
2257,EURUSD,sell,2020-01-17T14:00:00+00:00,2020-01-22T16:00:00+00:00,1.10972,1.10819,1.10781,1.10561,54.9400,0.08376,0.7995,,439200.00,-9951.40663,48.59337,0.995194,0.531236,0.548411,-2.626931
2258,EURUSD,buy,2020-01-23T12:00:00+00:00,2020-01-23T14:00:00+00:00,1.10878,1.10585,1.10623,1.11288,219.1951,-0.64252,-1.1498,,7200.00,-9952.04916,47.95084,0.995258,0.531001,0.548395,-2.632575
2259,EURUSD,sell,2020-01-24T13:00:00+00:00,2020-01-27T16:00:00+00:00,1.10354,1.10133,1.10608,1.09945,162.8957,0.35977,,,270000.00,-9951.68938,48.40069,0.995214,0.531208,0.548411,-2.623874
2260,EURUSD,sell,2020-01-24T13:00:00+00:00,2020-01-27T17:00:00+00:00,1.10354,1.10231,1.10193,1.09945,54.2986,0.06669,0.7634,,273600.00,-9951.62269,48.37731,0.995216,0.531416,0.548414,-2.624187
2261,EURUSD,sell,2020-02-05T00:00:00+00:00,2020-02-05T13:00:00+00:00,1.10398,1.10177,1.10652,1.09989,164.2790,0.36297,,,46800.00,-9951.25972,48.89135,0.995165,0.531623,0.548430,-2.614119
2262,EURUSD,sell,2020-02-05T00:00:00+00:00,2020-02-05T14:00:00+00:00,1.10398,1.10180,1.10142,1.09989,54.7597,0.11928,0.8513,,50400.00,-9951.14044,48.85956,0.995168,0.531830,0.548436,-2.614578
2263,EURUSD,sell,2020-02-10T06:00:00+00:00,2020-02-10T15:00:00+00:00,1.09480,1.09261,1.09732,1.09075,167.3074,0.36659,,,32400.00,-9950.77385,49.35952,0.995119,0.532037,0.548452,-2.606971
2264,EURUSD,sell,2020-02-10T06:00:00+00:00,2020-02-10T16:00:00+00:00,1.09480,1.09278,1.09240,1.09075,55.7691,0.11286,0.8427,,36000.00,-9950.66099,49.33901,0.995121,0.532244,0.548458,-2.607253
2265,EURUSD,sell,2020-02-11T22:00:00+00:00,2020-02-12T15:00:00+00:00,1.09152,1.08934,1.09403,1.08748,169.4567,0.37019,,,61200.00,-9950.29080,49.82683,0.995072,0.532450,0.548474,-2.602324
2266,EURUSD,sell,2020-02-11T22:00:00+00:00,2020-02-12T16:00:00+00:00,1.09152,1.09013,1.08975,1.08748,56.4856,0.07883,0.7873,,64800.00,-9950.21198,49.78802,0.995076,0.532657,0.548478,-2.602835
2267,EURUSD,sell,2020-02-13T02:00:00+00:00,2020-02-13T15:00:00+00:00,1.08667,1.08450,1.08917,1.08265,171.7618,0.37356,,,46800.00,-9949.83842,50.26543,0.995029,0.532863,0.548495,-2.596792
2268,EURUSD,sell,2020-02-13T02:00:00+00:00,2020-02-13T16:00:00+00:00,1.08667,1.08579,1.08541,1.08265,57.2539,0.05086,0.7028,,50400.00,-9949.78756,50.21244,0.995034,0.533069,0.548497,-2.597492
2269,EURUSD,sell,2020-02-15T00:00:00+00:00,2020-02-18T13:00:00+00:00,1.08267,1.08050,1.08516,1.07866,173.8674,0.37674,,,306000.00,-9949.41082,50.93938,0.994962,0.533275,0.548514,-2.590018
2270,EURUSD,sell,2020-02-15T00:00:00+00:00,2020-02-18T14:00:00+00:00,1.08267,1.08117,1.08080,1.07866,57.9558,0.08640,0.7993,,309600.00,-9949.32442,51.07122,0.994949,0.533480,0.548518,-2.588070
2271,EURUSD,sell,2020-02-18T12:00:00+00:00,2020-02-18T14:00:00+00:00,1.08111,1.07894,1.08359,1.07710,174.1182,0.37674,,,7200.00,-9948.94768,51.07122,0.994949,0.533686,0.548535,-2.588070
2272,EURUSD,sell,2020-02-18T12:00:00+00:00,2020-02-18T15:00:00+00:00,1.08111,1.08117,1.08080,1.07710,58.0394,-0.00399,-0.2248,,10800.00,-9948.95167,51.04833,0.994952,0.533451,0.548535,-2.588415
2273,EURUSD,sell,2020-02-20T18:00:00+00:00,2020-02-21T08:00:00+00:00,1.07903,1.08188,1.08151,1.07503,236.4772,-0.67561,-1.1508,,50400.00,-9949.62727,50.37273,0.995018,0.533216,0.548518,-2.592808
2274,EURUSD,sell,2020-02-24T02:00:00+00:00,2020-02-24T14:00:00+00:00,1.08194,1.08480,1.08442,1.07793,232.7201,-0.66664,-1.1508,,43200.00,-9950.29391,49.70609,0.995084,0.532982,0.548502,-2.597881
2275,EURUSD,buy,2020-02-25T02:00:00+00:00,2020-02-25T10:00:00+00:00,1.08667,1.08379,1.08417,1.09069,228.7778,-0.65747,-1.1502,,28800.00,-9950.95138,49.04862,0.995149,0.532747,0.548485,-2.603500
2276,EURUSD,sell,2020-03-02T02:00:00+00:00,2020-03-02T08:00:00+00:00,1.10535,1.10827,1.10789,1.10126,221.8030,-0.64887,-1.1504,,21600.00,-9951.60025,48.39975,0.995214,0.532513,0.548469,-2.607722
2277,EURUSD,sell,2020-03-04T17:00:00+00:00,2020-03-05T09:00:00+00:00,1.11203,1.11497,1.11458,1.10791,217.5543,-0.64022,-1.1502,,57600.00,-9952.24047,47.75953,0.995277,0.532279,0.548453,-2.613460
2278,EURUSD,sell,2020-03-08T08:00:00+00:00,2020-03-08T21:00:00+00:00,1.12770,1.13069,1.13030,1.12353,211.6925,-0.63160,-1.1500,,46800.00,-9952.87208,47.12792,0.995339,0.532046,0.548438,-2.618502
2279,EURUSD,sell,2020-03-11T02:00:00+00:00,2020-03-11T05:00:00+00:00,1.13210,1.13510,1.13470,1.12791,208.0813,-0.62321,-1.1499,,10800.00,-9953.49529,46.50471,0.995401,0.531812,0.548422,-2.623537
2280,EURUSD,sell,2020-03-14T18:00:00+00:00,2020-03-15T21:00:00+00:00,1.10959,1.11252,1.11214,1.10548,209.4958,-0.61518,-1.1503,,97200.00,-9954.11047,45.88953,0.995462,0.531579,0.548407,-2.628532
2281,EURUSD,buy,2020-03-16T07:00:00+00:00,2020-03-16T08:00:00+00:00,1.11795,1.12018,1.11537,1.12208,153.9766,0.34404,,,3600.00,-9953.76643,46.21379,0.995430,0.531784,0.548422,-2.624149
2282,EURUSD,buy,2020-03-16T07:00:00+00:00,2020-03-16T08:00:00+00:00,1.11795,1.11756,1.11795,1.12208,51.3255,-0.01978,,,3600.00,-9953.78621,46.21379,0.995430,0.531551,0.548422,-2.624149
2283,EURUSD,sell,2020-03-23T06:00:00+00:00,2020-03-23T07:00:00+00:00,1.07438,1.07223,1.07685,1.07040,161.2559,0.34674,,,3600.00,-9953.43947,46.54052,0.995397,0.531756,0.548438,-2.618094
2284,EURUSD,sell,2020-03-23T06:00:00+00:00,2020-03-23T07:00:00+00:00,1.07438,1.07475,1.07438,1.07040,53.7520,-0.02001,,,3600.00,-9953.45948,46.54052,0.995397,0.531524,0.548437,-2.618094
2285,EURUSD,sell,2020-03-24T09:00:00+00:00,2020-03-24T10:00:00+00:00,1.08504,1.08792,1.08754,1.08103,214.3993,-0.61589,-1.1507,,3600.00,-9954.07537,45.92463,0.995458,0.531291,0.548422,-2.623678
2286,EURUSD,buy,2020-03-26T10:00:00+00:00,2020-03-26T12:00:00+00:00,1.09569,1.09279,1.09317,1.09974,209.6326,-0.60736,-1.1500,,7200.00,-9954.68273,45.31727,0.995518,0.531059,0.548407,-2.628973
2287,EURUSD,buy,2020-03-28T06:00:00+00:00,2020-03-29T21:00:00+00:00,1.11412,1.11118,1.11156,1.11825,203.4372,-0.59916,-1.1497,,140400.00,-9955.28189,44.65103,0.995584,0.530826,0.548392,-2.634764
2288,EURUSD,sell,2020-03-29T21:00:00+00:00,2020-03-29T23:00:00+00:00,1.11172,1.11466,1.11427,1.10760,201.0616,-0.59153,-1.1503,,7200.00,-9955.87342,44.12658,0.995636,0.530594,0.548377,-2.637941
2289,EURUSD,buy,2020-03-31T17:00:00+00:00,2020-03-31T19:00:00+00:00,1.10055,1.10275,1.09802,1.10462,150.4015,0.33082,,,7200.00,-9955.54260,44.43834,0.995605,0.530799,0.548392,-2.633293
2290,EURUSD,buy,2020-03-31T17:00:00+00:00,2020-03-31T19:00:00+00:00,1.10055,1.10017,1.10055,1.10462,50.1338,-0.01906,,,7200.00,-9955.56166,44.43834,0.995605,0.530568,0.548392,-2.633293
2291,EURUSD,sell,2020-04-04T07:00:00+00:00,2020-04-05T21:00:00+00:00,1.07923,1.08208,1.08171,1.07523,205.8188,-0.58813,-1.1508,,136800.00,-9956.14978,43.26209,0.995722,0.530336,0.548377,-2.641715
2292,EURUSD,sell,2020-04-05T07:00:00+00:00,2020-04-05T21:00:00+00:00,1.07923,1.08208,1.08171,1.07523,205.8188,-0.58813,-1.1508,,50400.00,-9956.73791,43.26209,0.995722,0.530105,0.548362,-2.641715
2293,EURUSD,sell,2020-04-11T08:00:00+00:00,2020-04-13T06:00:00+00:00,1.09293,1.09583,1.09545,1.08889,197.8582,-0.57243,-1.1506,,165600.00,-9957.31034,42.68966,0.995778,0.529874,0.548348,-2.645716
2294,EURUSD,buy,2020-04-13T17:00:00+00:00,2020-04-14T03:00:00+00:00,1.09233,1.09451,1.08982,1.09637,146.5991,0.32005,,,36000.00,-9956.99029,43.12466,0.995735,0.530078,0.548363,-2.639769
2295,EURUSD,buy,2020-04-13T17:00:00+00:00,2020-04-14T04:00:00+00:00,1.09233,1.09387,1.09425,1.09637,48.8664,0.07546,0.8032,,39600.00,-9956.91484,43.08516,0.995739,0.530283,0.548366,-2.640382
2296,EURUSD,buy,2020-04-20T06:00:00+00:00,2020-04-20T09:00:00+00:00,1.08589,1.08806,1.08339,1.08990,148.8350,0.32301,,,10800.00,-9956.59182,43.52448,0.995696,0.530488,0.548381,-2.632620
2297,EURUSD,buy,2020-04-20T06:00:00+00:00,2020-04-20T10:00:00+00:00,1.08589,1.08740,1.08778,1.08990,49.6117,0.07531,0.8013,,14400.00,-9956.51651,43.48349,0.995700,0.530692,0.548384,-2.633247
2298,EURUSD,buy,2020-04-22T07:00:00+00:00,2020-04-22T11:00:00+00:00,1.08588,1.08805,1.08338,1.08989,150.2124,0.32600,,,14400.00,-9956.19051,43.89733,0.995659,0.530896,0.548399,-2.627057
2299,EURUSD,buy,2020-04-22T07:00:00+00:00,2020-04-22T12:00:00+00:00,1.08588,1.08634,1.08672,1.08989,50.0708,0.02345,0.5547,,18000.00,-9956.16706,43.83294,0.995665,0.531100,0.548400,-2.628013
2300,EURUSD,buy,2020-04-24T03:00:00+00:00,2020-04-24T06:00:00+00:00,1.07743,1.07458,1.07496,1.08142,203.4747,-0.57987,-1.1504,,10800.00,-9956.74693,43.25307,0.995723,0.530870,0.548386,-2.633268
2301,EURUSD,buy,2020-04-26T16:00:00+00:00,2020-04-27T05:00:00+00:00,1.08228,1.08445,1.07980,1.08629,149.9122,0.32427,,,46800.00,-9956.42266,43.69604,0.995679,0.531073,0.548400,-2.625291
2302,EURUSD,buy,2020-04-26T16:00:00+00:00,2020-04-27T06:00:00+00:00,1.08228,1.08420,1.08458,1.08629,49.9707,0.09595,0.8365,,50400.00,-9956.32671,43.67329,0.995681,0.531277,0.548405,-2.625655
2303,EURUSD,sell,2020-04-29T14:00:00+00:00,2020-04-29T18:00:00+00:00,1.08483,1.08771,1.08733,1.08082,201.2297,-0.57795,-1.1507,,14400.00,-9956.90466,43.09534,0.995738,0.531046,0.548390,-2.630907
2304,EURUSD,sell,2020-05-03T14:00:00+00:00,2020-05-04T00:00:00+00:00,1.09744,1.09524,1.09997,1.09338,147.2144,0.32334,,,36000.00,-9956.58132,43.55219,0.995693,0.531250,0.548405,-2.625999
2305,EURUSD,sell,2020-05-03T14:00:00+00:00,2020-05-04T01:00:00+00:00,1.09744,1.09589,1.09551,1.09338,49.0715,0.07616,0.8039,,39600.00,-9956.50516,43.49484,0.995699,0.531453,0.548408,-2.626681
2306,EURUSD,sell,2020-05-05T10:00:00+00:00,2020-05-05T13:00:00+00:00,1.08345,1.08632,1.08595,1.07944,200.6627,-0.57560,-1.1508,,10800.00,-9957.08076,42.91924,0.995756,0.531223,0.548394,-2.632202
2307,EURUSD,sell,2020-05-08T20:00:00+00:00,2020-05-11T08:00:00+00:00,1.08338,1.08122,1.08588,1.07938,148.5150,0.32202,,,216000.00,-9956.75874,43.22269,0.995726,0.531426,0.548409,-2.623833
2308,EURUSD,sell,2020-05-08T20:00:00+00:00,2020-05-11T08:00:00+00:00,1.08338,1.08376,1.08338,1.07938,49.5050,-0.01857,,,216000.00,-9956.77731,43.22269,0.995726,0.531196,0.548408,-2.623833
2309,EURUSD,buy,2020-05-13T04:00:00+00:00,2020-05-13T11:00:00+00:00,1.08526,1.08742,1.08276,1.08927,149.3968,0.32404,,,25200.00,-9956.45326,43.66598,0.995682,0.531399,0.548423,-2.617192
2310,EURUSD,buy,2020-05-13T04:00:00+00:00,2020-05-13T12:00:00+00:00,1.08526,1.08674,1.08712,1.08927,49.7989,0.07412,0.7983,,28800.00,-9956.37914,43.62086,0.995686,0.531602,0.548426,-2.617875
2311,EURUSD,buy,2020-05-16T09:00:00+00:00,2020-05-18T13:00:00+00:00,1.08215,1.08432,1.07967,1.08616,151.2051,0.32703,,,187200.00,-9956.05211,44.13321,0.995636,0.531804,0.548441,-2.608573
2312,EURUSD,buy,2020-05-16T09:00:00+00:00,2020-05-18T13:00:00+00:00,1.08215,1.08583,1.08215,1.08616,50.4017,0.18532,,,187200.00,-9955.86679,44.13321,0.995636,0.532007,0.548450,-2.608573
2313,EURUSD,buy,2020-05-20T04:00:00+00:00,2020-05-20T13:00:00+00:00,1.09443,1.09662,1.09191,1.09848,151.2655,0.33087,,,32400.00,-9955.53592,44.64972,0.995584,0.532209,0.548465,-2.600983
2314,EURUSD,buy,2020-05-20T04:00:00+00:00,2020-05-20T14:00:00+00:00,1.09443,1.09738,1.09776,1.09848,50.4218,0.14887,0.8862,,36000.00,-9955.38705,44.61295,0.995588,0.532411,0.548471,-2.601544
2315,EURUSD,buy,2020-05-24T10:00:00+00:00,2020-05-25T06:00:00+00:00,1.09013,1.08724,1.08762,1.09416,204.6841,-0.59007,-1.1501,,72000.00,-9955.97712,43.71018,0.995677,0.532181,0.548457,-2.603552
2316,EURUSD,buy,2020-05-22T14:00:00+00:00,2020-05-26T03:00:00+00:00,1.08939,1.09156,1.08688,1.09342,153.6174,0.33447,,,306000.00,-9955.64265,44.48144,0.995601,0.532383,0.548472,-2.598682
2317,EURUSD,buy,2020-05-22T14:00:00+00:00,2020-05-26T04:00:00+00:00,1.08939,1.09127,1.09165,1.09342,51.2058,0.09656,0.8332,,309600.00,-9955.54609,44.45391,0.995604,0.532585,0.548476,-2.599029
2318,EURUSD,buy,2020-05-27T00:00:00+00:00,2020-05-27T09:00:00+00:00,1.09733,1.09952,1.09481,1.10139,151.9619,0.33327,,,32400.00,-9955.21281,44.76798,0.995573,0.532787,0.548491,-2.593782
2319,EURUSD,buy,2020-05-27T00:00:00+00:00,2020-05-27T09:00:00+00:00,1.09733,1.09695,1.09733,1.10139,50.6540,-0.01921,,,32400.00,-9955.23202,44.76798,0.995573,0.532557,0.548491,-2.593782
2320,EURUSD,buy,2020-05-29T17:00:00+00:00,2020-06-01T00:00:00+00:00,1.10945,1.11167,1.10690,1.11356,151.3632,0.33563,,,198000.00,-9954.89639,45.37047,0.995513,0.532759,0.548506,-2.587041
2321,EURUSD,buy,2020-05-29T17:00:00+00:00,2020-06-01T01:00:00+00:00,1.10945,1.11126,1.11164,1.11356,50.4544,0.09101,0.8247,,201600.00,-9954.80538,45.57467,0.995493,0.532960,0.548510,-2.584555
2322,EURUSD,buy,2020-05-31T22:00:00+00:00,2020-06-01T05:00:00+00:00,1.11151,1.11373,1.10896,1.11562,151.0826,0.33563,,,25200.00,-9954.46975,45.65447,0.995485,0.533161,0.548525,-2.583511
2323,EURUSD,buy,2020-05-31T22:00:00+00:00,2020-06-01T06:00:00+00:00,1.11151,1.11314,1.11352,1.11562,50.3609,0.08172,0.8086,,28800.00,-9954.38804,45.61196,0.995489,0.533362,0.548529,-2.584072
2324,EURUSD,buy,2020-06-04T08:00:00+00:00,2020-06-04T11:00:00+00:00,1.12103,1.12327,1.11845,1.12517,152.6246,0.34196,,,10800.00,-9954.04608,45.93427,0.995457,0.533563,0.548545,-2.579241
2325,EURUSD,buy,2020-06-04T08:00:00+00:00,2020-06-04T11:00:00+00:00,1.12103,1.12064,1.12103,1.12517,50.8749,-0.01965,,,10800.00,-9954.06573,45.93427,0.995457,0.533333,0.548544,-2.579241
2326,EURUSD,sell,2020-06-12T13:00:00+00:00,2020-06-12T14:00:00+00:00,1.12979,1.12753,1.13239,1.12561,152.4192,0.34464,,,3600.00,-9953.72109,46.25915,0.995425,0.533534,0.548560,-2.573066
2327,EURUSD,sell,2020-06-12T13:00:00+00:00,2020-06-12T14:00:00+00:00,1.12979,1.13018,1.12979,1.12561,50.8064,-0.01976,,,3600.00,-9953.74085,46.25915,0.995425,0.533305,0.548559,-2.573066
2328,EURUSD,sell,2020-06-13T16:00:00+00:00,2020-06-15T13:00:00+00:00,1.12516,1.12814,1.12775,1.12100,205.5049,-0.61179,-1.1500,,162000.00,-9954.35264,45.64736,0.995486,0.533076,0.548544,-2.578787
2329,EURUSD,sell,2020-06-19T14:00:00+00:00,2020-06-19T15:00:00+00:00,1.11783,1.12079,1.12041,1.11370,204.1164,-0.60376,-1.1501,,3600.00,-9954.95640,45.04360,0.995546,0.532847,0.548529,-2.583471
2330,EURUSD,sell,2020-06-20T16:00:00+00:00,2020-06-22T04:00:00+00:00,1.11725,1.12021,1.11983,1.11312,201.5211,-0.59578,-1.1502,,129600.00,-9955.55218,44.44782,0.995604,0.532618,0.548514,-2.588124
2331,EURUSD,buy,2020-06-30T01:00:00+00:00,2020-06-30T05:00:00+00:00,1.12507,1.12209,1.12248,1.12923,197.5933,-0.58757,-1.1495,,14400.00,-9956.13975,43.86025,0.995663,0.532390,0.548500,-2.591712
2332,EURUSD,buy,2020-07-01T13:00:00+00:00,2020-07-01T14:00:00+00:00,1.12425,1.12649,1.12166,1.12841,146.3426,0.32882,,,3600.00,-9955.81092,44.17019,0.995632,0.532590,0.548514,-2.587440
2333,EURUSD,buy,2020-07-01T13:00:00+00:00,2020-07-01T14:00:00+00:00,1.12425,1.12386,1.12425,1.12841,48.7809,-0.01889,,,3600.00,-9955.82981,44.17019,0.995632,0.532362,0.548514,-2.587440
2334,EURUSD,sell,2020-07-05T23:00:00+00:00,2020-07-06T01:00:00+00:00,1.12432,1.12730,1.12691,1.12016,196.3713,-0.58417,-1.1500,,7200.00,-9956.41398,43.58602,0.995690,0.532134,0.548499,-2.588828
2335,EURUSD,buy,2020-07-11T09:00:00+00:00,2020-07-13T03:00:00+00:00,1.13024,1.13250,1.12764,1.13442,144.6567,0.32677,,,151200.00,-9956.08721,44.02953,0.995646,0.532334,0.548514,-2.582691
2336,EURUSD,buy,2020-07-11T09:00:00+00:00,2020-07-13T04:00:00+00:00,1.13024,1.13197,1.13236,1.13442,48.2189,0.08348,0.8163,,154800.00,-9956.00373,43.99627,0.995649,0.532534,0.548518,-2.583130
2337,EURUSD,sell,2020-07-14T16:00:00+00:00,2020-07-15T07:00:00+00:00,1.13997,1.14298,1.14259,1.13575,192.9136,-0.58173,-1.1498,,54000.00,-9956.58546,43.41454,0.995707,0.532306,0.548504,-2.588309
2338,EURUSD,sell,2020-07-20T16:00:00+00:00,2020-07-21T00:00:00+00:00,1.14351,1.14653,1.14614,1.13927,189.7737,-0.57401,-1.1497,,28800.00,-9957.15947,42.84053,0.995763,0.532079,0.548489,-2.590851
2339,EURUSD,sell,2020-07-24T22:00:00+00:00,2020-07-27T00:00:00+00:00,1.16511,1.16819,1.16779,1.16080,183.7924,-0.56625,-1.1494,,180000.00,-9957.72572,41.70803,0.995875,0.531851,0.548475,-2.588457
2340,EURUSD,sell,2020-07-26T01:00:00+00:00,2020-07-27T00:00:00+00:00,1.16511,1.16819,1.16779,1.16080,183.7924,-0.56625,-1.1494,,82800.00,-9958.29197,41.70803,0.995875,0.531624,0.548461,-2.588457
2341,EURUSD,sell,2020-07-31T14:00:00+00:00,2020-07-31T16:00:00+00:00,1.18275,1.18038,1.18547,1.17837,132.1994,0.31293,,,7200.00,-9957.97904,42.19829,0.995827,0.531824,0.548475,-2.580396
2342,EURUSD,sell,2020-07-31T14:00:00+00:00,2020-07-31T16:00:00+00:00,1.18275,1.17872,1.18275,1.17837,44.0665,0.17732,,,7200.00,-9957.80171,42.19829,0.995827,0.532024,0.548483,-2.580396
2343,EURUSD,buy,2020-08-05T10:00:00+00:00,2020-08-05T12:00:00+00:00,1.18372,1.18608,1.18099,1.18809,133.7240,0.31636,,,7200.00,-9957.48535,42.69540,0.995778,0.532224,0.548498,-2.572065
2344,EURUSD,buy,2020-08-05T10:00:00+00:00,2020-08-05T13:00:00+00:00,1.18372,1.18587,1.18628,1.18809,44.5747,0.09624,0.8418,,10800.00,-9957.38911,42.61089,0.995786,0.532423,0.548502,-2.573381
2345,EURUSD,sell,2020-08-06T13:00:00+00:00,2020-08-06T14:00:00+00:00,1.18528,1.18291,1.18801,1.18090,134.7718,0.31971,,,3600.00,-9957.06940,42.91238,0.995756,0.532623,0.548517,-2.569129
2346,EURUSD,sell,2020-08-06T13:00:00+00:00,2020-08-06T14:00:00+00:00,1.18528,1.18569,1.18528,1.18090,44.9239,-0.01822,,,3600.00,-9957.08762,42.91238,0.995756,0.532396,0.548516,-2.569129
2347,EURUSD,sell,2020-08-07T18:00:00+00:00,2020-08-10T10:00:00+00:00,1.17772,1.17536,1.18043,1.17336,136.5975,0.32197,,,230400.00,-9956.76565,43.37625,0.995710,0.532595,0.548531,-2.557396
2348,EURUSD,sell,2020-08-07T18:00:00+00:00,2020-08-10T11:00:00+00:00,1.17772,1.17604,1.17564,1.17336,45.5325,0.07622,0.8061,,234000.00,-9956.68944,43.31056,0.995717,0.532794,0.548534,-2.558532
2349,EURUSD,sell,2020-08-12T21:00:00+00:00,2020-08-13T00:00:00+00:00,1.17794,1.18105,1.18065,1.17358,183.7857,-0.57236,-1.1492,,10800.00,-9957.26180,42.73820,0.995773,0.532567,0.548520,-2.560684
2350,EURUSD,sell,2020-08-14T01:00:00+00:00,2020-08-14T13:00:00+00:00,1.18086,1.18398,1.18357,1.17649,180.9086,-0.56477,-1.1491,,43200.00,-9957.82657,42.17343,0.995829,0.532340,0.548506,-2.566126
2351,EURUSD,sell,2020-08-15T17:00:00+00:00,2020-08-17T02:00:00+00:00,1.18378,1.18691,1.18651,1.17940,178.0762,-0.55729,-1.1491,,118800.00,-9958.38386,41.61614,0.995884,0.532114,0.548492,-2.572469
2352,EURUSD,buy,2020-08-21T15:00:00+00:00,2020-08-23T23:00:00+00:00,1.17776,1.18012,1.17506,1.18212,132.5456,0.31200,,,201600.00,-9958.07186,42.01260,0.995845,0.532313,0.548506,-2.565597
2353,EURUSD,buy,2020-08-21T15:00:00+00:00,2020-08-24T00:00:00+00:00,1.17776,1.17925,1.17965,1.18212,44.1819,0.06552,0.7859,,205200.00,-9958.00634,41.92771,0.995854,0.532512,0.548509,-2.565333
2354,EURUSD,buy,2020-08-23T07:00:00+00:00,2020-08-24T09:00:00+00:00,1.17984,1.18220,1.17713,1.18421,132.3119,0.31200,,,93600.00,-9957.69434,42.45985,0.995801,0.532710,0.548523,-2.557759
2355,EURUSD,buy,2020-08-23T07:00:00+00:00,2020-08-24T10:00:00+00:00,1.17984,1.18237,1.18277,1.18421,44.1040,0.11120,0.8617,,97200.00,-9957.58314,42.41686,0.995805,0.532909,0.548528,-2.558447
2356,EURUSD,sell,2020-08-27T02:00:00+00:00,2020-08-27T11:00:00+00:00,1.18242,1.18005,1.18514,1.17804,134.4836,0.31825,,,32400.00,-9957.26489,42.78600,0.995769,0.533107,0.548543,-2.552691
2357,EURUSD,sell,2020-08-27T02:00:00+00:00,2020-08-27T12:00:00+00:00,1.18242,1.18226,1.18186,1.17804,44.8279,0.00675,0.2713,,36000.00,-9957.25814,42.74186,0.995773,0.533305,0.548543,-2.553335
2358,EURUSD,sell,2020-09-01T18:00:00+00:00,2020-09-02T07:00:00+00:00,1.19063,1.18825,1.19337,1.18623,134.5788,0.32069,,,46800.00,-9956.93745,43.04428,0.995743,0.533503,0.548558,-2.550770
2359,EURUSD,sell,2020-09-01T18:00:00+00:00,2020-09-02T07:00:00+00:00,1.19063,1.19104,1.19063,1.18623,44.8596,-0.01827,,,46800.00,-9956.95572,43.04428,0.995743,0.533277,0.548557,-2.550770
2360,EURUSD,sell,2020-09-06T00:00:00+00:00,2020-09-08T00:00:00+00:00,1.18335,1.18099,1.18608,1.17898,136.3645,0.32296,,,172800.00,-9956.63276,43.93481,0.995655,0.533475,0.548572,-2.540247
2361,EURUSD,sell,2020-09-04T16:00:00+00:00,2020-09-08T01:00:00+00:00,1.18314,1.18078,1.18587,1.17877,136.3887,0.32296,,,291600.00,-9956.30980,43.94093,0.995655,0.533672,0.548586,-2.540175
2362,EURUSD,sell,2020-09-06T00:00:00+00:00,2020-09-08T01:00:00+00:00,1.18335,1.18129,1.18089,1.17898,45.4548,0.09366,0.8360,,176400.00,-9956.21614,43.94093,0.995655,0.533870,0.548591,-2.540175
2363,EURUSD,sell,2020-09-04T16:00:00+00:00,2020-09-08T02:00:00+00:00,1.18314,1.18116,1.18076,1.17877,45.4629,0.09005,0.8305,,295200.00,-9956.12609,43.87391,0.995661,0.534067,0.548595,-2.540947
2364,EURUSD,sell,2020-09-11T23:00:00+00:00,2020-09-14T10:00:00+00:00,1.18417,1.18731,1.18690,1.17979,185.1954,-0.57976,-1.1491,,212400.00,-9956.70584,43.53363,0.995695,0.533841,0.548580,-2.543883
2365,EURUSD,buy,2020-09-14T08:00:00+00:00,2020-09-14T13:00:00+00:00,1.18600,1.18837,1.18327,1.19038,138.7665,0.32893,,,18000.00,-9956.37692,43.70932,0.995677,0.534038,0.548595,-2.542281
2366,EURUSD,buy,2020-09-14T08:00:00+00:00,2020-09-14T14:00:00+00:00,1.18600,1.18701,1.18742,1.19038,46.2555,0.04709,0.7148,,21600.00,-9956.32983,43.67017,0.995681,0.534235,0.548597,-2.542655
2367,EURUSD,sell,2020-09-16T21:00:00+00:00,2020-09-17T00:00:00+00:00,1.18117,1.17880,1.18388,1.17679,138.6038,0.32765,,,10800.00,-9956.00217,44.15748,0.995633,0.534432,0.548612,-2.540262
2368,EURUSD,sell,2020-09-16T21:00:00+00:00,2020-09-17T01:00:00+00:00,1.18117,1.17946,1.17906,1.17679,46.2013,0.07863,0.8083,,14400.00,-9955.92355,44.07645,0.995641,0.534628,0.548616,-2.541182
2369,EURUSD,sell,2020-09-20T18:00:00+00:00,2020-09-21T02:00:00+00:00,1.18349,1.18662,1.18622,1.17911,186.1573,-0.58244,-1.1491,,28800.00,-9956.50598,43.80022,0.995668,0.534403,0.548601,-2.543268
2370,EURUSD,buy,2020-09-19T06:00:00+00:00,2020-09-21T04:00:00+00:00,1.18421,1.18657,1.18148,1.18859,139.6179,0.33044,,,165600.00,-9956.17554,43.93778,0.995655,0.534599,0.548616,-2.541730
2371,EURUSD,buy,2020-09-19T06:00:00+00:00,2020-09-21T05:00:00+00:00,1.18421,1.18617,1.18658,1.18859,46.5393,0.09163,0.8291,,169200.00,-9956.08391,43.91609,0.995657,0.534795,0.548620,-2.541981
2372,EURUSD,sell,2020-09-28T02:00:00+00:00,2020-09-28T10:00:00+00:00,1.16311,1.16619,1.16579,1.15881,188.7306,-0.58048,-1.1494,,28800.00,-9956.66439,43.33561,0.995714,0.534570,0.548606,-2.545834
2373,EURUSD,sell,2020-09-29T12:00:00+00:00,2020-09-29T13:00:00+00:00,1.16995,1.17304,1.17264,1.16562,185.1475,-0.57275,-1.1493,,3600.00,-9957.23714,42.76286,0.995771,0.534345,0.548592,-2.551240
2374,EURUSD,sell,2020-10-02T01:00:00+00:00,2020-10-02T05:00:00+00:00,1.17279,1.17044,1.17549,1.16845,136.6936,0.32085,,,14400.00,-9956.91629,43.06540,0.995741,0.534541,0.548606,-2.546518
2375,EURUSD,sell,2020-10-02T01:00:00+00:00,2020-10-02T05:00:00+00:00,1.17279,1.17319,1.17279,1.16845,45.5645,-0.01831,,,14400.00,-9956.93460,43.06540,0.995741,0.534316,0.548606,-2.546518
2376,EURUSD,buy,2020-10-05T01:00:00+00:00,2020-10-05T11:00:00+00:00,1.17375,1.17610,1.17105,1.17809,137.6302,0.32286,,,36000.00,-9956.61174,43.51387,0.995697,0.534512,0.548621,-2.539722
2377,EURUSD,buy,2020-10-05T01:00:00+00:00,2020-10-05T12:00:00+00:00,1.17375,1.17528,1.17568,1.17809,45.8767,0.06998,0.7911,,39600.00,-9956.54176,43.45824,0.995702,0.534708,0.548624,-2.540543
2378,EURUSD,buy,2020-10-06T14:00:00+00:00,2020-10-06T18:00:00+00:00,1.17945,1.17634,1.17674,1.18382,184.2856,-0.57404,-1.1486,,14400.00,-9957.11580,42.88420,0.995759,0.534483,0.548609,-2.545941
2379,EURUSD,buy,2020-10-08T11:00:00+00:00,2020-10-08T13:00:00+00:00,1.17634,1.17324,1.17364,1.18069,182.3323,-0.56648,-1.1487,,7200.00,-9957.68228,42.31772,0.995815,0.534258,0.548595,-2.551075
2380,EURUSD,sell,2020-10-13T20:00:00+00:00,2020-10-14T12:00:00+00:00,1.17405,1.17715,1.17675,1.16970,180.1674,-0.55927,-1.1492,,57600.00,-9958.24155,41.75845,0.995870,0.534034,0.548581,-2.554769
2381,EURUSD,sell,2020-10-17T19:00:00+00:00,2020-10-19T08:00:00+00:00,1.17097,1.17406,1.17366,1.16663,178.2538,-0.55190,-1.1493,,133200.00,-9958.79345,41.20655,0.995925,0.533809,0.548568,-2.558173
2382,EURUSD,sell,2020-10-22T18:00:00+00:00,2020-10-23T00:00:00+00:00,1.18153,1.17916,1.18424,1.17715,130.7447,0.30917,,,21600.00,-9958.48428,41.58307,0.995888,0.534005,0.548582,-2.556990
2383,EURUSD,sell,2020-10-22T18:00:00+00:00,2020-10-23T01:00:00+00:00,1.18153,1.18084,1.18044,1.17715,43.5816,0.02969,0.6277,,25200.00,-9958.45459,41.54541,0.995891,0.534201,0.548583,-2.557448
2384,EURUSD,sell,2020-10-24T21:00:00+00:00,2020-10-26T08:00:00+00:00,1.18536,1.18299,1.18809,1.18098,131.3930,0.31171,,,126000.00,-9958.14288,42.01235,0.995845,0.534396,0.548597,-2.551272
2385,EURUSD,sell,2020-10-24T21:00:00+00:00,2020-10-26T09:00:00+00:00,1.18536,1.18245,1.18205,1.18098,43.7977,0.12744,0.8779,,129600.00,-9958.01544,41.98456,0.995848,0.534591,0.548603,-2.551671
2386,EURUSD,buy,2020-11-02T03:00:00+00:00,2020-11-03T07:00:00+00:00,1.16440,1.16673,1.16172,1.16871,135.2537,0.31476,,,100800.00,-9957.70068,42.87015,0.995760,0.534786,0.548617,-2.536003
2387,EURUSD,buy,2020-10-31T18:00:00+00:00,2020-11-03T08:00:00+00:00,1.16466,1.16699,1.16198,1.16897,135.2235,0.31476,,,223200.00,-9957.38592,42.86478,0.995761,0.534981,0.548631,-2.536107
2388,EURUSD,buy,2020-11-02T03:00:00+00:00,2020-11-03T08:00:00+00:00,1.16440,1.16625,1.16665,1.16871,45.0846,0.08344,0.8223,,104400.00,-9957.30248,42.86478,0.995761,0.535176,0.548635,-2.536107
2389,EURUSD,buy,2020-10-31T18:00:00+00:00,2020-11-03T09:00:00+00:00,1.16466,1.16745,1.16785,1.16897,45.0745,0.12577,0.8745,,226800.00,-9957.17670,42.82330,0.995765,0.535370,0.548641,-2.536899
2390,EURUSD,buy,2020-11-03T13:00:00+00:00,2020-11-03T15:00:00+00:00,1.17080,1.17314,1.16811,1.17513,137.2014,0.32105,,,7200.00,-9956.85565,43.24308,0.995724,0.535565,0.548656,-2.528330
2391,EURUSD,buy,2020-11-03T13:00:00+00:00,2020-11-03T16:00:00+00:00,1.17080,1.17173,1.17213,1.17513,45.7338,0.04241,0.6978,,10800.00,-9956.81325,43.18675,0.995729,0.535759,0.548657,-2.529550
2392,EURUSD,buy,2020-11-07T08:00:00+00:00,2020-11-09T13:00:00+00:00,1.18736,1.18973,1.18463,1.19175,136.4367,0.32377,,,190800.00,-9956.48947,43.33645,0.995714,0.535953,0.548672,-2.524221
2393,EURUSD,buy,2020-11-07T08:00:00+00:00,2020-11-09T13:00:00+00:00,1.18736,1.18695,1.18736,1.19175,45.4789,-0.01847,,,190800.00,-9956.50795,43.33645,0.995714,0.535729,0.548672,-2.524221
2394,EURUSD,sell,2020-11-09T01:00:00+00:00,2020-11-09T14:00:00+00:00,1.18842,1.19156,1.19116,1.18402,181.6432,-0.57064,-1.1490,,46800.00,-9957.07859,42.92141,0.995755,0.535505,0.548657,-2.528312
2395,EURUSD,buy,2020-11-11T12:00:00+00:00,2020-11-11T14:00:00+00:00,1.17757,1.17446,1.17487,1.18193,182.2999,-0.56696,-1.1486,,7200.00,-9957.64555,42.35445,0.995811,0.535282,0.548643,-2.533417
2396,EURUSD,sell,2020-11-15T20:00:00+00:00,2020-11-16T07:00:00+00:00,1.18275,1.18587,1.18547,1.17837,178.9978,-0.55969,-1.1491,,39600.00,-9958.20524,42.17515,0.995829,0.535058,0.548629,-2.534248
2397,EURUSD,buy,2020-11-14T01:00:00+00:00,2020-11-16T08:00:00+00:00,1.18345,1.18582,1.18073,1.18783,134.2483,0.31753,,,198000.00,-9957.88770,42.22261,0.995824,0.535252,0.548644,-2.533687
2398,EURUSD,buy,2020-11-14T01:00:00+00:00,2020-11-16T09:00:00+00:00,1.18345,1.18493,1.18534,1.18783,44.7494,0.06621,0.7848,,201600.00,-9957.82150,42.17850,0.995829,0.535446,0.548647,-2.534209
2399,EURUSD,sell,2020-11-18T01:00:00+00:00,2020-11-18T06:00:00+00:00,1.18510,1.18824,1.18783,1.18072,177.8993,-0.55734,-1.1490,,18000.00,-9958.37884,41.62116,0.995884,0.535223,0.548633,-2.539307
2400,EURUSD,sell,2020-11-20T04:00:00+00:00,2020-11-20T10:00:00+00:00,1.18810,1.18573,1.19084,1.18371,131.3291,0.31228,,,21600.00,-9958.06656,42.05004,0.995842,0.535417,0.548647,-2.532910
2401,EURUSD,sell,2020-11-20T04:00:00+00:00,2020-11-20T11:00:00+00:00,1.18810,1.18639,1.18598,1.18371,43.7764,0.07519,0.8089,,25200.00,-9957.99137,42.00863,0.995846,0.535610,0.548651,-2.533536
2402,EURUSD,sell,2020-11-22T02:00:00+00:00,2020-11-23T06:00:00+00:00,1.18508,1.18822,1.18781,1.18070,177.1858,-0.55510,-1.1490,,100800.00,-9958.54647,41.45353,0.995901,0.535387,0.548637,-2.537738
2403,EURUSD,buy,2020-11-23T22:00:00+00:00,2020-11-24T08:00:00+00:00,1.18425,1.18661,1.18152,1.18863,131.3051,0.31078,,,36000.00,-9958.23569,41.89845,0.995857,0.535581,0.548651,-2.530336
2404,EURUSD,buy,2020-11-23T22:00:00+00:00,2020-11-24T09:00:00+00:00,1.18425,1.18662,1.18703,1.18863,43.7684,0.10411,0.8542,,39600.00,-9958.13157,41.86843,0.995860,0.535774,0.548656,-2.530811
2405,EURUSD,sell,2020-11-27T12:00:00+00:00,2020-11-27T15:00:00+00:00,1.19210,1.19525,1.19484,1.18769,175.5548,-0.55320,-1.1489,,10800.00,-9958.68477,41.31523,0.995914,0.535551,0.548642,-2.535645
2406,EURUSD,buy,2020-11-29T13:00:00+00:00,2020-11-30T14:00:00+00:00,1.19656,1.19895,1.19381,1.20098,129.5202,0.30974,,,90000.00,-9958.37503,41.74979,0.995871,0.535744,0.548656,-2.528740
2407,EURUSD,buy,2020-11-29T13:00:00+00:00,2020-11-30T15:00:00+00:00,1.19656,1.19766,1.19807,1.20098,43.1734,0.04757,0.7291,,93600.00,-9958.32746,41.67254,0.995879,0.535937,0.548658,-2.529858
2408,EURUSD,buy,2020-12-05T10:00:00+00:00,2020-12-07T08:00:00+00:00,1.21238,1.20918,1.20960,1.21687,171.9136,-0.55021,-1.1481,,165600.00,-9958.87767,41.12233,0.995933,0.535714,0.548644,-2.534981
2409,EURUSD,sell,2020-12-08T00:00:00+00:00,2020-12-08T08:00:00+00:00,1.21040,1.21360,1.21318,1.20592,169.8203,-0.54321,-1.1487,,28800.00,-9959.42088,40.57912,0.995987,0.535492,0.548631,-2.539793
2410,EURUSD,buy,2020-12-10T20:00:00+00:00,2020-12-11T08:00:00+00:00,1.21463,1.21143,1.21184,1.21913,167.0927,-0.53576,-1.1481,,43200.00,-9959.95664,40.04336,0.996040,0.535270,0.548617,-2.544997
2411,EURUSD,sell,2020-12-14T04:00:00+00:00,2020-12-14T09:00:00+00:00,1.21294,1.21614,1.21573,1.20845,165.0184,-0.52894,-1.1486,,18000.00,-9960.48558,39.51442,0.996092,0.535048,0.548604,-2.549805
2412,EURUSD,sell,2020-12-17T07:00:00+00:00,2020-12-17T13:00:00+00:00,1.22294,1.22617,1.22576,1.21842,161.5062,-0.52188,-1.1485,,21600.00,-9961.00746,38.99254,0.996144,0.534826,0.548591,-2.554606
2413,EURUSD,sell,2020-12-19T04:00:00+00:00,2020-12-20T22:00:00+00:00,1.22522,1.22277,1.22804,1.22069,119.3075,0.29256,,,151200.00,-9960.71490,39.37507,0.996106,0.535019,0.548605,-2.548071
2414,EURUSD,sell,2020-12-19T04:00:00+00:00,2020-12-20T23:00:00+00:00,1.22522,1.22389,1.22347,1.22069,39.7692,0.05310,0.7620,,154800.00,-9960.66180,39.33820,0.996110,0.535211,0.548607,-2.548676
2415,EURUSD,buy,2020-12-25T00:00:00+00:00,2020-12-27T23:00:00+00:00,1.21790,1.22033,1.21509,1.22240,121.1619,0.29492,,,255600.00,-9960.36688,39.73347,0.996071,0.535404,0.548620,-2.540650
2416,EURUSD,buy,2020-12-25T00:00:00+00:00,2020-12-28T00:00:00+00:00,1.21790,1.21806,1.21848,1.22240,40.3873,0.00683,0.2894,,259200.00,-9960.36004,39.63996,0.996080,0.535596,0.548621,-2.540395
2417,EURUSD,buy,2020-12-30T23:00:00+00:00,2020-12-31T11:00:00+00:00,1.23021,1.22696,1.22738,1.23476,161.1590,-0.52326,-1.1478,,43200.00,-9960.88330,39.11670,0.996132,0.535374,0.548608,-2.546508
2418,EURUSD,buy,2021-01-05T07:00:00+00:00,2021-01-05T11:00:00+00:00,1.22618,1.22863,1.22336,1.23071,119.6659,0.29326,,,14400.00,-9960.59004,39.49462,0.996094,0.535567,0.548621,-2.539800
2419,EURUSD,buy,2021-01-05T07:00:00+00:00,2021-01-05T12:00:00+00:00,1.22618,1.22724,1.22766,1.23071,39.8886,0.04244,0.7178,,18000.00,-9960.54760,39.45240,0.996098,0.535759,0.548623,-2.540464
2420,EURUSD,sell,2021-01-07T10:00:00+00:00,2021-01-07T13:00:00+00:00,1.22457,1.22781,1.22739,1.22004,161.0381,-0.52105,-1.1484,,10800.00,-9961.06865,38.93135,0.996150,0.535537,0.548610,-2.545507
2421,EURUSD,sell,2021-01-09T08:00:00+00:00,2021-01-10T23:00:00+00:00,1.22137,1.21893,1.22418,1.21685,119.4956,0.29210,,,140400.00,-9960.77655,39.48237,0.996095,0.535729,0.548623,-2.536096
2422,EURUSD,sell,2021-01-09T08:00:00+00:00,2021-01-10T23:00:00+00:00,1.22137,1.22179,1.22137,1.21685,39.8319,-0.01659,,,140400.00,-9960.79314,39.48237,0.996095,0.535508,0.548623,-2.536096
2423,EURUSD,sell,2021-01-10T09:00:00+00:00,2021-01-10T23:00:00+00:00,1.22137,1.21893,1.22418,1.21685,119.4956,0.29210,,,50400.00,-9960.50104,39.48237,0.996095,0.535700,0.548636,-2.536096
2424,EURUSD,sell,2021-01-10T09:00:00+00:00,2021-01-10T23:00:00+00:00,1.22137,1.22179,1.22137,1.21685,39.8319,-0.01659,,,50400.00,-9960.51763,39.48237,0.996095,0.535479,0.548636,-2.536096
2425,EURUSD,sell,2021-01-14T15:00:00+00:00,2021-01-14T17:00:00+00:00,1.21318,1.21638,1.21597,1.20869,162.6744,-0.52153,-1.1486,,7200.00,-9961.03915,38.96085,0.996147,0.535258,0.548623,-2.540626
2426,EURUSD,sell,2021-01-16T01:00:00+00:00,2021-01-19T07:00:00+00:00,1.20712,1.21031,1.20989,1.20265,161.3312,-0.51468,-1.1487,,280800.00,-9961.55383,37.93149,0.996249,0.535037,0.548610,-2.543787
2427,EURUSD,sell,2021-01-17T09:00:00+00:00,2021-01-19T07:00:00+00:00,1.20712,1.21031,1.20989,1.20265,161.3312,-0.51468,-1.1487,,165600.00,-9962.06851,37.93149,0.996249,0.534817,0.548597,-2.543787
2428,EURUSD,sell,2021-01-19T12:00:00+00:00,2021-01-20T06:00:00+00:00,1.21222,1.21542,1.21501,1.20773,156.4082,-0.50105,-1.1486,,64800.00,-9962.56955,37.43045,0.996298,0.534596,0.548585,-2.547826
2429,EURUSD,buy,2021-01-22T00:00:00+00:00,2021-01-25T09:00:00+00:00,1.21725,1.21403,1.21445,1.22175,153.7968,-0.49417,-1.1480,,291600.00,-9963.06372,36.93628,0.996347,0.534376,0.548572,-2.551799
2430,EURUSD,buy,2021-01-25T21:00:00+00:00,2021-01-26T07:00:00+00:00,1.21399,1.21079,1.21120,1.21848,152.1727,-0.48767,-1.1481,,36000.00,-9963.55139,36.44861,0.996395,0.534156,0.548560,-2.555833
2431,EURUSD,buy,2021-01-27T13:00:00+00:00,2021-01-27T14:00:00+00:00,1.21148,1.20829,1.20870,1.21596,150.4748,-0.48124,-1.1481,,3600.00,-9964.03264,35.96736,0.996443,0.533937,0.548548,-2.561098
2432,EURUSD,buy,2021-01-30T12:00:00+00:00,2021-02-01T08:00:00+00:00,1.21334,1.21014,1.21055,1.21783,148.2603,-0.47488,-1.1481,,158400.00,-9964.50751,35.49249,0.996490,0.533717,0.548536,-2.566955
2433,EURUSD,buy,2021-02-02T16:00:00+00:00,2021-02-04T08:00:00+00:00,1.20226,1.19909,1.19950,1.20671,147.6516,-0.46868,-1.1483,,144000.00,-9964.97619,35.02381,0.996536,0.533498,0.548525,-2.570848
2434,EURUSD,buy,2021-02-05T12:00:00+00:00,2021-02-05T13:00:00+00:00,1.19930,1.20170,1.19654,1.20374,109.5462,0.26258,,,3600.00,-9964.71361,35.27142,0.996512,0.533689,0.548537,-2.566755
2435,EURUSD,buy,2021-02-05T12:00:00+00:00,2021-02-05T13:00:00+00:00,1.19930,1.19889,1.19930,1.20374,36.5154,-0.01496,,,3600.00,-9964.72858,35.27142,0.996512,0.533470,0.548536,-2.566755
2436,EURUSD,buy,2021-02-11T19:00:00+00:00,2021-02-12T08:00:00+00:00,1.21344,1.21024,1.21065,1.21793,145.3796,-0.46569,-1.1481,,46800.00,-9965.19427,34.80573,0.996558,0.533251,0.548525,-2.570463
2437,EURUSD,buy,2021-02-13T08:00:00+00:00,2021-02-16T03:00:00+00:00,1.21213,1.21456,1.20935,1.21662,107.7114,0.26094,,,241200.00,-9964.93333,35.30276,0.996509,0.533443,0.548537,-2.564161
2438,EURUSD,buy,2021-02-13T08:00:00+00:00,2021-02-16T04:00:00+00:00,1.21213,1.21405,1.21446,1.21662,35.9038,0.06865,0.8219,,244800.00,-9964.86467,35.18066,0.996521,0.533634,0.548540,-2.566141
2439,EURUSD,buy,2021-02-15T11:00:00+00:00,2021-02-16T10:00:00+00:00,1.21363,1.21606,1.21084,1.21812,107.5783,0.26094,,,82800.00,-9964.60373,35.49402,0.996490,0.533825,0.548551,-2.560760
2440,EURUSD,buy,2021-02-15T11:00:00+00:00,2021-02-16T11:00:00+00:00,1.21363,1.21577,1.21618,1.21812,35.8594,0.07642,0.8371,,86400.00,-9964.52731,35.47269,0.996492,0.534016,0.548555,-2.561157
2441,EURUSD,buy,2021-02-18T04:00:00+00:00,2021-02-18T08:00:00+00:00,1.20407,1.20648,1.20130,1.20852,110.5105,0.26594,,,14400.00,-9964.26137,35.84137,0.996456,0.534207,0.548567,-2.554810
2442,EURUSD,buy,2021-02-18T04:00:00+00:00,2021-02-18T09:00:00+00:00,1.20407,1.20581,1.20622,1.20852,36.8368,0.06399,0.8083,,18000.00,-9964.19738,35.80262,0.996459,0.534398,0.548570,-2.555486
2443,EURUSD,buy,2021-02-19T19:00:00+00:00,2021-02-22T08:00:00+00:00,1.21190,1.20870,1.20912,1.21639,147.7567,-0.47271,-1.1481,,219600.00,-9964.67009,35.52145,0.996487,0.534179,0.548558,-2.558185
2444,EURUSD,sell,2021-02-21T01:00:00+00:00,2021-02-22T11:00:00+00:00,1.21131,1.21451,1.21409,1.20682,147.7408,-0.47293,-1.1486,,122400.00,-9965.14302,34.85698,0.996553,0.533961,0.548546,-2.564061
2445,EURUSD,buy,2021-02-22T16:00:00+00:00,2021-02-24T13:00:00+00:00,1.21582,1.21262,1.21303,1.22032,143.3901,-0.46020,-1.1481,,162000.00,-9965.60323,33.93658,0.996644,0.533742,0.548535,-2.575254
2446,EURUSD,buy,2021-02-24T11:00:00+00:00,2021-02-24T13:00:00+00:00,1.21668,1.21347,1.21389,1.22119,143.2887,-0.46020,-1.1480,,7200.00,-9966.06342,33.93658,0.996644,0.533524,0.548524,-2.575254
2447,EURUSD,sell,2021-02-26T22:00:00+00:00,2021-03-01T00:00:00+00:00,1.20668,1.20987,1.20945,1.20221,140.5777,-0.44831,-1.1487,,180000.00,-9966.51173,33.48827,0.996688,0.533306,0.548512,-2.578380
2448,EURUSD,buy,2021-03-02T09:00:00+00:00,2021-03-02T12:00:00+00:00,1.20097,1.20337,1.19821,1.20541,104.5977,0.25106,,,10800.00,-9966.26067,33.82265,0.996655,0.533497,0.548524,-2.572559
2449,EURUSD,buy,2021-03-02T09:00:00+00:00,2021-03-02T13:00:00+00:00,1.20097,1.20200,1.20241,1.20541,34.8659,0.03588,0.7147,,14400.00,-9966.22479,33.77521,0.996660,0.533687,0.548525,-2.573423
2450,EURUSD,sell,2021-03-03T09:00:00+00:00,2021-03-03T11:00:00+00:00,1.20978,1.20736,1.21256,1.20530,104.6631,0.25341,,,7200.00,-9965.97138,34.15307,0.996623,0.533878,0.548537,-2.566854
2451,EURUSD,sell,2021-03-03T09:00:00+00:00,2021-03-03T12:00:00+00:00,1.20978,1.20723,1.20682,1.20530,34.8877,0.08879,0.8606,,10800.00,-9965.88259,34.11741,0.996626,0.534068,0.548541,-2.567515
2452,EURUSD,sell,2021-03-08T13:00:00+00:00,2021-03-09T00:00:00+00:00,1.18675,1.18438,1.18948,1.18236,107.7746,0.25598,,,39600.00,-9965.62661,34.45759,0.996592,0.534258,0.548552,-2.562194
2453,EURUSD,sell,2021-03-08T13:00:00+00:00,2021-03-09T01:00:00+00:00,1.18675,1.18530,1.18489,1.18236,35.9249,0.05239,0.7825,,43200.00,-9965.57422,34.42578,0.996596,0.534448,0.548555,-2.562646
2454,EURUSD,buy,2021-03-10T16:00:00+00:00,2021-03-11T02:00:00+00:00,1.19023,1.19261,1.18749,1.19463,108.4965,0.25809,,,36000.00,-9965.31612,34.77838,0.996561,0.534637,0.548567,-2.555418
2455,EURUSD,buy,2021-03-10T16:00:00+00:00,2021-03-11T03:00:00+00:00,1.19023,1.19235,1.19276,1.19463,36.1655,0.07686,0.8390,,39600.00,-9965.23926,34.76074,0.996562,0.534827,0.548570,-2.555688
2456,EURUSD,buy,2021-03-13T16:00:00+00:00,2021-03-15T07:00:00+00:00,1.19512,1.19196,1.19237,1.19954,145.4716,-0.45906,-1.1484,,140400.00,-9965.69832,34.65540,0.996573,0.534609,0.548559,-2.556149
2457,EURUSD,sell,2021-03-14T18:00:00+00:00,2021-03-15T13:00:00+00:00,1.19440,1.19201,1.19715,1.18998,109.1037,0.26081,,,68400.00,-9965.43751,34.64837,0.996574,0.534799,0.548570,-2.556249
2458,EURUSD,sell,2021-03-14T18:00:00+00:00,2021-03-15T14:00:00+00:00,1.19440,1.19344,1.19303,1.18998,36.3679,0.03505,0.7026,,72000.00,-9965.40247,34.59753,0.996579,0.534988,0.548572,-2.556957
2459,EURUSD,buy,2021-03-21T06:00:00+00:00,2021-03-21T21:00:00+00:00,1.19067,1.18752,1.18793,1.19507,145.3299,-0.45693,-1.1484,,54000.00,-9965.85940,34.14060,0.996624,0.534770,0.548561,-2.560902
2460,EURUSD,buy,2021-03-22T22:00:00+00:00,2021-03-23T07:00:00+00:00,1.19371,1.19056,1.19096,1.19812,143.0452,-0.45088,-1.1484,,32400.00,-9966.31027,33.68973,0.996668,0.534553,0.548549,-2.566315
2461,EURUSD,sell,2021-03-24T08:00:00+00:00,2021-03-25T12:00:00+00:00,1.18230,1.17993,1.18502,1.17792,106.8249,0.25277,,,100800.00,-9966.05750,34.03420,0.996634,0.534742,0.548561,-2.559270
2462,EURUSD,sell,2021-03-24T08:00:00+00:00,2021-03-25T13:00:00+00:00,1.18230,1.18137,1.18097,1.17792,35.6083,0.03279,0.6949,,104400.00,-9966.02471,33.97529,0.996640,0.534931,0.548562,-2.560281
2463,EURUSD,buy,2021-03-31T21:00:00+00:00,2021-04-01T13:00:00+00:00,1.17310,1.17545,1.17040,1.17744,108.6398,0.25472,,,57600.00,-9965.76999,34.31396,0.996607,0.535120,0.548574,-2.553360
2464,EURUSD,buy,2021-03-31T21:00:00+00:00,2021-04-01T14:00:00+00:00,1.17310,1.17410,1.17450,1.17744,36.2133,0.03606,0.7122,,61200.00,-9965.73393,34.26607,0.996611,0.535308,0.548576,-2.554227
2465,EURUSD,buy,2021-04-02T21:00:00+00:00,2021-04-05T13:00:00+00:00,1.17638,1.17873,1.17368,1.18073,109.2640,0.25690,,,230400.00,-9965.47704,34.64378,0.996574,0.535497,0.548587,-2.546445
2466,EURUSD,buy,2021-04-02T21:00:00+00:00,2021-04-05T14:00:00+00:00,1.17638,1.17926,1.17966,1.18073,36.4213,0.10465,0.8768,,234000.00,-9965.37239,34.62761,0.996576,0.535685,0.548592,-2.546736
2467,EURUSD,buy,2021-04-12T12:00:00+00:00,2021-04-13T03:00:00+00:00,1.19178,1.18863,1.18904,1.19619,145.3208,-0.45732,-1.1484,,54000.00,-9965.82970,34.20277,0.996618,0.535468,0.548581,-2.549981
2468,EURUSD,sell,2021-04-09T15:00:00+00:00,2021-04-13T12:00:00+00:00,1.18925,1.19240,1.19199,1.18485,145.5419,-0.45754,-1.1490,,334800.00,-9966.28725,33.71275,0.996666,0.535251,0.548569,-2.555483
2469,EURUSD,buy,2021-04-16T19:00:00+00:00,2021-04-19T01:00:00+00:00,1.19848,1.19532,1.19572,1.20291,140.6902,-0.44520,-1.1483,,194400.00,-9966.73244,32.82236,0.996754,0.535034,0.548558,-2.563005
2470,EURUSD,buy,2021-04-17T20:00:00+00:00,2021-04-19T01:00:00+00:00,1.19841,1.19525,1.19565,1.20284,140.6984,-0.44520,-1.1483,,104400.00,-9967.17764,32.82236,0.996754,0.534818,0.548547,-2.563005
2471,EURUSD,sell,2021-04-21T04:00:00+00:00,2021-04-22T10:00:00+00:00,1.20238,1.20556,1.20515,1.19793,136.4483,-0.43361,-1.1488,,108000.00,-9967.61126,32.38874,0.996797,0.534601,0.548536,-2.568331
2472,EURUSD,sell,2021-04-28T05:00:00+00:00,2021-04-28T14:00:00+00:00,1.20672,1.20991,1.20949,1.20225,134.1616,-0.42786,-1.1487,,32400.00,-9968.03912,31.96088,0.996839,0.534385,0.548526,-2.572242
2473,EURUSD,buy,2021-04-30T04:00:00+00:00,2021-04-30T09:00:00+00:00,1.21206,1.20886,1.20928,1.21655,131.8845,-0.42199,-1.1481,,18000.00,-9968.46110,31.53890,0.996881,0.534169,0.548515,-2.577154
2474,EURUSD,buy,2021-05-04T16:00:00+00:00,2021-05-05T06:00:00+00:00,1.20210,1.19893,1.19934,1.20655,131.2218,-0.41647,-1.1483,,50400.00,-9968.87757,31.12243,0.996922,0.533953,0.548505,-2.582399
2475,EURUSD,buy,2021-05-06T06:00:00+00:00,2021-05-06T09:00:00+00:00,1.20175,1.20415,1.19899,1.20620,97.1451,0.23333,,,10800.00,-9968.64425,31.44997,0.996890,0.534141,0.548515,-2.576306
2476,EURUSD,buy,2021-05-06T06:00:00+00:00,2021-05-06T10:00:00+00:00,1.20175,1.20372,1.20413,1.20620,32.3817,0.06374,0.8272,,14400.00,-9968.58051,31.41949,0.996893,0.534330,0.548518,-2.576906
2477,EURUSD,buy,2021-05-12T05:00:00+00:00,2021-05-12T12:00:00+00:00,1.21257,1.20937,1.20979,1.21706,129.5959,-0.41484,-1.1481,,25200.00,-9968.99535,31.00465,0.996934,0.534114,0.548508,-2.580797
2478,EURUSD,sell,2021-05-15T09:00:00+00:00,2021-05-17T10:00:00+00:00,1.21384,1.21704,1.21663,1.20934,127.6752,-0.40954,-1.1486,,176400.00,-9969.40488,30.59512,0.996974,0.533898,0.548498,-2.587764
2479,EURUSD,buy,2021-05-18T03:00:00+00:00,2021-05-18T07:00:00+00:00,1.21712,1.21955,1.21432,1.22162,94.2936,0.22937,,,14400.00,-9969.17551,30.92303,0.996942,0.534086,0.548508,-2.581563
2480,EURUSD,buy,2021-05-18T03:00:00+00:00,2021-05-18T08:00:00+00:00,1.21712,1.21955,1.21997,1.22162,31.4312,0.07666,0.8543,,18000.00,-9969.09885,30.90115,0.996944,0.534274,0.548512,-2.582003
2481,EURUSD,buy,2021-05-20T05:00:00+00:00,2021-05-20T13:00:00+00:00,1.21825,1.22068,1.21544,1.22275,95.1484,0.23167,,,28800.00,-9968.86718,31.21892,0.996913,0.534462,0.548522,-2.575824
2482,EURUSD,buy,2021-05-20T05:00:00+00:00,2021-05-20T14:00:00+00:00,1.21825,1.22029,1.22071,1.22275,31.7161,0.06497,0.8311,,32400.00,-9968.80221,31.19779,0.996915,0.534649,0.548525,-2.576241
2483,EURUSD,buy,2021-05-25T08:00:00+00:00,2021-05-25T15:00:00+00:00,1.22625,1.22301,1.22343,1.23078,127.2465,-0.41184,-1.1479,,25200.00,-9969.21405,30.78595,0.996955,0.534434,0.548515,-2.580373
2484,EURUSD,buy,2021-05-28T03:00:00+00:00,2021-05-28T11:00:00+00:00,1.21908,1.21586,1.21627,1.22358,126.3055,-0.40644,-1.1480,,28800.00,-9969.62049,30.37951,0.996996,0.534219,0.548505,-2.585002
2485,EURUSD,sell,2021-05-29T03:00:00+00:00,2021-05-31T14:00:00+00:00,1.21868,1.22190,1.22149,1.21417,124.6032,-0.40126,-1.1485,,212400.00,-9970.02175,29.64643,0.997068,0.534004,0.548495,-2.592538
2486,EURUSD,sell,2021-05-31T13:00:00+00:00,2021-05-31T15:00:00+00:00,1.22011,1.22334,1.22292,1.21560,124.4572,-0.40125,-1.1485,,7200.00,-9970.42300,29.57700,0.997075,0.533789,0.548485,-2.593000
2487,EURUSD,sell,2021-06-04T21:00:00+00:00,2021-06-07T14:00:00+00:00,1.21608,1.21929,1.21887,1.21157,121.5720,-0.39067,-1.1486,,234000.00,-9970.81367,29.73993,0.997059,0.533575,0.548475,-2.588064
2488,EURUSD,buy,2021-06-07T06:00:00+00:00,2021-06-07T14:00:00+00:00,1.21561,1.21804,1.21282,1.22011,91.2683,0.22174,,,28800.00,-9970.59192,29.73993,0.997059,0.533762,0.548485,-2.588064
2489,EURUSD,buy,2021-06-06T05:00:00+00:00,2021-06-07T15:00:00+00:00,1.21680,1.21924,1.21401,1.22131,91.1790,0.22174,,,122400.00,-9970.37018,29.79842,0.997053,0.533949,0.548495,-2.586868
2490,EURUSD,buy,2021-06-07T06:00:00+00:00,2021-06-07T15:00:00+00:00,1.21561,1.21811,1.21853,1.22011,30.4228,0.07605,0.8575,,32400.00,-9970.29413,29.79842,0.997053,0.534137,0.548499,-2.586868
2491,EURUSD,buy,2021-06-06T05:00:00+00:00,2021-06-07T16:00:00+00:00,1.21680,1.21895,1.21937,1.22131,30.3930,0.06532,0.8379,,126000.00,-9970.22881,29.77119,0.997056,0.534324,0.548502,-2.587431
2492,EURUSD,sell,2021-06-09T21:00:00+00:00,2021-06-10T13:00:00+00:00,1.21752,1.21509,1.22033,1.21302,91.6684,0.22337,,,57600.00,-9970.00544,29.98187,0.997035,0.534510,0.548512,-2.584117
2493,EURUSD,sell,2021-06-09T21:00:00+00:00,2021-06-10T13:00:00+00:00,1.21752,1.21794,1.21752,1.21302,30.5561,-0.01269,,,57600.00,-9970.01813,29.98187,0.997035,0.534296,0.548511,-2.584117
2494,EURUSD,sell,2021-06-11T16:00:00+00:00,2021-06-14T07:00:00+00:00,1.20927,1.21246,1.21205,1.20479,123.9299,-0.39605,-1.1487,,226800.00,-9970.41418,29.67581,0.997065,0.534082,0.548502,-2.587818
2495,EURUSD,buy,2021-06-12T17:00:00+00:00,2021-06-15T07:00:00+00:00,1.21108,1.21350,1.20830,1.21556,92.8638,0.22478,,,223200.00,-9970.18940,29.91234,0.997042,0.534269,0.548512,-2.582978
2496,EURUSD,buy,2021-06-12T17:00:00+00:00,2021-06-15T08:00:00+00:00,1.21108,1.21267,1.21308,1.21556,30.9546,0.04900,0.7927,,226800.00,-9970.14040,29.85960,0.997047,0.534455,0.548514,-2.583981
2497,EURUSD,sell,2021-06-20T13:00:00+00:00,2021-06-21T06:00:00+00:00,1.18556,1.18870,1.18829,1.18118,125.8921,-0.39456,-1.1490,,61200.00,-9970.53497,29.46503,0.997086,0.534241,0.548504,-2.588061
2498,EURUSD,sell,2021-06-22T08:00:00+00:00,2021-06-22T16:00:00+00:00,1.18928,1.19243,1.19202,1.18488,123.8401,-0.38933,-1.1490,,28800.00,-9970.92429,29.07571,0.997125,0.534027,0.548495,-2.593171
2499,EURUSD,buy,2021-06-25T16:00:00+00:00,2021-06-28T11:00:00+00:00,1.19407,1.19092,1.19132,1.19848,121.7871,-0.38398,-1.1484,,241200.00,-9971.30828,28.98553,0.997134,0.533814,0.548485,-2.593111
2500,EURUSD,sell,2021-06-27T16:00:00+00:00,2021-06-28T12:00:00+00:00,1.19311,1.19072,1.19586,1.18870,91.3587,0.21815,,,72000.00,-9971.09013,28.93947,0.997138,0.534000,0.548495,-2.593886
2501,EURUSD,sell,2021-06-27T16:00:00+00:00,2021-06-28T13:00:00+00:00,1.19311,1.19279,1.19238,1.18870,30.4529,0.00987,0.4430,,75600.00,-9971.08025,28.91975,0.997140,0.534186,0.548495,-2.594209
2502,EURUSD,sell,2021-07-02T10:00:00+00:00,2021-07-02T12:00:00+00:00,1.18234,1.18546,1.18506,1.17796,122.2626,-0.38216,-1.1491,,7200.00,-9971.46241,28.53759,0.997178,0.533973,0.548486,-2.598555
2503,EURUSD,buy,2021-07-03T14:00:00+00:00,2021-07-06T06:00:00+00:00,1.18658,1.18895,1.18385,1.19096,90.2159,0.21395,,,230400.00,-9971.24846,29.13239,0.997119,0.534159,0.548496,-2.583896
2504,EURUSD,buy,2021-07-04T23:00:00+00:00,2021-07-06T06:00:00+00:00,1.18592,1.18829,1.18319,1.19030,90.2662,0.21395,,,111600.00,-9971.03451,29.13239,0.997119,0.534345,0.548505,-2.583896
2505,EURUSD,buy,2021-07-03T14:00:00+00:00,2021-07-06T07:00:00+00:00,1.18658,1.18762,1.18803,1.19096,30.0720,0.03151,0.7205,,234000.00,-9971.00301,29.04838,0.997127,0.534531,0.548507,-2.586081
2506,EURUSD,buy,2021-07-04T23:00:00+00:00,2021-07-06T07:00:00+00:00,1.18592,1.18762,1.18803,1.19030,30.0887,0.05139,0.8078,,115200.00,-9970.95162,29.04838,0.997127,0.534717,0.548509,-2.586081
2507,EURUSD,buy,2021-07-07T17:00:00+00:00,2021-07-08T09:00:00+00:00,1.18049,1.18285,1.17778,1.18486,92.3038,0.21778,,,57600.00,-9970.73384,29.35403,0.997097,0.534902,0.548519,-2.578177
2508,EURUSD,buy,2021-07-07T17:00:00+00:00,2021-07-08T10:00:00+00:00,1.18049,1.18209,1.18249,1.18486,30.7679,0.04896,0.7972,,61200.00,-9970.68488,29.31512,0.997101,0.535088,0.548521,-2.579089
2509,EURUSD,buy,2021-07-08T22:00:00+00:00,2021-07-09T18:00:00+00:00,1.18487,1.18723,1.18214,1.18925,92.8077,0.21978,,,72000.00,-9970.46510,29.62043,0.997071,0.535273,0.548531,-2.571611
2510,EURUSD,buy,2021-07-08T22:00:00+00:00,2021-07-09T19:00:00+00:00,1.18487,1.18705,1.18746,1.18925,30.9359,0.06770,0.8434,,75600.00,-9970.39740,29.60260,0.997073,0.535458,0.548534,-2.572006
2511,EURUSD,buy,2021-07-10T15:00:00+00:00,2021-07-12T10:00:00+00:00,1.18746,1.18432,1.18473,1.19185,124.6845,-0.39098,-1.1485,,154800.00,-9970.78838,29.21162,0.997111,0.535245,0.548524,-2.577150
2512,EURUSD,buy,2021-07-14T02:00:00+00:00,2021-07-14T12:00:00+00:00,1.17875,1.18111,1.17604,1.18311,92.9596,0.21900,,,36000.00,-9970.56938,29.53711,0.997079,0.535430,0.548534,-2.570517
2513,EURUSD,buy,2021-07-14T02:00:00+00:00,2021-07-14T13:00:00+00:00,1.17875,1.18090,1.18130,1.18311,30.9865,0.06638,0.8412,,39600.00,-9970.50300,29.49700,0.997083,0.535615,0.548537,-2.571354
2514,EURUSD,sell,2021-07-16T20:00:00+00:00,2021-07-19T08:00:00+00:00,1.18012,1.17775,1.18283,1.17575,93.7031,0.22131,,,216000.00,-9970.28169,29.80595,0.997052,0.535800,0.548547,-2.566417
2515,EURUSD,sell,2021-07-16T20:00:00+00:00,2021-07-19T09:00:00+00:00,1.18012,1.17844,1.17804,1.17575,31.2344,0.05224,0.8057,,219600.00,-9970.22945,29.77055,0.997056,0.535984,0.548550,-2.567145
2516,EURUSD,buy,2021-07-21T12:00:00+00:00,2021-07-21T14:00:00+00:00,1.17694,1.17930,1.17424,1.18130,94.8840,0.22319,,,7200.00,-9970.00626,30.22847,0.997011,0.536169,0.548560,-2.557749
2517,EURUSD,buy,2021-07-20T12:00:00+00:00,2021-07-21T15:00:00+00:00,1.17758,1.17994,1.17488,1.18194,94.8324,0.22319,,,97200.00,-9969.78306,30.32697,0.997001,0.536353,0.548570,-2.555549
2518,EURUSD,buy,2021-07-21T12:00:00+00:00,2021-07-21T15:00:00+00:00,1.17694,1.17821,1.17861,1.18130,31.6280,0.03996,0.7579,,10800.00,-9969.74310,30.32697,0.997001,0.536537,0.548572,-2.555549
2519,EURUSD,buy,2021-07-20T12:00:00+00:00,2021-07-21T16:00:00+00:00,1.17758,1.17854,1.17894,1.18194,31.6108,0.03013,0.7025,,100800.00,-9969.71297,30.28703,0.997005,0.536721,0.548573,-2.556457
2520,EURUSD,sell,2021-07-22T18:00:00+00:00,2021-07-26T07:00:00+00:00,1.17679,1.17990,1.17949,1.17243,128.6467,-0.40026,-1.1492,,306000.00,-9970.11323,29.08625,0.997124,0.536508,0.548563,-2.567653
2521,EURUSD,sell,2021-07-24T13:00:00+00:00,2021-07-26T07:00:00+00:00,1.17648,1.17959,1.17918,1.17212,128.6806,-0.40026,-1.1492,,151200.00,-9970.51349,29.08625,0.997124,0.536295,0.548553,-2.567653
2522,EURUSD,sell,2021-07-25T17:00:00+00:00,2021-07-26T07:00:00+00:00,1.17648,1.17959,1.17918,1.17212,128.6806,-0.40026,-1.1492,,50400.00,-9970.91375,29.08625,0.997124,0.536082,0.548543,-2.567653
2523,EURUSD,sell,2021-07-30T03:00:00+00:00,2021-07-30T08:00:00+00:00,1.18745,1.19059,1.19019,1.18306,122.4365,-0.38433,-1.1490,,18000.00,-9971.29808,28.70192,0.997162,0.535870,0.548534,-2.571972
2524,EURUSD,sell,2021-07-31T09:00:00+00:00,2021-08-02T09:00:00+00:00,1.18631,1.18945,1.18904,1.18192,120.9347,-0.37926,-1.1490,,172800.00,-9971.67734,28.32266,0.997199,0.535658,0.548524,-2.576309
2525,EURUSD,sell,2021-08-03T08:00:00+00:00,2021-08-04T08:00:00+00:00,1.18802,1.18565,1.19076,1.18363,89.3738,0.21250,,,86400.00,-9971.46484,28.57975,0.997174,0.535842,0.548534,-2.572862
2526,EURUSD,sell,2021-08-03T08:00:00+00:00,2021-08-04T09:00:00+00:00,1.18802,1.18629,1.18588,1.18363,29.7913,0.05177,0.8107,,90000.00,-9971.41307,28.63924,0.997168,0.536025,0.548536,-2.571803
2527,EURUSD,buy,2021-08-04T08:00:00+00:00,2021-08-04T12:00:00+00:00,1.18545,1.18781,1.18272,1.18983,90.2943,0.21393,,,14400.00,-9971.19914,28.90484,0.997142,0.536209,0.548546,-2.566448
2528,EURUSD,buy,2021-08-04T08:00:00+00:00,2021-08-04T13:00:00+00:00,1.18545,1.18823,1.18864,1.18983,30.0981,0.08391,0.8727,,18000.00,-9971.11523,28.88477,0.997143,0.536392,0.548550,-2.566889
2529,EURUSD,sell,2021-08-10T17:00:00+00:00,2021-08-11T12:00:00+00:00,1.17147,1.17457,1.17416,1.16713,123.2475,-0.38175,-1.1493,,68400.00,-9971.49698,28.50302,0.997181,0.536180,0.548540,-2.571658
2530,EURUSD,buy,2021-08-12T15:00:00+00:00,2021-08-13T12:00:00+00:00,1.17385,1.17620,1.17115,1.17819,91.0834,0.21369,,,75600.00,-9971.28329,28.79984,0.997152,0.536364,0.548550,-2.565457
2531,EURUSD,buy,2021-08-12T15:00:00+00:00,2021-08-13T13:00:00+00:00,1.17385,1.17598,1.17638,1.17819,30.3611,0.06452,0.8406,,79200.00,-9971.21877,28.78123,0.997154,0.536547,0.548553,-2.565857
2532,EURUSD,sell,2021-08-14T16:00:00+00:00,2021-08-17T06:00:00+00:00,1.17898,1.17662,1.18169,1.17461,91.5177,0.21594,,,223200.00,-9971.00283,29.38738,0.997094,0.536730,0.548563,-2.553954
2533,EURUSD,sell,2021-08-15T17:00:00+00:00,2021-08-17T06:00:00+00:00,1.17898,1.17662,1.18169,1.17461,91.5177,0.21594,,,133200.00,-9970.78688,29.38738,0.997094,0.536913,0.548572,-2.553954
2534,EURUSD,sell,2021-08-14T16:00:00+00:00,2021-08-17T07:00:00+00:00,1.17898,1.17747,1.17707,1.17461,30.5059,0.04585,0.7885,,226800.00,-9970.74103,29.30482,0.997102,0.537096,0.548574,-2.555511
2535,EURUSD,sell,2021-08-15T17:00:00+00:00,2021-08-17T07:00:00+00:00,1.17898,1.17747,1.17707,1.17461,30.5059,0.04585,0.7885,,136800.00,-9970.69518,29.30482,0.997102,0.537278,0.548577,-2.555511
2536,EURUSD,sell,2021-08-17T09:00:00+00:00,2021-08-17T13:00:00+00:00,1.17681,1.17445,1.17951,1.17245,93.3544,0.21987,,,14400.00,-9970.47531,29.61919,0.997071,0.537461,0.548586,-2.549081
2537,EURUSD,sell,2021-08-17T09:00:00+00:00,2021-08-17T14:00:00+00:00,1.17681,1.17426,1.17386,1.17245,31.1181,0.07919,0.8635,,18000.00,-9970.39612,29.60388,0.997072,0.537643,0.548590,-2.549426
2538,EURUSD,buy,2021-08-18T23:00:00+00:00,2021-08-19T02:00:00+00:00,1.17061,1.16752,1.16792,1.17494,126.4842,-0.39108,-1.1487,,10800.00,-9970.78721,29.21279,0.997111,0.537431,0.548580,-2.551938
2539,EURUSD,sell,2021-08-20T07:00:00+00:00,2021-08-20T16:00:00+00:00,1.16759,1.17068,1.17028,1.16327,125.0612,-0.38611,-1.1493,,32400.00,-9971.17331,28.82669,0.997149,0.537219,0.548571,-2.556982
2540,EURUSD,buy,2021-08-22T01:00:00+00:00,2021-08-23T07:00:00+00:00,1.16986,1.17220,1.16717,1.17419,92.4319,0.21612,,,108000.00,-9970.95720,29.11610,0.997121,0.537402,0.548581,-2.551351
2541,EURUSD,buy,2021-08-22T01:00:00+00:00,2021-08-23T08:00:00+00:00,1.16986,1.17167,1.17207,1.17419,30.8106,0.05569,0.8182,,111600.00,-9970.90151,29.09849,0.997122,0.537584,0.548583,-2.551711
2542,EURUSD,sell,2021-08-26T14:00:00+00:00,2021-08-27T14:00:00+00:00,1.17501,1.17811,1.17771,1.17066,123.7854,-0.38456,-1.1492,,86400.00,-9971.28607,28.71393,0.997160,0.537372,0.548574,-2.557304
2543,EURUSD,sell,2021-09-02T07:00:00+00:00,2021-09-02T18:00:00+00:00,1.18438,1.18752,1.18711,1.18000,121.1824,-0.37943,-1.1491,,39600.00,-9971.66549,28.33451,0.997198,0.537161,0.548564,-2.561110
2544,EURUSD,buy,2021-09-03T15:00:00+00:00,2021-09-06T09:00:00+00:00,1.18869,1.18555,1.18595,1.19308,119.2199,-0.37422,-1.1485,,237600.00,-9972.03972,28.11817,0.997219,0.536950,0.548555,-2.563642
2545,EURUSD,sell,2021-09-05T12:00:00+00:00,2021-09-07T13:00:00+00:00,1.18737,1.18500,1.19011,1.18298,89.4601,0.21259,,,176400.00,-9971.82713,28.22487,0.997209,0.537132,0.548564,-2.559158
2546,EURUSD,sell,2021-09-05T12:00:00+00:00,2021-09-07T14:00:00+00:00,1.18737,1.18619,1.18578,1.18298,29.8200,0.03542,0.7454,,180000.00,-9971.79170,28.20830,0.997210,0.537313,0.548566,-2.559522
2547,EURUSD,sell,2021-09-07T19:00:00+00:00,2021-09-08T13:00:00+00:00,1.18361,1.18125,1.18634,1.17923,89.3444,0.21164,,,64800.00,-9971.58006,28.47608,0.997184,0.537495,0.548576,-2.552828
2548,EURUSD,sell,2021-09-07T19:00:00+00:00,2021-09-08T14:00:00+00:00,1.18361,1.18230,1.18190,1.17923,29.7815,0.03902,0.7641,,68400.00,-9971.54104,28.45896,0.997186,0.537677,0.548577,-2.553220
2549,EURUSD,sell,2021-09-10T02:00:00+00:00,2021-09-13T04:00:00+00:00,1.18289,1.18052,1.18561,1.17851,90.1940,0.21353,,,266400.00,-9971.32751,28.84368,0.997148,0.537858,0.548587,-2.546432
2550,EURUSD,sell,2021-09-10T02:00:00+00:00,2021-09-13T05:00:00+00:00,1.18289,1.17998,1.17958,1.17851,30.0647,0.08722,0.8778,,270000.00,-9971.24029,28.85685,0.997146,0.538039,0.548591,-2.546194
2551,EURUSD,sell,2021-09-13T03:00:00+00:00,2021-09-13T11:00:00+00:00,1.18013,1.17776,1.18284,1.17576,90.4048,0.21353,,,28800.00,-9971.02676,29.05568,0.997127,0.538220,0.548601,-2.542311
2552,EURUSD,sell,2021-09-13T03:00:00+00:00,2021-09-13T12:00:00+00:00,1.18013,1.17815,1.17775,1.17576,30.1349,0.05944,0.8302,,32400.00,-9970.96732,29.03268,0.997129,0.538401,0.548603,-2.542789
2553,EURUSD,buy,2021-09-14T19:00:00+00:00,2021-09-16T07:00:00+00:00,1.18081,1.17770,1.17810,1.18518,122.9719,-0.38348,-1.1486,,129600.00,-9971.35081,28.94279,0.997138,0.538190,0.548594,-2.543605
2554,EURUSD,sell,2021-09-16T04:00:00+00:00,2021-09-16T07:00:00+00:00,1.18061,1.17824,1.18332,1.17624,92.1899,0.21783,,,10800.00,-9971.13298,28.94279,0.997138,0.538371,0.548604,-2.543605
2555,EURUSD,sell,2021-09-16T04:00:00+00:00,2021-09-16T08:00:00+00:00,1.18061,1.17884,1.17844,1.17624,30.7300,0.05415,0.8137,,14400.00,-9971.07883,28.92117,0.997140,0.538552,0.548606,-2.543887
2556,EURUSD,buy,2021-09-17T08:00:00+00:00,2021-09-17T13:00:00+00:00,1.17806,1.17495,1.17535,1.18242,122.7856,-0.38203,-1.1486,,18000.00,-9971.46085,28.53915,0.997178,0.538341,0.548597,-2.548904
2557,EURUSD,buy,2021-09-20T10:00:00+00:00,2021-09-21T11:00:00+00:00,1.17162,1.17396,1.16893,1.17596,91.3724,0.21396,,,90000.00,-9971.24689,28.54664,0.997177,0.538522,0.548606,-2.548825
2558,EURUSD,sell,2021-09-18T12:00:00+00:00,2021-09-21T12:00:00+00:00,1.17204,1.17514,1.17473,1.16770,121.7135,-0.37718,-1.1492,,259200.00,-9971.62407,28.41633,0.997190,0.538311,0.548597,-2.550788
2559,EURUSD,buy,2021-09-20T10:00:00+00:00,2021-09-21T12:00:00+00:00,1.17162,1.17295,1.17335,1.17596,30.4575,0.04041,0.7675,,93600.00,-9971.58367,28.41633,0.997190,0.538492,0.548599,-2.550788
2560,EURUSD,buy,2021-09-22T01:00:00+00:00,2021-09-22T18:00:00+00:00,1.17312,1.17002,1.17042,1.17746,121.1505,-0.37538,-1.1487,,61200.00,-9971.95905,28.04095,0.997227,0.538281,0.548589,-2.555798
2561,EURUSD,buy,2021-09-24T02:00:00+00:00,2021-09-24T11:00:00+00:00,1.17436,1.17126,1.17166,1.17871,119.4238,-0.37042,-1.1487,,32400.00,-9972.32947,27.67053,0.997264,0.538071,0.548580,-2.560560
2562,EURUSD,buy,2021-09-25T11:00:00+00:00,2021-09-27T07:00:00+00:00,1.17216,1.16907,1.16947,1.17650,118.0675,-0.36554,-1.1487,,158400.00,-9972.69500,27.30500,0.997300,0.537861,0.548571,-2.564250
2563,EURUSD,sell,2021-09-29T17:00:00+00:00,2021-09-30T16:00:00+00:00,1.15914,1.15682,1.16181,1.15485,88.3093,0.20487,,,82800.00,-9972.49014,27.57116,0.997273,0.538041,0.548580,-2.557031
2564,EURUSD,sell,2021-09-29T17:00:00+00:00,2021-09-30T17:00:00+00:00,1.15914,1.15825,1.15785,1.15485,29.4364,0.02634,0.6925,,86400.00,-9972.46380,27.53620,0.997277,0.538222,0.548582,-2.557856
2565,EURUSD,sell,2021-10-03T08:00:00+00:00,2021-10-04T08:00:00+00:00,1.15888,1.16195,1.16155,1.15459,118.7694,-0.36399,-1.1495,,86400.00,-9972.82779,27.17221,0.997313,0.538012,0.548573,-2.563292
2566,EURUSD,sell,2021-10-12T19:00:00+00:00,2021-10-13T07:00:00+00:00,1.15291,1.15596,1.15557,1.14865,117.8061,-0.35921,-1.1496,,43200.00,-9973.18700,26.81300,0.997348,0.537802,0.548564,-2.564797
2567,EURUSD,buy,2021-10-16T01:00:00+00:00,2021-10-18T06:00:00+00:00,1.16018,1.15711,1.15751,1.16447,115.5902,-0.35427,-1.1489,,190800.00,-9973.54127,26.41904,0.997387,0.537593,0.548555,-2.567737
2568,EURUSD,buy,2021-10-18T06:00:00+00:00,2021-10-18T12:00:00+00:00,1.15794,1.16025,1.15527,1.16222,85.7128,0.19836,,,21600.00,-9973.34291,26.72031,0.997358,0.537773,0.548564,-2.562569
2569,EURUSD,buy,2021-10-18T06:00:00+00:00,2021-10-18T13:00:00+00:00,1.15794,1.15921,1.15961,1.16222,28.5709,0.03642,0.7621,,25200.00,-9973.30648,26.69352,0.997360,0.537953,0.548566,-2.563090
2570,EURUSD,sell,2021-10-22T05:00:00+00:00,2021-10-22T14:00:00+00:00,1.16232,1.16539,1.16500,1.15802,114.7940,-0.35284,-1.1494,,32400.00,-9973.65932,26.34068,0.997395,0.537743,0.548557,-2.567345
2571,EURUSD,sell,2021-10-23T22:00:00+00:00,2021-10-25T03:00:00+00:00,1.16360,1.16668,1.16628,1.15929,113.1521,-0.34817,-1.1494,,104400.00,-9974.00749,25.99251,0.997430,0.537534,0.548548,-2.571072
2572,EURUSD,sell,2021-10-25T13:00:00+00:00,2021-10-28T12:00:00+00:00,1.16080,1.16387,1.16347,1.15651,111.9257,-0.34358,-1.1494,,255600.00,-9974.35106,25.64894,0.997464,0.537325,0.548540,-2.575006
2573,EURUSD,buy,2021-11-01T17:00:00+00:00,2021-11-03T13:00:00+00:00,1.15978,1.15671,1.15711,1.16407,110.6101,-0.33889,-1.1489,,158400.00,-9974.68995,24.97116,0.997531,0.537116,0.548531,-2.583272
2574,EURUSD,buy,2021-11-03T09:00:00+00:00,2021-11-03T13:00:00+00:00,1.15962,1.15655,1.15695,1.16391,110.6254,-0.33889,-1.1489,,14400.00,-9975.02884,24.97116,0.997531,0.536908,0.548523,-2.583272
2575,EURUSD,buy,2021-11-11T14:00:00+00:00,2021-11-11T18:00:00+00:00,1.14726,1.14423,1.14463,1.15151,108.8618,-0.32999,-1.1491,,14400.00,-9975.35883,24.64117,0.997563,0.536699,0.548515,-2.586518
2576,EURUSD,buy,2021-11-13T19:00:00+00:00,2021-11-15T15:00:00+00:00,1.14447,1.14145,1.14184,1.14871,107.6852,-0.32564,-1.1492,,158400.00,-9975.68448,24.31552,0.997595,0.536491,0.548506,-2.591581
2577,EURUSD,sell,2021-11-17T02:00:00+00:00,2021-11-17T03:00:00+00:00,1.13184,1.12958,1.13444,1.12765,80.5377,0.18244,,,3600.00,-9975.50204,24.48750,0.997578,0.536671,0.548515,-2.587470
2578,EURUSD,sell,2021-11-17T02:00:00+00:00,2021-11-17T03:00:00+00:00,1.13184,1.13223,1.13184,1.12765,26.8459,-0.01046,,,3600.00,-9975.51250,24.48750,0.997578,0.536462,0.548514,-2.587470
2579,EURUSD,sell,2021-11-21T07:00:00+00:00,2021-11-22T14:00:00+00:00,1.12760,1.12534,1.13020,1.12343,81.4122,0.18373,,,111600.00,-9975.32877,24.66069,0.997561,0.536642,0.548523,-2.581328
2580,EURUSD,sell,2021-11-21T07:00:00+00:00,2021-11-22T14:00:00+00:00,1.12760,1.12799,1.12760,1.12343,27.1374,-0.01054,,,111600.00,-9975.33931,24.66069,0.997561,0.536434,0.548523,-2.581328
2581,EURUSD,sell,2021-11-23T04:00:00+00:00,2021-11-23T07:00:00+00:00,1.12326,1.12623,1.12585,1.11911,109.7396,-0.32615,-1.1500,,10800.00,-9975.66546,24.33454,0.997593,0.536226,0.548514,-2.586278
2582,EURUSD,sell,2021-11-27T15:00:00+00:00,2021-11-29T02:00:00+00:00,1.13037,1.12811,1.13297,1.12619,80.7055,0.18258,,,126000.00,-9975.48288,24.57391,0.997570,0.536406,0.548523,-2.580540
2583,EURUSD,sell,2021-11-27T15:00:00+00:00,2021-11-29T03:00:00+00:00,1.13037,1.12878,1.12839,1.12619,26.9018,0.04283,0.8038,,129600.00,-9975.44004,24.55996,0.997571,0.536585,0.548525,-2.580828
2584,EURUSD,sell,2021-11-30T03:00:00+00:00,2021-11-30T06:00:00+00:00,1.12951,1.13250,1.13211,1.12533,108.6868,-0.32479,-1.1499,,10800.00,-9975.76483,24.23517,0.997603,0.536378,0.548517,-2.585771
2585,EURUSD,buy,2021-12-03T09:00:00+00:00,2021-12-03T13:00:00+00:00,1.13008,1.13234,1.12748,1.13426,80.4449,0.18169,,,14400.00,-9975.58314,24.40643,0.997586,0.536557,0.548525,-2.581434
2586,EURUSD,buy,2021-12-03T09:00:00+00:00,2021-12-03T13:00:00+00:00,1.13008,1.12969,1.13008,1.13426,26.8150,-0.01043,,,14400.00,-9975.59357,24.40643,0.997586,0.536350,0.548525,-2.581434
2587,EURUSD,buy,2021-12-05T03:00:00+00:00,2021-12-06T01:00:00+00:00,1.13151,1.12852,1.12891,1.13569,107.8813,-0.32260,-1.1494,,79200.00,-9975.91617,24.08383,0.997618,0.536142,0.548517,-2.584467
2588,EURUSD,sell,2021-12-07T07:00:00+00:00,2021-12-07T09:00:00+00:00,1.12851,1.12625,1.13111,1.12433,80.0056,0.18070,,,7200.00,-9975.73548,24.29283,0.997598,0.536321,0.548525,-2.579716
2589,EURUSD,sell,2021-12-07T07:00:00+00:00,2021-12-07T10:00:00+00:00,1.12851,1.12819,1.12780,1.12433,26.6685,0.00861,0.4541,,10800.00,-9975.72686,24.27314,0.997600,0.536501,0.548525,-2.580178
2590,EURUSD,buy,2021-12-08T07:00:00+00:00,2021-12-08T13:00:00+00:00,1.12894,1.13119,1.12634,1.13311,80.6524,0.18198,,,21600.00,-9975.54488,24.44467,0.997583,0.536680,0.548533,-2.576332
2591,EURUSD,buy,2021-12-08T07:00:00+00:00,2021-12-08T13:00:00+00:00,1.12894,1.12855,1.12894,1.13311,26.8841,-0.01045,,,21600.00,-9975.55533,24.44467,0.997583,0.536472,0.548533,-2.576332
2592,EURUSD,sell,2021-12-16T14:00:00+00:00,2021-12-17T14:00:00+00:00,1.13237,1.13010,1.13498,1.12818,80.9276,0.18341,,,86400.00,-9975.37193,24.67421,0.997560,0.536651,0.548541,-2.569918
2593,EURUSD,sell,2021-12-16T14:00:00+00:00,2021-12-17T15:00:00+00:00,1.13237,1.13113,1.13074,1.12818,26.9759,0.03348,0.7612,,90000.00,-9975.33845,24.66155,0.997561,0.536830,0.548543,-2.570229
2594,EURUSD,sell,2021-12-26T01:00:00+00:00,2021-12-27T08:00:00+00:00,1.13068,1.13367,1.13328,1.12650,109.0235,-0.32613,-1.1499,,111600.00,-9975.66458,24.33542,0.997593,0.536623,0.548535,-2.574390
2595,EURUSD,buy,2021-12-27T17:00:00+00:00,2021-12-28T14:00:00+00:00,1.13301,1.13002,1.13040,1.13720,107.4250,-0.32166,-1.1494,,75600.00,-9975.98623,24.01377,0.997625,0.536416,0.548527,-2.579480
2596,EURUSD,buy,2021-12-31T14:00:00+00:00,2021-12-31T15:00:00+00:00,1.13471,1.13698,1.13210,1.13891,79.3847,0.18003,,,3600.00,-9975.80620,24.18347,0.997608,0.536595,0.548535,-2.575164
2597,EURUSD,buy,2021-12-31T14:00:00+00:00,2021-12-31T15:00:00+00:00,1.13471,1.13432,1.13471,1.13891,26.4616,-0.01033,,,3600.00,-9975.81653,24.18347,0.997608,0.536388,0.548535,-2.575164
2598,EURUSD,sell,2022-01-11T20:00:00+00:00,2022-01-12T13:00:00+00:00,1.13621,1.13921,1.13882,1.13200,106.3898,-0.31978,-1.1498,,61200.00,-9976.13631,23.86369,0.997640,0.536182,0.548527,-2.576904
2599,EURUSD,buy,2022-01-13T21:00:00+00:00,2022-01-14T14:00:00+00:00,1.14574,1.14272,1.14311,1.14998,104.1719,-0.31536,-1.1491,,61200.00,-9976.45167,23.54833,0.997671,0.535975,0.548519,-2.581627
2600,EURUSD,sell,2022-01-16T22:00:00+00:00,2022-01-18T03:00:00+00:00,1.14120,1.13891,1.14382,1.13697,77.3571,0.17668,,,104400.00,-9976.27499,23.71489,0.997655,0.536154,0.548527,-2.575712
2601,EURUSD,sell,2022-01-16T22:00:00+00:00,2022-01-18T03:00:00+00:00,1.14120,1.14159,1.14120,1.13697,25.7857,-0.01012,,,104400.00,-9976.28511,23.71489,0.997655,0.535948,0.548527,-2.575712
2602,EURUSD,buy,2022-01-19T05:00:00+00:00,2022-01-20T01:00:00+00:00,1.13333,1.13559,1.13072,1.13752,78.4922,0.17779,,,72000.00,-9976.10732,23.96228,0.997630,0.536126,0.548535,-2.571903
2603,EURUSD,buy,2022-01-19T05:00:00+00:00,2022-01-20T02:00:00+00:00,1.13333,1.13468,1.13507,1.13752,26.1641,0.03531,0.7756,,75600.00,-9976.07201,23.92799,0.997634,0.536304,0.548536,-2.572602
2604,EURUSD,buy,2022-01-20T06:00:00+00:00,2022-01-20T17:00:00+00:00,1.13533,1.13233,1.13272,1.13953,105.4106,-0.31626,-1.1493,,39600.00,-9976.38827,23.61173,0.997665,0.536098,0.548528,-2.577931
2605,EURUSD,buy,2022-01-22T06:00:00+00:00,2022-01-24T05:00:00+00:00,1.13452,1.13152,1.13191,1.13872,104.0916,-0.31208,-1.1493,,169200.00,-9976.70035,23.29965,0.997696,0.535893,0.548521,-2.582017
2606,EURUSD,buy,2022-01-26T06:00:00+00:00,2022-01-26T19:00:00+00:00,1.12969,1.12670,1.12709,1.13387,103.1551,-0.30798,-1.1494,,46800.00,-9977.00834,22.99166,0.997726,0.535687,0.548513,-2.586674
2607,EURUSD,sell,2022-02-01T04:00:00+00:00,2022-02-01T07:00:00+00:00,1.12396,1.12694,1.12655,1.11980,102.2488,-0.30407,-1.1500,,10800.00,-9977.31241,22.68759,0.997756,0.535481,0.548506,-2.590363
2608,EURUSD,buy,2022-02-05T23:00:00+00:00,2022-02-07T03:00:00+00:00,1.14511,1.14209,1.14248,1.14935,99.0924,-0.29982,-1.1492,,100800.00,-9977.61223,22.38777,0.997786,0.535276,0.548498,-2.593535
2609,EURUSD,buy,2022-02-09T00:00:00+00:00,2022-02-09T10:00:00+00:00,1.14167,1.14395,1.13905,1.14590,73.5582,0.16784,,,36000.00,-9977.44439,22.61660,0.997763,0.535454,0.548506,-2.586801
2610,EURUSD,buy,2022-02-09T00:00:00+00:00,2022-02-09T11:00:00+00:00,1.14167,1.14241,1.14280,1.14590,24.5194,0.01802,0.6516,,39600.00,-9977.42637,22.57363,0.997768,0.535632,0.548507,-2.587934
2611,EURUSD,sell,2022-02-10T16:00:00+00:00,2022-02-10T17:00:00+00:00,1.14854,1.14624,1.15118,1.14428,73.6814,0.16937,,,3600.00,-9977.25701,22.73330,0.997752,0.535810,0.548514,-2.584120
2612,EURUSD,sell,2022-02-10T16:00:00+00:00,2022-02-10T17:00:00+00:00,1.14854,1.14893,1.14854,1.14428,24.5605,-0.00969,,,3600.00,-9977.26670,22.73330,0.997752,0.535605,0.548514,-2.584120
2613,EURUSD,sell,2022-02-14T00:00:00+00:00,2022-02-14T08:00:00+00:00,1.13589,1.13362,1.13850,1.13169,75.0287,0.17057,,,28800.00,-9977.09613,23.00052,0.997725,0.535783,0.548522,-2.575985
2614,EURUSD,sell,2022-02-14T00:00:00+00:00,2022-02-14T08:00:00+00:00,1.13589,1.13202,1.13589,1.13169,25.0096,0.09665,,,28800.00,-9976.99948,23.00052,0.997725,0.535960,0.548526,-2.575985
2615,EURUSD,sell,2022-02-24T17:00:00+00:00,2022-02-24T18:00:00+00:00,1.11631,1.11926,1.11887,1.11217,102.9899,-0.30423,-1.1502,,3600.00,-9977.30371,22.69629,0.997755,0.535755,0.548518,-2.578714
2616,EURUSD,buy,2022-02-27T15:00:00+00:00,2022-02-27T22:00:00+00:00,1.12753,1.12455,1.12494,1.13170,100.6764,-0.30002,-1.1495,,25200.00,-9977.60372,22.39628,0.997785,0.535550,0.548511,-2.583109
2617,EURUSD,buy,2022-03-04T18:00:00+00:00,2022-03-04T19:00:00+00:00,1.09366,1.09077,1.09114,1.09770,102.4223,-0.29620,-1.1501,,3600.00,-9977.89993,22.10007,0.997814,0.535346,0.548504,-2.587021
2618,EURUSD,sell,2022-03-12T03:00:00+00:00,2022-03-13T22:00:00+00:00,1.09066,1.09355,1.09317,1.08663,101.2845,-0.29243,-1.1506,,154800.00,-9978.19236,21.80764,0.997843,0.535141,0.548496,-2.590181
2619,EURUSD,buy,2022-03-15T12:00:00+00:00,2022-03-15T15:00:00+00:00,1.09936,1.09645,1.09683,1.10343,99.2131,-0.28839,-1.1499,,10800.00,-9978.48075,21.51925,0.997872,0.534937,0.548489,-2.594800
2620,EURUSD,buy,2022-03-19T00:00:00+00:00,2022-03-21T11:00:00+00:00,1.10525,1.10233,1.10271,1.10934,97.3792,-0.28455,-1.1498,,212400.00,-9978.76531,20.95014,0.997928,0.534733,0.548482,-2.602874
2621,EURUSD,buy,2022-03-20T00:00:00+00:00,2022-03-21T11:00:00+00:00,1.10525,1.10233,1.10271,1.10934,97.3792,-0.28455,-1.1498,,126000.00,-9979.04986,20.95014,0.997928,0.534529,0.548475,-2.602874
2622,EURUSD,buy,2022-03-25T13:00:00+00:00,2022-03-25T15:00:00+00:00,1.10148,1.09857,1.09895,1.10555,95.1285,-0.27704,-1.1499,,7200.00,-9979.32690,20.67310,0.997956,0.534325,0.548468,-2.606997
2623,EURUSD,sell,2022-03-27T23:00:00+00:00,2022-03-28T02:00:00+00:00,1.09779,1.09559,1.10032,1.09373,70.5971,0.15511,,,10800.00,-9979.17179,20.88140,0.997935,0.534502,0.548475,-2.603591
2624,EURUSD,sell,2022-03-27T23:00:00+00:00,2022-03-28T03:00:00+00:00,1.09779,1.09627,1.09589,1.09373,23.5324,0.03581,0.8007,,14400.00,-9979.13598,20.86402,0.997937,0.534680,0.548477,-2.604039
2625,EURUSD,sell,2022-03-29T22:00:00+00:00,2022-03-30T02:00:00+00:00,1.10885,1.11178,1.11140,1.10474,94.0515,-0.27600,-1.1503,,14400.00,-9979.41198,20.58802,0.997964,0.534476,0.548470,-2.607819
2626,EURUSD,sell,2022-04-01T09:00:00+00:00,2022-04-04T08:00:00+00:00,1.10525,1.10304,1.10779,1.10116,69.8322,0.15447,,,255600.00,-9979.25751,20.81298,0.997942,0.534653,0.548477,-2.600214
2627,EURUSD,sell,2022-04-01T09:00:00+00:00,2022-04-04T09:00:00+00:00,1.10525,1.10358,1.10320,1.10116,23.2774,0.03881,0.8140,,259200.00,-9979.21870,20.78130,0.997945,0.534831,0.548479,-2.601074
2628,EURUSD,sell,2022-04-07T02:00:00+00:00,2022-04-07T06:00:00+00:00,1.09082,1.09371,1.09333,1.08679,95.2266,-0.27498,-1.1506,,14400.00,-9979.49368,20.50632,0.997972,0.534627,0.548472,-2.605432
2629,EURUSD,buy,2022-04-09T06:00:00+00:00,2022-04-10T21:00:00+00:00,1.08777,1.08994,1.08527,1.09179,70.7153,0.15374,,,140400.00,-9979.33995,20.74718,0.997948,0.534804,0.548479,-2.598272
2630,EURUSD,buy,2022-04-09T06:00:00+00:00,2022-04-10T21:00:00+00:00,1.08777,1.09146,1.08777,1.09179,23.5718,0.08712,,,140400.00,-9979.25282,20.74718,0.997948,0.534981,0.548483,-2.598272
2631,EURUSD,sell,2022-04-11T04:00:00+00:00,2022-04-11T07:00:00+00:00,1.08816,1.09104,1.09067,1.08414,95.3026,-0.27454,-1.1507,,10800.00,-9979.52737,20.47263,0.997975,0.534778,0.548476,-2.603105
2632,EURUSD,buy,2022-04-13T00:00:00+00:00,2022-04-13T05:00:00+00:00,1.08188,1.08405,1.07940,1.08589,70.9830,0.15348,,,18000.00,-9979.37388,20.68422,0.997954,0.534954,0.548483,-2.596372
2633,EURUSD,buy,2022-04-13T00:00:00+00:00,2022-04-13T06:00:00+00:00,1.08188,1.08256,1.08293,1.08589,23.6610,0.01587,0.6415,,21600.00,-9979.35801,20.64199,0.997959,0.535131,0.548484,-2.597578
2634,EURUSD,sell,2022-04-15T17:00:00+00:00,2022-04-18T16:00:00+00:00,1.08059,1.07842,1.08307,1.07659,71.6132,0.15488,,,255600.00,-9979.20314,21.10147,0.997913,0.535308,0.548491,-2.589193
2635,EURUSD,sell,2022-04-17T02:00:00+00:00,2022-04-18T16:00:00+00:00,1.08025,1.07808,1.08273,1.07625,71.6358,0.15488,,,136800.00,-9979.04826,21.10147,0.997913,0.535484,0.548498,-2.589193
2636,EURUSD,sell,2022-04-15T17:00:00+00:00,2022-04-18T17:00:00+00:00,1.08059,1.07875,1.07838,1.07659,23.8711,0.04374,0.8307,,259200.00,-9979.00453,21.03111,0.997920,0.535660,0.548500,-2.591429
2637,EURUSD,sell,2022-04-17T02:00:00+00:00,2022-04-18T17:00:00+00:00,1.08025,1.07875,1.07838,1.07625,23.8786,0.03563,0.7998,,140400.00,-9978.96889,21.03111,0.997920,0.535836,0.548501,-2.591429
2638,EURUSD,sell,2022-04-21T01:00:00+00:00,2022-04-21T06:00:00+00:00,1.08343,1.08630,1.08593,1.07942,97.0284,-0.27832,-1.1508,,18000.00,-9979.24721,20.75279,0.997948,0.535633,0.548494,-2.595778
2639,EURUSD,sell,2022-04-25T21:00:00+00:00,2022-04-26T01:00:00+00:00,1.07089,1.07372,1.07335,1.06693,96.8661,-0.27469,-1.1510,,14400.00,-9979.52190,20.47810,0.997975,0.535430,0.548488,-2.596782
2640,EURUSD,buy,2022-04-29T02:00:00+00:00,2022-04-29T05:00:00+00:00,1.05136,1.05346,1.04894,1.05524,73.0637,0.15353,,,10800.00,-9979.36838,20.68897,0.997954,0.535606,0.548495,-2.590742
2641,EURUSD,buy,2022-04-29T02:00:00+00:00,2022-04-29T06:00:00+00:00,1.05136,1.05272,1.05309,1.05524,24.3546,0.03334,0.7891,,14400.00,-9979.33504,20.66496,0.997956,0.535782,0.548496,-2.591410
2642,EURUSD,buy,2022-05-01T05:00:00+00:00,2022-05-02T02:00:00+00:00,1.05441,1.05162,1.05198,1.05831,98.0227,-0.27348,-1.1508,,75600.00,-9979.60853,20.39147,0.997983,0.535579,0.548489,-2.595190
2643,EURUSD,buy,2022-05-03T11:00:00+00:00,2022-05-03T12:00:00+00:00,1.05409,1.05619,1.05166,1.05799,72.5661,0.15288,,,3600.00,-9979.45565,20.53549,0.997969,0.535755,0.548496,-2.591433
2644,EURUSD,buy,2022-05-03T11:00:00+00:00,2022-05-03T12:00:00+00:00,1.05409,1.05372,1.05409,1.05799,24.1887,-0.00886,,,3600.00,-9979.46451,20.53549,0.997969,0.535552,0.548496,-2.591433
2645,EURUSD,sell,2022-05-04T15:00:00+00:00,2022-05-04T18:00:00+00:00,1.05370,1.05159,1.05613,1.04980,73.0613,0.15408,,,10800.00,-9979.31043,20.68065,0.997955,0.535728,0.548503,-2.587675
2646,EURUSD,sell,2022-05-04T15:00:00+00:00,2022-05-04T18:00:00+00:00,1.05370,1.05407,1.05370,1.04980,24.3538,-0.00892,,,10800.00,-9979.31935,20.68065,0.997955,0.535525,0.548503,-2.587675
2647,EURUSD,buy,2022-05-09T04:00:00+00:00,2022-05-09T10:00:00+00:00,1.05154,1.05364,1.04912,1.05542,73.7738,0.15504,,,21600.00,-9979.16430,20.90836,0.997932,0.535701,0.548510,-2.580764
2648,EURUSD,buy,2022-05-09T04:00:00+00:00,2022-05-09T11:00:00+00:00,1.05154,1.05286,1.05323,1.05542,24.5913,0.03267,0.7841,,25200.00,-9979.13163,20.86837,0.997936,0.535876,0.548511,-2.581870
2649,EURUSD,sell,2022-05-10T16:00:00+00:00,2022-05-11T07:00:00+00:00,1.05305,1.05584,1.05548,1.04916,99.0553,-0.27631,-1.1513,,54000.00,-9979.40793,20.59207,0.997964,0.535674,0.548504,-2.585995
2650,EURUSD,buy,2022-05-12T04:00:00+00:00,2022-05-12T06:00:00+00:00,1.05210,1.04931,1.04968,1.05599,97.8915,-0.27253,-1.1508,,7200.00,-9979.68046,20.31954,0.997991,0.535472,0.548498,-2.590806
2651,EURUSD,buy,2022-05-13T23:00:00+00:00,2022-05-15T21:00:00+00:00,1.04147,1.03872,1.03908,1.04532,97.5812,-0.26897,-1.1510,,165600.00,-9979.94943,20.05057,0.998017,0.535270,0.548491,-2.595346
2652,EURUSD,buy,2022-05-23T00:00:00+00:00,2022-05-23T05:00:00+00:00,1.05859,1.06070,1.05615,1.06250,71.0496,0.15032,,,18000.00,-9979.79911,20.23197,0.997999,0.535445,0.548498,-2.587993
2653,EURUSD,buy,2022-05-23T00:00:00+00:00,2022-05-23T06:00:00+00:00,1.05859,1.05910,1.05947,1.06250,23.6832,0.01219,0.5832,,21600.00,-9979.78692,20.21308,0.998001,0.535620,0.548498,-2.588532
2654,EURUSD,sell,2022-05-28T02:00:00+00:00,2022-05-30T02:00:00+00:00,1.07285,1.07569,1.07532,1.06888,94.1746,-0.26754,-1.1510,,172800.00,-9980.05446,20.04235,0.998018,0.535418,0.548492,-2.590543
2655,EURUSD,buy,2022-05-29T03:00:00+00:00,2022-05-30T04:00:00+00:00,1.07349,1.07564,1.07102,1.07746,70.6310,0.15154,,,90000.00,-9979.90293,20.15000,0.998007,0.535593,0.548498,-2.588278
2656,EURUSD,buy,2022-05-29T03:00:00+00:00,2022-05-30T05:00:00+00:00,1.07349,1.07473,1.07510,1.07746,23.5437,0.02909,0.7683,,93600.00,-9979.87384,20.12616,0.998010,0.535768,0.548500,-2.588807
2657,EURUSD,buy,2022-06-01T03:00:00+00:00,2022-06-01T14:00:00+00:00,1.07213,1.06930,1.06967,1.07610,93.8887,-0.26627,-1.1505,,39600.00,-9980.14011,19.85989,0.998036,0.535566,0.548493,-2.593366
2658,EURUSD,buy,2022-06-05T22:00:00+00:00,2022-06-06T14:00:00+00:00,1.07277,1.06993,1.07031,1.07674,92.5912,-0.26275,-1.1504,,57600.00,-9980.40286,19.59714,0.998062,0.535365,0.548487,-2.595938
2659,EURUSD,sell,2022-06-08T05:00:00+00:00,2022-06-08T10:00:00+00:00,1.06849,1.07132,1.07095,1.06453,91.6774,-0.25941,-1.1510,,18000.00,-9980.66226,19.33774,0.998088,0.535164,0.548480,-2.600491
2660,EURUSD,buy,2022-06-13T08:00:00+00:00,2022-06-13T11:00:00+00:00,1.04782,1.04505,1.04541,1.05170,92.3034,-0.25595,-1.1509,,10800.00,-9980.91821,19.08179,0.998113,0.534962,0.548474,-2.604328
2661,EURUSD,buy,2022-06-19T11:00:00+00:00,2022-06-20T02:00:00+00:00,1.04965,1.05175,1.04724,1.05354,68.1921,0.14306,,,54000.00,-9980.77515,19.21655,0.998100,0.535137,0.548480,-2.599702
2662,EURUSD,buy,2022-06-19T11:00:00+00:00,2022-06-20T02:00:00+00:00,1.04965,1.04929,1.04965,1.05354,22.7307,-0.00829,,,54000.00,-9980.78345,19.21655,0.998100,0.534936,0.548480,-2.599702
2663,EURUSD,sell,2022-06-25T06:00:00+00:00,2022-06-26T23:00:00+00:00,1.05487,1.05767,1.05730,1.05097,91.0573,-0.25443,-1.1513,,147600.00,-9981.03787,18.96213,0.998125,0.534735,0.548474,-2.603505
2664,EURUSD,sell,2022-06-27T02:00:00+00:00,2022-06-27T07:00:00+00:00,1.05527,1.05807,1.05770,1.05137,89.8177,-0.25106,-1.1513,,18000.00,-9981.28893,18.71107,0.998150,0.534535,0.548468,-2.608279
2665,EURUSD,sell,2022-07-01T17:00:00+00:00,2022-07-01T18:00:00+00:00,1.04075,1.04351,1.04314,1.03690,89.8655,-0.24779,-1.1516,,3600.00,-9981.53672,18.46328,0.998174,0.534334,0.548461,-2.612338
2666,EURUSD,buy,2022-07-03T09:00:00+00:00,2022-07-04T09:00:00+00:00,1.04293,1.04502,1.04053,1.04679,66.4070,0.13842,,,86400.00,-9981.39830,18.60162,0.998160,0.534509,0.548468,-2.608383
2667,EURUSD,buy,2022-07-03T09:00:00+00:00,2022-07-04T10:00:00+00:00,1.04293,1.04375,1.04411,1.04679,22.1357,0.01802,0.6915,,90000.00,-9981.38029,18.67821,0.998153,0.534683,0.548469,-2.606153
2668,EURUSD,buy,2022-07-04T09:00:00+00:00,2022-07-04T15:00:00+00:00,1.04450,1.04174,1.04210,1.04837,89.0724,-0.24622,-1.1510,,21600.00,-9981.62650,18.37350,0.998183,0.534483,0.548462,-2.613866
2669,EURUSD,buy,2022-07-06T16:00:00+00:00,2022-07-07T02:00:00+00:00,1.01762,1.01965,1.01528,1.02138,67.7282,0.13775,,,36000.00,-9981.48876,18.57344,0.998163,0.534657,0.548469,-2.608570
2670,EURUSD,buy,2022-07-06T16:00:00+00:00,2022-07-07T03:00:00+00:00,1.01762,1.01957,1.01993,1.02138,22.5761,0.04422,0.8462,,39600.00,-9981.44453,18.55547,0.998165,0.534831,0.548471,-2.609067
2671,EURUSD,sell,2022-07-09T10:00:00+00:00,2022-07-11T00:00:00+00:00,1.01791,1.01588,1.02026,1.01415,68.3379,0.13922,,,136800.00,-9981.30531,18.84230,0.998137,0.535006,0.548477,-2.605929
2672,EURUSD,sell,2022-07-09T10:00:00+00:00,2022-07-11T01:00:00+00:00,1.01791,1.01585,1.01550,1.01415,22.7793,0.04692,0.8531,,140400.00,-9981.25839,18.93729,0.998127,0.535180,0.548479,-2.603500
2673,EURUSD,sell,2022-07-10T23:00:00+00:00,2022-07-11T01:00:00+00:00,1.01641,1.01438,1.01875,1.01265,68.4387,0.13922,,,7200.00,-9981.11917,18.93729,0.998127,0.535354,0.548485,-2.603500
2674,EURUSD,sell,2022-07-10T23:00:00+00:00,2022-07-11T02:00:00+00:00,1.01641,1.01558,1.01523,1.01265,22.8129,0.01894,0.7008,,10800.00,-9981.10023,18.89977,0.998131,0.535527,0.548486,-2.604494
2675,EURUSD,sell,2022-07-12T00:00:00+00:00,2022-07-12T01:00:00+00:00,1.00368,1.00167,1.00599,0.99996,70.5932,0.14180,,,3600.00,-9980.95842,19.03331,0.998118,0.535701,0.548493,-2.599952
2676,EURUSD,sell,2022-07-12T00:00:00+00:00,2022-07-12T01:00:00+00:00,1.00368,1.00403,1.00368,0.99996,23.5311,-0.00826,,,3600.00,-9980.96669,19.03331,0.998118,0.535501,0.548492,-2.599952
2677,EURUSD,buy,2022-07-14T23:00:00+00:00,2022-07-15T10:00:00+00:00,1.00293,1.00494,1.00062,1.00664,71.1877,0.14269,,,39600.00,-9980.82399,19.24504,0.998097,0.535674,0.548499,-2.590994
2678,EURUSD,buy,2022-07-14T23:00:00+00:00,2022-07-15T11:00:00+00:00,1.00293,1.00452,1.00487,1.00664,23.7292,0.03768,0.8188,,43200.00,-9980.78631,19.21369,0.998100,0.535848,0.548501,-2.592035
2679,EURUSD,buy,2022-07-17T18:00:00+00:00,2022-07-18T01:00:00+00:00,1.00851,1.01053,1.00619,1.01224,71.4646,0.14405,,,25200.00,-9980.64227,19.41365,0.998080,0.536021,0.548507,-2.584858
2680,EURUSD,buy,2022-07-17T18:00:00+00:00,2022-07-18T02:00:00+00:00,1.00851,1.00974,1.01009,1.01224,23.8215,0.02917,0.7762,,28800.00,-9980.61310,19.38690,0.998083,0.536194,0.548508,-2.585588
2681,EURUSD,sell,2022-07-25T00:00:00+00:00,2022-07-25T02:00:00+00:00,1.01791,1.02061,1.02026,1.01415,95.2000,-0.25685,-1.1521,,7200.00,-9980.86995,19.13005,0.998108,0.535994,0.548502,-2.588488
2682,EURUSD,sell,2022-07-26T03:00:00+00:00,2022-07-26T08:00:00+00:00,1.02269,1.02065,1.02505,1.01891,70.1248,0.14353,,,18000.00,-9980.72642,19.31830,0.998090,0.536167,0.548509,-2.583262
2683,EURUSD,sell,2022-07-26T03:00:00+00:00,2022-07-26T09:00:00+00:00,1.02269,1.02117,1.02081,1.01891,23.3749,0.03569,0.8108,,21600.00,-9980.69073,19.30927,0.998090,0.536340,0.548510,-2.583526
2684,EURUSD,sell,2022-07-27T14:00:00+00:00,2022-07-27T17:00:00+00:00,1.01171,1.01439,1.01403,1.00796,95.4006,-0.25585,-1.1522,,10800.00,-9980.94658,19.05342,0.998116,0.536140,0.548504,-2.588285
2685,EURUSD,buy,2022-07-30T17:00:00+00:00,2022-08-01T08:00:00+00:00,1.02279,1.02483,1.02044,1.02657,69.8794,0.14284,,,140400.00,-9980.80373,19.18796,0.998102,0.536313,0.548510,-2.585131
2686,EURUSD,buy,2022-07-30T17:00:00+00:00,2022-08-01T08:00:00+00:00,1.02279,1.02243,1.02279,1.02657,23.2931,-0.00831,,,140400.00,-9980.81204,19.18796,0.998102,0.536113,0.548510,-2.585131
2687,EURUSD,sell,2022-08-03T08:00:00+00:00,2022-08-03T11:00:00+00:00,1.01847,1.02117,1.02082,1.01470,94.1712,-0.25421,-1.1520,,10800.00,-9981.06625,18.93375,0.998128,0.535914,0.548504,-2.589650
2688,EURUSD,sell,2022-08-04T21:00:00+00:00,2022-08-05T08:00:00+00:00,1.02425,1.02220,1.02661,1.02046,69.2996,0.14206,,,39600.00,-9980.92420,19.11976,0.998109,0.536086,0.548510,-2.587932
2689,EURUSD,sell,2022-08-04T21:00:00+00:00,2022-08-05T09:00:00+00:00,1.02425,1.02350,1.02314,1.02046,23.0999,0.01746,0.6792,,43200.00,-9980.90674,19.09326,0.998112,0.536259,0.548511,-2.588623
2690,EURUSD,sell,2022-08-09T10:00:00+00:00,2022-08-10T11:00:00+00:00,1.02218,1.02489,1.02453,1.01840,93.3665,-0.25294,-1.1520,,90000.00,-9981.15968,18.84032,0.998137,0.536059,0.548505,-2.590906
2691,EURUSD,sell,2022-08-10T21:00:00+00:00,2022-08-11T07:00:00+00:00,1.02962,1.03235,1.03199,1.02581,91.4641,-0.24956,-1.1518,,36000.00,-9981.40923,18.59077,0.998162,0.535860,0.548499,-2.595615
2692,EURUSD,sell,2022-08-14T06:00:00+00:00,2022-08-15T06:00:00+00:00,1.02559,1.02354,1.02795,1.02180,67.9553,0.13949,,,86400.00,-9981.26975,18.77538,0.998143,0.536033,0.548505,-2.586159
2693,EURUSD,sell,2022-08-14T06:00:00+00:00,2022-08-15T07:00:00+00:00,1.02559,1.02481,1.02445,1.02180,22.6518,0.01778,0.6871,,90000.00,-9981.25197,18.74803,0.998146,0.536205,0.548506,-2.587059
2694,EURUSD,buy,2022-08-15T23:00:00+00:00,2022-08-16T07:00:00+00:00,1.01643,1.01374,1.01410,1.02019,92.2521,-0.24828,-1.1516,,28800.00,-9981.50025,18.49975,0.998171,0.536006,0.548499,-2.590945
2695,EURUSD,buy,2022-08-17T05:00:00+00:00,2022-08-17T06:00:00+00:00,1.01851,1.01581,1.01616,1.02227,90.8454,-0.24498,-1.1515,,3600.00,-9981.74523,18.25477,0.998195,0.535807,0.548493,-2.595678
2696,EURUSD,buy,2022-08-20T18:00:00+00:00,2022-08-22T07:00:00+00:00,1.00356,1.00090,1.00125,1.00727,90.9773,-0.24180,-1.1518,,133200.00,-9981.98704,18.01296,0.998219,0.535608,0.548487,-2.597752
2697,EURUSD,buy,2022-08-24T05:00:00+00:00,2022-08-24T10:00:00+00:00,0.99457,0.99193,0.99228,0.99825,90.5839,-0.23864,-1.1520,,18000.00,-9982.22568,17.77432,0.998242,0.535410,0.548481,-2.602245
2698,EURUSD,sell,2022-08-25T20:00:00+00:00,2022-08-26T06:00:00+00:00,0.99707,0.99508,0.99936,0.99338,66.8295,0.13336,,,36000.00,-9982.09232,17.95158,0.998225,0.535582,0.548488,-2.598207
2699,EURUSD,sell,2022-08-25T20:00:00+00:00,2022-08-26T07:00:00+00:00,0.99707,0.99719,0.99684,0.99338,22.2765,-0.00263,-0.5125,,39600.00,-9982.09495,17.90505,0.998229,0.535383,0.548487,-2.599553
2700,EURUSD,sell,2022-08-29T01:00:00+00:00,2022-08-29T07:00:00+00:00,0.99270,0.99533,0.99499,0.98903,90.1563,-0.23733,-1.1526,,21600.00,-9982.33228,17.66772,0.998253,0.535185,0.548482,-2.603811
2701,EURUSD,sell,2022-09-04T12:00:00+00:00,2022-09-04T21:00:00+00:00,0.99485,0.99286,0.99714,0.99117,66.5768,0.13256,,,32400.00,-9982.19972,17.86112,0.998234,0.535357,0.548488,-2.596827
2702,EURUSD,sell,2022-09-04T12:00:00+00:00,2022-09-04T22:00:00+00:00,0.99485,0.99359,0.99324,0.99117,22.1923,0.02804,0.7841,,36000.00,-9982.17168,17.82832,0.998237,0.535529,0.548489,-2.597868
2703,EURUSD,sell,2022-09-05T19:00:00+00:00,2022-09-05T23:00:00+00:00,0.99275,0.99538,0.99504,0.98908,89.7655,-0.23631,-1.1526,,14400.00,-9982.40799,17.59201,0.998260,0.535331,0.548483,-2.602588
2704,EURUSD,sell,2022-09-07T08:00:00+00:00,2022-09-07T11:00:00+00:00,0.99042,0.98844,0.99270,0.98676,66.5880,0.13199,,,10800.00,-9982.27600,17.78177,0.998242,0.535503,0.548489,-2.596634
2705,EURUSD,sell,2022-09-07T08:00:00+00:00,2022-09-07T12:00:00+00:00,0.99042,0.98985,0.98950,0.98676,22.1960,0.01278,0.6241,,14400.00,-9982.26322,17.73678,0.998246,0.535675,0.548490,-2.598053
2706,EURUSD,buy,2022-09-10T02:00:00+00:00,2022-09-11T21:00:00+00:00,1.00455,1.00656,1.00224,1.00827,66.2314,0.13297,,,154800.00,-9982.13025,17.62695,0.998257,0.535846,0.548496,-2.599761
2707,EURUSD,buy,2022-09-10T02:00:00+00:00,2022-09-11T21:00:00+00:00,1.00455,1.00420,1.00455,1.00827,22.0771,-0.00776,,,154800.00,-9982.13800,17.62695,0.998257,0.535648,0.548495,-2.599761
2708,EURUSD,sell,2022-09-11T05:00:00+00:00,2022-09-11T21:00:00+00:00,1.00395,1.00661,1.00626,1.00023,88.3086,-0.23505,-1.1523,,57600.00,-9982.37305,17.62695,0.998257,0.535451,0.548490,-2.599761
2709,EURUSD,sell,2022-09-13T23:00:00+00:00,2022-09-14T04:00:00+00:00,0.99748,1.00013,0.99978,0.99379,88.3308,-0.23362,-1.1525,,18000.00,-9982.60667,17.39333,0.998280,0.535253,0.548484,-2.604070
2710,EURUSD,buy,2022-09-16T07:00:00+00:00,2022-09-16T09:00:00+00:00,0.99589,0.99788,0.99360,0.99957,65.5139,0.13040,,,7200.00,-9982.47627,17.51611,0.998268,0.535424,0.548490,-2.600165
2711,EURUSD,buy,2022-09-16T07:00:00+00:00,2022-09-16T09:00:00+00:00,0.99589,0.99554,0.99589,0.99957,21.8380,-0.00762,,,7200.00,-9982.48389,17.51611,0.998268,0.535227,0.548489,-2.600165
2712,EURUSD,sell,2022-09-18T01:00:00+00:00,2022-09-19T05:00:00+00:00,1.00116,0.99916,1.00346,0.99745,65.5897,0.13142,,,100800.00,-9982.35247,17.71508,0.998248,0.535398,0.548495,-2.596006
2713,EURUSD,sell,2022-09-18T01:00:00+00:00,2022-09-19T06:00:00+00:00,1.00116,0.99903,0.99868,0.99745,21.8632,0.04657,0.8590,,104400.00,-9982.30590,17.69410,0.998250,0.535569,0.548497,-2.596682
2714,EURUSD,buy,2022-09-19T17:00:00+00:00,2022-09-20T00:00:00+00:00,1.00096,1.00296,0.99866,1.00466,66.3091,0.13265,,,25200.00,-9982.17325,17.90193,0.998230,0.535741,0.548503,-2.590222
2715,EURUSD,buy,2022-09-19T17:00:00+00:00,2022-09-20T00:00:00+00:00,1.00096,1.00436,1.00096,1.00466,22.1030,0.07517,,,25200.00,-9982.09807,17.90193,0.998230,0.535912,0.548507,-2.590222
2716,EURUSD,sell,2022-09-27T21:00:00+00:00,2022-09-28T00:00:00+00:00,0.95920,0.95728,0.96141,0.95565,69.9666,0.13432,,,10800.00,-9981.96376,18.02837,0.998217,0.536082,0.548513,-2.589118
2717,EURUSD,sell,2022-09-27T21:00:00+00:00,2022-09-28T00:00:00+00:00,0.95920,0.95954,0.95920,0.95565,23.3222,-0.00788,,,10800.00,-9981.97163,18.02837,0.998217,0.535885,0.548513,-2.589118
2718,EURUSD,buy,2022-10-02T17:00:00+00:00,2022-10-03T01:00:00+00:00,0.98042,0.98238,0.97817,0.98405,68.9769,0.13516,,,28800.00,-9981.83647,18.15561,0.998205,0.536056,0.548519,-2.586065
2719,EURUSD,buy,2022-10-02T17:00:00+00:00,2022-10-03T01:00:00+00:00,0.98042,0.98008,0.98042,0.98405,22.9923,-0.00791,,,28800.00,-9981.84439,18.15561,0.998205,0.535859,0.548519,-2.586065
2720,EURUSD,buy,2022-10-04T16:00:00+00:00,2022-10-04T18:00:00+00:00,0.99729,0.99928,0.99500,1.00098,68.2891,0.13611,,,7200.00,-9981.70827,18.28378,0.998192,0.536029,0.548525,-2.582408
2721,EURUSD,buy,2022-10-04T16:00:00+00:00,2022-10-04T18:00:00+00:00,0.99729,0.99694,0.99729,1.00098,22.7630,-0.00795,,,7200.00,-9981.71622,18.28378,0.998192,0.535832,0.548525,-2.582408
2722,EURUSD,buy,2022-10-09T07:00:00+00:00,2022-10-10T05:00:00+00:00,0.97417,0.97159,0.97193,0.97778,93.8708,-0.24233,-1.1525,,79200.00,-9981.95855,18.22148,0.998198,0.535636,0.548519,-2.582522
2723,EURUSD,sell,2022-10-08T01:00:00+00:00,2022-10-10T07:00:00+00:00,0.97359,0.97164,0.97583,0.96998,70.4031,0.13718,,,194400.00,-9981.82136,18.25637,0.998195,0.535806,0.548525,-2.581657
2724,EURUSD,sell,2022-10-08T01:00:00+00:00,2022-10-10T07:00:00+00:00,0.97359,0.97028,0.97359,0.96998,23.4677,0.07773,,,194400.00,-9981.74363,18.25637,0.998195,0.535977,0.548528,-2.581657
2725,EURUSD,sell,2022-10-10T08:00:00+00:00,2022-10-10T09:00:00+00:00,0.96852,0.97109,0.97075,0.96493,94.2206,-0.24210,-1.1531,,3600.00,-9981.98573,18.01427,0.998219,0.535780,0.548522,-2.586816
2726,EURUSD,buy,2022-10-13T06:00:00+00:00,2022-10-13T09:00:00+00:00,0.96924,0.97118,0.96701,0.97283,69.7183,0.13505,,,10800.00,-9981.85068,18.22586,0.998198,0.535950,0.548528,-2.580126
2727,EURUSD,buy,2022-10-13T06:00:00+00:00,2022-10-13T09:00:00+00:00,0.96924,0.97253,0.96924,0.97283,23.2394,0.07653,,,10800.00,-9981.77414,18.22586,0.998198,0.536120,0.548532,-2.580126
2728,EURUSD,sell,2022-10-16T19:00:00+00:00,2022-10-16T22:00:00+00:00,0.97153,0.97411,0.97376,0.96793,93.7718,-0.24168,-1.1531,,10800.00,-9982.01582,17.98418,0.998221,0.535924,0.548526,-2.584363
2729,EURUSD,buy,2022-10-20T23:00:00+00:00,2022-10-21T08:00:00+00:00,0.97811,0.97552,0.97586,0.98173,91.9606,-0.23834,-1.1524,,32400.00,-9982.25416,17.74584,0.998245,0.535727,0.548520,-2.587057
2730,EURUSD,buy,2022-10-26T12:00:00+00:00,2022-10-26T13:00:00+00:00,1.00073,1.00273,0.99843,1.00443,66.5183,0.13304,,,3600.00,-9982.12112,17.87112,0.998233,0.535897,0.548526,-2.582492
2731,EURUSD,buy,2022-10-26T12:00:00+00:00,2022-10-26T13:00:00+00:00,1.00073,1.00038,1.00073,1.00443,22.1728,-0.00776,,,3600.00,-9982.12888,17.87112,0.998233,0.535701,0.548526,-2.582492
2732,EURUSD,sell,2022-11-09T14:00:00+00:00,2022-11-09T15:00:00+00:00,1.00150,1.00415,1.00380,0.99779,89.1950,-0.23684,-1.1524,,3600.00,-9982.36572,17.63428,0.998256,0.535505,0.548520,-2.584196
2733,EURUSD,sell,2022-11-15T05:00:00+00:00,2022-11-15T07:00:00+00:00,1.03287,1.03561,1.03525,1.02905,85.3398,-0.23357,-1.1517,,7200.00,-9982.59929,17.40071,0.998279,0.535309,0.548514,-2.587724
2734,EURUSD,buy,2022-11-16T16:00:00+00:00,2022-11-16T17:00:00+00:00,1.03974,1.03699,1.03735,1.04359,83.7031,-0.23034,-1.1511,,3600.00,-9982.82963,17.17037,0.998302,0.535113,0.548508,-2.592391
2735,EURUSD,buy,2022-11-18T08:00:00+00:00,2022-11-18T09:00:00+00:00,1.03598,1.03805,1.03360,1.03981,62.1712,0.12873,,,3600.00,-9982.70090,17.29162,0.998290,0.535283,0.548514,-2.588524
2736,EURUSD,buy,2022-11-18T08:00:00+00:00,2022-11-18T09:00:00+00:00,1.03598,1.03562,1.03598,1.03981,20.7237,-0.00748,,,3600.00,-9982.70838,17.29162,0.998290,0.535088,0.548514,-2.588524
2737,EURUSD,sell,2022-11-20T04:00:00+00:00,2022-11-21T02:00:00+00:00,1.03204,1.02997,1.03441,1.02822,62.8116,0.12974,,,79200.00,-9982.57864,17.48878,0.998270,0.535258,0.548520,-2.585306
2738,EURUSD,sell,2022-11-20T04:00:00+00:00,2022-11-21T03:00:00+00:00,1.03204,1.03059,1.03023,1.02822,20.9372,0.03038,0.8016,,82800.00,-9982.54826,17.45174,0.998274,0.535427,0.548521,-2.586446
2739,EURUSD,buy,2022-11-22T12:00:00+00:00,2022-11-22T18:00:00+00:00,1.02745,1.02950,1.02509,1.03125,63.7148,0.13084,,,21600.00,-9982.41742,17.64803,0.998255,0.535597,0.548527,-2.580535
2740,EURUSD,buy,2022-11-22T12:00:00+00:00,2022-11-22T19:00:00+00:00,1.02745,1.02867,1.02903,1.03125,21.2383,0.02598,0.7732,,25200.00,-9982.39144,17.60856,0.998259,0.535766,0.548528,-2.581790
2741,EURUSD,sell,2022-11-24T19:00:00+00:00,2022-11-25T09:00:00+00:00,1.04101,1.03892,1.04340,1.03715,63.4119,0.13212,,,50400.00,-9982.25933,17.73301,0.998246,0.535936,0.548534,-2.578245
2742,EURUSD,sell,2022-11-24T19:00:00+00:00,2022-11-25T09:00:00+00:00,1.04101,1.04137,1.04101,1.03715,21.1373,-0.00766,,,50400.00,-9982.26699,17.73301,0.998246,0.535740,0.548534,-2.578245
2743,EURUSD,buy,2022-11-26T00:00:00+00:00,2022-11-27T22:00:00+00:00,1.03957,1.03682,1.03718,1.04342,85.3156,-0.23474,-1.1511,,165600.00,-9982.50173,17.26353,0.998293,0.535545,0.548528,-2.585396
2744,EURUSD,buy,2022-11-27T08:00:00+00:00,2022-11-27T22:00:00+00:00,1.03957,1.03682,1.03718,1.04342,85.3156,-0.23474,-1.1511,,50400.00,-9982.73647,17.26353,0.998293,0.535350,0.548523,-2.585396
2745,EURUSD,buy,2022-11-28T21:00:00+00:00,2022-11-29T03:00:00+00:00,1.03416,1.03623,1.03178,1.03799,62.6186,0.12943,,,21600.00,-9982.60704,17.46630,0.998273,0.535519,0.548528,-2.578169
2746,EURUSD,buy,2022-11-28T21:00:00+00:00,2022-11-29T03:00:00+00:00,1.03416,1.03767,1.03416,1.03799,20.8729,0.07334,,,21600.00,-9982.53370,17.46630,0.998273,0.535688,0.548532,-2.578169
2747,EURUSD,sell,2022-12-01T18:00:00+00:00,2022-12-01T20:00:00+00:00,1.05043,1.05322,1.05285,1.04655,83.1135,-0.23127,-1.1514,,7200.00,-9982.76497,17.23503,0.998296,0.535493,0.548526,-2.582596
2748,EURUSD,sell,2022-12-03T10:00:00+00:00,2022-12-05T01:00:00+00:00,1.05293,1.05572,1.05536,1.04904,81.8183,-0.22820,-1.1513,,140400.00,-9982.99317,17.12856,0.998306,0.535298,0.548520,-2.584271
2749,EURUSD,buy,2022-12-04T22:00:00+00:00,2022-12-05T01:00:00+00:00,1.05428,1.05638,1.05185,1.05818,61.3224,0.12921,,,10800.00,-9982.86395,17.12856,0.998306,0.535467,0.548526,-2.584271
2750,EURUSD,buy,2022-12-04T22:00:00+00:00,2022-12-05T01:00:00+00:00,1.05428,1.05391,1.05428,1.05818,20.4408,-0.00749,,,10800.00,-9982.87144,17.12856,0.998306,0.535273,0.548526,-2.584271
2751,EURUSD,sell,2022-12-08T21:00:00+00:00,2022-12-09T01:00:00+00:00,1.05508,1.05788,1.05751,1.05118,81.1472,-0.22678,-1.1513,,14400.00,-9983.09822,16.90178,0.998329,0.535078,0.548520,-2.587795
2752,EURUSD,sell,2022-12-09T22:00:00+00:00,2022-12-12T09:00:00+00:00,1.05284,1.05563,1.05527,1.04895,80.2432,-0.22379,-1.1513,,212400.00,-9983.32201,16.67799,0.998351,0.534884,0.548515,-2.591894
2753,EURUSD,buy,2022-12-14T05:00:00+00:00,2022-12-14T09:00:00+00:00,1.06289,1.06501,1.06044,1.06682,58.8596,0.12504,,,14400.00,-9983.19697,16.86780,0.998332,0.535053,0.548520,-2.585709
2754,EURUSD,buy,2022-12-14T05:00:00+00:00,2022-12-14T10:00:00+00:00,1.06289,1.06495,1.06532,1.06682,19.6199,0.04045,0.8480,,18000.00,-9983.15652,16.84348,0.998334,0.535221,0.548522,-2.586522
2755,EURUSD,sell,2022-12-16T14:00:00+00:00,2022-12-16T15:00:00+00:00,1.06401,1.06188,1.06646,1.06007,59.3453,0.12638,,,3600.00,-9983.03015,16.96255,0.998323,0.535390,0.548528,-2.582678
2756,EURUSD,sell,2022-12-16T14:00:00+00:00,2022-12-16T15:00:00+00:00,1.06401,1.06438,1.06401,1.06007,19.7818,-0.00730,,,3600.00,-9983.03745,16.96255,0.998323,0.535196,0.548528,-2.582678
2757,EURUSD,sell,2022-12-20T19:00:00+00:00,2022-12-21T13:00:00+00:00,1.06183,1.06464,1.06427,1.05790,79.8501,-0.22456,-1.1512,,64800.00,-9983.26201,16.73799,0.998345,0.535002,0.548522,-2.587473
2758,EURUSD,buy,2022-12-24T08:00:00+00:00,2022-12-26T23:00:00+00:00,1.06204,1.06416,1.05960,1.06597,59.1187,0.12549,,,226800.00,-9983.13652,17.06410,0.998312,0.535170,0.548528,-2.572599
2759,EURUSD,buy,2022-12-26T02:00:00+00:00,2022-12-26T23:00:00+00:00,1.06209,1.06421,1.05965,1.06602,59.1159,0.12549,,,75600.00,-9983.01104,17.06410,0.998312,0.535339,0.548534,-2.572599
2760,EURUSD,buy,2022-12-24T08:00:00+00:00,2022-12-27T00:00:00+00:00,1.06204,1.06307,1.06344,1.06597,19.7062,0.02035,0.7367,,230400.00,-9982.99069,17.02867,0.998316,0.535507,0.548535,-2.572373
2761,EURUSD,buy,2022-12-26T02:00:00+00:00,2022-12-27T00:00:00+00:00,1.06209,1.06307,1.06344,1.06602,19.7053,0.01936,0.7270,,79200.00,-9982.97133,17.02867,0.998316,0.535675,0.548535,-2.572373
2762,EURUSD,sell,2022-12-27T10:00:00+00:00,2022-12-27T12:00:00+00:00,1.06623,1.06410,1.06868,1.06228,59.8730,0.12776,,,7200.00,-9982.84357,17.21092,0.998298,0.535844,0.548541,-2.567049
2763,EURUSD,sell,2022-12-27T10:00:00+00:00,2022-12-27T13:00:00+00:00,1.06623,1.06404,1.06367,1.06228,19.9577,0.04373,0.8558,,10800.00,-9982.79984,17.20016,0.998299,0.536012,0.548543,-2.567398
2764,EURUSD,buy,2022-12-30T01:00:00+00:00,2022-12-30T07:00:00+00:00,1.06636,1.06354,1.06391,1.07030,80.6731,-0.22758,-1.1506,,21600.00,-9983.02743,16.97257,0.998322,0.535818,0.548537,-2.571574
2765,EURUSD,sell,2023-01-04T15:00:00+00:00,2023-01-05T00:00:00+00:00,1.05998,1.06279,1.06242,1.05606,80.0367,-0.22470,-1.1512,,32400.00,-9983.25212,16.74788,0.998344,0.535624,0.548532,-2.571471
2766,EURUSD,buy,2023-01-07T19:00:00+00:00,2023-01-09T01:00:00+00:00,1.06445,1.06658,1.06200,1.06839,59.0196,0.12556,,,108000.00,-9983.12656,16.91673,0.998327,0.535792,0.548538,-2.565230
2767,EURUSD,buy,2023-01-07T19:00:00+00:00,2023-01-09T02:00:00+00:00,1.06445,1.06625,1.06662,1.06839,19.6732,0.03543,0.8296,,111600.00,-9983.09114,16.90886,0.998328,0.535960,0.548539,-2.565445
2768,EURUSD,buy,2023-01-09T11:00:00+00:00,2023-01-09T13:00:00+00:00,1.06875,1.07089,1.06629,1.07270,59.3471,0.12677,,,7200.00,-9982.96437,17.02830,0.998316,0.536127,0.548545,-2.561935
2769,EURUSD,buy,2023-01-09T11:00:00+00:00,2023-01-09T13:00:00+00:00,1.06875,1.06838,1.06875,1.07270,19.7824,-0.00733,,,7200.00,-9982.97170,17.02830,0.998316,0.535934,0.548545,-2.561935
2770,EURUSD,buy,2023-01-13T03:00:00+00:00,2023-01-13T11:00:00+00:00,1.08489,1.08202,1.08239,1.08890,78.5033,-0.22524,-1.1502,,28800.00,-9983.19694,16.80306,0.998338,0.535740,0.548539,-2.565880
2771,EURUSD,buy,2023-01-16T17:00:00+00:00,2023-01-17T12:00:00+00:00,1.08168,1.08385,1.07920,1.08569,58.2706,0.12597,,,68400.00,-9983.07097,17.00042,0.998319,0.535908,0.548545,-2.559251
2772,EURUSD,buy,2023-01-16T17:00:00+00:00,2023-01-17T12:00:00+00:00,1.08168,1.08536,1.08168,1.08569,19.4235,0.07139,,,68400.00,-9982.99958,17.00042,0.998319,0.536075,0.548548,-2.559251
2773,EURUSD,buy,2023-01-21T16:00:00+00:00,2023-01-23T00:00:00+00:00,1.08582,1.08799,1.08332,1.08983,58.7307,0.12745,,,115200.00,-9982.87213,17.18003,0.998301,0.536242,0.548554,-2.556554
2774,EURUSD,buy,2023-01-21T16:00:00+00:00,2023-01-23T01:00:00+00:00,1.08582,1.08766,1.08804,1.08983,19.5769,0.03618,0.8308,,118800.00,-9982.83595,17.16405,0.998303,0.536410,0.548555,-2.556956
2775,EURUSD,buy,2023-01-23T04:00:00+00:00,2023-01-23T07:00:00+00:00,1.08979,1.09196,1.08728,1.09382,59.0799,0.12868,,,10800.00,-9982.70727,17.28531,0.998291,0.536577,0.548561,-2.553672
2776,EURUSD,buy,2023-01-23T04:00:00+00:00,2023-01-23T07:00:00+00:00,1.08979,1.08941,1.08979,1.09382,19.6933,-0.00742,,,10800.00,-9982.71469,17.28531,0.998291,0.536383,0.548561,-2.553672
2777,EURUSD,buy,2023-01-24T08:00:00+00:00,2023-01-24T09:00:00+00:00,1.08781,1.08493,1.08531,1.09183,79.4741,-0.22863,-1.1502,,3600.00,-9982.94332,17.05668,0.998313,0.536190,0.548555,-2.558285
2778,EURUSD,sell,2023-01-28T11:00:00+00:00,2023-01-30T08:00:00+00:00,1.08616,1.08904,1.08866,1.08214,78.4944,-0.22571,-1.1507,,162000.00,-9983.16903,16.83097,0.998336,0.535997,0.548550,-2.561809
2779,EURUSD,buy,2023-02-01T22:00:00+00:00,2023-02-01T23:00:00+00:00,1.09907,1.10127,1.09654,1.10313,57.4441,0.12618,,,3600.00,-9983.04285,16.94988,0.998324,0.536164,0.548556,-2.558006
2780,EURUSD,buy,2023-02-01T22:00:00+00:00,2023-02-01T23:00:00+00:00,1.09907,1.09869,1.09907,1.10313,19.1480,-0.00727,,,3600.00,-9983.05012,16.94988,0.998324,0.535971,0.548555,-2.558006
2781,EURUSD,sell,2023-02-03T03:00:00+00:00,2023-02-03T09:00:00+00:00,1.08905,1.09194,1.09156,1.08502,77.7960,-0.22429,-1.1507,,21600.00,-9983.27441,16.72559,0.998346,0.535778,0.548550,-2.562390
2782,EURUSD,buy,2023-02-05T00:00:00+00:00,2023-02-06T09:00:00+00:00,1.07961,1.07676,1.07713,1.08361,77.4842,-0.22126,-1.1503,,118800.00,-9983.49567,16.50433,0.998368,0.535586,0.548544,-2.566203
2783,EURUSD,buy,2023-02-08T06:00:00+00:00,2023-02-08T07:00:00+00:00,1.07301,1.07516,1.07054,1.07698,57.6972,0.12373,,,3600.00,-9983.37193,16.62091,0.998356,0.535753,0.548550,-2.562404
2784,EURUSD,buy,2023-02-08T06:00:00+00:00,2023-02-08T07:00:00+00:00,1.07301,1.07264,1.07301,1.07698,19.2324,-0.00715,,,3600.00,-9983.37909,16.62091,0.998356,0.535560,0.548550,-2.562404
2785,EURUSD,sell,2023-02-10T08:00:00+00:00,2023-02-10T09:00:00+00:00,1.07388,1.07173,1.07635,1.06990,58.0231,0.12471,,,3600.00,-9983.25438,16.73842,0.998345,0.535727,0.548555,-2.558605
2786,EURUSD,sell,2023-02-10T08:00:00+00:00,2023-02-10T09:00:00+00:00,1.07388,1.07425,1.07388,1.06990,19.3410,-0.00720,,,3600.00,-9983.26158,16.73842,0.998345,0.535535,0.548555,-2.558605
2787,EURUSD,buy,2023-02-13T15:00:00+00:00,2023-02-14T08:00:00+00:00,1.07227,1.07441,1.06981,1.07624,58.5560,0.12549,,,61200.00,-9983.13609,16.91443,0.998327,0.535701,0.548561,-2.553385
2788,EURUSD,buy,2023-02-13T15:00:00+00:00,2023-02-14T09:00:00+00:00,1.07227,1.07408,1.07445,1.07624,19.5187,0.03525,0.8291,,64800.00,-9983.10084,16.89916,0.998329,0.535868,0.548562,-2.553831
2789,EURUSD,sell,2023-02-18T06:00:00+00:00,2023-02-21T02:00:00+00:00,1.06897,1.06683,1.07143,1.06501,59.2654,0.12679,,,244800.00,-9982.97404,17.07790,0.998311,0.536034,0.548568,-2.549495
2790,EURUSD,sell,2023-02-18T06:00:00+00:00,2023-02-21T03:00:00+00:00,1.06897,1.06704,1.06667,1.06501,19.7551,0.03811,0.8391,,248400.00,-9982.93593,17.06407,0.998312,0.536201,0.548570,-2.549886
2791,EURUSD,sell,2023-02-21T09:00:00+00:00,2023-02-21T15:00:00+00:00,1.06594,1.06876,1.06839,1.06199,80.0183,-0.22589,-1.1511,,21600.00,-9983.16182,16.83818,0.998335,0.536009,0.548564,-2.555266
2792,EURUSD,sell,2023-02-24T12:00:00+00:00,2023-02-24T14:00:00+00:00,1.05629,1.05418,1.05872,1.05238,59.7602,0.12634,,,7200.00,-9983.03548,16.99525,0.998319,0.536175,0.548570,-2.550071
2793,EURUSD,sell,2023-02-24T12:00:00+00:00,2023-02-24T15:00:00+00:00,1.05629,1.05632,1.05595,1.05238,19.9201,-0.00047,-0.0693,,10800.00,-9983.03596,16.96404,0.998322,0.535983,0.548570,-2.551045
2794,EURUSD,buy,2023-02-27T01:00:00+00:00,2023-02-27T06:00:00+00:00,1.05623,1.05343,1.05380,1.06013,80.3290,-0.22450,-1.1508,,18000.00,-9983.26045,16.77282,0.998341,0.535791,0.548564,-2.554824
2795,EURUSD,sell,2023-02-25T14:00:00+00:00,2023-02-27T10:00:00+00:00,1.05418,1.05698,1.05661,1.05028,80.4364,-0.22461,-1.1513,,158400.00,-9983.48506,16.51494,0.998367,0.535599,0.548559,-2.559337
2796,EURUSD,buy,2023-02-28T04:00:00+00:00,2023-02-28T08:00:00+00:00,1.05932,1.06143,1.05688,1.06324,58.4807,0.12381,,,14400.00,-9983.36125,16.68266,0.998350,0.535765,0.548564,-2.554146
2797,EURUSD,buy,2023-02-28T04:00:00+00:00,2023-02-28T09:00:00+00:00,1.05932,1.05999,1.06036,1.06324,19.4936,0.01314,0.6468,,18000.00,-9983.34810,16.65190,0.998353,0.535931,0.548565,-2.555140
2798,EURUSD,sell,2023-03-03T01:00:00+00:00,2023-03-03T13:00:00+00:00,1.06050,1.06331,1.06294,1.05658,78.4860,-0.22045,-1.1512,,43200.00,-9983.56855,16.43145,0.998375,0.535740,0.548560,-2.559284
2799,EURUSD,sell,2023-03-04T04:00:00+00:00,2023-03-06T07:00:00+00:00,1.06305,1.06587,1.06550,1.05912,77.2612,-0.21752,-1.1511,,183600.00,-9983.78608,16.21392,0.998397,0.535548,0.548554,-2.562794
2800,EURUSD,buy,2023-03-06T17:00:00+00:00,2023-03-07T09:00:00+00:00,1.06882,1.06599,1.06636,1.07277,75.8724,-0.21452,-1.1505,,57600.00,-9984.00060,15.99940,0.998418,0.535357,0.548549,-2.566357
2801,EURUSD,sell,2023-03-08T08:00:00+00:00,2023-03-08T14:00:00+00:00,1.05333,1.05612,1.05576,1.04944,75.9237,-0.21184,-1.1513,,21600.00,-9984.21244,15.78756,0.998439,0.535166,0.548544,-2.570936
2802,EURUSD,sell,2023-03-13T14:00:00+00:00,2023-03-13T17:00:00+00:00,1.07193,1.07477,1.07439,1.06796,73.6188,-0.20897,-1.1510,,10800.00,-9984.42141,15.57859,0.998459,0.534975,0.548538,-2.574616
2803,EURUSD,buy,2023-03-15T17:00:00+00:00,2023-03-15T18:00:00+00:00,1.05598,1.05809,1.05355,1.05988,55.3395,0.11679,,,3600.00,-9984.30461,15.68862,0.998449,0.535141,0.548544,-2.570839
2804,EURUSD,buy,2023-03-15T17:00:00+00:00,2023-03-15T18:00:00+00:00,1.05598,1.05561,1.05598,1.05988,18.4465,-0.00677,,,3600.00,-9984.31138,15.68862,0.998449,0.534950,0.548544,-2.570839
2805,EURUSD,sell,2023-03-17T09:00:00+00:00,2023-03-17T11:00:00+00:00,1.06435,1.06222,1.06680,1.06041,55.2587,0.11771,,,7200.00,-9984.19367,15.83213,0.998434,0.535116,0.548549,-2.565979
2806,EURUSD,sell,2023-03-17T09:00:00+00:00,2023-03-17T12:00:00+00:00,1.06435,1.06371,1.06334,1.06041,18.4196,0.01182,0.6349,,10800.00,-9984.18185,15.81815,0.998436,0.535282,0.548549,-2.566449
2807,EURUSD,buy,2023-03-22T06:00:00+00:00,2023-03-22T10:00:00+00:00,1.07698,1.07914,1.07451,1.08097,55.0945,0.11859,,,14400.00,-9984.06326,15.97745,0.998420,0.535447,0.548555,-2.560433
2808,EURUSD,buy,2023-03-22T06:00:00+00:00,2023-03-22T11:00:00+00:00,1.07698,1.07844,1.07881,1.08097,18.3648,0.02669,0.7955,,18000.00,-9984.03657,15.96343,0.998421,0.535613,0.548556,-2.560908
2809,EURUSD,buy,2023-03-23T23:00:00+00:00,2023-03-24T08:00:00+00:00,1.08378,1.08091,1.08128,1.08778,73.6694,-0.21116,-1.1502,,32400.00,-9984.24773,15.75227,0.998442,0.535422,0.548551,-2.565161
2810,EURUSD,buy,2023-03-25T17:00:00+00:00,2023-03-27T13:00:00+00:00,1.07598,1.07813,1.07351,1.07996,54.9161,0.11810,,,158400.00,-9984.12963,15.91498,0.998426,0.535587,0.548556,-2.555649
2811,EURUSD,buy,2023-03-25T17:00:00+00:00,2023-03-27T14:00:00+00:00,1.07598,1.07718,1.07755,1.07996,18.3054,0.02186,0.7619,,162000.00,-9984.10777,15.89223,0.998428,0.535752,0.548557,-2.556413
2812,EURUSD,buy,2023-03-29T01:00:00+00:00,2023-03-29T06:00:00+00:00,1.08482,1.08195,1.08232,1.08883,73.2705,-0.21021,-1.1502,,18000.00,-9984.31799,15.68201,0.998449,0.535562,0.548552,-2.560754
2813,EURUSD,sell,2023-03-30T21:00:00+00:00,2023-03-31T08:00:00+00:00,1.09013,1.08795,1.09264,1.08610,53.9291,0.11766,,,39600.00,-9984.20033,15.82094,0.998435,0.535727,0.548557,-2.552870
2814,EURUSD,sell,2023-03-30T21:00:00+00:00,2023-03-31T09:00:00+00:00,1.09013,1.08956,1.08918,1.08610,17.9764,0.01036,0.6046,,43200.00,-9984.18997,15.81003,0.998436,0.535892,0.548558,-2.553286
2815,EURUSD,buy,2023-04-04T22:00:00+00:00,2023-04-05T11:00:00+00:00,1.09606,1.09316,1.09354,1.10011,72.1438,-0.20909,-1.1500,,46800.00,-9984.39906,15.60094,0.998457,0.535702,0.548552,-2.557533
2816,EURUSD,buy,2023-04-07T20:00:00+00:00,2023-04-10T12:00:00+00:00,1.09062,1.08773,1.08811,1.09465,71.5449,-0.20634,-1.1501,,230400.00,-9984.60540,15.39460,0.998478,0.535511,0.548547,-2.559370
2817,EURUSD,buy,2023-04-10T13:00:00+00:00,2023-04-10T23:00:00+00:00,1.08413,1.08629,1.08163,1.08814,53.2660,0.11541,,,36000.00,-9984.48999,15.55875,0.998461,0.535676,0.548553,-2.555578
2818,EURUSD,buy,2023-04-10T13:00:00+00:00,2023-04-11T00:00:00+00:00,1.08413,1.08649,1.08687,1.08814,17.7553,0.04206,0.8630,,39600.00,-9984.44793,15.55207,0.998462,0.535841,0.548554,-2.555358
2819,EURUSD,buy,2023-04-15T05:00:00+00:00,2023-04-17T01:00:00+00:00,1.09955,1.09664,1.09702,1.10362,70.7414,-0.20567,-1.1499,,158400.00,-9984.65359,15.49458,0.998468,0.535651,0.548549,-2.555605
2820,EURUSD,sell,2023-04-16T14:00:00+00:00,2023-04-17T01:00:00+00:00,1.09889,1.09669,1.10142,1.09482,53.0560,0.11669,,,39600.00,-9984.53691,15.49458,0.998468,0.535816,0.548555,-2.555605
2821,EURUSD,sell,2023-04-16T14:00:00+00:00,2023-04-17T02:00:00+00:00,1.09889,1.09796,1.09758,1.09482,17.6853,0.01646,0.7105,,43200.00,-9984.52044,15.47956,0.998469,0.535980,0.548555,-2.556011
2822,EURUSD,buy,2023-04-19T14:00:00+00:00,2023-04-20T12:00:00+00:00,1.09604,1.09314,1.09352,1.10009,70.6371,-0.20472,-1.1500,,79200.00,-9984.72516,15.27484,0.998489,0.535790,0.548550,-2.561249
2823,EURUSD,sell,2023-04-21T07:00:00+00:00,2023-04-21T11:00:00+00:00,1.09528,1.09818,1.09780,1.09123,69.7093,-0.20211,-1.1505,,14400.00,-9984.92727,15.07273,0.998509,0.535600,0.548545,-2.565794
2824,EURUSD,buy,2023-04-22T16:00:00+00:00,2023-04-24T09:00:00+00:00,1.09907,1.10127,1.09654,1.10313,51.4432,0.11300,,,147600.00,-9984.81427,15.20220,0.998497,0.535765,0.548550,-2.561791
2825,EURUSD,buy,2023-04-22T16:00:00+00:00,2023-04-24T10:00:00+00:00,1.09907,1.09954,1.09992,1.10313,17.1477,0.00807,0.5532,,151200.00,-9984.80620,15.19380,0.998497,0.535929,0.548551,-2.562069
2826,EURUSD,sell,2023-04-27T02:00:00+00:00,2023-04-27T12:00:00+00:00,1.10495,1.10274,1.10749,1.10086,51.5496,0.11400,,,36000.00,-9984.69220,15.30124,0.998487,0.536093,0.548556,-2.558097
2827,EURUSD,sell,2023-04-27T02:00:00+00:00,2023-04-27T12:00:00+00:00,1.10495,1.10533,1.10495,1.10086,17.1832,-0.00656,,,36000.00,-9984.69876,15.30124,0.998487,0.535904,0.548556,-2.558097
2828,EURUSD,buy,2023-04-28T08:00:00+00:00,2023-04-28T12:00:00+00:00,1.09942,1.09651,1.09689,1.10349,69.6087,-0.20235,-1.1499,,14400.00,-9984.90111,15.09889,0.998507,0.535714,0.548551,-2.562636
2829,EURUSD,buy,2023-05-06T03:00:00+00:00,2023-05-08T06:00:00+00:00,1.10195,1.10415,1.09942,1.10603,51.3978,0.11320,,,183600.00,-9984.78791,15.26125,0.998491,0.535878,0.548556,-2.556575
2830,EURUSD,buy,2023-05-06T03:00:00+00:00,2023-05-08T07:00:00+00:00,1.10195,1.10345,1.10383,1.10603,17.1326,0.02567,0.7972,,187200.00,-9984.76224,15.23776,0.998493,0.536042,0.548557,-2.557372
2831,EURUSD,buy,2023-05-08T15:00:00+00:00,2023-05-08T23:00:00+00:00,1.10229,1.09938,1.09976,1.10637,69.1394,-0.20150,-1.1499,,28800.00,-9984.96374,15.03626,0.998513,0.535853,0.548552,-2.563160
2832,EURUSD,buy,2023-05-09T18:00:00+00:00,2023-05-10T12:00:00+00:00,1.09697,1.09916,1.09445,1.10103,51.4170,0.11273,,,64800.00,-9984.85101,15.14249,0.998503,0.536017,0.548557,-2.560243
2833,EURUSD,buy,2023-05-09T18:00:00+00:00,2023-05-10T12:00:00+00:00,1.09697,1.09659,1.09697,1.10103,17.1390,-0.00650,,,64800.00,-9984.85751,15.14249,0.998503,0.535828,0.548557,-2.560243
2834,EURUSD,buy,2023-05-11T13:00:00+00:00,2023-05-12T05:00:00+00:00,1.09049,1.09267,1.08798,1.09452,52.0881,0.11352,,,57600.00,-9984.74398,15.28940,0.998488,0.535992,0.548562,-2.557371
2835,EURUSD,buy,2023-05-11T13:00:00+00:00,2023-05-12T06:00:00+00:00,1.09049,1.09179,1.09217,1.09452,17.3627,0.02266,0.7756,,61200.00,-9984.72132,15.27868,0.998489,0.536155,0.548563,-2.557686
2836,EURUSD,sell,2023-05-16T11:00:00+00:00,2023-05-16T15:00:00+00:00,1.08835,1.08618,1.09086,1.08433,52.6280,0.11463,,,14400.00,-9984.60669,15.42670,0.998474,0.536319,0.548568,-2.552150
2837,EURUSD,sell,2023-05-16T11:00:00+00:00,2023-05-16T16:00:00+00:00,1.08835,1.08718,1.08680,1.08433,17.5427,0.02065,0.7579,,18000.00,-9984.58603,15.41397,0.998476,0.536482,0.548569,-2.552590
2838,EURUSD,buy,2023-05-18T00:00:00+00:00,2023-05-18T07:00:00+00:00,1.08455,1.08168,1.08205,1.08856,71.0832,-0.20389,-1.1502,,25200.00,-9984.78992,15.21008,0.998496,0.536293,0.548564,-2.556462
2839,EURUSD,buy,2023-05-22T14:00:00+00:00,2023-05-23T10:00:00+00:00,1.08015,1.07730,1.07767,1.08415,70.4281,-0.20121,-1.1503,,72000.00,-9984.99113,15.00887,0.998516,0.536104,0.548559,-2.559470
2840,EURUSD,sell,2023-05-27T21:00:00+00:00,2023-05-30T05:00:00+00:00,1.07195,1.06980,1.07441,1.06798,52.4898,0.11261,,,201600.00,-9984.87852,14.98150,0.998518,0.536268,0.548564,-2.558821
2841,EURUSD,buy,2023-05-29T21:00:00+00:00,2023-05-30T05:00:00+00:00,1.07120,1.06837,1.06874,1.07516,70.0773,-0.19857,-1.1505,,28800.00,-9985.07709,14.98150,0.998518,0.536079,0.548559,-2.558821
2842,EURUSD,sell,2023-05-27T21:00:00+00:00,2023-05-30T06:00:00+00:00,1.07195,1.07019,1.06982,1.06798,17.4966,0.03075,0.8257,,205200.00,-9985.04634,14.95366,0.998521,0.536242,0.548561,-2.559491
2843,EURUSD,sell,2023-06-04T08:00:00+00:00,2023-06-05T12:00:00+00:00,1.07031,1.06817,1.07277,1.06635,52.3768,0.11220,,,100800.00,-9984.93415,15.10843,0.998506,0.536405,0.548566,-2.554145
2844,EURUSD,sell,2023-06-04T08:00:00+00:00,2023-06-05T13:00:00+00:00,1.07031,1.06950,1.06913,1.06635,17.4589,0.01411,0.6855,,104400.00,-9984.92004,15.07996,0.998509,0.536568,0.548566,-2.555056
2845,EURUSD,buy,2023-06-05T18:00:00+00:00,2023-06-06T09:00:00+00:00,1.07168,1.06885,1.06922,1.07565,70.3777,-0.19951,-1.1505,,54000.00,-9985.11955,14.88045,0.998528,0.536380,0.548562,-2.560645
2846,EURUSD,sell,2023-06-14T13:00:00+00:00,2023-06-14T18:00:00+00:00,1.08414,1.08197,1.08664,1.08013,51.4553,0.11165,,,18000.00,-9985.00790,14.98566,0.998518,0.536543,0.548567,-2.555607
2847,EURUSD,sell,2023-06-14T13:00:00+00:00,2023-06-14T18:00:00+00:00,1.08414,1.08452,1.08414,1.08013,17.1518,-0.00644,,,18000.00,-9985.01434,14.98566,0.998518,0.536354,0.548566,-2.555607
2848,EURUSD,sell,2023-06-18T01:00:00+00:00,2023-06-19T10:00:00+00:00,1.09343,1.09124,1.09595,1.08938,51.3789,0.11244,,,118800.00,-9984.90190,15.12348,0.998504,0.536517,0.548571,-2.550574
2849,EURUSD,sell,2023-06-18T01:00:00+00:00,2023-06-19T11:00:00+00:00,1.09343,1.09234,1.09196,1.08938,17.1263,0.01874,0.7435,,122400.00,-9984.88316,15.11684,0.998505,0.536680,0.548572,-2.550811
2850,EURUSD,sell,2023-06-19T12:00:00+00:00,2023-06-20T14:00:00+00:00,1.09225,1.09007,1.09477,1.08821,51.8847,0.11342,,,93600.00,-9984.76974,15.26696,0.998490,0.536842,0.548577,-2.546681
2851,EURUSD,sell,2023-06-19T12:00:00+00:00,2023-06-20T15:00:00+00:00,1.09225,1.09133,1.09095,1.08821,17.2949,0.01600,0.7103,,97200.00,-9984.75374,15.24626,0.998492,0.537005,0.548578,-2.547382
2852,EURUSD,buy,2023-06-25T19:00:00+00:00,2023-06-26T12:00:00+00:00,1.08938,1.09155,1.08687,1.09341,52.4985,0.11430,,,61200.00,-9984.63944,15.40191,0.998477,0.537167,0.548583,-2.541258
2853,EURUSD,buy,2023-06-25T19:00:00+00:00,2023-06-26T13:00:00+00:00,1.08938,1.09102,1.09140,1.09341,17.4995,0.02880,0.8135,,64800.00,-9984.61064,15.38936,0.998478,0.537329,0.548585,-2.541646
2854,EURUSD,sell,2023-06-26T23:00:00+00:00,2023-06-27T01:00:00+00:00,1.09066,1.09355,1.09317,1.08663,70.5293,-0.20364,-1.1506,,7200.00,-9984.81428,15.18572,0.998498,0.537141,0.548580,-2.547123
2855,EURUSD,sell,2023-06-30T04:00:00+00:00,2023-06-30T08:00:00+00:00,1.08665,1.08448,1.08915,1.08263,52.3896,0.11394,,,14400.00,-9984.70034,15.34810,0.998482,0.537303,0.548585,-2.541309
2856,EURUSD,sell,2023-06-30T04:00:00+00:00,2023-06-30T09:00:00+00:00,1.08665,1.08531,1.08493,1.08263,17.4632,0.02355,0.7822,,18000.00,-9984.67679,15.32321,0.998485,0.537465,0.548586,-2.542179
2857,EURUSD,sell,2023-07-01T20:00:00+00:00,2023-07-03T07:00:00+00:00,1.09062,1.08844,1.09313,1.08659,52.6716,0.11497,,,126000.00,-9984.56182,15.49318,0.998468,0.537627,0.548591,-2.537571
2858,EURUSD,sell,2023-07-01T20:00:00+00:00,2023-07-03T08:00:00+00:00,1.09062,1.08928,1.08890,1.08659,17.5572,0.02363,0.7813,,129600.00,-9984.53819,15.43862,0.998473,0.537789,0.548592,-2.539350
2859,EURUSD,buy,2023-07-03T08:00:00+00:00,2023-07-03T13:00:00+00:00,1.08895,1.09112,1.08644,1.09297,53.2617,0.11592,,,18000.00,-9984.42227,15.62058,0.998455,0.537950,0.548597,-2.532905
2860,EURUSD,buy,2023-07-03T08:00:00+00:00,2023-07-03T14:00:00+00:00,1.08895,1.09004,1.09042,1.09297,17.7539,0.01946,0.7441,,21600.00,-9984.40281,15.59719,0.998458,0.538112,0.548598,-2.533815
2861,EURUSD,sell,2023-07-05T01:00:00+00:00,2023-07-05T07:00:00+00:00,1.08736,1.09024,1.08987,1.08334,71.6987,-0.20640,-1.1507,,21600.00,-9984.60920,15.39080,0.998478,0.537924,0.548593,-2.538105
2862,EURUSD,buy,2023-07-07T23:00:00+00:00,2023-07-10T17:00:00+00:00,1.09679,1.09898,1.09427,1.10085,52.6380,0.11539,,,237600.00,-9984.49382,15.55410,0.998462,0.538085,0.548598,-2.531140
2863,EURUSD,buy,2023-07-07T23:00:00+00:00,2023-07-10T18:00:00+00:00,1.09679,1.09875,1.09913,1.10085,17.5460,0.03441,0.8378,,241200.00,-9984.45940,15.54060,0.998463,0.538247,0.548600,-2.531624
2864,EURUSD,sell,2023-07-11T17:00:00+00:00,2023-07-12T01:00:00+00:00,1.10034,1.10325,1.10287,1.09627,70.5961,-0.20561,-1.1505,,28800.00,-9984.66501,15.33499,0.998483,0.538059,0.548595,-2.535568
2865,EURUSD,sell,2023-07-23T17:00:00+00:00,2023-07-24T07:00:00+00:00,1.11211,1.10988,1.11466,1.10799,51.6938,0.11506,,,50400.00,-9984.54995,15.44344,0.998473,0.538220,0.548600,-2.528290
2866,EURUSD,sell,2023-07-23T17:00:00+00:00,2023-07-24T07:00:00+00:00,1.11211,1.11249,1.11211,1.10799,17.2313,-0.00661,,,50400.00,-9984.55656,15.44344,0.998473,0.538032,0.548600,-2.528290
2867,EURUSD,buy,2023-07-27T08:00:00+00:00,2023-07-27T12:00:00+00:00,1.11422,1.11128,1.11166,1.11835,69.3221,-0.20418,-1.1497,,14400.00,-9984.76075,15.23925,0.998493,0.537844,0.548595,-2.532352
2868,EURUSD,buy,2023-07-29T02:00:00+00:00,2023-07-31T13:00:00+00:00,1.10158,1.10378,1.09905,1.10566,51.8930,0.11425,,,212400.00,-9984.64650,15.22937,0.998494,0.538006,0.548600,-2.531644
2869,EURUSD,buy,2023-07-29T02:00:00+00:00,2023-07-31T13:00:00+00:00,1.10158,1.10120,1.10158,1.10566,17.2977,-0.00658,,,212400.00,-9984.65308,15.22937,0.998494,0.537818,0.548600,-2.531644
2870,EURUSD,sell,2023-07-30T23:00:00+00:00,2023-07-31T19:00:00+00:00,1.10205,1.09984,1.10458,1.09797,51.8398,0.11434,,,72000.00,-9984.53874,15.50479,0.998467,0.537979,0.548605,-2.522819
2871,EURUSD,sell,2023-07-30T23:00:00+00:00,2023-07-31T20:00:00+00:00,1.10205,1.10014,1.09976,1.09797,17.2799,0.03299,0.8340,,75600.00,-9984.50575,15.49425,0.998468,0.538140,0.548606,-2.523218
2872,EURUSD,sell,2023-08-03T16:00:00+00:00,2023-08-04T12:00:00+00:00,1.09518,1.09808,1.09770,1.09113,70.7171,-0.20501,-1.1505,,72000.00,-9984.71075,15.28925,0.998488,0.537953,0.548601,-2.526444
2873,EURUSD,sell,2023-08-06T12:00:00+00:00,2023-08-07T06:00:00+00:00,1.09996,1.09776,1.10249,1.09589,52.1087,0.11471,,,64800.00,-9984.59604,15.43783,0.998473,0.538113,0.548606,-2.519118
2874,EURUSD,sell,2023-08-06T12:00:00+00:00,2023-08-07T07:00:00+00:00,1.09996,1.09900,1.09862,1.09589,17.3696,0.01668,0.7167,,68400.00,-9984.57936,15.42064,0.998475,0.538274,0.548607,-2.519759
2875,EURUSD,sell,2023-08-08T21:00:00+00:00,2023-08-09T05:00:00+00:00,1.09507,1.09797,1.09759,1.09102,70.3882,-0.20404,-1.1505,,28800.00,-9984.78339,15.21661,0.998495,0.538087,0.548602,-2.524653
2876,EURUSD,buy,2023-08-10T05:00:00+00:00,2023-08-10T07:00:00+00:00,1.09884,1.10104,1.09631,1.10290,51.9452,0.11408,,,7200.00,-9984.66931,15.36515,0.998480,0.538248,0.548607,-2.519812
2877,EURUSD,buy,2023-08-10T05:00:00+00:00,2023-08-10T08:00:00+00:00,1.09884,1.10043,1.10081,1.10290,17.3151,0.02753,0.8070,,10800.00,-9984.64178,15.35822,0.998481,0.538408,0.548609,-2.520050
2878,EURUSD,sell,2023-08-11T13:00:00+00:00,2023-08-14T01:00:00+00:00,1.09593,1.09374,1.09845,1.09187,52.5362,0.11523,,,216000.00,-9984.52655,15.43949,0.998473,0.538568,0.548614,-2.516662
2879,EURUSD,sell,2023-08-11T13:00:00+00:00,2023-08-14T02:00:00+00:00,1.09593,1.09417,1.09379,1.09187,17.5121,0.03087,0.8234,,219600.00,-9984.49567,15.39217,0.998478,0.538729,0.548615,-2.517894
2880,EURUSD,buy,2023-08-13T15:00:00+00:00,2023-08-14T12:00:00+00:00,1.09466,1.09176,1.09214,1.09871,70.1718,-0.20312,-1.1500,,75600.00,-9984.69879,15.30121,0.998487,0.538542,0.548610,-2.519990
2881,EURUSD,buy,2023-08-14T16:00:00+00:00,2023-08-14T18:00:00+00:00,1.09316,1.09027,1.09064,1.09720,70.0073,-0.20237,-1.1501,,7200.00,-9984.90116,15.09884,0.998507,0.538355,0.548605,-2.523363
2882,EURUSD,sell,2023-08-16T05:00:00+00:00,2023-08-16T16:00:00+00:00,1.09126,1.08908,1.09377,1.08722,51.8699,0.11329,,,39600.00,-9984.78788,15.25695,0.998491,0.538515,0.548610,-2.517945
2883,EURUSD,sell,2023-08-16T05:00:00+00:00,2023-08-16T17:00:00+00:00,1.09126,1.08956,1.08918,1.08722,17.2900,0.02949,0.8191,,43200.00,-9984.75838,15.24162,0.998493,0.538675,0.548612,-2.518478
2884,EURUSD,sell,2023-08-20T03:00:00+00:00,2023-08-21T08:00:00+00:00,1.08645,1.08933,1.08895,1.08243,70.1228,-0.20169,-1.1507,,104400.00,-9984.96008,15.17912,0.998499,0.538488,0.548607,-2.519077
2885,EURUSD,buy,2023-08-18T11:00:00+00:00,2023-08-21T09:00:00+00:00,1.08662,1.08879,1.08412,1.09064,52.6158,0.11427,,,252000.00,-9984.84581,15.21617,0.998495,0.538648,0.548612,-2.518103
2886,EURUSD,buy,2023-08-18T11:00:00+00:00,2023-08-21T10:00:00+00:00,1.08662,1.08880,1.08918,1.09064,17.5386,0.03836,0.8531,,255600.00,-9984.80745,15.19255,0.998498,0.538808,0.548613,-2.518731
2887,EURUSD,buy,2023-08-22T23:00:00+00:00,2023-08-23T07:00:00+00:00,1.08497,1.08210,1.08247,1.08898,70.0350,-0.20096,-1.1502,,28800.00,-9985.00841,14.99159,0.998517,0.538621,0.548609,-2.523259
2888,EURUSD,buy,2023-08-26T09:00:00+00:00,2023-08-28T06:00:00+00:00,1.07938,1.08154,1.07690,1.08338,52.0995,0.11239,,,162000.00,-9984.89601,15.14248,0.998503,0.538781,0.548614,-2.518784
2889,EURUSD,buy,2023-08-26T09:00:00+00:00,2023-08-28T07:00:00+00:00,1.07938,1.08063,1.08100,1.08338,17.3665,0.02157,0.7684,,165600.00,-9984.87444,15.12556,0.998504,0.538941,0.548615,-2.519323
2890,EURUSD,buy,2023-09-07T07:00:00+00:00,2023-09-07T12:00:00+00:00,1.07187,1.06904,1.06941,1.07584,70.5779,-0.20011,-1.1505,,18000.00,-9985.07456,14.92544,0.998524,0.538754,0.548610,-2.521879
2891,EURUSD,sell,2023-09-09T17:00:00+00:00,2023-09-10T21:00:00+00:00,1.06942,1.07225,1.07188,1.06546,69.7620,-0.19756,-1.1510,,100800.00,-9985.27212,14.70579,0.998546,0.538568,0.548605,-2.526538
2892,EURUSD,sell,2023-09-10T21:00:00+00:00,2023-09-11T04:00:00+00:00,1.07118,1.07402,1.07364,1.06721,68.7255,-0.19494,-1.1510,,25200.00,-9985.46707,14.53293,0.998563,0.538382,0.548600,-2.530953
2893,EURUSD,sell,2023-09-12T15:00:00+00:00,2023-09-12T20:00:00+00:00,1.07221,1.07505,1.07468,1.06824,67.7507,-0.19236,-1.1510,,18000.00,-9985.65943,14.34057,0.998582,0.538196,0.548595,-2.535409
2894,EURUSD,sell,2023-09-14T21:00:00+00:00,2023-09-15T06:00:00+00:00,1.06388,1.06670,1.06633,1.05994,67.3772,-0.18984,-1.1511,,32400.00,-9985.84927,14.15073,0.998601,0.538010,0.548590,-2.538193
2895,EURUSD,sell,2023-09-15T23:00:00+00:00,2023-09-18T15:00:00+00:00,1.06544,1.06826,1.06789,1.06150,66.3880,-0.18732,-1.1511,,230400.00,-9986.03659,13.77609,0.998638,0.537824,0.548586,-2.545923
2896,EURUSD,sell,2023-09-17T01:00:00+00:00,2023-09-18T15:00:00+00:00,1.06544,1.06826,1.06789,1.06150,66.3880,-0.18732,-1.1511,,136800.00,-9986.22391,13.77609,0.998638,0.537638,0.548581,-2.545923
2897,EURUSD,sell,2023-09-21T00:00:00+00:00,2023-09-21T06:00:00+00:00,1.06280,1.06562,1.06525,1.05887,64.7908,-0.18237,-1.1512,,21600.00,-9986.40628,13.59372,0.998656,0.537453,0.548577,-2.549509
2898,EURUSD,sell,2023-09-26T07:00:00+00:00,2023-09-26T12:00:00+00:00,1.05817,1.06098,1.06061,1.05426,64.2128,-0.17997,-1.1512,,18000.00,-9986.58625,13.41375,0.998673,0.537267,0.548572,-2.553094
2899,EURUSD,sell,2023-09-30T12:00:00+00:00,2023-10-02T07:00:00+00:00,1.05662,1.05942,1.05905,1.05271,63.4556,-0.17759,-1.1513,,154800.00,-9986.76385,13.23615,0.998691,0.537082,0.548568,-2.556244
2900,EURUSD,buy,2023-10-03T17:00:00+00:00,2023-10-04T09:00:00+00:00,1.04722,1.04932,1.04482,1.05110,47.4115,0.09923,,,57600.00,-9986.66461,13.37657,0.998677,0.537241,0.548572,-2.551250
2901,EURUSD,buy,2023-10-03T17:00:00+00:00,2023-10-04T10:00:00+00:00,1.04722,1.04919,1.04955,1.05110,15.8038,0.03099,0.8431,,61200.00,-9986.63362,13.36638,0.998678,0.537401,0.548574,-2.551659
2902,EURUSD,buy,2023-10-07T17:00:00+00:00,2023-10-08T21:00:00+00:00,1.05860,1.05580,1.05616,1.06251,63.1514,-0.17688,-1.1507,,100800.00,-9986.81050,13.18950,0.998696,0.537216,0.548569,-2.555635
2903,EURUSD,buy,2023-10-09T00:00:00+00:00,2023-10-09T03:00:00+00:00,1.05768,1.05488,1.05525,1.06159,62.3700,-0.17454,-1.1507,,10800.00,-9986.98504,13.01496,0.998713,0.537031,0.548565,-2.559633
2904,EURUSD,sell,2023-10-11T01:00:00+00:00,2023-10-11T13:00:00+00:00,1.06048,1.06329,1.06292,1.05656,61.3450,-0.17230,-1.1512,,43200.00,-9987.15734,12.84266,0.998730,0.536846,0.548561,-2.563844
2905,EURUSD,buy,2023-10-12T12:00:00+00:00,2023-10-12T13:00:00+00:00,1.05848,1.05568,1.05604,1.06239,60.6839,-0.16995,-1.1507,,3600.00,-9987.32729,12.67271,0.998747,0.536661,0.548556,-2.568265
2906,EURUSD,buy,2023-10-18T02:00:00+00:00,2023-10-18T10:00:00+00:00,1.05786,1.05506,1.05542,1.06177,59.9160,-0.16770,-1.1507,,28800.00,-9987.49500,12.50500,0.998763,0.536476,0.548552,-2.571606
2907,EURUSD,buy,2023-10-23T15:00:00+00:00,2023-10-23T18:00:00+00:00,1.06485,1.06698,1.06240,1.06879,44.0511,0.09375,,,10800.00,-9987.40124,12.63636,0.998750,0.536636,0.548556,-2.565561
2908,EURUSD,buy,2023-10-23T15:00:00+00:00,2023-10-23T19:00:00+00:00,1.06485,1.06619,1.06656,1.06879,14.6837,0.01969,0.7837,,14400.00,-9987.38156,12.61844,0.998752,0.536795,0.548557,-2.566306
2909,EURUSD,sell,2023-10-30T00:00:00+00:00,2023-10-30T09:00:00+00:00,1.05592,1.05872,1.05835,1.05202,59.7328,-0.16707,-1.1513,,32400.00,-9987.54862,12.45138,0.998769,0.536611,0.548553,-2.569005
2910,EURUSD,buy,2023-11-08T03:00:00+00:00,2023-11-08T09:00:00+00:00,1.06930,1.06647,1.06684,1.07326,58.2395,-0.16474,-1.1505,,21600.00,-9987.71336,12.28664,0.998785,0.536426,0.548549,-2.571695
2911,EURUSD,sell,2023-11-09T20:00:00+00:00,2023-11-10T10:00:00+00:00,1.06606,1.06888,1.06851,1.06211,57.6091,-0.16264,-1.1511,,50400.00,-9987.87601,12.12399,0.998801,0.536242,0.548545,-2.576004
2912,EURUSD,buy,2023-11-11T12:00:00+00:00,2023-11-14T09:00:00+00:00,1.06880,1.07094,1.06634,1.07275,42.5511,0.09089,,,248400.00,-9987.78511,12.33160,0.998780,0.536401,0.548549,-2.565296
2913,EURUSD,buy,2023-11-11T12:00:00+00:00,2023-11-14T10:00:00+00:00,1.06880,1.07111,1.07148,1.07275,14.1837,0.03274,0.8614,,252000.00,-9987.75238,12.36655,0.998777,0.536560,0.548551,-2.563712
2914,EURUSD,buy,2023-11-14T01:00:00+00:00,2023-11-14T10:00:00+00:00,1.07019,1.07233,1.06773,1.07415,42.4958,0.09089,,,32400.00,-9987.66148,12.36655,0.998777,0.536719,0.548555,-2.563712
2915,EURUSD,buy,2023-11-14T01:00:00+00:00,2023-11-14T11:00:00+00:00,1.07019,1.07112,1.07149,1.07415,14.1653,0.01314,0.7141,,36000.00,-9987.64834,12.35166,0.998779,0.536878,0.548555,-2.564397
2916,EURUSD,buy,2023-11-17T06:00:00+00:00,2023-11-17T08:00:00+00:00,1.08544,1.08256,1.08294,1.08945,56.9143,-0.16338,-1.1502,,7200.00,-9987.81172,12.18828,0.998795,0.536694,0.548551,-2.568366
2917,EURUSD,sell,2023-11-18T13:00:00+00:00,2023-11-20T04:00:00+00:00,1.09105,1.09394,1.09356,1.08701,55.8388,-0.16128,-1.1506,,140400.00,-9987.97300,12.02700,0.998811,0.536510,0.548547,-2.572365
2918,EURUSD,buy,2023-11-24T02:00:00+00:00,2023-11-24T12:00:00+00:00,1.08987,1.09205,1.08736,1.09390,41.3948,0.09017,,,36000.00,-9987.88283,12.14191,0.998799,0.536669,0.548551,-2.567057
2919,EURUSD,buy,2023-11-24T02:00:00+00:00,2023-11-24T13:00:00+00:00,1.08987,1.09083,1.09121,1.09390,13.7983,0.01333,0.7191,,39600.00,-9987.86951,12.13049,0.998800,0.536828,0.548552,-2.567542
2920,EURUSD,buy,2023-11-28T04:00:00+00:00,2023-11-28T14:00:00+00:00,1.09557,1.09776,1.09305,1.09962,41.5337,0.09094,,,36000.00,-9987.77856,12.25344,0.998788,0.536986,0.548556,-2.561938
2921,EURUSD,buy,2023-11-28T04:00:00+00:00,2023-11-28T15:00:00+00:00,1.09557,1.09641,1.09679,1.09962,13.8446,0.01166,0.6897,,39600.00,-9987.76690,12.23310,0.998790,0.537145,0.548557,-2.562797
2922,EURUSD,buy,2023-11-29T05:00:00+00:00,2023-11-29T08:00:00+00:00,1.10053,1.09762,1.09800,1.10460,55.5949,-0.16177,-1.1499,,10800.00,-9987.92867,12.07133,0.998806,0.536961,0.548553,-2.567183
2923,EURUSD,sell,2023-12-02T10:00:00+00:00,2023-12-04T07:00:00+00:00,1.08755,1.08538,1.09006,1.08353,41.6107,0.09057,,,162000.00,-9987.83810,12.03238,0.998810,0.537119,0.548557,-2.567437
2924,EURUSD,buy,2023-12-03T19:00:00+00:00,2023-12-04T07:00:00+00:00,1.08821,1.08533,1.08570,1.09223,55.4810,-0.15966,-1.1502,,43200.00,-9987.99777,12.03238,0.998810,0.536936,0.548553,-2.567437
2925,EURUSD,sell,2023-12-02T10:00:00+00:00,2023-12-04T08:00:00+00:00,1.08755,1.08728,1.08690,1.08353,13.8702,0.00385,0.4246,,165600.00,-9987.99392,12.00608,0.998813,0.537094,0.548553,-2.568316
2926,EURUSD,sell,2023-12-07T08:00:00+00:00,2023-12-07T17:00:00+00:00,1.07769,1.08054,1.08017,1.07370,55.6863,-0.15890,-1.1509,,32400.00,-9988.15282,11.84718,0.998828,0.536910,0.548549,-2.572273
2927,EURUSD,buy,2023-12-08T11:00:00+00:00,2023-12-08T13:00:00+00:00,1.07859,1.07574,1.07611,1.08258,54.9361,-0.15672,-1.1503,,7200.00,-9988.30954,11.69046,0.998844,0.536727,0.548545,-2.576651
2928,EURUSD,buy,2023-12-14T16:00:00+00:00,2023-12-15T08:00:00+00:00,1.09994,1.09703,1.09741,1.10401,53.1573,-0.15460,-1.1499,,57600.00,-9988.46414,11.53586,0.998859,0.536544,0.548541,-2.578508
2929,EURUSD,sell,2023-12-17T10:00:00+00:00,2023-12-18T05:00:00+00:00,1.08889,1.09178,1.09140,1.08486,52.9547,-0.15265,-1.1507,,68400.00,-9988.61679,11.38321,0.998874,0.536361,0.548538,-2.581941
2930,EURUSD,buy,2023-12-20T01:00:00+00:00,2023-12-20T10:00:00+00:00,1.09731,1.09441,1.09479,1.10137,51.8843,-0.15054,-1.1500,,32400.00,-9988.76733,11.23267,0.998889,0.536177,0.548534,-2.586094
2931,EURUSD,sell,2023-12-21T19:00:00+00:00,2023-12-22T11:00:00+00:00,1.09958,1.10249,1.10211,1.09551,51.0618,-0.14861,-1.1505,,57600.00,-9988.91594,11.08406,0.998904,0.535995,0.548530,-2.590811
2932,EURUSD,sell,2023-12-26T06:00:00+00:00,2023-12-27T07:00:00+00:00,1.10203,1.10495,1.10456,1.09795,50.2742,-0.14664,-1.1504,,90000.00,-9989.06258,10.93742,0.998918,0.535812,0.548526,-2.595588
2933,EURUSD,buy,2023-12-29T17:00:00+00:00,2023-12-29T19:00:00+00:00,1.10672,1.10380,1.10418,1.11082,49.4284,-0.14462,-1.1498,,7200.00,-9989.20721,10.79279,0.998933,0.535629,0.548523,-2.599729
2934,EURUSD,buy,2023-12-31T20:00:00+00:00,2024-01-02T07:00:00+00:00,1.10407,1.10115,1.10153,1.10815,48.8919,-0.14272,-1.1499,,126000.00,-9989.34993,10.65007,0.998947,0.535446,0.548519,-2.603885
2935,EURUSD,sell,2024-01-02T15:00:00+00:00,2024-01-03T08:00:00+00:00,1.09402,1.09692,1.09654,1.08997,48.6594,-0.14092,-1.1506,,61200.00,-9989.49084,10.50916,0.998961,0.535264,0.548516,-2.607177
2936,EURUSD,buy,2024-01-06T10:00:00+00:00,2024-01-08T15:00:00+00:00,1.09425,1.09644,1.09173,1.09830,36.0258,0.07879,,,190800.00,-9989.41205,10.62063,0.998950,0.535422,0.548519,-2.602702
2937,EURUSD,buy,2024-01-06T10:00:00+00:00,2024-01-08T16:00:00+00:00,1.09425,1.09645,1.09683,1.09830,12.0086,0.02645,0.8532,,194400.00,-9989.38560,10.61440,0.998950,0.535581,0.548521,-2.602994
2938,EURUSD,buy,2024-01-11T10:00:00+00:00,2024-01-11T13:00:00+00:00,1.09722,1.09941,1.09470,1.10128,36.2880,0.07958,,,10800.00,-9989.30602,10.68939,0.998943,0.535739,0.548524,-2.599164
2939,EURUSD,buy,2024-01-11T10:00:00+00:00,2024-01-11T13:00:00+00:00,1.09722,1.09684,1.09722,1.10128,12.0960,-0.00459,,,10800.00,-9989.31061,10.68939,0.998943,0.535556,0.548524,-2.599164
2940,EURUSD,sell,2024-01-12T23:00:00+00:00,2024-01-16T00:00:00+00:00,1.09450,1.09231,1.09702,1.09045,36.6132,0.08020,,,262800.00,-9989.23041,10.76497,0.998935,0.535714,0.548528,-2.596393
2941,EURUSD,sell,2024-01-12T23:00:00+00:00,2024-01-16T00:00:00+00:00,1.09450,1.09488,1.09450,1.09045,12.2044,-0.00462,,,262800.00,-9989.23503,10.76497,0.998935,0.535532,0.548528,-2.596393
2942,EURUSD,sell,2024-01-16T01:00:00+00:00,2024-01-16T08:00:00+00:00,1.09242,1.09024,1.09494,1.08838,36.9423,0.08077,,,25200.00,-9989.15426,10.86990,0.998925,0.535690,0.548531,-2.591868
2943,EURUSD,sell,2024-01-16T01:00:00+00:00,2024-01-16T09:00:00+00:00,1.09242,1.09083,1.09045,1.08838,12.3141,0.01964,0.8088,,28800.00,-9989.13462,10.86538,0.998925,0.535848,0.548532,-2.592083
2944,EURUSD,buy,2024-01-19T13:00:00+00:00,2024-01-22T02:00:00+00:00,1.08838,1.09055,1.08587,1.09240,37.4479,0.08146,,,219600.00,-9989.05316,11.01564,0.998911,0.536005,0.548536,-2.588116
2945,EURUSD,buy,2024-01-19T13:00:00+00:00,2024-01-22T03:00:00+00:00,1.08838,1.08975,1.09013,1.09240,12.4826,0.01718,0.7850,,223200.00,-9989.03597,10.97714,0.998914,0.536163,0.548537,-2.589685
2946,EURUSD,buy,2024-01-21T07:00:00+00:00,2024-01-23T10:00:00+00:00,1.08993,1.08704,1.08742,1.09396,49.8595,-0.14371,-1.1501,,183600.00,-9989.17968,10.82032,0.998930,0.535981,0.548533,-2.595851
2947,EURUSD,buy,2024-01-24T06:00:00+00:00,2024-01-24T09:00:00+00:00,1.08666,1.08883,1.08416,1.09068,37.3516,0.08112,,,10800.00,-9989.09856,10.94741,0.998917,0.536138,0.548537,-2.590069
2948,EURUSD,buy,2024-01-24T06:00:00+00:00,2024-01-24T09:00:00+00:00,1.08666,1.09035,1.08666,1.09068,12.4505,0.04597,,,10800.00,-9989.05259,10.94741,0.998917,0.536296,0.548539,-2.590069
2949,EURUSD,sell,2024-01-26T07:00:00+00:00,2024-01-26T08:00:00+00:00,1.08162,1.08448,1.08410,1.07761,50.5916,-0.14488,-1.1508,,3600.00,-9989.19747,10.80253,0.998932,0.536114,0.548535,-2.594199
2950,EURUSD,sell,2024-01-30T12:00:00+00:00,2024-01-31T02:00:00+00:00,1.08443,1.08226,1.08693,1.08042,37.3442,0.08105,,,50400.00,-9989.11642,10.91637,0.998920,0.536271,0.548539,-2.588284
2951,EURUSD,sell,2024-01-30T12:00:00+00:00,2024-01-31T03:00:00+00:00,1.08443,1.08224,1.08187,1.08042,12.4481,0.02726,0.8539,,54000.00,-9989.08916,10.91084,0.998921,0.536428,0.548540,-2.588546
2952,EURUSD,sell,2024-02-03T01:00:00+00:00,2024-02-05T09:00:00+00:00,1.07817,1.07601,1.08065,1.07418,37.9379,0.08186,,,201600.00,-9989.00730,11.14529,0.998898,0.536585,0.548544,-2.580401
2953,EURUSD,sell,2024-02-04T17:00:00+00:00,2024-02-05T09:00:00+00:00,1.07817,1.07601,1.08065,1.07418,37.9379,0.08186,,,57600.00,-9988.92543,11.14529,0.998898,0.536742,0.548547,-2.580401
2954,EURUSD,sell,2024-02-03T01:00:00+00:00,2024-02-05T10:00:00+00:00,1.07817,1.07597,1.07560,1.07418,12.6460,0.02774,0.8548,,205200.00,-9988.89769,11.13005,0.998899,0.536899,0.548549,-2.581147
2955,EURUSD,sell,2024-02-04T17:00:00+00:00,2024-02-05T10:00:00+00:00,1.07817,1.07597,1.07560,1.07418,12.6460,0.02774,0.8548,,61200.00,-9988.86995,11.13005,0.998899,0.537056,0.548550,-2.581147
2956,EURUSD,buy,2024-02-07T01:00:00+00:00,2024-02-08T13:00:00+00:00,1.07666,1.07382,1.07419,1.08065,51.7032,-0.14724,-1.1504,,129600.00,-9989.01719,10.98281,0.998914,0.536874,0.548546,-2.584574
2957,EURUSD,buy,2024-02-11T07:00:00+00:00,2024-02-12T15:00:00+00:00,1.07853,1.07568,1.07605,1.08252,50.9307,-0.14529,-1.1503,,115200.00,-9989.16248,10.83752,0.998928,0.536693,0.548543,-2.587167
2958,EURUSD,buy,2024-02-15T14:00:00+00:00,2024-02-16T13:00:00+00:00,1.07791,1.07506,1.07543,1.08190,50.2859,-0.14337,-1.1503,,82800.00,-9989.30585,10.69415,0.998942,0.536511,0.548539,-2.589998
2959,EURUSD,sell,2024-02-16T18:00:00+00:00,2024-02-20T10:00:00+00:00,1.07818,1.08103,1.08066,1.07419,49.5788,-0.14154,-1.1509,,316800.00,-9989.44739,10.55261,0.998956,0.536330,0.548536,-2.593202
2960,EURUSD,sell,2024-02-21T10:00:00+00:00,2024-02-21T19:00:00+00:00,1.07979,1.08264,1.08227,1.07579,48.8497,-0.13966,-1.1508,,32400.00,-9989.58704,10.41296,0.998970,0.536149,0.548532,-2.597522
2961,EURUSD,sell,2024-02-22T10:00:00+00:00,2024-02-22T13:00:00+00:00,1.08533,1.08316,1.08783,1.08132,35.9676,0.07813,,,10800.00,-9989.50892,10.52734,0.998959,0.536305,0.548536,-2.592176
2962,EURUSD,sell,2024-02-22T10:00:00+00:00,2024-02-22T14:00:00+00:00,1.08533,1.08283,1.08246,1.08132,11.9892,0.02997,0.8696,,14400.00,-9989.47895,10.52105,0.998960,0.536462,0.548537,-2.592491
2963,EURUSD,sell,2024-02-27T04:00:00+00:00,2024-02-28T06:00:00+00:00,1.08501,1.08284,1.08751,1.08100,36.3517,0.07894,,,93600.00,-9989.40001,10.63361,0.998948,0.536618,0.548541,-2.585725
2964,EURUSD,sell,2024-02-27T04:00:00+00:00,2024-02-28T07:00:00+00:00,1.08501,1.08285,1.08248,1.08100,12.1172,0.02617,0.8521,,97200.00,-9989.37384,10.62616,0.998949,0.536775,0.548542,-2.586071
2965,EURUSD,buy,2024-02-28T09:00:00+00:00,2024-02-28T13:00:00+00:00,1.08032,1.08248,1.07784,1.08432,36.8964,0.07967,,,14400.00,-9989.29418,10.73603,0.998938,0.536931,0.548545,-2.580450
2966,EURUSD,buy,2024-02-28T09:00:00+00:00,2024-02-28T14:00:00+00:00,1.08032,1.08176,1.08213,1.08432,12.2988,0.01760,0.7926,,18000.00,-9989.27657,10.72343,0.998940,0.537087,0.548546,-2.581151
2967,EURUSD,sell,2024-02-29T22:00:00+00:00,2024-03-01T15:00:00+00:00,1.08015,1.08301,1.08263,1.07615,49.6239,-0.14192,-1.1508,,61200.00,-9989.41849,10.58151,0.998954,0.536906,0.548543,-2.584662
2968,EURUSD,sell,2024-03-04T11:00:00+00:00,2024-03-06T10:00:00+00:00,1.08529,1.08817,1.08779,1.08128,48.7349,-0.14003,-1.1507,,169200.00,-9989.55852,10.44148,0.998967,0.536725,0.548539,-2.589209
2969,EURUSD,sell,2024-03-08T13:00:00+00:00,2024-03-11T12:00:00+00:00,1.09549,1.09330,1.09801,1.09144,35.7317,0.07834,,,255600.00,-9989.48018,10.58751,0.998953,0.536881,0.548543,-2.581671
2970,EURUSD,sell,2024-03-08T13:00:00+00:00,2024-03-11T13:00:00+00:00,1.09549,1.09354,1.09316,1.09144,11.9106,0.02326,0.8379,,259200.00,-9989.45691,10.62763,0.998949,0.537037,0.548544,-2.579716
2971,EURUSD,sell,2024-03-11T01:00:00+00:00,2024-03-12T12:00:00+00:00,1.09372,1.09153,1.09624,1.08967,35.7895,0.07834,,,126000.00,-9989.37857,10.61692,0.998950,0.537193,0.548547,-2.580698
2972,EURUSD,sell,2024-03-11T01:00:00+00:00,2024-03-12T12:00:00+00:00,1.09372,1.09410,1.09372,1.08967,11.9298,-0.00451,,,126000.00,-9989.38308,10.61692,0.998950,0.537012,0.548547,-2.580698
2973,EURUSD,sell,2024-03-12T16:00:00+00:00,2024-03-13T11:00:00+00:00,1.09143,1.09432,1.09394,1.08739,48.6229,-0.14048,-1.1506,,68400.00,-9989.52357,10.47643,0.998964,0.536831,0.548544,-2.585630
2974,EURUSD,sell,2024-03-16T04:00:00+00:00,2024-03-19T07:00:00+00:00,1.08836,1.08619,1.09087,1.08434,36.0861,0.07860,,,270000.00,-9989.44496,10.58984,0.998953,0.536987,0.548547,-2.580088
2975,EURUSD,sell,2024-03-16T04:00:00+00:00,2024-03-19T08:00:00+00:00,1.08836,1.08599,1.08561,1.08434,12.0287,0.02860,0.8636,,273600.00,-9989.41636,10.58364,0.998953,0.537143,0.548549,-2.580352
2976,EURUSD,sell,2024-03-23T07:00:00+00:00,2024-03-25T11:00:00+00:00,1.08033,1.08319,1.08281,1.07633,48.9689,-0.14007,-1.1508,,187200.00,-9989.55643,10.30350,0.998981,0.536962,0.548545,-2.587712
2977,EURUSD,sell,2024-03-24T18:00:00+00:00,2024-03-25T11:00:00+00:00,1.08033,1.08319,1.08281,1.07633,48.9689,-0.14007,-1.1508,,61200.00,-9989.69650,10.30350,0.998981,0.536782,0.548542,-2.587712
2978,EURUSD,buy,2024-03-26T12:00:00+00:00,2024-03-26T15:00:00+00:00,1.08552,1.08264,1.08302,1.08953,47.4733,-0.13629,-1.1502,,10800.00,-9989.83279,10.16721,0.998995,0.536602,0.548538,-2.592005
2979,EURUSD,buy,2024-03-28T06:00:00+00:00,2024-03-28T08:00:00+00:00,1.08210,1.07924,1.07962,1.08611,46.9930,-0.13449,-1.1503,,7200.00,-9989.96728,10.03272,0.999008,0.536422,0.548535,-2.596084
2980,EURUSD,buy,2024-03-31T01:00:00+00:00,2024-04-01T14:00:00+00:00,1.07930,1.07645,1.07682,1.08330,46.4917,-0.13272,-1.1503,,133200.00,-9990.10000,9.90000,0.999021,0.536242,0.548532,-2.599511
2981,EURUSD,sell,2024-04-02T09:00:00+00:00,2024-04-02T13:00:00+00:00,1.07388,1.07672,1.07635,1.06990,46.0808,-0.13103,-1.1509,,14400.00,-9990.23103,9.76897,0.999034,0.536062,0.548528,-2.603797
2982,EURUSD,sell,2024-04-03T14:00:00+00:00,2024-04-04T04:00:00+00:00,1.08196,1.08482,1.08444,1.07795,45.1314,-0.12928,-1.1508,,50400.00,-9990.36032,9.63968,0.999047,0.535882,0.548525,-2.607433
2983,EURUSD,sell,2024-04-06T03:00:00+00:00,2024-04-08T15:00:00+00:00,1.08319,1.08606,1.08569,1.07919,44.4832,-0.12757,-1.1508,,216000.00,-9990.48789,9.49499,0.999061,0.535702,0.548522,-2.611624
2984,EURUSD,buy,2024-04-08T14:00:00+00:00,2024-04-09T12:00:00+00:00,1.08565,1.08782,1.08315,1.08966,33.3071,0.07227,,,79200.00,-9990.41562,9.61119,0.999050,0.535858,0.548525,-2.606040
2985,EURUSD,buy,2024-04-08T14:00:00+00:00,2024-04-09T13:00:00+00:00,1.08565,1.08722,1.08760,1.08966,11.1024,0.01752,0.8075,,82800.00,-9990.39809,9.60191,0.999050,0.536013,0.548526,-2.606526
2986,EURUSD,buy,2024-04-11T00:00:00+00:00,2024-04-11T12:00:00+00:00,1.07458,1.07174,1.07211,1.07856,44.6908,-0.12703,-1.1504,,43200.00,-9990.52512,9.47488,0.999063,0.535834,0.548523,-2.610176
2987,EURUSD,sell,2024-04-13T03:00:00+00:00,2024-04-15T06:00:00+00:00,1.06353,1.06635,1.06598,1.05959,44.5311,-0.12543,-1.1511,,183600.00,-9990.65055,9.40604,0.999070,0.535655,0.548520,-2.612173
2988,EURUSD,buy,2024-04-14T11:00:00+00:00,2024-04-16T01:00:00+00:00,1.06417,1.06135,1.06172,1.06811,44.5311,-0.12537,-1.1506,,136800.00,-9990.77592,9.22408,0.999088,0.535475,0.548517,-2.616939
2989,EURUSD,sell,2024-04-16T22:00:00+00:00,2024-04-17T08:00:00+00:00,1.06162,1.06443,1.06406,1.05769,43.4303,-0.12211,-1.1512,,36000.00,-9990.89804,9.10196,0.999100,0.535296,0.548514,-2.621235
2990,EURUSD,sell,2024-04-20T16:00:00+00:00,2024-04-22T13:00:00+00:00,1.06494,1.06281,1.06739,1.06100,32.0413,0.06829,,,162000.00,-9990.82975,9.18767,0.999091,0.535452,0.548517,-2.616422
2991,EURUSD,sell,2024-04-20T16:00:00+00:00,2024-04-22T14:00:00+00:00,1.06494,1.06445,1.06408,1.06100,10.6804,0.00525,0.5709,,165600.00,-9990.82450,9.17550,0.999093,0.535607,0.548517,-2.617112
2992,EURUSD,buy,2024-04-25T01:00:00+00:00,2024-04-25T12:00:00+00:00,1.07102,1.07316,1.06856,1.07498,32.1361,0.06879,,,39600.00,-9990.75571,9.24031,0.999086,0.535762,0.548520,-2.613349
2993,EURUSD,buy,2024-04-25T01:00:00+00:00,2024-04-25T12:00:00+00:00,1.07102,1.07065,1.07102,1.07498,10.7120,-0.00398,,,39600.00,-9990.75969,9.24031,0.999086,0.535583,0.548520,-2.613349
2994,EURUSD,sell,2024-04-26T03:00:00+00:00,2024-04-26T08:00:00+00:00,1.07199,1.07483,1.07445,1.06802,43.0860,-0.12231,-1.1510,,18000.00,-9990.88199,9.11801,0.999098,0.535404,0.548517,-2.617613
2995,EURUSD,sell,2024-04-28T06:00:00+00:00,2024-04-29T01:00:00+00:00,1.06879,1.07162,1.07125,1.06483,42.6430,-0.12069,-1.1510,,68400.00,-9991.00269,9.08299,0.999102,0.535225,0.548514,-2.618510
2996,EURUSD,buy,2024-04-27T03:00:00+00:00,2024-04-29T02:00:00+00:00,1.06943,1.07157,1.06697,1.07339,31.9822,0.06836,,,169200.00,-9990.93433,9.09039,0.999101,0.535381,0.548517,-2.618183
2997,EURUSD,buy,2024-04-27T03:00:00+00:00,2024-04-29T03:00:00+00:00,1.06943,1.07109,1.07146,1.07339,10.6607,0.01767,0.8170,,172800.00,-9990.91666,9.08334,0.999102,0.535536,0.548518,-2.618495
2998,EURUSD,buy,2024-04-29T12:00:00+00:00,2024-04-30T09:00:00+00:00,1.07065,1.07279,1.06819,1.07461,31.8243,0.06810,,,75600.00,-9990.84856,9.17286,0.999093,0.535690,0.548521,-2.614130
2999,EURUSD,buy,2024-04-29T12:00:00+00:00,2024-04-30T10:00:00+00:00,1.07065,1.07189,1.07226,1.07461,10.6081,0.01312,0.7690,,79200.00,-9990.83543,9.16457,0.999094,0.535845,0.548522,-2.614549
3000,EURUSD,buy,2024-05-01T04:00:00+00:00,2024-05-01T12:00:00+00:00,1.06589,1.06802,1.06344,1.06983,32.2523,0.06871,,,28800.00,-9990.76673,9.26058,0.999084,0.536000,0.548525,-2.609524
3001,EURUSD,buy,2024-05-01T04:00:00+00:00,2024-05-01T13:00:00+00:00,1.06589,1.06711,1.06748,1.06983,10.7508,0.01312,0.7672,,32400.00,-9990.75361,9.24639,0.999086,0.536155,0.548525,-2.610306
3002,EURUSD,buy,2024-05-02T13:00:00+00:00,2024-05-02T16:00:00+00:00,1.06900,1.07114,1.06654,1.07295,32.4456,0.06932,,,10800.00,-9990.68429,9.34447,0.999076,0.536309,0.548528,-2.605216
3003,EURUSD,buy,2024-05-02T13:00:00+00:00,2024-05-02T17:00:00+00:00,1.06900,1.07102,1.07139,1.07295,10.8152,0.02183,0.8446,,14400.00,-9990.66246,9.33754,0.999077,0.536464,0.548529,-2.605599
3004,EURUSD,buy,2024-05-05T22:00:00+00:00,2024-05-06T12:00:00+00:00,1.07655,1.07870,1.07408,1.08053,32.5356,0.07000,,,50400.00,-9990.59246,9.43115,0.999067,0.536618,0.548533,-2.601923
3005,EURUSD,buy,2024-05-05T22:00:00+00:00,2024-05-06T13:00:00+00:00,1.07655,1.07774,1.07811,1.08053,10.8452,0.01284,0.7602,,54000.00,-9990.57962,9.42038,0.999068,0.536772,0.548533,-2.602491
3006,EURUSD,buy,2024-05-07T01:00:00+00:00,2024-05-08T01:00:00+00:00,1.07687,1.07402,1.07440,1.08086,43.7526,-0.12462,-1.1504,,86400.00,-9990.70424,9.29576,0.999081,0.536593,0.548530,-2.606627
3007,EURUSD,buy,2024-05-10T10:00:00+00:00,2024-05-13T13:00:00+00:00,1.07816,1.08032,1.07568,1.08215,32.3416,0.06969,,,270000.00,-9990.63455,9.38967,0.999071,0.536748,0.548533,-2.599765
3008,EURUSD,buy,2024-05-10T10:00:00+00:00,2024-05-13T14:00:00+00:00,1.07816,1.07931,1.07968,1.08215,10.7805,0.01232,0.7535,,273600.00,-9990.62223,9.37777,0.999073,0.536902,0.548534,-2.600488
3009,EURUSD,sell,2024-05-25T23:00:00+00:00,2024-05-28T00:00:00+00:00,1.08427,1.08715,1.08677,1.08026,43.2314,-0.12410,-1.1507,,176400.00,-9990.74634,9.25366,0.999085,0.536723,0.548531,-2.600257
3010,EURUSD,buy,2024-05-29T12:00:00+00:00,2024-05-29T14:00:00+00:00,1.08494,1.08207,1.08244,1.08895,42.6590,-0.12240,-1.1502,,7200.00,-9990.86874,9.13126,0.999097,0.536545,0.548528,-2.604504
3011,EURUSD,sell,2024-05-31T18:00:00+00:00,2024-06-03T14:00:00+00:00,1.08392,1.08679,1.08642,1.07991,42.1087,-0.12084,-1.1508,,244800.00,-9990.98958,9.10166,0.999100,0.536367,0.548525,-2.604711
3012,EURUSD,buy,2024-06-02T12:00:00+00:00,2024-06-03T14:00:00+00:00,1.08483,1.08699,1.08233,1.08884,31.5742,0.06846,,,93600.00,-9990.92112,9.10166,0.999100,0.536521,0.548528,-2.604711
3013,EURUSD,buy,2024-06-02T12:00:00+00:00,2024-06-03T15:00:00+00:00,1.08483,1.08658,1.08696,1.08884,10.5247,0.01851,0.8238,,97200.00,-9990.90261,9.09739,0.999100,0.536674,0.548529,-2.604904
3014,EURUSD,sell,2024-06-05T04:00:00+00:00,2024-06-07T12:00:00+00:00,1.08772,1.08555,1.09023,1.08370,31.3544,0.06826,,,201600.00,-9990.83435,9.16171,0.999094,0.536828,0.548532,-2.599170
3015,EURUSD,sell,2024-06-05T04:00:00+00:00,2024-06-07T12:00:00+00:00,1.08772,1.08810,1.08772,1.08370,10.4515,-0.00393,,,201600.00,-9990.83829,9.16171,0.999094,0.536650,0.548532,-2.599170
3016,EURUSD,buy,2024-06-12T02:00:00+00:00,2024-06-12T12:00:00+00:00,1.07450,1.07665,1.07203,1.07848,31.9839,0.06869,,,36000.00,-9990.76960,9.26932,0.999083,0.536804,0.548535,-2.592686
3017,EURUSD,buy,2024-06-12T02:00:00+00:00,2024-06-12T12:00:00+00:00,1.07450,1.07815,1.07450,1.07848,10.6613,0.03892,,,36000.00,-9990.73068,9.26932,0.999083,0.536957,0.548536,-2.592686
3018,EURUSD,sell,2024-06-14T03:00:00+00:00,2024-06-14T07:00:00+00:00,1.07369,1.07154,1.07616,1.06971,32.3647,0.06955,,,14400.00,-9990.66113,9.37056,0.999073,0.537111,0.548540,-2.587261
3019,EURUSD,sell,2024-06-14T03:00:00+00:00,2024-06-14T08:00:00+00:00,1.07369,1.07154,1.07117,1.06971,10.7882,0.02316,0.8525,,18000.00,-9990.63797,9.36203,0.999074,0.537264,0.548541,-2.587730
3020,EURUSD,buy,2024-06-15T09:00:00+00:00,2024-06-17T18:00:00+00:00,1.07057,1.07271,1.06811,1.07453,32.8032,0.07019,,,205200.00,-9990.56779,9.46544,0.999064,0.537417,0.548544,-2.582188
3021,EURUSD,buy,2024-06-15T09:00:00+00:00,2024-06-17T19:00:00+00:00,1.07057,1.07265,1.07302,1.07453,10.9344,0.02271,0.8481,,208800.00,-9990.54508,9.45492,0.999065,0.537570,0.548545,-2.582769
3022,EURUSD,buy,2024-06-20T07:00:00+00:00,2024-06-20T20:00:00+00:00,1.07279,1.06995,1.07033,1.07676,44.0801,-0.12509,-1.1504,,46800.00,-9990.67016,9.32984,0.999077,0.537392,0.548542,-2.586593
3023,EURUSD,sell,2024-06-27T02:00:00+00:00,2024-06-27T12:00:00+00:00,1.06860,1.07143,1.07106,1.06464,43.6414,-0.12350,-1.1510,,36000.00,-9990.79366,9.20634,0.999090,0.537215,0.548539,-2.589582
3024,EURUSD,sell,2024-06-29T00:00:00+00:00,2024-06-30T21:00:00+00:00,1.07087,1.07370,1.07333,1.06691,42.9725,-0.12186,-1.1510,,162000.00,-9990.91552,9.08448,0.999102,0.537037,0.548536,-2.592989
3025,EURUSD,buy,2024-07-05T00:00:00+00:00,2024-07-08T12:00:00+00:00,1.08181,1.08398,1.07933,1.08582,31.4999,0.06811,,,302400.00,-9990.84742,9.17942,0.999092,0.537190,0.548539,-2.584702
3026,EURUSD,buy,2024-07-05T00:00:00+00:00,2024-07-08T13:00:00+00:00,1.08181,1.08345,1.08383,1.08582,10.5000,0.01722,0.8139,,306000.00,-9990.83019,9.16981,0.999093,0.537343,0.548540,-2.585214
3027,EURUSD,sell,2024-07-12T20:00:00+00:00,2024-07-16T12:00:00+00:00,1.09021,1.08803,1.09272,1.08618,31.5319,0.06880,,,316800.00,-9990.76139,9.23465,0.999087,0.537496,0.548543,-2.580912
3028,EURUSD,sell,2024-07-12T20:00:00+00:00,2024-07-16T12:00:00+00:00,1.09021,1.09059,1.09021,1.08618,10.5106,-0.00396,,,316800.00,-9990.76535,9.23465,0.999087,0.537318,0.548543,-2.580912
3029,EURUSD,buy,2024-07-16T14:00:00+00:00,2024-07-17T02:00:00+00:00,1.08818,1.09035,1.08567,1.09220,31.8334,0.06923,,,43200.00,-9990.69612,9.32769,0.999078,0.537471,0.548546,-2.575162
3030,EURUSD,buy,2024-07-16T14:00:00+00:00,2024-07-17T03:00:00+00:00,1.08818,1.08970,1.09008,1.09220,10.6111,0.01620,0.8020,,46800.00,-9990.67992,9.32008,0.999078,0.537624,0.548546,-2.575510
3031,EURUSD,sell,2024-07-19T23:00:00+00:00,2024-07-21T22:00:00+00:00,1.08746,1.09034,1.08997,1.08344,42.8395,-0.12333,-1.1507,,169200.00,-9990.80325,9.19675,0.999091,0.537446,0.548543,-2.579297
3032,EURUSD,buy,2024-07-22T00:00:00+00:00,2024-07-23T08:00:00+00:00,1.08971,1.08683,1.08720,1.09374,42.2109,-0.12164,-1.1501,,115200.00,-9990.92489,9.07511,0.999103,0.537269,0.548540,-2.583219
3033,EURUSD,buy,2024-07-25T08:00:00+00:00,2024-07-29T11:00:00+00:00,1.08493,1.08206,1.08243,1.08894,41.8362,-0.12004,-1.1502,,356400.00,-9991.04493,9.05842,0.999104,0.537092,0.548537,-2.583121
3034,EURUSD,sell,2024-07-27T05:00:00+00:00,2024-07-29T11:00:00+00:00,1.08514,1.08297,1.08764,1.08113,31.3520,0.06809,,,194400.00,-9990.97684,9.05842,0.999104,0.537245,0.548540,-2.583121
3035,EURUSD,sell,2024-07-27T05:00:00+00:00,2024-07-29T12:00:00+00:00,1.08514,1.08252,1.08215,1.08113,10.4507,0.02738,0.8749,,198000.00,-9990.94947,9.05053,0.999105,0.537397,0.548542,-2.583440
3036,EURUSD,buy,2024-07-30T11:00:00+00:00,2024-07-30T12:00:00+00:00,1.08274,1.07988,1.08026,1.08675,41.8069,-0.11972,-1.1503,,3600.00,-9991.06919,8.93081,0.999117,0.537220,0.548539,-2.587655
3037,EURUSD,buy,2024-08-04T01:00:00+00:00,2024-08-05T04:00:00+00:00,1.09131,1.09349,1.08880,1.09534,30.6977,0.06695,,,97200.00,-9991.00223,9.01755,0.999108,0.537372,0.548542,-2.583352
3038,EURUSD,buy,2024-08-04T01:00:00+00:00,2024-08-05T05:00:00+00:00,1.09131,1.09238,1.09276,1.09534,10.2326,0.01100,0.7399,,100800.00,-9990.99123,9.00877,0.999109,0.537525,0.548542,-2.583820
3039,EURUSD,sell,2024-08-08T10:00:00+00:00,2024-08-08T12:00:00+00:00,1.09219,1.09001,1.09471,1.08815,30.9220,0.06759,,,7200.00,-9990.92364,9.07247,0.999103,0.537677,0.548545,-2.580121
3040,EURUSD,sell,2024-08-08T10:00:00+00:00,2024-08-08T12:00:00+00:00,1.09219,1.09257,1.09219,1.08815,10.3073,-0.00389,,,7200.00,-9990.92753,9.07247,0.999103,0.537500,0.548545,-2.580121
3041,EURUSD,buy,2024-08-14T09:00:00+00:00,2024-08-15T01:00:00+00:00,1.10289,1.09997,1.10035,1.10697,41.1427,-0.11997,-1.1499,,57600.00,-9991.04750,8.95250,0.999115,0.537323,0.548542,-2.583212
3042,EURUSD,buy,2024-08-16T07:00:00+00:00,2024-08-16T18:00:00+00:00,1.09883,1.10103,1.09630,1.10289,30.5615,0.06712,,,39600.00,-9990.98039,9.05242,0.999105,0.537475,0.548545,-2.577921
3043,EURUSD,buy,2024-08-16T07:00:00+00:00,2024-08-16T19:00:00+00:00,1.09883,1.10142,1.10180,1.10289,10.1872,0.02638,0.8719,,43200.00,-9990.95400,9.04600,0.999105,0.537627,0.548546,-2.578285
3044,EURUSD,sell,2024-08-17T10:00:00+00:00,2024-08-19T05:00:00+00:00,1.10178,1.10470,1.10431,1.09770,41.0394,-0.11968,-1.1504,,154800.00,-9991.07368,9.02068,0.999108,0.537451,0.548543,-2.578765
3045,EURUSD,buy,2024-08-18T17:00:00+00:00,2024-08-19T06:00:00+00:00,1.10244,1.10464,1.09991,1.10652,30.7796,0.06782,,,46800.00,-9991.00586,9.01219,0.999109,0.537603,0.548547,-2.579139
3046,EURUSD,buy,2024-08-18T17:00:00+00:00,2024-08-19T07:00:00+00:00,1.10244,1.10369,1.10407,1.10652,10.2599,0.01281,0.7660,,50400.00,-9990.99306,9.00694,0.999109,0.537754,0.548547,-2.579365
3047,EURUSD,buy,2024-08-19T18:00:00+00:00,2024-08-20T14:00:00+00:00,1.10848,1.11070,1.10593,1.11258,30.4797,0.06753,,,72000.00,-9990.92553,9.10178,0.999100,0.537906,0.548550,-2.573593
3048,EURUSD,buy,2024-08-19T18:00:00+00:00,2024-08-20T15:00:00+00:00,1.10848,1.10958,1.10996,1.11258,10.1599,0.01112,0.7408,,75600.00,-9990.91441,9.08559,0.999101,0.538058,0.548551,-2.574510
3049,EURUSD,sell,2024-08-24T08:00:00+00:00,2024-08-26T12:00:00+00:00,1.11876,1.11653,1.12134,1.11462,30.4450,0.06817,,,187200.00,-9990.84624,9.18059,0.999092,0.538209,0.548554,-2.567408
3050,EURUSD,sell,2024-08-24T08:00:00+00:00,2024-08-26T13:00:00+00:00,1.11876,1.11663,1.11625,1.11462,10.1483,0.02161,0.8469,,190800.00,-9990.82463,9.17537,0.999093,0.538361,0.548555,-2.567712
3051,EURUSD,buy,2024-09-04T15:00:00+00:00,2024-09-05T12:00:00+00:00,1.10842,1.11064,1.10587,1.11252,31.0513,0.06879,,,75600.00,-9990.75584,9.25241,0.999085,0.538512,0.548558,-2.561522
3052,EURUSD,buy,2024-09-04T15:00:00+00:00,2024-09-05T13:00:00+00:00,1.10842,1.10867,1.10905,1.11252,10.3504,0.00253,0.3902,,79200.00,-9990.75331,9.24669,0.999086,0.538663,0.548558,-2.561836
3053,EURUSD,sell,2024-09-07T17:00:00+00:00,2024-09-09T08:00:00+00:00,1.10792,1.10570,1.11047,1.10382,31.2882,0.06938,,,140400.00,-9990.68393,9.34900,0.999075,0.538814,0.548561,-2.556382
3054,EURUSD,sell,2024-09-07T17:00:00+00:00,2024-09-09T09:00:00+00:00,1.10792,1.10629,1.10591,1.10382,10.4294,0.01696,0.8098,,144000.00,-9990.66698,9.33302,0.999077,0.538965,0.548562,-2.557278
3055,EURUSD,sell,2024-09-12T20:00:00+00:00,2024-09-13T09:00:00+00:00,1.10708,1.11001,1.10962,1.10298,42.1390,-0.12346,-1.1503,,46800.00,-9990.79044,9.20956,0.999089,0.538789,0.548559,-2.560054
3056,EURUSD,buy,2024-09-16T00:00:00+00:00,2024-09-16T07:00:00+00:00,1.10928,1.11150,1.10673,1.11339,31.1428,0.06904,,,25200.00,-9990.72140,9.30162,0.999080,0.538940,0.548562,-2.554207
3057,EURUSD,buy,2024-09-16T00:00:00+00:00,2024-09-16T08:00:00+00:00,1.10928,1.11100,1.11138,1.11339,10.3809,0.01779,0.8172,,28800.00,-9990.70360,9.29640,0.999081,0.539091,0.548563,-2.554496
3058,EURUSD,sell,2024-09-17T20:00:00+00:00,2024-09-18T09:00:00+00:00,1.11101,1.11395,1.11356,1.10689,41.8252,-0.12297,-1.1503,,46800.00,-9990.82658,9.17342,0.999093,0.538914,0.548560,-2.558176
3059,EURUSD,buy,2024-09-20T02:00:00+00:00,2024-09-20T14:00:00+00:00,1.11647,1.11352,1.11391,1.12060,41.0944,-0.12128,-1.1496,,43200.00,-9990.94786,9.05214,0.999105,0.538738,0.548557,-2.562166
3060,EURUSD,sell,2024-09-21T03:00:00+00:00,2024-09-23T07:00:00+00:00,1.11593,1.11369,1.11849,1.11179,30.4101,0.06792,,,187200.00,-9990.87994,9.11616,0.999098,0.538889,0.548560,-2.558521
3061,EURUSD,sell,2024-09-21T03:00:00+00:00,2024-09-23T07:00:00+00:00,1.11593,1.11631,1.11593,1.11179,10.1367,-0.00390,,,187200.00,-9990.88384,9.11616,0.999098,0.538713,0.548560,-2.558521
3062,EURUSD,sell,2024-09-25T05:00:00+00:00,2024-09-25T14:00:00+00:00,1.11922,1.11698,1.12180,1.11508,30.5349,0.06840,,,32400.00,-9990.81544,9.18063,0.999092,0.538863,0.548563,-2.555058
3063,EURUSD,sell,2024-09-25T05:00:00+00:00,2024-09-25T14:00:00+00:00,1.11922,1.11961,1.11922,1.11508,10.1783,-0.00393,,,32400.00,-9990.81937,9.18063,0.999092,0.538688,0.548563,-2.555058
3064,EURUSD,sell,2024-10-02T23:00:00+00:00,2024-10-03T14:00:00+00:00,1.10425,1.10204,1.10679,1.10016,31.1678,0.06888,,,54000.00,-9990.75049,9.27599,0.999083,0.538838,0.548566,-2.550130
3065,EURUSD,sell,2024-10-02T23:00:00+00:00,2024-10-03T15:00:00+00:00,1.10425,1.10278,1.10240,1.10016,10.3893,0.01525,0.7940,,57600.00,-9990.73524,9.26476,0.999084,0.538989,0.548566,-2.550713
3066,EURUSD,sell,2024-10-06T17:00:00+00:00,2024-10-08T08:00:00+00:00,1.09706,1.09996,1.09958,1.09300,42.2127,-0.12258,-1.1505,,140400.00,-9990.85782,9.14218,0.999096,0.538813,0.548563,-2.553392
3067,EURUSD,buy,2024-10-10T22:00:00+00:00,2024-10-14T11:00:00+00:00,1.09370,1.09081,1.09118,1.09774,41.8074,-0.12091,-1.1501,,306000.00,-9990.97873,8.90036,0.999120,0.538637,0.548560,-2.561387
3068,EURUSD,buy,2024-10-13T12:00:00+00:00,2024-10-14T11:00:00+00:00,1.09386,1.09097,1.09134,1.09790,41.8012,-0.12091,-1.1500,,82800.00,-9991.09964,8.90036,0.999120,0.538462,0.548557,-2.561387
3069,EURUSD,buy,2024-10-15T21:00:00+00:00,2024-10-16T15:00:00+00:00,1.08952,1.08664,1.08701,1.09355,40.8577,-0.11772,-1.1501,,64800.00,-9991.21736,8.78264,0.999131,0.538286,0.548554,-2.566100
3070,EURUSD,buy,2024-10-17T13:00:00+00:00,2024-10-18T13:00:00+00:00,1.08362,1.08579,1.08113,1.08763,30.4024,0.06584,,,86400.00,-9991.15152,8.86941,0.999123,0.538436,0.548557,-2.560795
3071,EURUSD,buy,2024-10-17T13:00:00+00:00,2024-10-18T14:00:00+00:00,1.08362,1.08511,1.08549,1.08763,10.1341,0.01509,0.7986,,90000.00,-9991.13642,8.85028,0.999125,0.538587,0.548558,-2.561925
3072,EURUSD,buy,2024-10-18T14:00:00+00:00,2024-10-21T14:00:00+00:00,1.08604,1.08316,1.08354,1.09005,40.8193,-0.11724,-1.1502,,259200.00,-9991.25366,8.66198,0.999143,0.538411,0.548555,-2.565570
3073,EURUSD,buy,2024-10-21T06:00:00+00:00,2024-10-21T15:00:00+00:00,1.08555,1.08267,1.08305,1.08956,40.8377,-0.11724,-1.1502,,32400.00,-9991.37090,8.62910,0.999147,0.538236,0.548552,-2.566064
3074,EURUSD,sell,2024-10-26T03:00:00+00:00,2024-10-28T08:00:00+00:00,1.07913,1.08198,1.08161,1.07513,39.9699,-0.11420,-1.1508,,190800.00,-9991.48511,8.60028,0.999149,0.538061,0.548549,-2.565947
3075,EURUSD,buy,2024-10-27T18:00:00+00:00,2024-10-28T12:00:00+00:00,1.07977,1.08193,1.07729,1.08377,29.9774,0.06469,,,64800.00,-9991.42041,8.59733,0.999150,0.538211,0.548552,-2.566081
3076,EURUSD,buy,2024-10-27T18:00:00+00:00,2024-10-28T13:00:00+00:00,1.07977,1.08103,1.08140,1.08377,9.9925,0.01251,0.7698,,68400.00,-9991.40791,8.59209,0.999150,0.538362,0.548553,-2.566315
3077,EURUSD,sell,2024-11-03T22:00:00+00:00,2024-11-04T03:00:00+00:00,1.08773,1.09061,1.09024,1.08371,39.4836,-0.11370,-1.1507,,18000.00,-9991.52160,8.47840,0.999162,0.538187,0.548550,-2.568432
3078,EURUSD,buy,2024-11-11T13:00:00+00:00,2024-11-12T07:00:00+00:00,1.06512,1.06230,1.06267,1.06906,39.8122,-0.11218,-1.1506,,64800.00,-9991.63379,8.36621,0.999173,0.538012,0.548547,-2.569578
3079,EURUSD,sell,2024-11-17T08:00:00+00:00,2024-11-18T09:00:00+00:00,1.05362,1.05641,1.05605,1.04972,39.6902,-0.11077,-1.1513,,90000.00,-9991.74456,8.25544,0.999184,0.537837,0.548545,-2.571000
3080,EURUSD,buy,2024-11-19T11:00:00+00:00,2024-11-19T13:00:00+00:00,1.05651,1.05862,1.05408,1.06041,29.3109,0.06189,,,7200.00,-9991.68267,8.32870,0.999176,0.537987,0.548547,-2.566912
3081,EURUSD,buy,2024-11-19T11:00:00+00:00,2024-11-19T14:00:00+00:00,1.05651,1.05681,1.05718,1.06041,9.7703,0.00299,0.4546,,10800.00,-9991.67968,8.32032,0.999177,0.538137,0.548548,-2.567395
3082,EURUSD,buy,2024-11-21T00:00:00+00:00,2024-11-21T08:00:00+00:00,1.05488,1.05209,1.05245,1.05878,39.4493,-0.11011,-1.1508,,28800.00,-9991.78979,8.21021,0.999188,0.537962,0.548545,-2.570946
3083,EURUSD,sell,2024-11-23T10:00:00+00:00,2024-11-24T22:00:00+00:00,1.04162,1.04438,1.04401,1.03776,39.3991,-0.10873,-1.1516,,129600.00,-9991.89852,8.10148,0.999199,0.537788,0.548542,-2.574874
3084,EURUSD,sell,2024-11-30T03:00:00+00:00,2024-12-01T23:00:00+00:00,1.05716,1.05505,1.05959,1.05325,28.7292,0.06078,,,158400.00,-9991.83773,8.18882,0.999190,0.537938,0.548545,-2.568455
3085,EURUSD,sell,2024-11-30T03:00:00+00:00,2024-12-02T00:00:00+00:00,1.05716,1.05500,1.05463,1.05325,9.5764,0.02075,0.8553,,162000.00,-9991.81698,8.18302,0.999191,0.538088,0.548546,-2.568253
3086,EURUSD,buy,2024-12-04T10:00:00+00:00,2024-12-04T14:00:00+00:00,1.05023,1.04746,1.04782,1.05412,38.9697,-0.10830,-1.1509,,14400.00,-9991.92529,8.07471,0.999201,0.537913,0.548543,-2.572199
3087,EURUSD,buy,2024-12-08T07:00:00+00:00,2024-12-09T03:00:00+00:00,1.05705,1.05425,1.05462,1.06096,38.2061,-0.10686,-1.1507,,72000.00,-9992.03214,7.96786,0.999212,0.537739,0.548540,-2.574886
3088,EURUSD,buy,2024-12-10T08:00:00+00:00,2024-12-10T13:00:00+00:00,1.05409,1.05130,1.05166,1.05799,37.8064,-0.10545,-1.1508,,18000.00,-9992.13759,7.86241,0.999222,0.537565,0.548538,-2.579027
3089,EURUSD,buy,2024-12-12T18:00:00+00:00,2024-12-13T02:00:00+00:00,1.04854,1.04577,1.04613,1.05242,37.5033,-0.10406,-1.1509,,28800.00,-9992.24165,7.75835,0.999233,0.537391,0.548535,-2.584021
3090,EURUSD,sell,2024-12-15T00:00:00+00:00,2024-12-16T02:00:00+00:00,1.04985,1.05264,1.05227,1.04597,36.9385,-0.10273,-1.1514,,93600.00,-9992.34438,7.65562,0.999243,0.537217,0.548533,-2.586933
3091,EURUSD,sell,2024-12-17T01:00:00+00:00,2024-12-17T08:00:00+00:00,1.05182,1.04972,1.05424,1.04793,27.2859,0.05744,,,25200.00,-9992.28694,7.73956,0.999235,0.537367,0.548535,-2.581830
3092,EURUSD,sell,2024-12-17T01:00:00+00:00,2024-12-17T09:00:00+00:00,1.05182,1.04926,1.04890,1.04793,9.0953,0.02328,0.8753,,28800.00,-9992.26366,7.73634,0.999235,0.537516,0.548536,-2.582041
3093,EURUSD,sell,2024-12-20T00:00:00+00:00,2024-12-20T08:00:00+00:00,1.03620,1.03894,1.03858,1.03236,37.3192,-0.10246,-1.1517,,28800.00,-9992.36613,7.63387,0.999245,0.537342,0.548534,-2.585372
3094,EURUSD,sell,2024-12-21T00:00:00+00:00,2024-12-23T10:00:00+00:00,1.04223,1.04014,1.04463,1.03837,27.4589,0.05728,,,208800.00,-9992.30885,7.61983,0.999246,0.537492,0.548536,-2.584881
3095,EURUSD,buy,2024-12-22T09:00:00+00:00,2024-12-23T10:00:00+00:00,1.04285,1.04009,1.04045,1.04671,36.6119,-0.10105,-1.1510,,90000.00,-9992.40990,7.61983,0.999246,0.537318,0.548534,-2.584881
3096,EURUSD,sell,2024-12-21T00:00:00+00:00,2024-12-23T11:00:00+00:00,1.04223,1.04047,1.04011,1.03837,9.1530,0.01607,0.8290,,212400.00,-9992.39383,7.60617,0.999248,0.537468,0.548535,-2.585590
3097,EURUSD,sell,2024-12-26T00:00:00+00:00,2024-12-26T16:00:00+00:00,1.03934,1.04209,1.04173,1.03549,36.5804,-0.10073,-1.1516,,57600.00,-9992.49456,7.50544,0.999258,0.537294,0.548532,-2.588918
3098,EURUSD,buy,2024-12-27T04:00:00+00:00,2024-12-27T11:00:00+00:00,1.04121,1.04329,1.03882,1.04506,27.0395,0.05627,,,25200.00,-9992.43829,7.58557,0.999250,0.537444,0.548535,-2.583966
3099,EURUSD,buy,2024-12-27T04:00:00+00:00,2024-12-27T12:00:00+00:00,1.04121,1.04245,1.04281,1.04506,9.0132,0.01113,0.7729,,28800.00,-9992.42716,7.57284,0.999251,0.537593,0.548535,-2.584796
3100,EURUSD,buy,2024-12-29T20:00:00+00:00,2024-12-30T11:00:00+00:00,1.04256,1.04465,1.04017,1.04642,27.2469,0.05677,,,54000.00,-9992.37039,7.64984,0.999243,0.537742,0.548538,-2.579427
3101,EURUSD,buy,2024-12-29T20:00:00+00:00,2024-12-30T12:00:00+00:00,1.04256,1.04354,1.04390,1.04642,9.0823,0.00885,0.7284,,57600.00,-9992.36154,7.63846,0.999245,0.537891,0.548538,-2.580142
3102,EURUSD,buy,2024-12-31T12:00:00+00:00,2024-12-31T15:00:00+00:00,1.03958,1.03683,1.03719,1.04343,36.7491,-0.10111,-1.1511,,10800.00,-9992.46266,7.53734,0.999255,0.537718,0.548536,-2.584269
3103,EURUSD,buy,2025-01-06T01:00:00+00:00,2025-01-06T08:00:00+00:00,1.03154,1.03360,1.02917,1.03535,27.4091,0.05651,,,25200.00,-9992.40615,7.62547,0.999246,0.537867,0.548538,-2.577809
3104,EURUSD,buy,2025-01-06T01:00:00+00:00,2025-01-06T09:00:00+00:00,1.03154,1.03365,1.03401,1.03535,9.1364,0.01928,0.8542,,28800.00,-9992.38687,7.61313,0.999247,0.538015,0.548539,-2.578625
3105,EURUSD,buy,2025-01-10T12:00:00+00:00,2025-01-10T13:00:00+00:00,1.03086,1.02813,1.02849,1.03467,36.9372,-0.10079,-1.1513,,3600.00,-9992.48766,7.51234,0.999257,0.537842,0.548537,-2.582144
3106,EURUSD,sell,2025-01-12T01:00:00+00:00,2025-01-13T03:00:00+00:00,1.02369,1.02164,1.02605,1.01990,27.5110,0.05636,,,93600.00,-9992.43130,7.56543,0.999252,0.537991,0.548539,-2.578352
3107,EURUSD,sell,2025-01-12T01:00:00+00:00,2025-01-13T03:00:00+00:00,1.02369,1.02405,1.02369,1.01990,9.1703,-0.00327,,,93600.00,-9992.43457,7.56543,0.999252,0.537818,0.548539,-2.578352
3108,EURUSD,sell,2025-01-13T08:00:00+00:00,2025-01-13T09:00:00+00:00,1.02184,1.01980,1.02419,1.01806,27.7556,0.05676,,,3600.00,-9992.37781,7.61889,0.999247,0.537967,0.548542,-2.574630
3109,EURUSD,sell,2025-01-13T08:00:00+00:00,2025-01-13T09:00:00+00:00,1.02184,1.02220,1.02184,1.01806,9.2519,-0.00330,,,3600.00,-9992.38111,7.61889,0.999247,0.537794,0.548542,-2.574630
3110,EURUSD,buy,2025-01-18T02:00:00+00:00,2025-01-20T03:00:00+00:00,1.02741,1.02946,1.02505,1.03121,27.8170,0.05712,,,176400.00,-9992.32399,7.70579,0.999238,0.537942,0.548544,-2.569688
3111,EURUSD,buy,2025-01-18T02:00:00+00:00,2025-01-20T04:00:00+00:00,1.02741,1.02982,1.03018,1.03121,9.2723,0.02237,0.8705,,180000.00,-9992.30162,7.69838,0.999239,0.538091,0.548545,-2.570111
3112,EURUSD,sell,2025-01-21T18:00:00+00:00,2025-01-21T23:00:00+00:00,1.04258,1.04049,1.04498,1.03872,27.6817,0.05776,,,18000.00,-9992.24386,7.75280,0.999233,0.538239,0.548548,-2.566907
3113,EURUSD,sell,2025-01-21T18:00:00+00:00,2025-01-21T23:00:00+00:00,1.04258,1.04294,1.04258,1.03872,9.2272,-0.00335,,,18000.00,-9992.24720,7.75280,0.999233,0.538066,0.548548,-2.566907
3114,EURUSD,sell,2025-01-23T22:00:00+00:00,2025-01-24T02:00:00+00:00,1.04132,1.04408,1.04371,1.03746,37.2147,-0.10267,-1.1516,,14400.00,-9992.34987,7.65013,0.999243,0.537893,0.548545,-2.570313
3115,EURUSD,buy,2025-02-05T05:00:00+00:00,2025-02-05T07:00:00+00:00,1.03808,1.04016,1.03569,1.04192,27.6439,0.05735,,,7200.00,-9992.29252,7.72746,0.999236,0.538042,0.548548,-2.563477
3116,EURUSD,buy,2025-02-05T05:00:00+00:00,2025-02-05T08:00:00+00:00,1.03808,1.03863,1.03899,1.04192,9.2146,0.00504,0.6020,,10800.00,-9992.28748,7.71252,0.999237,0.538190,0.548548,-2.564412
3117,EURUSD,buy,2025-02-10T17:00:00+00:00,2025-02-11T15:00:00+00:00,1.03154,1.03360,1.02917,1.03535,28.0461,0.05782,,,79200.00,-9992.22966,7.79316,0.999229,0.538338,0.548551,-2.558401
3118,EURUSD,buy,2025-02-10T17:00:00+00:00,2025-02-11T16:00:00+00:00,1.03154,1.03352,1.03388,1.03535,9.3487,0.01851,0.8461,,82800.00,-9992.21114,7.78886,0.999230,0.538486,0.548551,-2.558703
3119,EURUSD,sell,2025-02-16T06:00:00+00:00,2025-02-18T01:00:00+00:00,1.04882,1.04672,1.05123,1.04493,27.8404,0.05844,,,154800.00,-9992.15270,7.82503,0.999226,0.538634,0.548554,-2.554533
3120,EURUSD,sell,2025-02-16T06:00:00+00:00,2025-02-18T02:00:00+00:00,1.04882,1.04741,1.04705,1.04493,9.2801,0.01300,0.7937,,158400.00,-9992.13970,7.82259,0.999226,0.538782,0.548555,-2.554653
3121,EURUSD,buy,2025-02-17T08:00:00+00:00,2025-02-18T05:00:00+00:00,1.04774,1.04497,1.04534,1.05162,37.1808,-0.10309,-1.1509,,75600.00,-9992.24279,7.75721,0.999233,0.538609,0.548552,-2.557505
3122,EURUSD,sell,2025-02-21T15:00:00+00:00,2025-02-23T22:00:00+00:00,1.04508,1.04785,1.04748,1.04121,37.1020,-0.10272,-1.1515,,198000.00,-9992.34551,7.65449,0.999243,0.538437,0.548550,-2.561124
3123,EURUSD,sell,2025-02-24T07:00:00+00:00,2025-02-24T12:00:00+00:00,1.04878,1.04668,1.05119,1.04489,27.3612,0.05743,,,18000.00,-9992.28808,7.72929,0.999236,0.538585,0.548552,-2.556662
3124,EURUSD,sell,2025-02-24T07:00:00+00:00,2025-02-24T13:00:00+00:00,1.04878,1.04760,1.04724,1.04489,9.1204,0.01068,0.7628,,21600.00,-9992.27740,7.72260,0.999236,0.538732,0.548553,-2.557081
3125,EURUSD,buy,2025-03-01T14:00:00+00:00,2025-03-02T22:00:00+00:00,1.03778,1.03986,1.03540,1.04162,27.9138,0.05790,,,115200.00,-9992.21951,7.80412,0.999228,0.538880,0.548555,-2.551070
3126,EURUSD,buy,2025-03-01T14:00:00+00:00,2025-03-02T23:00:00+00:00,1.03778,1.03961,1.03997,1.04162,9.3046,0.01700,0.8346,,118800.00,-9992.20251,7.79749,0.999229,0.539028,0.548556,-2.551500
3127,EURUSD,sell,2025-03-05T08:00:00+00:00,2025-03-05T09:00:00+00:00,1.06945,1.07228,1.07191,1.06549,36.4447,-0.10321,-1.1510,,3600.00,-9992.30572,7.69428,0.999239,0.538855,0.548553,-2.555206
3128,EURUSD,sell,2025-03-14T15:00:00+00:00,2025-03-17T04:00:00+00:00,1.08682,1.08970,1.08932,1.08280,35.3874,-0.10182,-1.1507,,219600.00,-9992.40754,7.59966,0.999248,0.538683,0.548551,-2.557310
3129,EURUSD,buy,2025-03-15T21:00:00+00:00,2025-03-17T10:00:00+00:00,1.08798,1.09015,1.08547,1.09200,26.5283,0.05768,,,133200.00,-9992.34986,7.67467,0.999241,0.538830,0.548553,-2.553709
3130,EURUSD,buy,2025-03-15T21:00:00+00:00,2025-03-17T11:00:00+00:00,1.08798,1.08925,1.08963,1.09200,8.8428,0.01129,0.7721,,136800.00,-9992.33857,7.66143,0.999242,0.538978,0.548554,-2.554412
3131,EURUSD,buy,2025-03-18T16:00:00+00:00,2025-03-19T07:00:00+00:00,1.09418,1.09128,1.09166,1.09823,35.0205,-0.10133,-1.1500,,54000.00,-9992.43989,7.56011,0.999252,0.538805,0.548551,-2.557979
3132,EURUSD,buy,2025-03-22T04:00:00+00:00,2025-03-24T06:00:00+00:00,1.08153,1.08370,1.07905,1.08553,26.2210,0.05668,,,180000.00,-9992.38321,7.62656,0.999246,0.538953,0.548554,-2.553190
3133,EURUSD,buy,2025-03-22T04:00:00+00:00,2025-03-24T07:00:00+00:00,1.08153,1.08292,1.08329,1.08553,8.7403,0.01207,0.7864,,183600.00,-9992.37115,7.62340,0.999246,0.539100,0.548555,-2.553345
3134,EURUSD,sell,2025-03-24T06:00:00+00:00,2025-03-24T13:00:00+00:00,1.08363,1.08147,1.08613,1.07962,26.3506,0.05715,,,25200.00,-9992.31400,7.71839,0.999237,0.539247,0.548557,-2.547973
3135,EURUSD,sell,2025-03-24T06:00:00+00:00,2025-03-24T13:00:00+00:00,1.08363,1.07995,1.08363,1.07962,8.7835,0.03238,,,25200.00,-9992.28161,7.71839,0.999237,0.539394,0.548559,-2.547973
3136,EURUSD,buy,2025-03-27T17:00:00+00:00,2025-03-28T10:00:00+00:00,1.07927,1.07642,1.07679,1.08327,35.7680,-0.10210,-1.1503,,61200.00,-9992.38372,7.61628,0.999247,0.539222,0.548556,-2.550238
3137,EURUSD,sell,2025-03-29T06:00:00+00:00,2025-03-31T01:00:00+00:00,1.08205,1.08491,1.08453,1.07804,35.1834,-0.10079,-1.1508,,154800.00,-9992.48451,7.53467,0.999255,0.539050,0.548554,-2.553498
3138,EURUSD,buy,2025-03-30T17:00:00+00:00,2025-03-31T12:00:00+00:00,1.08269,1.07983,1.08021,1.08670,35.1834,-0.10075,-1.1503,,68400.00,-9992.58526,7.41474,0.999267,0.538878,0.548551,-2.557236
3139,EURUSD,buy,2025-04-03T23:00:00+00:00,2025-04-04T02:00:00+00:00,1.10483,1.10704,1.10229,1.10892,25.1745,0.05559,,,10800.00,-9992.52967,7.48274,0.999260,0.539025,0.548554,-2.555550
3140,EURUSD,buy,2025-04-03T23:00:00+00:00,2025-04-04T03:00:00+00:00,1.10483,1.10566,1.10604,1.10892,8.3915,0.00694,0.6841,,14400.00,-9992.52273,7.47727,0.999261,0.539172,0.548554,-2.555856
3141,EURUSD,sell,2025-04-05T04:00:00+00:00,2025-04-06T21:00:00+00:00,1.09540,1.09321,1.09792,1.09135,25.5900,0.05610,,,147600.00,-9992.46663,7.56516,0.999252,0.539319,0.548556,-2.550054
3142,EURUSD,sell,2025-04-05T04:00:00+00:00,2025-04-06T21:00:00+00:00,1.09540,1.09167,1.09540,1.09135,8.5300,0.03179,,,147600.00,-9992.43484,7.56516,0.999252,0.539465,0.548558,-2.550054
