symbol,side,entry_time,exit_time,entry_price,exit_price,stop,target,size,pnl,confluence
EURUSD,buy,2007-01-01T19:00:00+00:00,2007-01-02T00:00:00+00:00,1.31980,1.32243,1.31676,1.32468,28422.0100,74.97075,
EURUSD,buy,2007-01-01T19:00:00+00:00,2007-01-02T01:00:00+00:00,1.31980,1.32181,1.32226,1.32468,9474.0033,19.11396,
EURUSD,sell,2007-01-08T00:00:00+00:00,2007-01-08T07:00:00+00:00,1.29891,1.30234,1.30190,1.29410,38844.3189,-133.19618,
EURUSD,buy,2007-01-06T02:00:00+00:00,2007-01-08T14:00:00+00:00,1.30034,1.29691,1.29735,1.30515,38824.8960,-133.13348,
EURUSD,buy,2007-01-09T00:00:00+00:00,2007-01-09T11:00:00+00:00,1.30487,1.30143,1.30187,1.30970,37669.2439,-129.61423,
EURUSD,buy,2007-01-15T21:00:00+00:00,2007-01-16T07:00:00+00:00,1.29384,1.29642,1.29086,1.29862,28117.0730,72.70769,
EURUSD,buy,2007-01-15T21:00:00+00:00,2007-01-16T08:00:00+00:00,1.29384,1.29475,1.29519,1.29862,9372.3577,8.56093,
EURUSD,buy,2007-01-17T16:00:00+00:00,2007-01-18T12:00:00+00:00,1.29494,1.29152,1.29196,1.29973,37771.4628,-128.99099,
EURUSD,sell,2007-01-18T21:00:00+00:00,2007-01-19T02:00:00+00:00,1.29554,1.29896,1.29852,1.29075,37233.5637,-127.34663,
EURUSD,buy,2007-01-22T18:00:00+00:00,2007-01-23T08:00:00+00:00,1.29464,1.29723,1.29166,1.29943,27592.4430,71.39518,
EURUSD,buy,2007-01-22T18:00:00+00:00,2007-01-23T09:00:00+00:00,1.29464,1.29650,1.29694,1.29943,9197.4810,17.13176,
EURUSD,sell,2007-01-24T18:00:00+00:00,2007-01-25T07:00:00+00:00,1.29517,1.29859,1.29815,1.29038,37094.3791,-126.83489,
EURUSD,buy,2007-01-27T01:00:00+00:00,2007-01-29T17:00:00+00:00,1.29193,1.29451,1.28896,1.29671,27539.1118,71.10799,
EURUSD,buy,2007-01-27T01:00:00+00:00,2007-01-29T18:00:00+00:00,1.29193,1.29412,1.29456,1.29671,9179.7039,20.14197,
EURUSD,sell,2007-01-30T05:00:00+00:00,2007-01-31T15:00:00+00:00,1.29534,1.29876,1.29832,1.29055,36952.1961,-126.36507,
EURUSD,buy,2007-02-01T16:00:00+00:00,2007-02-02T13:00:00+00:00,1.30237,1.30497,1.29938,1.30719,27217.1484,70.84473,
EURUSD,buy,2007-02-01T16:00:00+00:00,2007-02-02T13:00:00+00:00,1.30237,1.30193,1.30237,1.30719,9072.3828,-3.99816,
EURUSD,buy,2007-02-05T22:00:00+00:00,2007-02-06T16:00:00+00:00,1.29324,1.29582,1.29026,1.29802,27603.2466,71.34588,
EURUSD,buy,2007-02-05T22:00:00+00:00,2007-02-06T17:00:00+00:00,1.29324,1.29527,1.29571,1.29802,9201.0822,18.70991,
EURUSD,buy,2007-02-08T11:00:00+00:00,2007-02-08T14:00:00+00:00,1.29927,1.30187,1.29628,1.30408,27735.1000,72.02103,
EURUSD,buy,2007-02-08T11:00:00+00:00,2007-02-08T15:00:00+00:00,1.29927,1.30072,1.30116,1.30408,9245.0333,13.40533,
EURUSD,sell,2007-02-11T08:00:00+00:00,2007-02-12T07:00:00+00:00,1.30008,1.30351,1.30307,1.29527,37263.3643,-127.88851,
EURUSD,buy,2007-02-20T12:00:00+00:00,2007-02-22T07:00:00+00:00,1.31417,1.31071,1.31115,1.31904,36399.1268,-126.12387,
EURUSD,buy,2007-02-24T12:00:00+00:00,2007-02-26T03:00:00+00:00,1.31666,1.31930,1.31364,1.32154,26888.3808,70.75713,
EURUSD,buy,2007-02-24T12:00:00+00:00,2007-02-26T04:00:00+00:00,1.31666,1.31805,1.31850,1.32154,8962.7936,12.45455,
EURUSD,buy,2007-02-28T08:00:00+00:00,2007-02-28T16:00:00+00:00,1.32018,1.32281,1.31714,1.32506,27053.3065,71.38098,
EURUSD,buy,2007-02-28T08:00:00+00:00,2007-02-28T17:00:00+00:00,1.32018,1.32090,1.32135,1.32506,9017.7688,6.56201,
EURUSD,buy,2007-03-01T14:00:00+00:00,2007-03-01T15:00:00+00:00,1.32141,1.31792,1.31837,1.32629,36332.5022,-126.57584,
EURUSD,buy,2007-03-06T15:00:00+00:00,2007-03-07T13:00:00+00:00,1.31096,1.31358,1.30795,1.31581,27104.2674,71.01637,
EURUSD,buy,2007-03-06T15:00:00+00:00,2007-03-07T14:00:00+00:00,1.31096,1.31261,1.31305,1.31581,9034.7558,14.84346,
EURUSD,sell,2007-03-09T00:00:00+00:00,2007-03-09T13:00:00+00:00,1.31357,1.31094,1.31659,1.30870,27279.3799,71.71599,
EURUSD,sell,2007-03-09T00:00:00+00:00,2007-03-09T13:00:00+00:00,1.31357,1.31401,1.31357,1.30870,9093.1266,-4.03812,
EURUSD,buy,2007-03-10T04:00:00+00:00,2007-03-12T09:00:00+00:00,1.31165,1.31427,1.30864,1.31651,27529.0988,72.16746,
EURUSD,buy,2007-03-10T04:00:00+00:00,2007-03-12T09:00:00+00:00,1.31165,1.31611,1.31165,1.31651,9176.3663,40.89641,
EURUSD,buy,2007-03-11T13:00:00+00:00,2007-03-12T09:00:00+00:00,1.31165,1.31427,1.30864,1.31651,27529.0988,72.16746,
EURUSD,buy,2007-03-11T13:00:00+00:00,2007-03-12T09:00:00+00:00,1.31165,1.31611,1.31165,1.31651,9176.3663,40.89641,
EURUSD,sell,2007-03-21T01:00:00+00:00,2007-03-21T18:00:00+00:00,1.33109,1.33460,1.33415,1.32616,36996.9333,-129.95868,
EURUSD,buy,2007-03-22T16:00:00+00:00,2007-03-23T09:00:00+00:00,1.33324,1.32973,1.33017,1.33817,36471.9346,-128.18314,
EURUSD,buy,2007-03-24T11:00:00+00:00,2007-03-26T07:00:00+00:00,1.32852,1.32502,1.32546,1.33343,36118.9784,-126.49950,
EURUSD,sell,2007-04-07T06:00:00+00:00,2007-04-09T16:00:00+00:00,1.33795,1.33527,1.34103,1.33300,26527.7245,71.03445,
EURUSD,sell,2007-04-07T06:00:00+00:00,2007-04-09T17:00:00+00:00,1.33795,1.33585,1.33540,1.33300,8842.5748,18.55048,
EURUSD,buy,2007-04-11T01:00:00+00:00,2007-04-12T01:00:00+00:00,1.34270,1.34539,1.33962,1.34767,26699.9356,71.65069,
EURUSD,buy,2007-04-11T01:00:00+00:00,2007-04-12T02:00:00+00:00,1.34270,1.34455,1.34500,1.34767,8899.9785,16.41000,
EURUSD,buy,2007-04-13T04:00:00+00:00,2007-04-13T10:00:00+00:00,1.35111,1.35381,1.34800,1.35610,26778.3751,72.31089,
EURUSD,buy,2007-04-13T04:00:00+00:00,2007-04-13T11:00:00+00:00,1.35111,1.35309,1.35355,1.35610,8926.1250,17.75174,
EURUSD,buy,2007-04-15T16:00:00+00:00,2007-04-15T21:00:00+00:00,1.35274,1.35544,1.34963,1.35774,26995.8413,72.98610,
EURUSD,buy,2007-04-15T16:00:00+00:00,2007-04-15T21:00:00+00:00,1.35274,1.35228,1.35274,1.35774,8998.6138,-4.10162,
EURUSD,sell,2007-04-20T05:00:00+00:00,2007-04-23T06:00:00+00:00,1.36079,1.35807,1.36392,1.35576,27009.6994,73.55988,
EURUSD,sell,2007-04-20T05:00:00+00:00,2007-04-23T07:00:00+00:00,1.36079,1.35896,1.35850,1.35576,9003.2331,16.51260,
EURUSD,sell,2007-04-21T20:00:00+00:00,2007-04-23T11:00:00+00:00,1.35812,1.35540,1.36125,1.35310,27062.7832,73.55988,
EURUSD,sell,2007-04-21T20:00:00+00:00,2007-04-23T12:00:00+00:00,1.35812,1.35661,1.35615,1.35310,9020.9277,13.67195,
EURUSD,buy,2007-04-25T18:00:00+00:00,2007-04-26T09:00:00+00:00,1.36456,1.36096,1.36142,1.36961,36584.9250,-131.55780,
EURUSD,buy,2007-04-29T06:00:00+00:00,2007-04-29T21:00:00+00:00,1.36582,1.36222,1.36268,1.37087,36069.4124,-129.82217,
EURUSD,buy,2007-04-30T12:00:00+00:00,2007-04-30T15:00:00+00:00,1.36272,1.36544,1.35959,1.36776,26756.2590,72.87221,
EURUSD,buy,2007-04-30T12:00:00+00:00,2007-04-30T15:00:00+00:00,1.36272,1.36735,1.36272,1.36776,8918.7530,41.29578,
EURUSD,buy,2007-05-01T12:00:00+00:00,2007-05-01T14:00:00+00:00,1.36591,1.36231,1.36277,1.37096,36009.7147,-129.61573,
EURUSD,buy,2007-05-02T14:00:00+00:00,2007-05-03T14:00:00+00:00,1.35981,1.35622,1.35668,1.36484,35694.5614,-127.91536,
EURUSD,sell,2007-05-04T15:00:00+00:00,2007-05-07T10:00:00+00:00,1.35814,1.36173,1.36127,1.35312,35246.1153,-126.28895,
EURUSD,sell,2007-05-08T09:00:00+00:00,2007-05-08T14:00:00+00:00,1.35690,1.35419,1.36002,1.35188,26109.8231,70.90589,
EURUSD,sell,2007-05-08T09:00:00+00:00,2007-05-08T14:00:00+00:00,1.35690,1.35229,1.35690,1.35188,8703.2744,40.17852,
EURUSD,sell,2007-05-13T20:00:00+00:00,2007-05-14T03:00:00+00:00,1.35165,1.35522,1.35476,1.34665,35359.0723,-126.09690,
EURUSD,sell,2007-05-18T18:00:00+00:00,2007-05-21T10:00:00+00:00,1.34999,1.34729,1.35310,1.34500,26201.7381,70.79325,
EURUSD,sell,2007-05-18T18:00:00+00:00,2007-05-21T10:00:00+00:00,1.34999,1.34540,1.34999,1.34500,8733.9127,40.11469,
EURUSD,buy,2007-05-23T10:00:00+00:00,2007-05-23T11:00:00+00:00,1.34593,1.34862,1.34284,1.35091,26605.6735,71.56954,
EURUSD,buy,2007-05-23T10:00:00+00:00,2007-05-23T11:00:00+00:00,1.34593,1.34548,1.34593,1.35091,8868.5578,-4.02424,
EURUSD,buy,2007-05-25T11:00:00+00:00,2007-05-25T14:00:00+00:00,1.34395,1.34664,1.34086,1.34892,26833.4091,72.07593,
EURUSD,buy,2007-05-25T11:00:00+00:00,2007-05-25T15:00:00+00:00,1.34395,1.34424,1.34469,1.34892,8944.4697,2.53614,
EURUSD,buy,2007-05-28T08:00:00+00:00,2007-05-29T02:00:00+00:00,1.34561,1.34207,1.34252,1.35059,36011.0536,-127.72126,
EURUSD,sell,2007-05-27T05:00:00+00:00,2007-05-29T08:00:00+00:00,1.34457,1.34811,1.34766,1.33959,36017.4795,-127.78080,
EURUSD,buy,2007-05-30T01:00:00+00:00,2007-05-30T10:00:00+00:00,1.34522,1.34168,1.34213,1.35020,35071.5479,-124.35354,
EURUSD,sell,2007-06-02T01:00:00+00:00,2007-06-04T09:00:00+00:00,1.34366,1.34720,1.34675,1.33868,34628.7750,-122.77208,
EURUSD,sell,2007-06-07T01:00:00+00:00,2007-06-07T10:00:00+00:00,1.34935,1.34664,1.35245,1.34435,25520.9989,68.92081,
EURUSD,sell,2007-06-07T01:00:00+00:00,2007-06-07T11:00:00+00:00,1.34935,1.34864,1.34819,1.34435,8506.9996,5.96003,
EURUSD,sell,2007-06-08T12:00:00+00:00,2007-06-08T20:00:00+00:00,1.33391,1.33743,1.33698,1.32897,34702.3519,-122.15303,
EURUSD,buy,2007-06-09T17:00:00+00:00,2007-06-11T06:00:00+00:00,1.33724,1.33372,1.33417,1.34219,34179.8046,-120.48268,
EURUSD,buy,2007-06-13T13:00:00+00:00,2007-06-15T02:00:00+00:00,1.32937,1.33203,1.32631,1.33429,25446.6899,67.60940,
EURUSD,buy,2007-06-13T13:00:00+00:00,2007-06-15T03:00:00+00:00,1.32937,1.33145,1.33190,1.33429,8482.2300,17.65792,
EURUSD,buy,2007-06-18T14:00:00+00:00,2007-06-19T05:00:00+00:00,1.33982,1.34250,1.33674,1.34478,25486.8823,68.24865,
EURUSD,buy,2007-06-18T14:00:00+00:00,2007-06-19T06:00:00+00:00,1.33982,1.34167,1.34212,1.34478,8495.6274,15.67913,
EURUSD,sell,2007-06-22T06:00:00+00:00,2007-06-22T11:00:00+00:00,1.34077,1.34431,1.34385,1.33581,34251.0585,-121.17551,
EURUSD,buy,2007-07-02T05:00:00+00:00,2007-07-02T08:00:00+00:00,1.35413,1.35683,1.35101,1.35913,25114.4704,67.96940,
EURUSD,buy,2007-07-02T05:00:00+00:00,2007-07-02T09:00:00+00:00,1.35413,1.35627,1.35673,1.35913,8371.4901,17.97258,
EURUSD,sell,2007-07-03T07:00:00+00:00,2007-07-04T06:00:00+00:00,1.35959,1.36318,1.36272,1.35456,33647.2974,-120.68717,
EURUSD,sell,2007-07-08T11:00:00+00:00,2007-07-10T08:00:00+00:00,1.36185,1.36544,1.36498,1.35681,33148.5096,-119.09293,
EURUSD,sell,2007-07-10T01:00:00+00:00,2007-07-10T08:00:00+00:00,1.36131,1.36490,1.36444,1.35627,33161.6549,-119.09358,
EURUSD,buy,2007-07-12T19:00:00+00:00,2007-07-18T00:00:00+00:00,1.37835,1.38111,1.37518,1.38345,23930.2633,65.92321,
EURUSD,buy,2007-07-15T02:00:00+00:00,2007-07-18T00:00:00+00:00,1.37884,1.38160,1.37567,1.38394,23921.7567,65.92321,
EURUSD,buy,2007-07-12T19:00:00+00:00,2007-07-18T01:00:00+00:00,1.37835,1.37984,1.38030,1.38345,7976.7544,11.82588,
EURUSD,buy,2007-07-15T02:00:00+00:00,2007-07-18T01:00:00+00:00,1.37884,1.37984,1.38030,1.38394,7973.9189,7.91329,
EURUSD,sell,2007-07-20T15:00:00+00:00,2007-07-23T09:00:00+00:00,1.38249,1.37972,1.38567,1.37737,24255.4871,67.11199,
EURUSD,sell,2007-07-20T15:00:00+00:00,2007-07-23T10:00:00+00:00,1.38249,1.38202,1.38156,1.37737,8085.1624,3.72441,
EURUSD,sell,2007-07-27T07:00:00+00:00,2007-07-27T08:00:00+00:00,1.36985,1.36711,1.37300,1.36478,24673.0909,67.64347,
EURUSD,sell,2007-07-27T07:00:00+00:00,2007-07-27T08:00:00+00:00,1.36985,1.37031,1.36985,1.36478,8224.3636,-3.79118,
EURUSD,buy,2007-07-30T14:00:00+00:00,2007-07-30T22:00:00+00:00,1.36869,1.37143,1.36554,1.37375,24883.7925,68.06943,
EURUSD,buy,2007-07-30T14:00:00+00:00,2007-07-30T23:00:00+00:00,1.36869,1.37005,1.37051,1.37375,8294.5975,11.26720,
EURUSD,sell,2007-08-01T15:00:00+00:00,2007-08-03T00:00:00+00:00,1.36759,1.37120,1.37074,1.36253,33475.1540,-120.76616,
EURUSD,buy,2007-08-03T16:00:00+00:00,2007-08-05T21:00:00+00:00,1.37861,1.38137,1.37544,1.38371,24591.9568,67.75883,
EURUSD,buy,2007-08-03T16:00:00+00:00,2007-08-05T21:00:00+00:00,1.37861,1.37815,1.37861,1.38371,8197.3189,-3.80002,
EURUSD,buy,2007-08-06T01:00:00+00:00,2007-08-06T16:00:00+00:00,1.38113,1.37750,1.37796,1.38624,32961.0449,-119.94618,
EURUSD,sell,2007-08-08T18:00:00+00:00,2007-08-09T07:00:00+00:00,1.37914,1.37638,1.38231,1.37403,24415.7024,67.39164,
EURUSD,sell,2007-08-08T18:00:00+00:00,2007-08-09T08:00:00+00:00,1.37914,1.37886,1.37840,1.37403,8138.5675,2.21857,
EURUSD,buy,2007-08-10T15:00:00+00:00,2007-08-13T07:00:00+00:00,1.36881,1.36520,1.36566,1.37387,33073.8775,-119.29761,
EURUSD,buy,2007-08-15T16:00:00+00:00,2007-08-15T20:00:00+00:00,1.34695,1.34340,1.34386,1.35194,33167.5808,-117.75178,
EURUSD,buy,2007-08-19T09:00:00+00:00,2007-08-20T06:00:00+00:00,1.34754,1.35024,1.34445,1.35253,24537.0083,66.08379,
EURUSD,buy,2007-08-19T09:00:00+00:00,2007-08-20T07:00:00+00:00,1.34754,1.34819,1.34864,1.35253,8179.0028,5.24504,
EURUSD,sell,2007-08-21T21:00:00+00:00,2007-08-22T06:00:00+00:00,1.34575,1.34930,1.34884,1.34077,33005.0078,-117.19460,
EURUSD,sell,2007-08-24T01:00:00+00:00,2007-08-24T08:00:00+00:00,1.35617,1.35975,1.35929,1.35115,32319.3016,-115.63642,
EURUSD,buy,2007-08-27T02:00:00+00:00,2007-08-27T13:00:00+00:00,1.36734,1.36374,1.36420,1.37240,31651.6106,-114.04654,
EURUSD,sell,2007-08-30T08:00:00+00:00,2007-08-30T10:00:00+00:00,1.36298,1.36025,1.36612,1.35794,23486.6601,64.06793,
EURUSD,sell,2007-08-30T08:00:00+00:00,2007-08-30T11:00:00+00:00,1.36298,1.36207,1.36161,1.35794,7828.8867,7.14374,
EURUSD,sell,2007-09-02T10:00:00+00:00,2007-09-04T08:00:00+00:00,1.36243,1.35970,1.36557,1.35739,23692.0851,64.60223,
EURUSD,sell,2007-09-02T10:00:00+00:00,2007-09-04T09:00:00+00:00,1.36243,1.36085,1.36039,1.35739,7897.3617,12.50165,
EURUSD,buy,2007-09-07T02:00:00+00:00,2007-09-07T12:00:00+00:00,1.36705,1.36978,1.36391,1.37211,23837.7779,65.12991,
EURUSD,buy,2007-09-07T02:00:00+00:00,2007-09-07T12:00:00+00:00,1.36705,1.37169,1.36705,1.37211,7945.9260,36.90832,
EURUSD,sell,2007-09-09T07:00:00+00:00,2007-09-10T07:00:00+00:00,1.37606,1.37969,1.37922,1.37096,31927.3739,-115.88560,
EURUSD,buy,2007-09-08T05:00:00+00:00,2007-09-10T09:00:00+00:00,1.37688,1.37963,1.37372,1.38198,23945.5304,65.89490,
EURUSD,buy,2007-09-08T05:00:00+00:00,2007-09-10T10:00:00+00:00,1.37688,1.37762,1.37808,1.38198,7981.8435,5.85588,
EURUSD,sell,2007-09-10T09:00:00+00:00,2007-09-11T10:00:00+00:00,1.37852,1.38215,1.38169,1.37341,31689.1494,-115.22366,
EURUSD,sell,2007-09-12T11:00:00+00:00,2007-09-12T16:00:00+00:00,1.38799,1.39165,1.39119,1.38286,31078.9175,-113.77103,
EURUSD,sell,2007-09-15T21:00:00+00:00,2007-09-18T06:00:00+00:00,1.38683,1.38406,1.39002,1.38170,23021.1343,63.89705,
EURUSD,sell,2007-09-15T21:00:00+00:00,2007-09-18T07:00:00+00:00,1.38683,1.38604,1.38557,1.38170,7673.7114,6.12469,
EURUSD,buy,2007-09-18T17:00:00+00:00,2007-09-18T18:00:00+00:00,1.38898,1.39175,1.38578,1.39411,23188.5191,64.37219,
EURUSD,buy,2007-09-18T17:00:00+00:00,2007-09-18T18:00:00+00:00,1.38898,1.38851,1.38898,1.39411,7729.5064,-3.60719,
EURUSD,buy,2007-09-19T19:00:00+00:00,2007-09-20T06:00:00+00:00,1.39638,1.39917,1.39317,1.40154,23228.8309,64.82774,
EURUSD,buy,2007-09-19T19:00:00+00:00,2007-09-20T06:00:00+00:00,1.39638,1.40112,1.39638,1.40154,7742.9436,36.73708,
EURUSD,buy,2007-09-26T14:00:00+00:00,2007-09-27T06:00:00+00:00,1.41258,1.41541,1.40934,1.41781,23232.0607,65.58918,
EURUSD,buy,2007-09-26T14:00:00+00:00,2007-09-27T07:00:00+00:00,1.41258,1.41267,1.41314,1.41781,7744.0202,0.63830,
EURUSD,buy,2007-09-30T04:00:00+00:00,2007-10-01T07:00:00+00:00,1.42740,1.42364,1.42412,1.43268,30886.6479,-116.11066,
EURUSD,buy,2007-10-01T16:00:00+00:00,2007-10-02T06:00:00+00:00,1.42303,1.41928,1.41975,1.42829,30573.4336,-114.58591,
EURUSD,sell,2007-10-03T00:00:00+00:00,2007-10-03T07:00:00+00:00,1.41484,1.41857,1.41809,1.40960,30327.1746,-113.13674,
EURUSD,buy,2007-10-04T04:00:00+00:00,2007-10-04T09:00:00+00:00,1.40950,1.41232,1.40626,1.41472,22544.0465,63.50795,
EURUSD,buy,2007-10-04T04:00:00+00:00,2007-10-04T10:00:00+00:00,1.40950,1.41032,1.41079,1.41472,7514.6822,6.11736,
EURUSD,sell,2007-10-09T08:00:00+00:00,2007-10-09T14:00:00+00:00,1.40321,1.40691,1.40644,1.39802,30423.4591,-112.57578,
EURUSD,buy,2007-10-14T09:00:00+00:00,2007-10-15T07:00:00+00:00,1.41746,1.42029,1.41420,1.42270,22303.9038,63.18595,
EURUSD,buy,2007-10-14T09:00:00+00:00,2007-10-15T07:00:00+00:00,1.41746,1.41698,1.41746,1.42270,7434.6346,-3.53310,
EURUSD,sell,2007-10-18T07:00:00+00:00,2007-10-18T12:00:00+00:00,1.42390,1.42766,1.42718,1.41863,29795.5286,-111.85622,
EURUSD,sell,2007-10-19T16:00:00+00:00,2007-10-19T18:00:00+00:00,1.42587,1.42963,1.42915,1.42059,29362.2549,-110.38008,
EURUSD,buy,2007-10-20T21:00:00+00:00,2007-10-21T23:00:00+00:00,1.43031,1.43317,1.42702,1.43560,21677.0728,61.96705,
EURUSD,buy,2007-10-20T21:00:00+00:00,2007-10-22T00:00:00+00:00,1.43031,1.43237,1.43285,1.43560,7225.6909,14.89357,
EURUSD,buy,2007-10-24T22:00:00+00:00,2007-10-25T10:00:00+00:00,1.42641,1.42926,1.42313,1.43168,21938.4845,62.54328,
EURUSD,buy,2007-10-24T22:00:00+00:00,2007-10-25T11:00:00+00:00,1.42641,1.42913,1.42961,1.43168,7312.8282,19.91530,
EURUSD,buy,2007-10-26T17:00:00+00:00,2007-10-28T21:00:00+00:00,1.43868,1.44156,1.43537,1.44400,21966.3201,63.16148,
EURUSD,buy,2007-10-26T17:00:00+00:00,2007-10-28T22:00:00+00:00,1.43868,1.43993,1.44041,1.44400,7322.1067,9.12640,
EURUSD,sell,2007-11-01T00:00:00+00:00,2007-11-01T08:00:00+00:00,1.44652,1.44362,1.44984,1.44116,22021.5898,63.75313,
EURUSD,sell,2007-11-01T00:00:00+00:00,2007-11-01T09:00:00+00:00,1.44652,1.44416,1.44368,1.44116,7340.5299,17.27077,
EURUSD,buy,2007-11-02T15:00:00+00:00,2007-11-02T16:00:00+00:00,1.44844,1.45134,1.44511,1.45380,22215.3017,64.31087,
EURUSD,buy,2007-11-02T15:00:00+00:00,2007-11-02T16:00:00+00:00,1.44844,1.44796,1.44844,1.45380,7405.1006,-3.58791,
EURUSD,buy,2007-11-04T20:00:00+00:00,2007-11-05T08:00:00+00:00,1.45020,1.44639,1.44687,1.45557,29793.8663,-113.76839,
EURUSD,sell,2007-11-09T01:00:00+00:00,2007-11-09T08:00:00+00:00,1.47095,1.46800,1.47433,1.46550,21727.1143,63.96305,
EURUSD,sell,2007-11-09T01:00:00+00:00,2007-11-09T09:00:00+00:00,1.47095,1.47098,1.47049,1.46550,7242.3714,-0.23595,
EURUSD,buy,2007-11-11T15:00:00+00:00,2007-11-11T22:00:00+00:00,1.46769,1.46383,1.46432,1.47312,29268.3912,-113.09174,
EURUSD,sell,2007-11-13T18:00:00+00:00,2007-11-14T00:00:00+00:00,1.45933,1.46318,1.46269,1.45393,29031.0038,-111.66174,
EURUSD,buy,2007-11-17T20:00:00+00:00,2007-11-19T08:00:00+00:00,1.46628,1.46242,1.46291,1.47170,28529.9075,-110.13370,
EURUSD,sell,2007-11-22T22:00:00+00:00,2007-11-23T01:00:00+00:00,1.48392,1.48783,1.48734,1.47843,27802.7791,-108.71631,
EURUSD,sell,2007-11-23T22:00:00+00:00,2007-11-26T07:00:00+00:00,1.48313,1.48704,1.48655,1.47765,27451.1854,-107.28508,
EURUSD,sell,2007-11-25T18:00:00+00:00,2007-11-26T07:00:00+00:00,1.48313,1.48704,1.48655,1.47765,27451.1854,-107.28508,
EURUSD,buy,2007-11-30T11:00:00+00:00,2007-11-30T15:00:00+00:00,1.47650,1.47262,1.47311,1.48196,26864.2052,-104.41728,
EURUSD,buy,2007-12-01T22:00:00+00:00,2007-12-03T05:00:00+00:00,1.46357,1.46649,1.46020,1.46898,20058.5862,58.67375,
EURUSD,buy,2007-12-01T22:00:00+00:00,2007-12-03T06:00:00+00:00,1.46357,1.46560,1.46609,1.46898,6686.1954,13.58133,
EURUSD,buy,2007-12-09T03:00:00+00:00,2007-12-10T12:00:00+00:00,1.46578,1.46871,1.46241,1.47120,20213.2446,59.21545,
EURUSD,buy,2007-12-09T03:00:00+00:00,2007-12-10T12:00:00+00:00,1.46578,1.47076,1.46578,1.47120,6737.7482,33.55666,
EURUSD,sell,2007-12-13T17:00:00+00:00,2007-12-14T05:00:00+00:00,1.46062,1.46447,1.46398,1.45522,27347.4247,-105.27795,
EURUSD,buy,2007-12-16T21:00:00+00:00,2007-12-16T22:00:00+00:00,1.44325,1.43945,1.43993,1.44859,27328.3144,-103.85993,
EURUSD,sell,2007-12-20T20:00:00+00:00,2007-12-21T02:00:00+00:00,1.43155,1.43532,1.43484,1.42625,27172.5436,-102.54978,
EURUSD,sell,2007-12-28T06:00:00+00:00,2007-12-28T07:00:00+00:00,1.46191,1.46576,1.46527,1.45650,26257.5922,-101.17057,
EURUSD,buy,2007-12-31T10:00:00+00:00,2007-12-31T14:00:00+00:00,1.47187,1.46800,1.46849,1.47732,25751.7770,-99.78350,
EURUSD,buy,2008-01-03T10:00:00+00:00,2008-01-03T13:00:00+00:00,1.47663,1.47275,1.47324,1.48209,25330.7634,-98.46557,
EURUSD,sell,2008-01-11T15:00:00+00:00,2008-01-14T06:00:00+00:00,1.47858,1.48247,1.48198,1.47310,24949.4204,-97.21178,
EURUSD,buy,2008-01-16T22:00:00+00:00,2008-01-17T08:00:00+00:00,1.46582,1.46196,1.46245,1.47124,24849.9590,-95.89832,
EURUSD,sell,2008-01-22T01:00:00+00:00,2008-01-22T07:00:00+00:00,1.44369,1.44080,1.44701,1.43834,18662.8230,53.92373,
EURUSD,sell,2008-01-22T01:00:00+00:00,2008-01-22T07:00:00+00:00,1.44369,1.44417,1.44369,1.43834,6220.9410,-3.00547,
EURUSD,sell,2008-01-23T16:00:00+00:00,2008-01-23T20:00:00+00:00,1.45680,1.46064,1.46015,1.45141,24834.4354,-95.35711,
EURUSD,buy,2008-01-24T16:00:00+00:00,2008-01-24T19:00:00+00:00,1.47394,1.47689,1.47055,1.47939,18177.6113,53.54853,
EURUSD,buy,2008-01-24T16:00:00+00:00,2008-01-24T20:00:00+00:00,1.47394,1.47450,1.47499,1.47939,6059.2038,3.36569,
EURUSD,buy,2008-01-26T15:00:00+00:00,2008-01-28T09:00:00+00:00,1.46851,1.47145,1.46513,1.47394,18390.2257,53.97522,
EURUSD,buy,2008-01-26T15:00:00+00:00,2008-01-28T10:00:00+00:00,1.46851,1.46861,1.46910,1.47394,6130.0752,0.60604,
EURUSD,buy,2008-01-30T03:00:00+00:00,2008-01-30T10:00:00+00:00,1.47689,1.47984,1.47350,1.48236,18424.4765,54.38442,
EURUSD,buy,2008-01-30T03:00:00+00:00,2008-01-30T11:00:00+00:00,1.47689,1.47892,1.47941,1.48236,6141.4922,12.42582,
EURUSD,buy,2008-02-03T02:00:00+00:00,2008-02-04T07:00:00+00:00,1.48039,1.48335,1.47699,1.48587,18550.1921,54.88530,
EURUSD,buy,2008-02-03T02:00:00+00:00,2008-02-04T08:00:00+00:00,1.48039,1.48082,1.48131,1.48587,6183.3974,2.60715,
EURUSD,sell,2008-02-05T00:00:00+00:00,2008-02-05T08:00:00+00:00,1.48114,1.47817,1.48454,1.47565,18675.3016,55.35949,
EURUSD,sell,2008-02-05T00:00:00+00:00,2008-02-05T09:00:00+00:00,1.48114,1.47706,1.47657,1.47565,6225.1005,25.35197,
EURUSD,buy,2008-02-12T20:00:00+00:00,2008-02-13T07:00:00+00:00,1.45844,1.45460,1.45508,1.46383,25579.9007,-98.22452,
EURUSD,sell,2008-02-16T16:00:00+00:00,2008-02-18T08:00:00+00:00,1.46758,1.46464,1.47096,1.46215,18803.0677,55.22809,
EURUSD,buy,2008-02-17T19:00:00+00:00,2008-02-18T08:00:00+00:00,1.46846,1.46459,1.46508,1.47389,25070.7569,-96.92245,
EURUSD,sell,2008-02-16T16:00:00+00:00,2008-02-18T09:00:00+00:00,1.46758,1.46518,1.46469,1.46215,6267.6892,15.04353,
EURUSD,buy,2008-02-20T02:00:00+00:00,2008-02-20T07:00:00+00:00,1.47288,1.46900,1.46950,1.47833,24905.0002,-96.56778,
EURUSD,sell,2008-02-21T03:00:00+00:00,2008-02-21T09:00:00+00:00,1.47163,1.47551,1.47501,1.46618,24583.2600,-95.34077,
EURUSD,sell,2008-02-23T00:00:00+00:00,2008-02-26T07:00:00+00:00,1.48191,1.47894,1.48531,1.47642,18068.3926,53.58825,
EURUSD,sell,2008-02-23T00:00:00+00:00,2008-02-26T07:00:00+00:00,1.48191,1.48240,1.48191,1.47642,6022.7975,-2.97879,
EURUSD,sell,2008-02-24T03:00:00+00:00,2008-02-26T07:00:00+00:00,1.48191,1.47894,1.48531,1.47642,18068.3926,53.58825,
EURUSD,sell,2008-02-24T03:00:00+00:00,2008-02-26T07:00:00+00:00,1.48191,1.48240,1.48191,1.47642,6022.7975,-2.97879,
EURUSD,sell,2008-02-27T12:00:00+00:00,2008-02-27T14:00:00+00:00,1.50423,1.50819,1.50769,1.49866,24070.0151,-95.39154,
EURUSD,sell,2008-03-01T15:00:00+00:00,2008-03-02T22:00:00+00:00,1.51716,1.52116,1.52066,1.51155,23550.5018,-94.12518,
EURUSD,buy,2008-03-04T01:00:00+00:00,2008-03-04T15:00:00+00:00,1.51976,1.52279,1.51626,1.52538,17411.0216,52.88450,
EURUSD,buy,2008-03-04T01:00:00+00:00,2008-03-04T16:00:00+00:00,1.51976,1.52002,1.52053,1.52538,5803.6739,1.55577,
EURUSD,sell,2008-03-06T02:00:00+00:00,2008-03-06T06:00:00+00:00,1.52659,1.53061,1.53010,1.52094,23275.1305,-93.59538,
EURUSD,sell,2008-03-12T19:00:00+00:00,2008-03-13T03:00:00+00:00,1.55502,1.55912,1.55860,1.54927,22548.7217,-92.34203,
EURUSD,buy,2008-03-15T02:00:00+00:00,2008-03-16T21:00:00+00:00,1.56863,1.57177,1.56502,1.57443,16554.0830,51.89865,
EURUSD,buy,2008-03-15T02:00:00+00:00,2008-03-16T21:00:00+00:00,1.56863,1.56811,1.56863,1.57443,5518.0277,-2.87254,
EURUSD,sell,2008-03-18T17:00:00+00:00,2008-03-18T18:00:00+00:00,1.57946,1.57629,1.58309,1.57361,16547.1247,52.30699,
EURUSD,sell,2008-03-18T17:00:00+00:00,2008-03-18T18:00:00+00:00,1.57946,1.57998,1.57946,1.57361,5515.7082,-2.88941,
EURUSD,sell,2008-03-22T00:00:00+00:00,2008-03-24T01:00:00+00:00,1.54259,1.53950,1.54614,1.53688,17062.7099,52.67777,
EURUSD,sell,2008-03-22T00:00:00+00:00,2008-03-24T01:00:00+00:00,1.54259,1.53734,1.54259,1.53688,5687.5700,29.84963,
EURUSD,sell,2008-03-23T12:00:00+00:00,2008-03-24T01:00:00+00:00,1.54259,1.53950,1.54614,1.53688,17062.7099,52.67777,
EURUSD,sell,2008-03-23T12:00:00+00:00,2008-03-24T01:00:00+00:00,1.54259,1.53734,1.54259,1.53688,5687.5700,29.84963,
EURUSD,buy,2008-03-25T09:00:00+00:00,2008-03-25T11:00:00+00:00,1.55537,1.55848,1.55179,1.56112,17330.7415,53.87412,
EURUSD,buy,2008-03-25T09:00:00+00:00,2008-03-25T12:00:00+00:00,1.55537,1.55687,1.55739,1.56112,5776.9138,8.70193,
EURUSD,buy,2008-03-30T19:00:00+00:00,2008-03-31T14:00:00+00:00,1.58000,1.58316,1.57637,1.58585,17209.0623,54.34326,
EURUSD,buy,2008-03-30T19:00:00+00:00,2008-03-31T14:00:00+00:00,1.58000,1.58537,1.58000,1.58585,5736.3541,30.79565,
EURUSD,sell,2008-04-02T03:00:00+00:00,2008-04-02T05:00:00+00:00,1.55932,1.55620,1.56291,1.55355,17631.5409,55.02445,
EURUSD,sell,2008-04-02T03:00:00+00:00,2008-04-02T05:00:00+00:00,1.55932,1.55402,1.55932,1.55355,5877.1803,31.17937,
EURUSD,buy,2008-04-03T19:00:00+00:00,2008-04-04T07:00:00+00:00,1.56652,1.56965,1.56292,1.57231,17767.4822,55.62783,
EURUSD,buy,2008-04-03T19:00:00+00:00,2008-04-04T07:00:00+00:00,1.56652,1.56600,1.56652,1.57231,5922.4941,-3.07935,
EURUSD,buy,2008-04-06T11:00:00+00:00,2008-04-07T01:00:00+00:00,1.57313,1.56899,1.56951,1.57895,23757.4744,-98.30742,
EURUSD,sell,2008-04-08T16:00:00+00:00,2008-04-09T06:00:00+00:00,1.56983,1.57396,1.57344,1.56402,23480.1583,-97.06080,
EURUSD,buy,2008-04-11T01:00:00+00:00,2008-04-11T06:00:00+00:00,1.57582,1.57897,1.57220,1.58165,17322.6213,54.55710,
EURUSD,buy,2008-04-11T01:00:00+00:00,2008-04-11T06:00:00+00:00,1.57582,1.58118,1.57582,1.58165,5774.2071,30.91683,
EURUSD,buy,2008-04-12T04:00:00+00:00,2008-04-13T21:00:00+00:00,1.57939,1.57524,1.57576,1.58524,23315.2777,-96.85702,
EURUSD,sell,2008-04-14T16:00:00+00:00,2008-04-14T21:00:00+00:00,1.58087,1.58503,1.58450,1.57501,22973.3474,-95.62536,
EURUSD,sell,2008-04-18T22:00:00+00:00,2008-04-21T04:00:00+00:00,1.58073,1.58489,1.58436,1.57488,22672.9992,-94.36692,
EURUSD,buy,2008-04-23T03:00:00+00:00,2008-04-23T06:00:00+00:00,1.59935,1.59514,1.59567,1.60527,22127.3223,-93.06946,
EURUSD,buy,2008-04-26T11:00:00+00:00,2008-04-27T22:00:00+00:00,1.56339,1.55928,1.55979,1.56917,22338.5487,-91.87039,
EURUSD,sell,2008-04-28T16:00:00+00:00,2008-04-29T06:00:00+00:00,1.56336,1.56023,1.56696,1.55757,16523.8609,51.70117,
EURUSD,sell,2008-04-28T16:00:00+00:00,2008-04-29T07:00:00+00:00,1.56336,1.56107,1.56055,1.55757,5507.9536,12.62793,
EURUSD,sell,2008-05-02T04:00:00+00:00,2008-05-02T09:00:00+00:00,1.54594,1.55001,1.54949,1.54021,22488.1389,-91.56232,
EURUSD,buy,2008-05-04T06:00:00+00:00,2008-05-05T02:00:00+00:00,1.54273,1.54582,1.53919,1.54844,16688.6374,51.45669,
EURUSD,buy,2008-05-04T06:00:00+00:00,2008-05-05T03:00:00+00:00,1.54273,1.54546,1.54597,1.54844,5562.8791,15.15074,
EURUSD,buy,2008-05-09T05:00:00+00:00,2008-05-09T07:00:00+00:00,1.54401,1.54710,1.54046,1.54972,16836.6186,51.95605,
EURUSD,buy,2008-05-09T05:00:00+00:00,2008-05-09T07:00:00+00:00,1.54401,1.54350,1.54401,1.54972,5612.2062,-2.88012,
EURUSD,buy,2008-05-15T01:00:00+00:00,2008-05-15T04:00:00+00:00,1.54597,1.54906,1.54242,1.55169,16934.3436,52.32398,
EURUSD,buy,2008-05-15T01:00:00+00:00,2008-05-15T05:00:00+00:00,1.54597,1.54665,1.54716,1.55169,5644.7812,3.79450,
EURUSD,sell,2008-05-19T17:00:00+00:00,2008-05-20T00:00:00+00:00,1.55006,1.55415,1.55363,1.54433,22686.9881,-92.61562,
EURUSD,buy,2008-05-23T16:00:00+00:00,2008-05-23T20:00:00+00:00,1.57927,1.57512,1.57564,1.58512,21987.4446,-91.33404,
EURUSD,buy,2008-05-27T04:00:00+00:00,2008-05-27T06:00:00+00:00,1.57945,1.57530,1.57582,1.58530,21695.7196,-90.13239,
EURUSD,buy,2008-05-29T17:00:00+00:00,2008-05-30T02:00:00+00:00,1.54909,1.55219,1.54553,1.55482,16372.4286,50.68989,
EURUSD,buy,2008-05-29T17:00:00+00:00,2008-05-30T03:00:00+00:00,1.54909,1.55049,1.55101,1.55482,5457.4762,7.64114,
EURUSD,buy,2008-05-30T17:00:00+00:00,2008-06-02T05:00:00+00:00,1.55607,1.55197,1.55249,1.56182,21919.5812,-89.73025,
EURUSD,buy,2008-06-02T18:00:00+00:00,2008-06-03T07:00:00+00:00,1.55445,1.55755,1.55087,1.56020,16240.2907,50.45449,
EURUSD,buy,2008-06-02T18:00:00+00:00,2008-06-03T08:00:00+00:00,1.55445,1.55671,1.55723,1.56020,5413.4302,12.27036,
EURUSD,sell,2008-06-05T21:00:00+00:00,2008-06-06T05:00:00+00:00,1.55751,1.56161,1.56110,1.55175,21799.4285,-89.41467,
EURUSD,buy,2008-06-10T17:00:00+00:00,2008-06-11T06:00:00+00:00,1.54581,1.54890,1.54226,1.55153,16266.2181,50.25439,
EURUSD,buy,2008-06-10T17:00:00+00:00,2008-06-11T06:00:00+00:00,1.54581,1.55107,1.54581,1.55153,5422.0727,28.47855,
EURUSD,buy,2008-06-14T11:00:00+00:00,2008-06-16T05:00:00+00:00,1.53819,1.54127,1.53465,1.54388,16538.8259,50.84466,
EURUSD,buy,2008-06-14T11:00:00+00:00,2008-06-16T06:00:00+00:00,1.53819,1.53843,1.53894,1.54388,5512.9420,1.30664,
EURUSD,sell,2008-06-16T05:00:00+00:00,2008-06-16T06:00:00+00:00,1.53910,1.53602,1.54264,1.53340,16643.0124,51.26582,
EURUSD,sell,2008-06-16T05:00:00+00:00,2008-06-16T06:00:00+00:00,1.53910,1.53961,1.53910,1.53340,5547.6708,-2.83899,
EURUSD,buy,2008-06-17T20:00:00+00:00,2008-06-18T05:00:00+00:00,1.55129,1.54720,1.54772,1.55702,22189.9096,-90.56116,
EURUSD,buy,2008-06-18T20:00:00+00:00,2008-06-19T00:00:00+00:00,1.55370,1.55680,1.55012,1.55944,16397.9658,50.91976,
EURUSD,buy,2008-06-18T20:00:00+00:00,2008-06-19T01:00:00+00:00,1.55370,1.55429,1.55481,1.55944,5465.9886,3.26649,
EURUSD,sell,2008-06-21T23:00:00+00:00,2008-06-23T07:00:00+00:00,1.56057,1.55745,1.56416,1.55480,16446.0941,51.36605,
EURUSD,sell,2008-06-21T23:00:00+00:00,2008-06-23T07:00:00+00:00,1.56057,1.55526,1.56057,1.55480,5482.0314,29.10635,
EURUSD,sell,2008-06-23T09:00:00+00:00,2008-06-23T12:00:00+00:00,1.55154,1.54844,1.55511,1.54580,16736.2209,51.96982,
EURUSD,sell,2008-06-23T09:00:00+00:00,2008-06-23T12:00:00+00:00,1.55154,1.55206,1.55154,1.54580,5578.7403,-2.87572,
EURUSD,sell,2008-06-27T19:00:00+00:00,2008-06-30T07:00:00+00:00,1.57813,1.58228,1.58176,1.57229,22094.5861,-91.81012,
EURUSD,sell,2008-07-01T23:00:00+00:00,2008-07-02T05:00:00+00:00,1.57825,1.58240,1.58188,1.57241,21802.1327,-90.60169,
EURUSD,sell,2008-07-05T11:00:00+00:00,2008-07-07T00:00:00+00:00,1.56994,1.56680,1.57355,1.56413,16221.7770,50.96955,
EURUSD,sell,2008-07-05T11:00:00+00:00,2008-07-07T01:00:00+00:00,1.56994,1.56726,1.56674,1.56413,5407.2590,14.48518,
EURUSD,sell,2008-07-08T12:00:00+00:00,2008-07-08T15:00:00+00:00,1.56771,1.56457,1.57132,1.56191,16401.3673,51.46065,
EURUSD,sell,2008-07-08T12:00:00+00:00,2008-07-08T15:00:00+00:00,1.56771,1.56823,1.56771,1.56191,5467.1224,-2.84470,
EURUSD,sell,2008-07-13T04:00:00+00:00,2008-07-13T23:00:00+00:00,1.59395,1.59076,1.59762,1.58805,16245.6840,51.82542,
EURUSD,sell,2008-07-13T04:00:00+00:00,2008-07-14T00:00:00+00:00,1.59395,1.59082,1.59029,1.58805,5415.2280,16.97441,
EURUSD,sell,2008-07-15T08:00:00+00:00,2008-07-15T09:00:00+00:00,1.59674,1.60094,1.60041,1.59083,21838.4487,-91.80328,
EURUSD,sell,2008-07-18T17:00:00+00:00,2008-07-21T07:00:00+00:00,1.58387,1.58804,1.58752,1.57801,21726.1279,-90.60394,
EURUSD,sell,2008-07-19T23:00:00+00:00,2008-07-21T08:00:00+00:00,1.58416,1.58834,1.58781,1.57830,21722.1518,-90.60374,
EURUSD,buy,2008-07-23T15:00:00+00:00,2008-07-23T18:00:00+00:00,1.57109,1.56696,1.56748,1.57690,21339.1860,-88.18749,
EURUSD,sell,2008-07-25T17:00:00+00:00,2008-07-28T03:00:00+00:00,1.56837,1.57250,1.57198,1.56256,21082.3378,-87.06880,
EURUSD,buy,2008-07-26T19:00:00+00:00,2008-07-28T10:00:00+00:00,1.57131,1.57445,1.56770,1.57712,15791.6218,49.59287,
EURUSD,buy,2008-07-26T19:00:00+00:00,2008-07-28T11:00:00+00:00,1.57131,1.57378,1.57430,1.57712,5263.8739,12.98320,
EURUSD,sell,2008-07-29T10:00:00+00:00,2008-07-29T12:00:00+00:00,1.57240,1.56925,1.57602,1.56658,15712.8456,49.44780,
EURUSD,sell,2008-07-29T10:00:00+00:00,2008-07-29T13:00:00+00:00,1.57240,1.57014,1.56962,1.56658,5237.6152,11.82254,
EURUSD,buy,2008-08-07T17:00:00+00:00,2008-08-08T00:00:00+00:00,1.53285,1.52882,1.52933,1.53852,21703.8110,-87.53754,
EURUSD,buy,2008-08-12T18:00:00+00:00,2008-08-12T23:00:00+00:00,1.49184,1.48791,1.48841,1.49736,22006.9970,-86.41497,
EURUSD,sell,2008-08-19T22:00:00+00:00,2008-08-19T23:00:00+00:00,1.47683,1.48072,1.48022,1.47136,21924.8617,-85.32725,
EURUSD,buy,2008-08-24T13:00:00+00:00,2008-08-25T00:00:00+00:00,1.47887,1.47498,1.47547,1.48434,21619.0852,-84.16344,
EURUSD,sell,2008-08-27T05:00:00+00:00,2008-08-27T07:00:00+00:00,1.46893,1.47280,1.47231,1.46349,21465.9936,-83.10041,
EURUSD,sell,2008-08-28T18:00:00+00:00,2008-08-29T01:00:00+00:00,1.46962,1.47349,1.47300,1.46418,21173.2752,-82.00522,
EURUSD,buy,2008-09-01T11:00:00+00:00,2008-09-01T14:00:00+00:00,1.46241,1.45856,1.45905,1.46782,21009.9789,-80.89325,
EURUSD,buy,2008-09-04T06:00:00+00:00,2008-09-04T10:00:00+00:00,1.45109,1.44726,1.44775,1.45645,20895.1109,-79.83614,
EURUSD,sell,2008-09-06T05:00:00+00:00,2008-09-07T21:00:00+00:00,1.42552,1.42928,1.42880,1.42025,20977.1113,-78.83913,
EURUSD,buy,2008-09-08T14:00:00+00:00,2008-09-08T15:00:00+00:00,1.42081,1.41706,1.41754,1.42606,20781.8445,-77.76817,
EURUSD,sell,2008-09-11T18:00:00+00:00,2008-09-11T20:00:00+00:00,1.39437,1.39805,1.39758,1.38921,20884.3449,-76.79812,
EURUSD,sell,2008-09-16T15:00:00+00:00,2008-09-16T18:00:00+00:00,1.41441,1.41157,1.41766,1.40917,15237.8474,43.13474,
EURUSD,sell,2008-09-16T15:00:00+00:00,2008-09-16T18:00:00+00:00,1.41441,1.41488,1.41441,1.40917,5079.2825,-2.40929,
EURUSD,sell,2008-09-17T16:00:00+00:00,2008-09-17T17:00:00+00:00,1.41648,1.42022,1.41974,1.41124,20431.0168,-76.30640,
EURUSD,buy,2008-09-20T08:00:00+00:00,2008-09-21T22:00:00+00:00,1.44686,1.44305,1.44354,1.45222,19750.2679,-75.24526,
EURUSD,sell,2008-09-22T07:00:00+00:00,2008-09-22T08:00:00+00:00,1.45524,1.45908,1.45859,1.44986,19366.3125,-74.28252,
EURUSD,sell,2008-09-26T10:00:00+00:00,2008-09-26T11:00:00+00:00,1.45837,1.46222,1.46173,1.45297,19070.1607,-73.30181,
EURUSD,sell,2008-09-29T08:00:00+00:00,2008-09-29T09:00:00+00:00,1.43485,1.43198,1.43815,1.42954,14345.5800,41.19591,
EURUSD,sell,2008-09-29T08:00:00+00:00,2008-09-29T09:00:00+00:00,1.43485,1.43533,1.43485,1.42954,4781.8600,-2.29754,
EURUSD,sell,2008-10-03T02:00:00+00:00,2008-10-03T04:00:00+00:00,1.38298,1.38663,1.38617,1.37787,19985.3433,-72.90024,
EURUSD,sell,2008-10-05T23:00:00+00:00,2008-10-06T00:00:00+00:00,1.36449,1.36176,1.36763,1.35944,14991.8800,40.94079,
EURUSD,sell,2008-10-05T23:00:00+00:00,2008-10-06T00:00:00+00:00,1.36449,1.36495,1.36449,1.35944,4997.2933,-2.29557,
EURUSD,sell,2008-10-09T11:00:00+00:00,2008-10-09T12:00:00+00:00,1.36843,1.37204,1.37158,1.36336,20072.7980,-72.45919,
EURUSD,sell,2008-10-10T17:00:00+00:00,2008-10-10T18:00:00+00:00,1.33678,1.33410,1.33985,1.33183,15207.8364,40.68709,
EURUSD,sell,2008-10-10T17:00:00+00:00,2008-10-10T18:00:00+00:00,1.33678,1.33723,1.33678,1.33183,5069.2788,-2.28649,
EURUSD,sell,2008-10-12T02:00:00+00:00,2008-10-12T21:00:00+00:00,1.33828,1.34181,1.34136,1.33333,20397.8217,-72.03259,
EURUSD,sell,2008-10-18T00:00:00+00:00,2008-10-19T23:00:00+00:00,1.33998,1.34351,1.34306,1.33502,20103.2491,-71.08121,
EURUSD,buy,2008-10-22T18:00:00+00:00,2008-10-22T19:00:00+00:00,1.28681,1.28341,1.28385,1.29157,20670.2219,-70.15277,
EURUSD,buy,2008-10-26T18:00:00+00:00,2008-10-26T21:00:00+00:00,1.26238,1.25905,1.25948,1.26705,20792.2528,-69.24710,
EURUSD,buy,2008-10-30T16:00:00+00:00,2008-10-30T17:00:00+00:00,1.28972,1.29229,1.28675,1.29449,15062.2344,38.82523,
EURUSD,buy,2008-10-30T16:00:00+00:00,2008-10-30T17:00:00+00:00,1.28972,1.28928,1.28972,1.29449,5020.7448,-2.19356,
EURUSD,sell,2008-11-03T20:00:00+00:00,2008-11-03T22:00:00+00:00,1.26372,1.26119,1.26663,1.25904,15471.5287,39.13037,
EURUSD,sell,2008-11-03T20:00:00+00:00,2008-11-03T22:00:00+00:00,1.26372,1.26415,1.26372,1.25904,5157.1762,-2.21311,
EURUSD,buy,2008-11-06T07:00:00+00:00,2008-11-06T08:00:00+00:00,1.28679,1.28936,1.28383,1.29155,15310.9446,39.37664,
EURUSD,buy,2008-11-06T07:00:00+00:00,2008-11-06T08:00:00+00:00,1.28679,1.28635,1.28679,1.29155,5103.6482,-2.22530,
EURUSD,sell,2008-11-07T07:00:00+00:00,2008-11-07T08:00:00+00:00,1.27682,1.28019,1.27975,1.27209,20707.0850,-69.81396,
EURUSD,buy,2008-11-10T23:00:00+00:00,2008-11-11T00:00:00+00:00,1.27488,1.27152,1.27195,1.27960,20477.0648,-68.86274,
EURUSD,buy,2008-11-14T08:00:00+00:00,2008-11-14T09:00:00+00:00,1.26968,1.26633,1.26676,1.27438,20289.6915,-67.95836,
EURUSD,buy,2008-11-19T16:00:00+00:00,2008-11-19T17:00:00+00:00,1.25968,1.25635,1.25678,1.26434,20180.9844,-67.06967,
EURUSD,sell,2008-11-21T23:00:00+00:00,2008-11-23T23:00:00+00:00,1.25817,1.26150,1.26107,1.25352,19926.5546,-66.21594,
EURUSD,sell,2008-11-24T04:00:00+00:00,2008-11-24T06:00:00+00:00,1.26392,1.26726,1.26683,1.25924,19574.0612,-65.33731,
EURUSD,sell,2008-12-02T09:00:00+00:00,2008-12-02T10:00:00+00:00,1.26272,1.26606,1.26563,1.25805,19334.0187,-64.47572,
EURUSD,buy,2008-12-06T15:00:00+00:00,2008-12-08T00:00:00+00:00,1.27205,1.27459,1.26913,1.27676,14212.6615,36.13353,
EURUSD,buy,2008-12-06T15:00:00+00:00,2008-12-08T01:00:00+00:00,1.27205,1.27482,1.27525,1.27676,4737.5538,13.10378,
EURUSD,sell,2008-12-09T13:00:00+00:00,2008-12-09T14:00:00+00:00,1.28232,1.28570,1.28527,1.27757,18979.1900,-64.25983,
EURUSD,buy,2008-12-15T06:00:00+00:00,2008-12-15T07:00:00+00:00,1.34780,1.34425,1.34471,1.35279,17829.3809,-63.33739,
EURUSD,sell,2008-12-16T09:00:00+00:00,2008-12-16T12:00:00+00:00,1.36459,1.36819,1.36773,1.35954,17367.4878,-62.52007,
EURUSD,buy,2008-12-26T06:00:00+00:00,2008-12-26T08:00:00+00:00,1.40507,1.40788,1.40184,1.41027,12491.0230,35.07735,
EURUSD,buy,2008-12-26T06:00:00+00:00,2008-12-26T09:00:00+00:00,1.40507,1.40513,1.40560,1.41027,4163.6743,0.23708,
EURUSD,buy,2008-12-28T19:00:00+00:00,2008-12-28T22:00:00+00:00,1.40257,1.40537,1.39935,1.40776,12607.7413,35.34210,
EURUSD,buy,2008-12-28T19:00:00+00:00,2008-12-28T22:00:00+00:00,1.40257,1.40734,1.40257,1.40776,4202.5804,20.02793,
EURUSD,buy,2008-12-30T21:00:00+00:00,2008-12-30T22:00:00+00:00,1.40597,1.40878,1.40274,1.41117,12724.9704,35.75721,
EURUSD,buy,2008-12-30T21:00:00+00:00,2008-12-30T22:00:00+00:00,1.40597,1.40550,1.40597,1.41117,4241.6568,-2.00111,
EURUSD,sell,2009-01-01T21:00:00+00:00,2009-01-01T23:00:00+00:00,1.40329,1.40048,1.40652,1.39810,12831.8296,36.03838,
EURUSD,sell,2009-01-01T21:00:00+00:00,2009-01-01T23:00:00+00:00,1.40329,1.39851,1.40329,1.39810,4277.2765,20.42099,
EURUSD,sell,2009-01-04T05:00:00+00:00,2009-01-04T22:00:00+00:00,1.39120,1.38842,1.39440,1.38605,13095.4500,36.46199,
EURUSD,sell,2009-01-04T05:00:00+00:00,2009-01-04T23:00:00+00:00,1.39120,1.39077,1.39030,1.38605,4365.1500,1.90063,
EURUSD,buy,2009-01-05T22:00:00+00:00,2009-01-06T00:00:00+00:00,1.36316,1.35957,1.36002,1.36820,17971.2591,-64.55847,
EURUSD,sell,2009-01-07T13:00:00+00:00,2009-01-07T14:00:00+00:00,1.37154,1.36879,1.37469,1.36646,13211.6008,36.26545,
EURUSD,sell,2009-01-07T13:00:00+00:00,2009-01-07T14:00:00+00:00,1.37154,1.37200,1.37154,1.36646,4403.8669,-2.03228,
EURUSD,buy,2009-01-09T22:00:00+00:00,2009-01-11T23:00:00+00:00,1.34712,1.34357,1.34403,1.35211,18072.5814,-64.16939,
EURUSD,buy,2009-01-12T11:00:00+00:00,2009-01-12T13:00:00+00:00,1.34155,1.33802,1.33847,1.34651,17908.4069,-63.32718,
EURUSD,sell,2009-01-14T17:00:00+00:00,2009-01-14T20:00:00+00:00,1.31680,1.31417,1.31983,1.31193,13495.2308,35.56570,
EURUSD,sell,2009-01-14T17:00:00+00:00,2009-01-14T20:00:00+00:00,1.31680,1.31725,1.31680,1.31193,4498.4103,-2.00205,
EURUSD,buy,2009-01-17T06:00:00+00:00,2009-01-18T22:00:00+00:00,1.32733,1.32998,1.32428,1.33224,13491.1274,35.78960,
EURUSD,buy,2009-01-17T06:00:00+00:00,2009-01-18T22:00:00+00:00,1.32733,1.33184,1.32733,1.33224,4497.0425,20.28153,
EURUSD,sell,2009-01-19T22:00:00+00:00,2009-01-19T23:00:00+00:00,1.30571,1.30915,1.30871,1.30088,18489.7005,-63.72769,
EURUSD,buy,2009-01-24T04:00:00+00:00,2009-01-25T22:00:00+00:00,1.29797,1.29455,1.29498,1.30277,18365.5416,-62.86368,
EURUSD,buy,2009-01-25T12:00:00+00:00,2009-01-25T22:00:00+00:00,1.29797,1.29455,1.29498,1.30277,18365.5416,-62.86368,
EURUSD,sell,2009-01-29T01:00:00+00:00,2009-01-29T03:00:00+00:00,1.31271,1.31008,1.31573,1.30785,13252.2976,34.81676,
EURUSD,sell,2009-01-29T01:00:00+00:00,2009-01-29T04:00:00+00:00,1.31271,1.31309,1.31265,1.30785,4417.4325,-1.71282,
EURUSD,sell,2009-01-30T02:00:00+00:00,2009-01-30T07:00:00+00:00,1.29036,1.28778,1.29333,1.28559,13577.9444,35.06513,
EURUSD,sell,2009-01-30T02:00:00+00:00,2009-01-30T07:00:00+00:00,1.29036,1.29080,1.29036,1.28559,4525.9815,-1.97841,
EURUSD,sell,2009-01-31T02:00:00+00:00,2009-02-01T22:00:00+00:00,1.28189,1.27932,1.28483,1.27714,13764.5012,35.31338,
EURUSD,sell,2009-01-31T02:00:00+00:00,2009-02-01T22:00:00+00:00,1.28189,1.27752,1.28189,1.27714,4588.1671,20.01017,
EURUSD,buy,2009-02-02T20:00:00+00:00,2009-02-02T22:00:00+00:00,1.28459,1.28120,1.28163,1.28934,18540.4873,-62.81766,
EURUSD,buy,2009-02-07T18:00:00+00:00,2009-02-08T22:00:00+00:00,1.29251,1.29509,1.28954,1.29729,13637.8232,35.22966,
EURUSD,buy,2009-02-07T18:00:00+00:00,2009-02-08T23:00:00+00:00,1.29251,1.29536,1.29580,1.29729,4545.9411,12.97247,
EURUSD,sell,2009-02-11T11:00:00+00:00,2009-02-11T12:00:00+00:00,1.29351,1.29693,1.29649,1.28872,18345.0159,-62.64697,
EURUSD,buy,2009-02-13T11:00:00+00:00,2009-02-13T13:00:00+00:00,1.28579,1.28239,1.28283,1.29054,18222.6399,-61.79760,
EURUSD,sell,2009-02-16T17:00:00+00:00,2009-02-16T21:00:00+00:00,1.27682,1.28019,1.27975,1.27209,18097.7085,-61.01645,
EURUSD,buy,2009-02-17T21:00:00+00:00,2009-02-18T06:00:00+00:00,1.25853,1.26104,1.25563,1.26318,13596.9346,34.20062,
EURUSD,buy,2009-02-17T21:00:00+00:00,2009-02-18T06:00:00+00:00,1.25853,1.25810,1.25853,1.26318,4532.3115,-1.93776,
EURUSD,sell,2009-02-24T05:00:00+00:00,2009-02-24T07:00:00+00:00,1.27357,1.27102,1.27650,1.26885,13523.2694,34.46938,
EURUSD,sell,2009-02-24T05:00:00+00:00,2009-02-24T07:00:00+00:00,1.27357,1.27400,1.27357,1.26885,4507.7565,-1.94774,
EURUSD,sell,2009-02-26T10:00:00+00:00,2009-02-26T11:00:00+00:00,1.27492,1.27828,1.27785,1.27020,18139.4445,-61.06753,
EURUSD,buy,2009-03-05T04:00:00+00:00,2009-03-05T06:00:00+00:00,1.26188,1.25855,1.25898,1.26655,18095.8350,-60.24335,
EURUSD,sell,2009-03-07T01:00:00+00:00,2009-03-08T23:00:00+00:00,1.26544,1.26878,1.26835,1.26076,17796.1157,-59.47295,
EURUSD,sell,2009-03-09T05:00:00+00:00,2009-03-09T06:00:00+00:00,1.26572,1.26319,1.26863,1.26104,13167.9850,33.35698,
EURUSD,sell,2009-03-09T05:00:00+00:00,2009-03-09T06:00:00+00:00,1.26572,1.26615,1.26572,1.26104,4389.3283,-1.88623,
EURUSD,sell,2009-03-10T13:00:00+00:00,2009-03-10T15:00:00+00:00,1.27852,1.27596,1.28146,1.27378,13128.4706,33.59310,
EURUSD,sell,2009-03-10T13:00:00+00:00,2009-03-10T16:00:00+00:00,1.27852,1.27803,1.27760,1.27378,4376.1569,2.11384,
EURUSD,sell,2009-03-14T16:00:00+00:00,2009-03-15T21:00:00+00:00,1.29239,1.28981,1.29537,1.28761,13091.0921,33.86100,
EURUSD,sell,2009-03-14T16:00:00+00:00,2009-03-15T22:00:00+00:00,1.29239,1.28984,1.28940,1.28761,4363.6974,11.15069,
EURUSD,buy,2009-03-19T03:00:00+00:00,2009-03-19T06:00:00+00:00,1.34585,1.34231,1.34276,1.35083,16938.7649,-60.08769,
EURUSD,sell,2009-03-20T09:00:00+00:00,2009-03-20T10:00:00+00:00,1.36749,1.36475,1.37064,1.36243,12330.8481,33.74789,
EURUSD,sell,2009-03-20T09:00:00+00:00,2009-03-20T10:00:00+00:00,1.36749,1.36795,1.36749,1.36243,4110.2827,-1.89181,
EURUSD,buy,2009-03-25T05:00:00+00:00,2009-03-25T07:00:00+00:00,1.34885,1.34530,1.34575,1.35384,16796.3983,-59.71365,
EURUSD,sell,2009-03-26T22:00:00+00:00,2009-03-27T00:00:00+00:00,1.35274,1.35631,1.35586,1.34774,16517.4112,-58.95092,
EURUSD,sell,2009-03-31T20:00:00+00:00,2009-04-01T00:00:00+00:00,1.32455,1.32190,1.32760,1.31965,12484.8751,33.09657,
EURUSD,sell,2009-03-31T20:00:00+00:00,2009-04-01T00:00:00+00:00,1.32455,1.32500,1.32455,1.31965,4161.6250,-1.86183,
EURUSD,sell,2009-04-04T04:00:00+00:00,2009-04-05T21:00:00+00:00,1.34769,1.35124,1.35079,1.34270,16476.6107,-58.58849,
EURUSD,sell,2009-04-09T02:00:00+00:00,2009-04-09T06:00:00+00:00,1.32495,1.32845,1.32800,1.32005,16538.2817,-57.82974,
EURUSD,buy,2009-04-10T08:00:00+00:00,2009-04-10T19:00:00+00:00,1.31374,1.31637,1.31072,1.31860,12351.9224,32.43214,
EURUSD,buy,2009-04-10T08:00:00+00:00,2009-04-10T20:00:00+00:00,1.31374,1.31683,1.31728,1.31860,4117.3075,12.72588,
EURUSD,sell,2009-04-13T03:00:00+00:00,2009-04-13T06:00:00+00:00,1.31621,1.31968,1.31923,1.31133,16600.0707,-57.66806,
EURUSD,buy,2009-04-17T07:00:00+00:00,2009-04-17T08:00:00+00:00,1.30929,1.30584,1.30628,1.31414,16477.4335,-56.88570,
EURUSD,sell,2009-04-18T11:00:00+00:00,2009-04-19T23:00:00+00:00,1.30362,1.30101,1.30662,1.29879,12240.8288,31.93678,
EURUSD,sell,2009-04-18T11:00:00+00:00,2009-04-19T23:00:00+00:00,1.30362,1.30406,1.30362,1.29879,4080.2763,-1.79981,
EURUSD,buy,2009-04-22T07:00:00+00:00,2009-04-22T11:00:00+00:00,1.29299,1.29557,1.29001,1.29777,12436.3119,32.13781,
EURUSD,buy,2009-04-22T07:00:00+00:00,2009-04-22T12:00:00+00:00,1.29299,1.29316,1.29360,1.29777,4145.4373,0.72195,
EURUSD,sell,2009-04-28T04:00:00+00:00,2009-04-28T05:00:00+00:00,1.29866,1.30209,1.30165,1.29385,16625.8942,-56.99896,
EURUSD,sell,2009-05-01T00:00:00+00:00,2009-05-01T05:00:00+00:00,1.32420,1.32770,1.32725,1.31930,16090.0446,-56.23100,
EURUSD,buy,2009-05-03T04:00:00+00:00,2009-05-04T00:00:00+00:00,1.32757,1.33022,1.32452,1.33248,11885.2811,31.53527,
EURUSD,buy,2009-05-03T04:00:00+00:00,2009-05-04T01:00:00+00:00,1.32757,1.33080,1.33125,1.33248,3961.7604,12.80635,
EURUSD,buy,2009-05-04T17:00:00+00:00,2009-05-04T22:00:00+00:00,1.33910,1.34178,1.33602,1.34405,11907.1261,31.86771,
EURUSD,buy,2009-05-04T17:00:00+00:00,2009-05-04T23:00:00+00:00,1.33910,1.34085,1.34130,1.34405,3969.0420,6.93001,
EURUSD,sell,2009-05-10T19:00:00+00:00,2009-05-11T02:00:00+00:00,1.36293,1.36653,1.36607,1.35789,15731.5232,-56.56296,
EURUSD,buy,2009-05-12T14:00:00+00:00,2009-05-12T15:00:00+00:00,1.36486,1.36759,1.36172,1.36991,11633.5886,31.73452,
EURUSD,buy,2009-05-12T14:00:00+00:00,2009-05-12T15:00:00+00:00,1.36486,1.36440,1.36486,1.36991,3877.8629,-1.78166,
EURUSD,sell,2009-05-15T15:00:00+00:00,2009-05-15T17:00:00+00:00,1.35334,1.35064,1.35646,1.34833,11808.5121,31.98402,
EURUSD,sell,2009-05-15T15:00:00+00:00,2009-05-15T17:00:00+00:00,1.35334,1.35380,1.35334,1.34833,3936.1707,-1.79497,
EURUSD,buy,2009-05-18T19:00:00+00:00,2009-05-19T06:00:00+00:00,1.35561,1.35832,1.35249,1.36062,11879.4142,32.18541,
EURUSD,buy,2009-05-18T19:00:00+00:00,2009-05-19T06:00:00+00:00,1.35561,1.35515,1.35561,1.36062,3959.8047,-1.80831,
EURUSD,buy,2009-05-23T00:00:00+00:00,2009-05-24T21:00:00+00:00,1.39996,1.40276,1.39674,1.40514,11584.4465,32.41315,
EURUSD,sell,2009-05-24T01:00:00+00:00,2009-05-24T21:00:00+00:00,1.39912,1.40281,1.40234,1.39394,15445.9287,-56.99021,
EURUSD,buy,2009-05-23T00:00:00+00:00,2009-05-24T22:00:00+00:00,1.39996,1.40133,1.40180,1.40514,3861.4822,5.28874,
EURUSD,buy,2009-05-26T22:00:00+00:00,2009-05-27T01:00:00+00:00,1.39947,1.39578,1.39625,1.40465,15382.4048,-56.70994,
EURUSD,sell,2009-05-29T09:00:00+00:00,2009-05-29T10:00:00+00:00,1.40718,1.41089,1.41042,1.40197,15087.5275,-55.98407,
EURUSD,buy,2009-06-04T22:00:00+00:00,2009-06-05T01:00:00+00:00,1.41793,1.42076,1.41467,1.42317,11088.5097,31.42367,
EURUSD,buy,2009-06-04T22:00:00+00:00,2009-06-05T02:00:00+00:00,1.41793,1.41857,1.41905,1.42317,3696.1699,2.39900,
EURUSD,sell,2009-06-06T07:00:00+00:00,2009-06-08T01:00:00+00:00,1.39556,1.39924,1.39877,1.39040,15133.7388,-55.69822,
EURUSD,sell,2009-06-08T05:00:00+00:00,2009-06-08T07:00:00+00:00,1.39558,1.39279,1.39879,1.39042,11200.5223,31.28405,
EURUSD,sell,2009-06-08T05:00:00+00:00,2009-06-08T07:00:00+00:00,1.39558,1.39605,1.39558,1.39042,3733.5074,-1.74986,
EURUSD,buy,2009-06-11T18:00:00+00:00,2009-06-11T20:00:00+00:00,1.41322,1.40950,1.40997,1.41845,14860.9687,-55.31873,
EURUSD,sell,2009-06-15T18:00:00+00:00,2009-06-16T00:00:00+00:00,1.37855,1.37579,1.38172,1.37344,11268.8092,31.09059,
EURUSD,sell,2009-06-15T18:00:00+00:00,2009-06-16T01:00:00+00:00,1.37855,1.37822,1.37776,1.37344,3756.2697,1.21316,
EURUSD,sell,2009-06-21T16:00:00+00:00,2009-06-22T01:00:00+00:00,1.39332,1.39053,1.39653,1.38817,11236.2250,31.33297,
EURUSD,sell,2009-06-21T16:00:00+00:00,2009-06-22T02:00:00+00:00,1.39332,1.39152,1.39105,1.38817,3745.4083,6.75877,
EURUSD,sell,2009-06-23T15:00:00+00:00,2009-06-23T16:00:00+00:00,1.40293,1.40663,1.40616,1.39774,15014.7578,-55.54810,
EURUSD,sell,2009-06-25T08:00:00+00:00,2009-06-25T10:00:00+00:00,1.39688,1.39409,1.40009,1.39171,11160.7492,31.20199,
EURUSD,sell,2009-06-25T08:00:00+00:00,2009-06-25T11:00:00+00:00,1.39688,1.39542,1.39495,1.39171,3720.2497,5.44016,
EURUSD,sell,2009-06-26T10:00:00+00:00,2009-06-26T15:00:00+00:00,1.40774,1.40492,1.41098,1.40253,11172.2553,31.47692,
EURUSD,sell,2009-06-26T10:00:00+00:00,2009-06-26T16:00:00+00:00,1.40774,1.40747,1.40700,1.40253,3724.0851,0.98851,
EURUSD,sell,2009-07-04T16:00:00+00:00,2009-07-06T05:00:00+00:00,1.39596,1.39964,1.39917,1.39079,15138.2559,-55.73059,
EURUSD,buy,2009-07-07T23:00:00+00:00,2009-07-08T06:00:00+00:00,1.38999,1.38632,1.38679,1.39513,15011.9136,-54.97413,
EURUSD,sell,2009-07-09T20:00:00+00:00,2009-07-10T02:00:00+00:00,1.40113,1.39833,1.40435,1.39594,11015.6082,30.88989,
EURUSD,sell,2009-07-09T20:00:00+00:00,2009-07-10T03:00:00+00:00,1.40113,1.39826,1.39779,1.39594,3671.8694,10.53894,
EURUSD,sell,2009-07-15T22:00:00+00:00,2009-07-16T01:00:00+00:00,1.40964,1.40682,1.41288,1.40442,11059.3051,31.20073,
EURUSD,sell,2009-07-15T22:00:00+00:00,2009-07-16T02:00:00+00:00,1.40964,1.40903,1.40856,1.40442,3686.4350,2.22808,
EURUSD,buy,2009-07-18T05:00:00+00:00,2009-07-19T22:00:00+00:00,1.40985,1.41267,1.40661,1.41507,11153.1908,31.42702,
EURUSD,sell,2009-07-19T14:00:00+00:00,2009-07-19T22:00:00+00:00,1.40901,1.41272,1.41225,1.40379,14870.9211,-55.25110,
EURUSD,buy,2009-07-18T05:00:00+00:00,2009-07-19T23:00:00+00:00,1.40985,1.41177,1.41224,1.41507,3717.7303,7.11393,
EURUSD,buy,2009-07-22T09:00:00+00:00,2009-07-22T13:00:00+00:00,1.41946,1.41572,1.41619,1.42471,14711.4378,-55.00035,
EURUSD,sell,2009-07-25T19:00:00+00:00,2009-07-26T21:00:00+00:00,1.41975,1.42350,1.42302,1.41450,14505.8865,-54.30039,
EURUSD,buy,2009-07-29T16:00:00+00:00,2009-07-29T18:00:00+00:00,1.40368,1.39998,1.40045,1.40887,14487.3137,-53.56857,
EURUSD,buy,2009-08-06T12:00:00+00:00,2009-08-06T13:00:00+00:00,1.43837,1.43458,1.43506,1.44369,13951.6426,-52.84556,
EURUSD,sell,2009-08-10T00:00:00+00:00,2009-08-10T12:00:00+00:00,1.41958,1.41674,1.42285,1.41433,10456.2981,29.70768,
EURUSD,sell,2009-08-10T00:00:00+00:00,2009-08-10T12:00:00+00:00,1.41958,1.42006,1.41958,1.41433,3485.4327,-1.65868,
EURUSD,buy,2009-08-11T11:00:00+00:00,2009-08-11T12:00:00+00:00,1.41707,1.41334,1.41382,1.42232,14073.7954,-52.52939,
EURUSD,buy,2009-08-16T09:00:00+00:00,2009-08-16T21:00:00+00:00,1.42067,1.41692,1.41740,1.42592,13853.2891,-51.83564,
EURUSD,buy,2009-08-18T11:00:00+00:00,2009-08-18T12:00:00+00:00,1.41087,1.40716,1.40763,1.41609,13765.6897,-51.15755,
EURUSD,sell,2009-08-22T01:00:00+00:00,2009-08-24T00:00:00+00:00,1.43163,1.43540,1.43492,1.42633,13379.3481,-50.49674,
EURUSD,buy,2009-08-23T02:00:00+00:00,2009-08-24T06:00:00+00:00,1.43249,1.42872,1.42920,1.43779,13379.3481,-50.47335,
EURUSD,sell,2009-08-24T13:00:00+00:00,2009-08-24T17:00:00+00:00,1.43288,1.43001,1.43618,1.42758,9761.5897,27.99368,
EURUSD,sell,2009-08-24T13:00:00+00:00,2009-08-24T18:00:00+00:00,1.43288,1.43056,1.43008,1.42758,3253.8632,7.55211,
EURUSD,buy,2009-08-26T16:00:00+00:00,2009-08-27T10:00:00+00:00,1.42425,1.42709,1.42097,1.42952,9920.2714,28.23834,
EURUSD,buy,2009-08-26T16:00:00+00:00,2009-08-27T11:00:00+00:00,1.42425,1.42461,1.42509,1.42952,3306.7571,1.20810,
EURUSD,buy,2009-08-28T01:00:00+00:00,2009-08-28T06:00:00+00:00,1.43689,1.43311,1.43359,1.44221,13213.1351,-49.99743,
EURUSD,buy,2009-08-30T23:00:00+00:00,2009-08-31T04:00:00+00:00,1.43082,1.42705,1.42753,1.43611,13094.4378,-49.34168,
EURUSD,buy,2009-08-29T06:00:00+00:00,2009-08-31T06:00:00+00:00,1.43009,1.42632,1.42680,1.43538,13101.1240,-49.34202,
EURUSD,buy,2009-09-02T17:00:00+00:00,2009-09-03T01:00:00+00:00,1.42828,1.42452,1.42499,1.43356,12772.1640,-48.04298,
EURUSD,buy,2009-09-03T18:00:00+00:00,2009-09-04T06:00:00+00:00,1.42509,1.42794,1.42181,1.43036,9474.1128,26.98425,
EURUSD,buy,2009-09-03T18:00:00+00:00,2009-09-04T07:00:00+00:00,1.42509,1.42607,1.42655,1.43036,3158.0376,3.10957,
EURUSD,buy,2009-09-06T22:00:00+00:00,2009-09-07T07:00:00+00:00,1.43167,1.43453,1.42838,1.43696,9509.4054,27.20987,
EURUSD,buy,2009-09-06T22:00:00+00:00,2009-09-07T08:00:00+00:00,1.43167,1.43300,1.43348,1.43696,3169.8018,4.21774,
EURUSD,sell,2009-09-08T15:00:00+00:00,2009-09-08T16:00:00+00:00,1.44910,1.45291,1.45243,1.44373,12627.6286,-48.23328,
EURUSD,buy,2009-09-11T10:00:00+00:00,2009-09-11T14:00:00+00:00,1.46096,1.45711,1.45760,1.46636,12367.4856,-47.57105,
EURUSD,sell,2009-09-16T21:00:00+00:00,2009-09-17T05:00:00+00:00,1.47033,1.47420,1.47371,1.46489,12119.5733,-46.96213,
EURUSD,sell,2009-09-18T12:00:00+00:00,2009-09-21T05:00:00+00:00,1.47022,1.46728,1.47360,1.46478,8970.6123,26.39573,
EURUSD,sell,2009-09-18T12:00:00+00:00,2009-09-21T06:00:00+00:00,1.47022,1.46780,1.46731,1.46478,2990.2041,7.23209,
EURUSD,sell,2009-09-21T04:00:00+00:00,2009-09-21T06:00:00+00:00,1.46790,1.46496,1.47128,1.46247,8984.7860,26.39573,
EURUSD,sell,2009-09-21T04:00:00+00:00,2009-09-21T07:00:00+00:00,1.46790,1.46736,1.46687,1.46247,2994.9287,1.61553,
EURUSD,buy,2009-09-22T08:00:00+00:00,2009-09-22T23:00:00+00:00,1.47878,1.48174,1.47538,1.48425,9080.3653,26.83726,
EURUSD,buy,2009-09-22T08:00:00+00:00,2009-09-23T00:00:00+00:00,1.47878,1.47870,1.47919,1.48425,3026.7884,-0.26407,
EURUSD,sell,2009-09-23T09:00:00+00:00,2009-09-23T15:00:00+00:00,1.47732,1.47436,1.48072,1.47185,9151.3620,27.05758,
EURUSD,sell,2009-09-23T09:00:00+00:00,2009-09-23T15:00:00+00:00,1.47732,1.47781,1.47732,1.47185,3050.4540,-1.50451,
EURUSD,sell,2009-09-26T13:00:00+00:00,2009-09-28T00:00:00+00:00,1.46871,1.46577,1.47209,1.46327,9270.2180,27.24930,
EURUSD,sell,2009-09-26T13:00:00+00:00,2009-09-28T00:00:00+00:00,1.46871,1.46920,1.46871,1.46327,3090.0727,-1.51608,
EURUSD,buy,2009-09-28T21:00:00+00:00,2009-09-29T01:00:00+00:00,1.46166,1.45781,1.45830,1.46706,12515.4235,-48.16286,
EURUSD,sell,2009-10-01T16:00:00+00:00,2009-10-01T23:00:00+00:00,1.45422,1.45131,1.45757,1.44884,9304.7376,27.08102,
EURUSD,sell,2009-10-01T16:00:00+00:00,2009-10-02T00:00:00+00:00,1.45422,1.45317,1.45268,1.44884,3101.5792,3.28080,
EURUSD,sell,2009-10-06T03:00:00+00:00,2009-10-06T05:00:00+00:00,1.46991,1.47378,1.47329,1.46447,12377.1768,-47.94680,
EURUSD,sell,2009-10-07T04:00:00+00:00,2009-10-07T08:00:00+00:00,1.47019,1.47406,1.47357,1.46475,12211.8058,-47.31507,
EURUSD,buy,2009-10-12T00:00:00+00:00,2009-10-12T08:00:00+00:00,1.46956,1.47250,1.46618,1.47500,9047.4940,26.57334,
EURUSD,buy,2009-10-12T00:00:00+00:00,2009-10-12T08:00:00+00:00,1.46956,1.46907,1.46956,1.47500,3015.8313,-1.48033,
EURUSD,buy,2009-10-18T22:00:00+00:00,2009-10-18T23:00:00+00:00,1.49180,1.48787,1.48837,1.49732,11967.6385,-46.99213,
EURUSD,sell,2009-10-24T11:00:00+00:00,2009-10-26T01:00:00+00:00,1.49906,1.50301,1.50251,1.49351,11745.8216,-46.39178,
EURUSD,buy,2009-10-29T13:00:00+00:00,2009-10-29T15:00:00+00:00,1.47917,1.48213,1.47577,1.48464,8815.5130,26.06136,
EURUSD,buy,2009-10-29T13:00:00+00:00,2009-10-29T15:00:00+00:00,1.47917,1.47868,1.47917,1.48464,2938.5043,-1.45085,
EURUSD,buy,2009-10-31T16:00:00+00:00,2009-11-01T22:00:00+00:00,1.47339,1.46951,1.47000,1.47884,11883.6828,-46.09409,
EURUSD,sell,2009-11-02T01:00:00+00:00,2009-11-02T03:00:00+00:00,1.47233,1.47621,1.47572,1.46688,11728.6475,-45.50833,
EURUSD,buy,2009-11-03T04:00:00+00:00,2009-11-03T07:00:00+00:00,1.47875,1.47486,1.47535,1.48422,11530.7740,-44.88589,
EURUSD,sell,2009-11-06T21:00:00+00:00,2009-11-08T22:00:00+00:00,1.48409,1.48801,1.48751,1.47860,11331.2064,-44.31306,
EURUSD,buy,2009-11-12T03:00:00+00:00,2009-11-12T07:00:00+00:00,1.50019,1.49624,1.49674,1.50574,11068.6278,-43.70347,
EURUSD,sell,2009-11-16T03:00:00+00:00,2009-11-16T07:00:00+00:00,1.49538,1.49932,1.49882,1.48985,10951.4761,-43.14959,
EURUSD,buy,2009-11-19T20:00:00+00:00,2009-11-20T01:00:00+00:00,1.49227,1.48834,1.48884,1.49779,10836.2929,-42.56303,
EURUSD,sell,2009-11-22T01:00:00+00:00,2009-11-23T00:00:00+00:00,1.48550,1.48942,1.48892,1.48001,10735.8817,-42.02428,
EURUSD,buy,2009-11-27T10:00:00+00:00,2009-11-27T11:00:00+00:00,1.49222,1.48829,1.48879,1.49774,10553.1429,-41.44949,
EURUSD,buy,2009-11-28T15:00:00+00:00,2009-11-30T01:00:00+00:00,1.49898,1.50198,1.49553,1.50452,7775.4271,23.29433,
EURUSD,buy,2009-11-28T15:00:00+00:00,2009-11-30T01:00:00+00:00,1.49898,1.50407,1.49898,1.50452,2591.8090,13.20061,
EURUSD,buy,2009-12-03T17:00:00+00:00,2009-12-03T21:00:00+00:00,1.50870,1.50473,1.50523,1.51428,10421.4084,-41.37852,
EURUSD,buy,2009-12-05T01:00:00+00:00,2009-12-07T00:00:00+00:00,1.48592,1.48889,1.48250,1.49141,7831.4590,23.25772,
EURUSD,buy,2009-12-05T01:00:00+00:00,2009-12-07T00:00:00+00:00,1.48592,1.48542,1.48592,1.49141,2610.4863,-1.29417,
EURUSD,sell,2009-12-08T12:00:00+00:00,2009-12-08T13:00:00+00:00,1.47838,1.47542,1.48178,1.47290,7922.3711,23.44066,
EURUSD,sell,2009-12-08T12:00:00+00:00,2009-12-08T13:00:00+00:00,1.47838,1.47887,1.47838,1.47290,2640.7904,-1.30330,
EURUSD,buy,2009-12-09T18:00:00+00:00,2009-12-09T19:00:00+00:00,1.46840,1.47134,1.46502,1.47383,8037.5323,23.58835,
EURUSD,buy,2009-12-09T18:00:00+00:00,2009-12-09T19:00:00+00:00,1.46840,1.46791,1.46840,1.47383,2679.1774,-1.31415,
EURUSD,buy,2009-12-13T13:00:00+00:00,2009-12-14T01:00:00+00:00,1.46110,1.46402,1.45774,1.46650,8134.8870,23.75534,
EURUSD,buy,2009-12-13T13:00:00+00:00,2009-12-14T02:00:00+00:00,1.46110,1.46233,1.46282,1.46650,2711.6290,3.34336,
EURUSD,buy,2009-12-14T20:00:00+00:00,2009-12-15T07:00:00+00:00,1.46557,1.46171,1.46220,1.47099,10905.9030,-42.07982,
EURUSD,sell,2009-12-17T15:00:00+00:00,2009-12-17T17:00:00+00:00,1.43424,1.43137,1.43754,1.42893,8243.0977,23.66147,
EURUSD,sell,2009-12-17T15:00:00+00:00,2009-12-17T18:00:00+00:00,1.43424,1.43375,1.43327,1.42893,2747.6992,1.34528,
EURUSD,buy,2009-12-21T09:00:00+00:00,2009-12-21T12:00:00+00:00,1.43248,1.43534,1.42919,1.43778,8323.6621,23.83050,
EURUSD,buy,2009-12-21T09:00:00+00:00,2009-12-21T13:00:00+00:00,1.43248,1.43383,1.43431,1.43778,2774.5540,3.74594,
EURUSD,buy,2009-12-23T15:00:00+00:00,2009-12-24T07:00:00+00:00,1.43351,1.43637,1.43021,1.43881,8389.8400,24.03725,
EURUSD,buy,2009-12-23T15:00:00+00:00,2009-12-24T08:00:00+00:00,1.43351,1.43502,1.43550,1.43881,2796.6133,4.22132,
EURUSD,sell,2009-12-25T05:00:00+00:00,2009-12-25T08:00:00+00:00,1.43632,1.44011,1.43962,1.43100,11256.2209,-42.62086,
EURUSD,buy,2009-12-28T14:00:00+00:00,2009-12-29T00:00:00+00:00,1.43981,1.43602,1.43650,1.44514,11087.6010,-42.03874,
EURUSD,buy,2010-01-02T11:00:00+00:00,2010-01-03T22:00:00+00:00,1.43378,1.43000,1.43048,1.43908,10987.6007,-41.48737,
EURUSD,sell,2010-01-07T11:00:00+00:00,2010-01-08T05:00:00+00:00,1.43297,1.43010,1.43627,1.42767,8131.8756,23.32155,
EURUSD,sell,2010-01-07T11:00:00+00:00,2010-01-08T06:00:00+00:00,1.43297,1.43209,1.43161,1.42767,2710.6252,2.38666,
EURUSD,buy,2010-01-10T22:00:00+00:00,2010-01-10T23:00:00+00:00,1.44127,1.44415,1.43796,1.44660,8156.7948,23.49611,
EURUSD,buy,2010-01-10T22:00:00+00:00,2010-01-10T23:00:00+00:00,1.44127,1.44079,1.44127,1.44660,2718.9316,-1.31152,
EURUSD,buy,2010-01-12T01:00:00+00:00,2010-01-12T02:00:00+00:00,1.44934,1.44553,1.44601,1.45471,10891.7079,-41.56583,
EURUSD,buy,2010-01-16T00:00:00+00:00,2010-01-17T22:00:00+00:00,1.43892,1.43513,1.43561,1.44424,10826.1270,-41.02232,
EURUSD,sell,2010-01-18T02:00:00+00:00,2010-01-18T05:00:00+00:00,1.43509,1.43887,1.43839,1.42978,10705.6424,-40.50189,
EURUSD,sell,2010-01-20T01:00:00+00:00,2010-01-20T05:00:00+00:00,1.42085,1.41801,1.42412,1.41559,8002.8149,22.75735,
EURUSD,sell,2010-01-20T01:00:00+00:00,2010-01-20T05:00:00+00:00,1.42085,1.42133,1.42085,1.41559,2667.6050,-1.27050,
EURUSD,buy,2010-01-24T00:00:00+00:00,2010-01-25T10:00:00+00:00,1.41403,1.41686,1.41078,1.41926,8103.2367,22.90070,
EURUSD,buy,2010-01-24T00:00:00+00:00,2010-01-25T11:00:00+00:00,1.41403,1.41649,1.41697,1.41926,2701.0789,6.64693,
EURUSD,sell,2010-01-27T18:00:00+00:00,2010-01-27T20:00:00+00:00,1.40333,1.40052,1.40656,1.39813,8239.0882,23.14026,
EURUSD,sell,2010-01-27T18:00:00+00:00,2010-01-27T20:00:00+00:00,1.40333,1.40380,1.40333,1.39813,2746.3627,-1.29357,
EURUSD,sell,2010-01-30T07:00:00+00:00,2010-02-01T06:00:00+00:00,1.38563,1.38929,1.38882,1.38051,11204.5454,-40.94787,
EURUSD,sell,2010-01-31T18:00:00+00:00,2010-02-01T06:00:00+00:00,1.38563,1.38929,1.38882,1.38051,11204.5454,-40.94787,
EURUSD,sell,2010-02-05T21:00:00+00:00,2010-02-07T22:00:00+00:00,1.36722,1.36448,1.37037,1.36216,8292.0352,22.68972,
EURUSD,buy,2010-02-07T02:00:00+00:00,2010-02-07T22:00:00+00:00,1.36804,1.36444,1.36489,1.37310,11056.0469,-39.85708,
EURUSD,sell,2010-02-05T21:00:00+00:00,2010-02-07T23:00:00+00:00,1.36722,1.36697,1.36651,1.36216,2764.0117,0.69029,
EURUSD,sell,2010-02-08T02:00:00+00:00,2010-02-08T07:00:00+00:00,1.36276,1.36636,1.36590,1.35772,11031.7834,-39.66009,
EURUSD,buy,2010-02-09T04:00:00+00:00,2010-02-09T06:00:00+00:00,1.36950,1.37224,1.36635,1.37457,8129.4303,22.25116,
EURUSD,buy,2010-02-09T04:00:00+00:00,2010-02-09T06:00:00+00:00,1.36950,1.36904,1.36950,1.37457,2709.8101,-1.24878,
EURUSD,buy,2010-02-10T10:00:00+00:00,2010-02-10T12:00:00+00:00,1.37956,1.37593,1.37639,1.38467,10836.3178,-39.38945,
EURUSD,sell,2010-02-14T00:00:00+00:00,2010-02-15T05:00:00+00:00,1.36264,1.35991,1.36578,1.35760,8114.8676,22.13057,
EURUSD,sell,2010-02-14T00:00:00+00:00,2010-02-15T06:00:00+00:00,1.36264,1.36012,1.35966,1.35760,2704.9559,6.82507,
EURUSD,sell,2010-02-16T22:00:00+00:00,2010-02-17T08:00:00+00:00,1.37521,1.37883,1.37837,1.37012,10826.2010,-39.27153,
EURUSD,buy,2010-02-18T11:00:00+00:00,2010-02-18T14:00:00+00:00,1.35666,1.35937,1.35354,1.36167,8127.0309,22.03597,
EURUSD,buy,2010-02-18T11:00:00+00:00,2010-02-18T14:00:00+00:00,1.35666,1.35620,1.35666,1.36167,2709.0103,-1.23797,
EURUSD,sell,2010-02-21T12:00:00+00:00,2010-02-21T22:00:00+00:00,1.36041,1.36400,1.36354,1.35538,10876.0681,-39.03381,
EURUSD,buy,2010-02-26T01:00:00+00:00,2010-02-26T07:00:00+00:00,1.35908,1.35550,1.35595,1.36410,10749.6316,-38.50208,
EURUSD,buy,2010-02-27T16:00:00+00:00,2010-03-01T02:00:00+00:00,1.36321,1.35962,1.36007,1.36825,10575.7936,-37.99298,
EURUSD,buy,2010-03-01T08:00:00+00:00,2010-03-01T10:00:00+00:00,1.36342,1.35983,1.36028,1.36846,10434.7926,-37.49214,
EURUSD,sell,2010-03-04T08:00:00+00:00,2010-03-04T11:00:00+00:00,1.36605,1.36965,1.36919,1.36099,10271.2600,-37.01383,
EURUSD,sell,2010-03-05T19:00:00+00:00,2010-03-08T00:00:00+00:00,1.36171,1.36530,1.36484,1.35667,10168.1179,-36.52738,
EURUSD,buy,2010-03-07T22:00:00+00:00,2010-03-08T02:00:00+00:00,1.36453,1.36726,1.36139,1.36958,7614.9075,20.76719,
EURUSD,buy,2010-03-07T22:00:00+00:00,2010-03-08T03:00:00+00:00,1.36453,1.36674,1.36720,1.36958,2538.3025,5.61122,
EURUSD,buy,2010-03-09T05:00:00+00:00,2010-03-09T08:00:00+00:00,1.36214,1.35855,1.35901,1.36718,10133.7651,-36.37683,
EURUSD,buy,2010-03-10T22:00:00+00:00,2010-03-11T03:00:00+00:00,1.36580,1.36220,1.36266,1.37085,9973.3906,-35.89603,
EURUSD,buy,2010-03-14T09:00:00+00:00,2010-03-15T01:00:00+00:00,1.37694,1.37331,1.37378,1.38204,9762.2919,-35.41893,
EURUSD,buy,2010-03-12T15:00:00+00:00,2010-03-15T03:00:00+00:00,1.37596,1.37234,1.37280,1.38105,9769.2469,-35.41928,
EURUSD,sell,2010-03-19T00:00:00+00:00,2010-03-19T08:00:00+00:00,1.36128,1.35856,1.36441,1.35624,7206.4291,19.63350,
EURUSD,sell,2010-03-19T00:00:00+00:00,2010-03-19T08:00:00+00:00,1.36128,1.36174,1.36128,1.35624,2402.1430,-1.10114,
EURUSD,buy,2010-03-20T21:00:00+00:00,2010-03-22T05:00:00+00:00,1.35333,1.34976,1.35021,1.35833,9739.3477,-34.73797,
EURUSD,sell,2010-03-23T17:00:00+00:00,2010-03-24T01:00:00+00:00,1.34894,1.34624,1.35204,1.34394,7227.3492,19.51191,
EURUSD,sell,2010-03-23T17:00:00+00:00,2010-03-24T02:00:00+00:00,1.34894,1.34727,1.34682,1.34394,2409.1164,4.00187,
EURUSD,sell,2010-03-28T15:00:00+00:00,2010-03-28T21:00:00+00:00,1.34032,1.34385,1.34340,1.33536,9786.1130,-34.61046,
EURUSD,buy,2010-03-31T13:00:00+00:00,2010-03-31T16:00:00+00:00,1.35144,1.35414,1.34833,1.35643,7187.5079,19.41350,
EURUSD,buy,2010-03-31T13:00:00+00:00,2010-03-31T17:00:00+00:00,1.35144,1.35202,1.35248,1.35643,2395.8360,1.41106,
EURUSD,buy,2010-04-01T18:00:00+00:00,2010-04-02T09:00:00+00:00,1.35730,1.35372,1.35418,1.36232,9618.6927,-34.40688,
EURUSD,sell,2010-04-03T14:00:00+00:00,2010-04-05T00:00:00+00:00,1.34973,1.35330,1.35284,1.34474,9539.3615,-33.97147,
EURUSD,buy,2010-04-05T19:00:00+00:00,2010-04-06T00:00:00+00:00,1.34821,1.34466,1.34511,1.35320,9429.8278,-33.50873,
EURUSD,buy,2010-04-12T12:00:00+00:00,2010-04-13T07:00:00+00:00,1.35876,1.36147,1.35563,1.36378,6924.9858,18.80577,
EURUSD,buy,2010-04-12T12:00:00+00:00,2010-04-13T07:00:00+00:00,1.35876,1.35830,1.35876,1.36378,2308.3286,-1.05632,
EURUSD,sell,2010-04-15T19:00:00+00:00,2010-04-16T00:00:00+00:00,1.35743,1.35472,1.36056,1.35241,6976.6061,18.95362,
EURUSD,sell,2010-04-15T19:00:00+00:00,2010-04-16T01:00:00+00:00,1.35743,1.35618,1.35572,1.35241,2325.5354,2.92068,
EURUSD,sell,2010-04-17T08:00:00+00:00,2010-04-18T21:00:00+00:00,1.34977,1.34707,1.35288,1.34478,7076.9405,19.11774,
EURUSD,sell,2010-04-17T08:00:00+00:00,2010-04-18T22:00:00+00:00,1.34977,1.35011,1.34966,1.34478,2358.9802,-0.80198,
EURUSD,buy,2010-04-19T01:00:00+00:00,2010-04-19T09:00:00+00:00,1.34636,1.34282,1.34327,1.35134,9533.5449,-33.83144,
EURUSD,buy,2010-04-20T13:00:00+00:00,2010-04-20T15:00:00+00:00,1.34733,1.34378,1.34424,1.35232,9401.0921,-33.38511,
EURUSD,sell,2010-04-24T13:00:00+00:00,2010-04-25T21:00:00+00:00,1.33791,1.33523,1.34099,1.33296,7002.6866,18.75084,
EURUSD,sell,2010-04-24T13:00:00+00:00,2010-04-25T22:00:00+00:00,1.33791,1.33670,1.33625,1.33296,2334.2289,2.81885,
EURUSD,buy,2010-04-25T23:00:00+00:00,2010-04-26T01:00:00+00:00,1.33651,1.33918,1.33344,1.34145,7074.7557,18.89793,
EURUSD,buy,2010-04-25T23:00:00+00:00,2010-04-26T02:00:00+00:00,1.33651,1.33682,1.33727,1.34145,2358.2519,0.72634,
EURUSD,buy,2010-04-28T19:00:00+00:00,2010-04-29T05:00:00+00:00,1.32024,1.32287,1.31720,1.32512,7217.7256,19.04506,
EURUSD,buy,2010-04-28T19:00:00+00:00,2010-04-29T06:00:00+00:00,1.32024,1.32040,1.32085,1.32512,2405.9085,0.40373,
EURUSD,sell,2010-05-03T04:00:00+00:00,2010-05-03T06:00:00+00:00,1.32149,1.32498,1.32453,1.31660,9682.2740,-33.76908,
EURUSD,sell,2010-05-05T17:00:00+00:00,2010-05-05T18:00:00+00:00,1.28537,1.28280,1.28833,1.28062,7367.2706,18.95247,
EURUSD,sell,2010-05-05T17:00:00+00:00,2010-05-05T18:00:00+00:00,1.28537,1.28581,1.28537,1.28062,2455.7569,-1.06979,
EURUSD,sell,2010-05-07T02:00:00+00:00,2010-05-07T04:00:00+00:00,1.27016,1.27351,1.27308,1.26546,10011.0734,-33.57896,
EURUSD,buy,2010-05-08T20:00:00+00:00,2010-05-09T21:00:00+00:00,1.27553,1.27808,1.27260,1.28025,7382.4105,18.82002,
EURUSD,buy,2010-05-08T20:00:00+00:00,2010-05-09T21:00:00+00:00,1.27553,1.27987,1.27553,1.28025,2460.8035,10.66507,
EURUSD,buy,2010-05-10T14:00:00+00:00,2010-05-10T15:00:00+00:00,1.28388,1.28644,1.28092,1.28862,7420.5875,19.04107,
EURUSD,buy,2010-05-10T14:00:00+00:00,2010-05-10T15:00:00+00:00,1.28388,1.28344,1.28388,1.28862,2473.5292,-1.07635,
EURUSD,sell,2010-05-12T17:00:00+00:00,2010-05-12T23:00:00+00:00,1.26151,1.26484,1.26441,1.25684,10134.6579,-33.76550,
EURUSD,sell,2010-05-14T11:00:00+00:00,2010-05-14T12:00:00+00:00,1.24745,1.25074,1.25032,1.24283,10113.6349,-33.32539,
EURUSD,buy,2010-05-15T12:00:00+00:00,2010-05-17T00:00:00+00:00,1.23620,1.23294,1.23336,1.24077,10076.9272,-32.87498,
EURUSD,sell,2010-05-17T05:00:00+00:00,2010-05-17T06:00:00+00:00,1.22673,1.22997,1.22955,1.22219,10014.6639,-32.45964,
EURUSD,sell,2010-05-18T13:00:00+00:00,2010-05-18T14:00:00+00:00,1.24110,1.23861,1.24395,1.23650,7326.0102,18.19714,
EURUSD,sell,2010-05-18T13:00:00+00:00,2010-05-18T14:00:00+00:00,1.24110,1.24152,1.24110,1.23650,2442.0034,-1.03137,
EURUSD,buy,2010-05-20T02:00:00+00:00,2010-05-20T05:00:00+00:00,1.23566,1.23240,1.23282,1.24023,9886.3625,-32.23941,
EURUSD,sell,2010-05-23T10:00:00+00:00,2010-05-23T21:00:00+00:00,1.25689,1.25438,1.25978,1.25224,7188.9855,18.08404,
EURUSD,sell,2010-05-23T10:00:00+00:00,2010-05-23T22:00:00+00:00,1.25689,1.25644,1.25601,1.25224,2396.3285,1.09273,
EURUSD,sell,2010-05-29T13:00:00+00:00,2010-05-31T00:00:00+00:00,1.22752,1.23076,1.23035,1.22298,9892.7522,-32.08482,
EURUSD,sell,2010-05-30T23:00:00+00:00,2010-05-31T00:00:00+00:00,1.22837,1.23162,1.23120,1.22383,9885.9087,-32.08448,
EURUSD,sell,2010-06-02T02:00:00+00:00,2010-06-02T03:00:00+00:00,1.22405,1.22160,1.22687,1.21952,7244.0615,17.74647,
EURUSD,sell,2010-06-02T02:00:00+00:00,2010-06-02T03:00:00+00:00,1.22405,1.22447,1.22405,1.21952,2414.6872,-1.00748,
EURUSD,sell,2010-06-04T11:00:00+00:00,2010-06-04T12:00:00+00:00,1.20451,1.20210,1.20728,1.20005,7413.7002,17.87206,
EURUSD,sell,2010-06-04T11:00:00+00:00,2010-06-04T12:00:00+00:00,1.20451,1.20492,1.20451,1.20005,2471.2334,-1.01659,
EURUSD,sell,2010-06-06T03:00:00+00:00,2010-06-06T21:00:00+00:00,1.19614,1.19375,1.19889,1.19171,7518.3894,17.99852,
EURUSD,sell,2010-06-06T03:00:00+00:00,2010-06-06T22:00:00+00:00,1.19614,1.19607,1.19566,1.19171,2506.1298,0.18129,
EURUSD,sell,2010-06-07T04:00:00+00:00,2010-06-07T06:00:00+00:00,1.19096,1.19411,1.19370,1.18655,10144.4081,-31.93624,
EURUSD,buy,2010-06-08T07:00:00+00:00,2010-06-08T08:00:00+00:00,1.19534,1.19218,1.19259,1.19976,9979.7111,-31.49812,
EURUSD,sell,2010-06-12T20:00:00+00:00,2010-06-13T22:00:00+00:00,1.21063,1.21383,1.21341,1.20615,9717.7223,-31.09006,
EURUSD,sell,2010-06-15T20:00:00+00:00,2010-06-16T07:00:00+00:00,1.23275,1.23028,1.23559,1.22819,7062.9465,17.42571,
EURUSD,sell,2010-06-15T20:00:00+00:00,2010-06-16T07:00:00+00:00,1.23275,1.23317,1.23275,1.22819,2354.3155,-0.98844,
EURUSD,buy,2010-06-17T01:00:00+00:00,2010-06-17T07:00:00+00:00,1.22696,1.22372,1.22414,1.23150,9534.4007,-30.87604,
EURUSD,buy,2010-06-19T22:00:00+00:00,2010-06-20T21:00:00+00:00,1.23919,1.24167,1.23634,1.24378,6986.7416,17.30388,
EURUSD,buy,2010-06-19T22:00:00+00:00,2010-06-20T21:00:00+00:00,1.23919,1.24340,1.23919,1.24378,2328.9139,9.80590,
EURUSD,buy,2010-06-21T16:00:00+00:00,2010-06-21T17:00:00+00:00,1.23477,1.23151,1.23193,1.23934,9458.8215,-30.82331,
EURUSD,sell,2010-06-23T03:00:00+00:00,2010-06-23T06:00:00+00:00,1.22577,1.22901,1.22859,1.22124,9396.8492,-30.43371,
EURUSD,sell,2010-06-24T09:00:00+00:00,2010-06-24T13:00:00+00:00,1.22743,1.23067,1.23026,1.22289,9260.2086,-30.03115,
EURUSD,buy,2010-06-27T10:00:00+00:00,2010-06-28T06:00:00+00:00,1.23790,1.23463,1.23505,1.24248,9066.0658,-29.61721,
EURUSD,buy,2010-06-28T19:00:00+00:00,2010-06-29T06:00:00+00:00,1.22752,1.22428,1.22470,1.23206,9022.0774,-29.23008,
EURUSD,buy,2010-07-02T00:00:00+00:00,2010-07-02T05:00:00+00:00,1.25139,1.24808,1.24851,1.25601,8733.1771,-28.83573,
EURUSD,buy,2010-07-03T15:00:00+00:00,2010-07-05T00:00:00+00:00,1.25541,1.25209,1.25252,1.26005,8590.3232,-28.45381,
EURUSD,buy,2010-07-05T13:00:00+00:00,2010-07-06T00:00:00+00:00,1.25203,1.24872,1.24915,1.25666,8499.8556,-28.07948,
EURUSD,buy,2010-07-10T06:00:00+00:00,2010-07-12T00:00:00+00:00,1.26429,1.26095,1.26138,1.26897,8306.3247,-27.70485,
EURUSD,buy,2010-07-13T13:00:00+00:00,2010-07-13T15:00:00+00:00,1.26461,1.26714,1.26170,1.26929,6145.9876,15.53382,
EURUSD,buy,2010-07-13T13:00:00+00:00,2010-07-13T15:00:00+00:00,1.26461,1.26891,1.26461,1.26929,2048.6625,8.80283,
EURUSD,sell,2010-07-15T17:00:00+00:00,2010-07-15T19:00:00+00:00,1.28869,1.29210,1.29166,1.28392,8131.0747,-27.66514,
EURUSD,buy,2010-07-17T18:00:00+00:00,2010-07-18T21:00:00+00:00,1.29312,1.28971,1.29014,1.29790,8001.1140,-27.28626,
EURUSD,buy,2010-07-19T20:00:00+00:00,2010-07-20T04:00:00+00:00,1.29430,1.29688,1.29132,1.29909,5916.2821,15.30430,
EURUSD,buy,2010-07-19T20:00:00+00:00,2010-07-20T05:00:00+00:00,1.29430,1.29564,1.29608,1.29909,1972.0940,2.64856,
EURUSD,sell,2010-07-21T11:00:00+00:00,2010-07-21T18:00:00+00:00,1.28076,1.27819,1.28370,1.27602,6027.8032,15.45094,
EURUSD,sell,2010-07-21T11:00:00+00:00,2010-07-21T18:00:00+00:00,1.28076,1.28119,1.28076,1.27602,2009.2677,-0.87251,
EURUSD,sell,2010-07-23T00:00:00+00:00,2010-07-23T05:00:00+00:00,1.28892,1.28634,1.29189,1.28415,6032.0086,15.56032,
EURUSD,sell,2010-07-23T00:00:00+00:00,2010-07-23T05:00:00+00:00,1.28892,1.28936,1.28892,1.28415,2010.6695,-0.87804,
EURUSD,sell,2010-07-24T19:00:00+00:00,2010-07-26T00:00:00+00:00,1.28980,1.29321,1.29277,1.28503,8094.0921,-27.56268,
EURUSD,buy,2010-07-26T13:00:00+00:00,2010-07-26T15:00:00+00:00,1.29436,1.29695,1.29138,1.29915,5972.9572,15.45163,
EURUSD,buy,2010-07-26T13:00:00+00:00,2010-07-26T15:00:00+00:00,1.29436,1.29392,1.29436,1.29915,1990.9857,-0.87263,
EURUSD,buy,2010-08-11T05:00:00+00:00,2010-08-11T06:00:00+00:00,1.30984,1.30639,1.30683,1.31469,7925.4636,-27.37272,
EURUSD,sell,2010-08-15T16:00:00+00:00,2010-08-16T02:00:00+00:00,1.27467,1.27803,1.27760,1.26995,8031.9475,-27.03481,
EURUSD,sell,2010-08-17T12:00:00+00:00,2010-08-17T13:00:00+00:00,1.28697,1.29037,1.28993,1.28221,7850.1434,-26.67419,
EURUSD,buy,2010-08-19T11:00:00+00:00,2010-08-19T12:00:00+00:00,1.28420,1.28676,1.28124,1.28895,5825.9729,14.95305,
EURUSD,buy,2010-08-19T11:00:00+00:00,2010-08-19T12:00:00+00:00,1.28420,1.28376,1.28420,1.28895,1941.9910,-0.84524,
EURUSD,buy,2010-08-20T23:00:00+00:00,2010-08-23T07:00:00+00:00,1.27113,1.26778,1.26821,1.27583,7903.3081,-26.50116,
EURUSD,sell,2010-08-22T07:00:00+00:00,2010-08-23T14:00:00+00:00,1.27010,1.26756,1.27302,1.26540,5928.7408,15.07057,
EURUSD,sell,2010-08-22T07:00:00+00:00,2010-08-23T14:00:00+00:00,1.27010,1.27053,1.27010,1.26540,1976.2469,-0.85185,
EURUSD,sell,2010-08-23T15:00:00+00:00,2010-08-23T23:00:00+00:00,1.26566,1.26313,1.26857,1.26098,5913.1524,14.97841,
EURUSD,sell,2010-08-23T15:00:00+00:00,2010-08-24T00:00:00+00:00,1.26566,1.26468,1.26425,1.26098,1971.0508,1.93340,
EURUSD,buy,2010-08-25T03:00:00+00:00,2010-08-25T05:00:00+00:00,1.26583,1.26249,1.26292,1.27051,7954.7004,-26.56389,
EURUSD,sell,2010-08-28T00:00:00+00:00,2010-08-30T05:00:00+00:00,1.27559,1.27303,1.27852,1.27087,5838.7675,14.90600,
EURUSD,sell,2010-08-28T00:00:00+00:00,2010-08-30T06:00:00+00:00,1.27559,1.27426,1.27383,1.27087,1946.2558,2.57888,
EURUSD,sell,2010-09-02T19:00:00+00:00,2010-09-03T10:00:00+00:00,1.28160,1.28498,1.28454,1.27685,7816.7214,-26.45126,
EURUSD,sell,2010-09-05T06:00:00+00:00,2010-09-06T23:00:00+00:00,1.28901,1.28643,1.29198,1.28424,5751.8754,14.83872,
EURUSD,sell,2010-09-05T06:00:00+00:00,2010-09-06T23:00:00+00:00,1.28901,1.28463,1.28901,1.28424,1917.2918,8.40830,
EURUSD,sell,2010-09-08T13:00:00+00:00,2010-09-08T14:00:00+00:00,1.27245,1.27581,1.27538,1.26774,7860.3265,-26.41177,
EURUSD,sell,2010-09-11T19:00:00+00:00,2010-09-12T21:00:00+00:00,1.26669,1.27004,1.26960,1.26200,7791.8351,-26.06491,
EURUSD,buy,2010-09-12T21:00:00+00:00,2010-09-12T23:00:00+00:00,1.27103,1.27357,1.26811,1.27573,5750.4875,14.60801,
EURUSD,buy,2010-09-12T21:00:00+00:00,2010-09-12T23:00:00+00:00,1.27103,1.27535,1.27103,1.27573,1916.8292,8.27818,
EURUSD,buy,2010-09-18T01:00:00+00:00,2010-09-20T06:00:00+00:00,1.30546,1.30807,1.30246,1.31029,5664.5852,14.77959,
EURUSD,buy,2010-09-18T01:00:00+00:00,2010-09-20T06:00:00+00:00,1.30546,1.30990,1.30546,1.31029,1888.1951,8.37541,
EURUSD,buy,2010-09-19T10:00:00+00:00,2010-09-20T06:00:00+00:00,1.30546,1.30807,1.30246,1.31029,5664.5852,14.77959,
EURUSD,buy,2010-09-19T10:00:00+00:00,2010-09-20T06:00:00+00:00,1.30546,1.30990,1.30546,1.31029,1888.1951,8.37541,
EURUSD,buy,2010-09-22T13:00:00+00:00,2010-09-22T14:00:00+00:00,1.34225,1.33871,1.33917,1.34722,7518.3195,-26.59974,
EURUSD,buy,2010-09-25T23:00:00+00:00,2010-09-27T01:00:00+00:00,1.34903,1.34548,1.34593,1.35402,7381.9048,-26.24720,
EURUSD,sell,2010-09-27T19:00:00+00:00,2010-09-27T20:00:00+00:00,1.34656,1.34386,1.34965,1.34157,5470.2194,14.74208,
EURUSD,sell,2010-09-27T19:00:00+00:00,2010-09-27T20:00:00+00:00,1.34656,1.34701,1.34656,1.34157,1823.4065,-0.82779,
EURUSD,sell,2010-09-30T03:00:00+00:00,2010-09-30T07:00:00+00:00,1.35894,1.36253,1.36207,1.35391,7278.3269,-26.09383,
EURUSD,sell,2010-10-01T08:00:00+00:00,2010-10-01T09:00:00+00:00,1.37160,1.37522,1.37475,1.36652,7116.0739,-25.74641,
EURUSD,sell,2010-10-04T20:00:00+00:00,2010-10-04T23:00:00+00:00,1.36806,1.36532,1.37121,1.36300,5280.3089,14.45752,
EURUSD,sell,2010-10-04T20:00:00+00:00,2010-10-05T00:00:00+00:00,1.36806,1.36770,1.36724,1.36300,1760.1030,0.63236,
EURUSD,sell,2010-10-06T06:00:00+00:00,2010-10-06T07:00:00+00:00,1.38392,1.38757,1.38711,1.37880,7014.2031,-25.60275,
EURUSD,buy,2010-10-07T16:00:00+00:00,2010-10-07T18:00:00+00:00,1.38879,1.39156,1.38559,1.39392,5176.2290,14.36744,
EURUSD,buy,2010-10-07T16:00:00+00:00,2010-10-07T19:00:00+00:00,1.38879,1.39007,1.39054,1.39392,1725.4097,2.21947,
EURUSD,sell,2010-10-15T14:00:00+00:00,2010-10-15T15:00:00+00:00,1.40058,1.40427,1.40380,1.39540,6898.6172,-25.47974,
EURUSD,buy,2010-10-18T03:00:00+00:00,2010-10-18T08:00:00+00:00,1.38848,1.38482,1.38528,1.39361,6871.1468,-25.13540,
EURUSD,sell,2010-10-20T09:00:00+00:00,2010-10-20T13:00:00+00:00,1.38432,1.38798,1.38751,1.37920,6796.8622,-24.81650,
EURUSD,sell,2010-10-21T15:00:00+00:00,2010-10-21T16:00:00+00:00,1.39676,1.39397,1.39997,1.39159,4985.6521,13.93714,
EURUSD,sell,2010-10-21T15:00:00+00:00,2010-10-21T16:00:00+00:00,1.39676,1.39723,1.39676,1.39159,1661.8840,-0.77950,
EURUSD,sell,2010-10-24T19:00:00+00:00,2010-10-25T00:00:00+00:00,1.39483,1.39851,1.39804,1.38967,6703.8830,-24.66025,
EURUSD,buy,2010-10-27T06:00:00+00:00,2010-10-27T09:00:00+00:00,1.37979,1.38255,1.37662,1.38490,5018.7176,13.84004,
EURUSD,buy,2010-10-27T06:00:00+00:00,2010-10-27T09:00:00+00:00,1.37979,1.37933,1.37979,1.38490,1672.9059,-0.77610,
EURUSD,buy,2010-10-31T07:00:00+00:00,2010-10-31T22:00:00+00:00,1.39489,1.39768,1.39168,1.40005,4999.5399,13.93798,
EURUSD,buy,2010-10-31T07:00:00+00:00,2010-10-31T23:00:00+00:00,1.39489,1.39592,1.39639,1.40005,1666.5133,1.72110,
EURUSD,buy,2010-11-04T22:00:00+00:00,2010-11-05T05:00:00+00:00,1.42159,1.41784,1.41832,1.42684,6595.9544,-24.69623,
EURUSD,sell,2010-11-06T15:00:00+00:00,2010-11-07T22:00:00+00:00,1.40241,1.40611,1.40564,1.39722,6594.1172,-24.38646,
EURUSD,buy,2010-11-10T08:00:00+00:00,2010-11-10T10:00:00+00:00,1.38028,1.37665,1.37711,1.38539,6615.4733,-24.05928,
EURUSD,buy,2010-11-12T14:00:00+00:00,2010-11-12T15:00:00+00:00,1.37682,1.37320,1.37366,1.38192,6544.7045,-23.74304,
EURUSD,buy,2010-11-13T22:00:00+00:00,2010-11-15T00:00:00+00:00,1.36936,1.37210,1.36621,1.37443,4870.2371,13.32902,
EURUSD,buy,2010-11-13T22:00:00+00:00,2010-11-15T00:00:00+00:00,1.36936,1.36890,1.36936,1.37443,1623.4124,-0.74806,
EURUSD,sell,2010-11-16T12:00:00+00:00,2010-11-16T14:00:00+00:00,1.36118,1.35846,1.36431,1.35614,4931.2126,13.43382,
EURUSD,sell,2010-11-16T12:00:00+00:00,2010-11-16T14:00:00+00:00,1.36118,1.36164,1.36118,1.35614,1643.7375,-0.75344,
EURUSD,buy,2010-11-19T20:00:00+00:00,2010-11-21T22:00:00+00:00,1.36891,1.37165,1.36576,1.37397,4941.0604,13.51841,
EURUSD,buy,2010-11-19T20:00:00+00:00,2010-11-21T22:00:00+00:00,1.36891,1.37356,1.36891,1.37397,1647.0201,7.66072,
EURUSD,sell,2010-11-21T07:00:00+00:00,2010-11-21T22:00:00+00:00,1.36673,1.37034,1.36987,1.36167,6594.6342,-23.77629,
EURUSD,sell,2010-11-24T16:00:00+00:00,2010-11-24T19:00:00+00:00,1.33553,1.33286,1.33860,1.33059,5054.2332,13.50947,
EURUSD,sell,2010-11-24T16:00:00+00:00,2010-11-24T20:00:00+00:00,1.33553,1.33372,1.33327,1.33059,1684.7444,3.04808,
EURUSD,buy,2010-11-26T16:00:00+00:00,2010-11-28T22:00:00+00:00,1.32459,1.32723,1.32154,1.32949,5145.9327,13.62307,
EURUSD,sell,2010-11-27T17:00:00+00:00,2010-11-28T22:00:00+00:00,1.32336,1.32686,1.32641,1.31846,6863.4723,-23.97126,
EURUSD,buy,2010-11-26T16:00:00+00:00,2010-11-28T23:00:00+00:00,1.32459,1.32608,1.32653,1.32949,1715.3109,2.56405,
EURUSD,buy,2010-12-01T10:00:00+00:00,2010-12-01T13:00:00+00:00,1.31174,1.30828,1.30873,1.31660,6898.7451,-23.86075,
EURUSD,sell,2010-12-03T12:00:00+00:00,2010-12-03T13:00:00+00:00,1.32419,1.32769,1.32724,1.31929,6739.7200,-23.55359,
EURUSD,buy,2010-12-05T04:00:00+00:00,2010-12-06T00:00:00+00:00,1.33993,1.33640,1.33685,1.34489,6576.6334,-23.22840,
EURUSD,buy,2010-12-06T12:00:00+00:00,2010-12-06T13:00:00+00:00,1.32911,1.32560,1.32605,1.33402,6542.7789,-22.92481,
EURUSD,buy,2010-12-11T03:00:00+00:00,2010-12-12T22:00:00+00:00,1.32264,1.31915,1.31960,1.32753,6488.1048,-22.62412,
EURUSD,buy,2010-12-16T17:00:00+00:00,2010-12-16T19:00:00+00:00,1.32365,1.32016,1.32060,1.32854,6397.6656,-22.32556,
EURUSD,buy,2010-12-18T01:00:00+00:00,2010-12-19T23:00:00+00:00,1.31890,1.31542,1.31586,1.32377,6336.0510,-22.03231,
EURUSD,buy,2010-12-19T01:00:00+00:00,2010-12-19T23:00:00+00:00,1.31890,1.31542,1.31586,1.32377,6336.0510,-22.03231,
EURUSD,buy,2010-12-22T20:00:00+00:00,2010-12-23T05:00:00+00:00,1.31017,1.31279,1.30716,1.31502,4657.5151,12.19588,
EURUSD,buy,2010-12-22T20:00:00+00:00,2010-12-23T06:00:00+00:00,1.31017,1.31198,1.31242,1.31502,1552.5050,2.79972,
EURUSD,buy,2011-01-05T02:00:00+00:00,2011-01-05T08:00:00+00:00,1.32826,1.32476,1.32520,1.33317,6181.9304,-21.64680,
EURUSD,buy,2011-01-07T16:00:00+00:00,2011-01-07T17:00:00+00:00,1.29456,1.29114,1.29158,1.29935,6259.2273,-21.36932,
EURUSD,buy,2011-01-10T00:00:00+00:00,2011-01-10T07:00:00+00:00,1.29068,1.28727,1.28771,1.29545,6195.2410,-21.08838,
EURUSD,sell,2011-01-13T18:00:00+00:00,2011-01-14T00:00:00+00:00,1.33603,1.33336,1.33910,1.33108,4426.8400,11.83694,
EURUSD,sell,2011-01-13T18:00:00+00:00,2011-01-14T01:00:00+00:00,1.33603,1.33534,1.33489,1.33108,1475.6133,1.01609,
EURUSD,buy,2011-01-17T04:00:00+00:00,2011-01-17T06:00:00+00:00,1.33403,1.33051,1.33096,1.33896,5963.0338,-20.96974,
EURUSD,buy,2011-01-18T20:00:00+00:00,2011-01-19T01:00:00+00:00,1.33870,1.34138,1.33562,1.34365,4397.9108,11.76686,
EURUSD,buy,2011-01-18T20:00:00+00:00,2011-01-19T02:00:00+00:00,1.33870,1.34154,1.34199,1.34365,1465.9703,4.15739,
EURUSD,buy,2011-01-21T13:00:00+00:00,2011-01-21T15:00:00+00:00,1.35499,1.35769,1.35187,1.36000,4389.1391,11.88624,
EURUSD,buy,2011-01-21T13:00:00+00:00,2011-01-21T15:00:00+00:00,1.35499,1.35453,1.35499,1.36000,1463.0464,-0.66785,
EURUSD,buy,2011-01-24T14:00:00+00:00,2011-01-24T15:00:00+00:00,1.36429,1.36702,1.36115,1.36934,4390.0555,11.97035,
EURUSD,buy,2011-01-24T14:00:00+00:00,2011-01-24T15:00:00+00:00,1.36429,1.36383,1.36429,1.36934,1463.3518,-0.67208,
EURUSD,sell,2011-01-25T23:00:00+00:00,2011-01-26T09:00:00+00:00,1.36805,1.37166,1.37120,1.36299,5875.0980,-21.20224,
EURUSD,buy,2011-01-31T21:00:00+00:00,2011-02-01T04:00:00+00:00,1.36970,1.37244,1.36655,1.37477,4345.5872,11.89610,
EURUSD,buy,2011-01-31T21:00:00+00:00,2011-02-01T05:00:00+00:00,1.36970,1.37138,1.37184,1.37477,1448.5291,2.43016,
EURUSD,sell,2011-02-03T17:00:00+00:00,2011-02-03T18:00:00+00:00,1.36466,1.36193,1.36780,1.35961,4398.3770,12.01287,
EURUSD,sell,2011-02-03T17:00:00+00:00,2011-02-03T18:00:00+00:00,1.36466,1.36512,1.36466,1.35961,1466.1257,-0.67356,
EURUSD,buy,2011-02-04T21:00:00+00:00,2011-02-07T02:00:00+00:00,1.35839,1.36110,1.35526,1.36341,4452.6539,12.08851,
EURUSD,sell,2011-02-06T01:00:00+00:00,2011-02-07T02:00:00+00:00,1.35723,1.36081,1.36036,1.35221,5938.3587,-21.26344,
EURUSD,buy,2011-02-04T21:00:00+00:00,2011-02-07T03:00:00+00:00,1.35839,1.36062,1.36108,1.36341,1484.2180,3.31618,
EURUSD,buy,2011-02-08T09:00:00+00:00,2011-02-08T10:00:00+00:00,1.36096,1.36368,1.35783,1.36599,4428.0950,12.04459,
EURUSD,buy,2011-02-08T09:00:00+00:00,2011-02-08T10:00:00+00:00,1.36096,1.36050,1.36096,1.36599,1476.0317,-0.67642,
EURUSD,sell,2011-02-10T06:00:00+00:00,2011-02-10T08:00:00+00:00,1.36800,1.36526,1.37115,1.36294,4433.8139,12.13928,
EURUSD,sell,2011-02-10T06:00:00+00:00,2011-02-10T08:00:00+00:00,1.36800,1.36846,1.36800,1.36294,1477.9380,-0.68046,
EURUSD,sell,2011-02-14T16:00:00+00:00,2011-02-14T18:00:00+00:00,1.34692,1.35047,1.35001,1.34193,6046.8148,-21.48951,
EURUSD,buy,2011-02-18T13:00:00+00:00,2011-02-18T14:00:00+00:00,1.36423,1.36063,1.36109,1.36928,5894.8739,-21.19265,
EURUSD,sell,2011-02-21T01:00:00+00:00,2011-02-21T14:00:00+00:00,1.36867,1.36593,1.37182,1.36360,4346.1213,11.90502,
EURUSD,sell,2011-02-21T01:00:00+00:00,2011-02-21T15:00:00+00:00,1.36867,1.36729,1.36683,1.36360,1448.7071,1.99807,
EURUSD,sell,2011-02-24T15:00:00+00:00,2011-02-24T23:00:00+00:00,1.37874,1.38237,1.38191,1.37363,5802.9214,-21.10309,
EURUSD,sell,2011-03-04T01:00:00+00:00,2011-03-04T13:00:00+00:00,1.39513,1.39881,1.39834,1.38997,5659.1191,-20.82150,
EURUSD,sell,2011-03-05T16:00:00+00:00,2011-03-07T09:00:00+00:00,1.39793,1.40162,1.40115,1.39276,5573.3373,-20.54646,
EURUSD,buy,2011-03-13T01:00:00+00:00,2011-03-13T21:00:00+00:00,1.39048,1.39326,1.38728,1.39562,4149.5028,11.53162,
EURUSD,buy,2011-03-13T01:00:00+00:00,2011-03-13T21:00:00+00:00,1.39048,1.39520,1.39048,1.39562,1383.1676,6.53483,
EURUSD,sell,2011-03-26T10:00:00+00:00,2011-03-27T21:00:00+00:00,1.40802,1.40520,1.41126,1.40281,4143.4545,11.67617,
EURUSD,sell,2011-03-27T20:00:00+00:00,2011-03-27T21:00:00+00:00,1.40802,1.40520,1.41126,1.40281,4143.4545,11.67617,
EURUSD,sell,2011-03-26T10:00:00+00:00,2011-03-27T22:00:00+00:00,1.40802,1.40558,1.40511,1.40281,1381.1515,3.36437,
EURUSD,sell,2011-03-27T20:00:00+00:00,2011-03-27T22:00:00+00:00,1.40802,1.40558,1.40511,1.40281,1381.1515,3.36437,
EURUSD,buy,2011-03-29T03:00:00+00:00,2011-03-29T05:00:00+00:00,1.40879,1.41161,1.40555,1.41400,4223.7559,11.89258,
EURUSD,buy,2011-03-29T03:00:00+00:00,2011-03-29T06:00:00+00:00,1.40879,1.41037,1.41084,1.41400,1407.9186,2.21642,
EURUSD,sell,2011-03-31T14:00:00+00:00,2011-03-31T20:00:00+00:00,1.41859,1.41576,1.42186,1.41334,4229.3413,12.00772,
EURUSD,sell,2011-03-31T14:00:00+00:00,2011-03-31T21:00:00+00:00,1.41859,1.41793,1.41745,1.41334,1409.7804,0.94321,
EURUSD,sell,2011-04-02T06:00:00+00:00,2011-04-04T00:00:00+00:00,1.42269,1.42644,1.42597,1.41743,5668.3773,-21.26197,
EURUSD,sell,2011-04-11T00:00:00+00:00,2011-04-12T00:00:00+00:00,1.44447,1.44158,1.44779,1.43912,4132.0184,11.94536,
EURUSD,sell,2011-04-11T00:00:00+00:00,2011-04-12T01:00:00+00:00,1.44447,1.44256,1.44208,1.43912,1377.3395,2.62230,
EURUSD,sell,2011-04-14T13:00:00+00:00,2011-04-14T14:00:00+00:00,1.44303,1.44683,1.44635,1.43769,5565.3150,-21.16977,
EURUSD,buy,2011-04-15T22:00:00+00:00,2011-04-17T23:00:00+00:00,1.44317,1.43937,1.43985,1.44851,5494.7258,-20.88130,
EURUSD,buy,2011-04-18T05:00:00+00:00,2011-04-18T07:00:00+00:00,1.43760,1.43382,1.43430,1.44292,5443.3743,-20.60733,
EURUSD,sell,2011-04-20T22:00:00+00:00,2011-04-21T00:00:00+00:00,1.45074,1.45457,1.45408,1.44538,5319.8208,-20.34275,
EURUSD,buy,2011-04-22T16:00:00+00:00,2011-04-25T00:00:00+00:00,1.45562,1.45853,1.45227,1.46100,3926.4750,11.42300,
EURUSD,buy,2011-04-22T16:00:00+00:00,2011-04-25T01:00:00+00:00,1.45562,1.45701,1.45750,1.46100,1308.8250,1.82740,
EURUSD,sell,2011-04-26T07:00:00+00:00,2011-04-26T09:00:00+00:00,1.45962,1.46347,1.46298,1.45422,5263.1781,-20.24769,
EURUSD,sell,2011-04-29T21:00:00+00:00,2011-05-01T22:00:00+00:00,1.47994,1.48384,1.48334,1.47446,5122.5478,-19.97738,
EURUSD,buy,2011-05-01T03:00:00+00:00,2011-05-02T00:00:00+00:00,1.48128,1.48424,1.47788,1.48676,3840.7174,11.37054,
EURUSD,buy,2011-05-01T03:00:00+00:00,2011-05-02T00:00:00+00:00,1.48128,1.48079,1.48128,1.48676,1280.2391,-0.63291,
EURUSD,sell,2011-05-04T07:00:00+00:00,2011-05-04T09:00:00+00:00,1.48440,1.48832,1.48782,1.47891,5076.0134,-19.85491,
EURUSD,sell,2011-05-09T06:00:00+00:00,2011-05-09T07:00:00+00:00,1.43941,1.44320,1.44272,1.43408,5165.7434,-19.60122,
EURUSD,buy,2011-05-12T16:00:00+00:00,2011-05-12T17:00:00+00:00,1.42363,1.42647,1.42035,1.42889,3867.9584,11.00546,
EURUSD,buy,2011-05-12T16:00:00+00:00,2011-05-12T17:00:00+00:00,1.42363,1.42315,1.42363,1.42889,1289.3195,-0.61510,
EURUSD,buy,2011-05-13T18:00:00+00:00,2011-05-15T21:00:00+00:00,1.41132,1.40761,1.40808,1.41654,5239.0600,-19.47609,
EURUSD,buy,2011-05-15T02:00:00+00:00,2011-05-15T21:00:00+00:00,1.41135,1.40764,1.40811,1.41657,5238.9486,-19.47609,
EURUSD,sell,2011-05-22T06:00:00+00:00,2011-05-22T22:00:00+00:00,1.41523,1.41239,1.41848,1.40999,3812.9281,10.79975,
EURUSD,sell,2011-05-22T06:00:00+00:00,2011-05-22T23:00:00+00:00,1.41523,1.41293,1.41246,1.40999,1270.9760,2.91251,
EURUSD,sell,2011-05-25T08:00:00+00:00,2011-05-25T09:00:00+00:00,1.40594,1.40965,1.40917,1.40073,5166.2378,-19.15328,
EURUSD,buy,2011-05-29T02:00:00+00:00,2011-05-29T23:00:00+00:00,1.43136,1.42759,1.42807,1.43665,5010.6041,-18.88769,
EURUSD,sell,2011-05-28T00:00:00+00:00,2011-05-30T04:00:00+00:00,1.43050,1.42764,1.43379,1.42521,3757.9531,10.75893,
EURUSD,sell,2011-05-28T00:00:00+00:00,2011-05-30T05:00:00+00:00,1.43050,1.42818,1.42770,1.42521,1252.6510,2.90915,
EURUSD,buy,2011-05-31T09:00:00+00:00,2011-05-31T11:00:00+00:00,1.44142,1.43763,1.43811,1.44675,4957.5123,-18.81720,
EURUSD,sell,2011-06-01T20:00:00+00:00,2011-06-02T00:00:00+00:00,1.43229,1.43607,1.43559,1.42699,4920.4587,-18.57939,
EURUSD,buy,2011-06-04T06:00:00+00:00,2011-06-05T21:00:00+00:00,1.46399,1.46013,1.46062,1.46940,4753.3345,-18.32095,
EURUSD,buy,2011-06-10T16:00:00+00:00,2011-06-10T17:00:00+00:00,1.43793,1.43414,1.43463,1.44325,4775.7481,-18.08396,
EURUSD,sell,2011-06-15T21:00:00+00:00,2011-06-15T23:00:00+00:00,1.41581,1.41954,1.41906,1.41057,4783.6285,-17.85759,
EURUSD,buy,2011-06-20T03:00:00+00:00,2011-06-20T04:00:00+00:00,1.42575,1.42199,1.42247,1.43102,4690.4767,-17.61256,
EURUSD,buy,2011-06-23T23:00:00+00:00,2011-06-24T06:00:00+00:00,1.42657,1.42281,1.42329,1.43184,4626.0307,-17.38043,
EURUSD,buy,2011-06-25T17:00:00+00:00,2011-06-26T23:00:00+00:00,1.41898,1.41524,1.41571,1.42422,4589.5212,-17.15271,
EURUSD,sell,2011-06-27T03:00:00+00:00,2011-06-27T07:00:00+00:00,1.41229,1.41601,1.41554,1.40706,4547.7853,-16.93554,
EURUSD,buy,2011-06-28T09:00:00+00:00,2011-06-28T11:00:00+00:00,1.42715,1.42339,1.42387,1.43243,4443.7760,-16.70238,
EURUSD,sell,2011-07-01T08:00:00+00:00,2011-07-01T09:00:00+00:00,1.45240,1.44950,1.45575,1.44703,3229.8010,9.38843,
EURUSD,sell,2011-07-01T08:00:00+00:00,2011-07-01T09:00:00+00:00,1.45240,1.45289,1.45240,1.44703,1076.6003,-0.52294,
EURUSD,buy,2011-07-02T11:00:00+00:00,2011-07-03T23:00:00+00:00,1.45270,1.45560,1.44936,1.45807,3253.9832,9.44757,
EURUSD,buy,2011-07-02T11:00:00+00:00,2011-07-04T00:00:00+00:00,1.45270,1.45443,1.45492,1.45807,1084.6611,1.88499,
EURUSD,sell,2011-07-05T12:00:00+00:00,2011-07-05T15:00:00+00:00,1.44827,1.44537,1.45160,1.44291,3291.3141,9.53997,
EURUSD,sell,2011-07-05T12:00:00+00:00,2011-07-05T16:00:00+00:00,1.44827,1.44746,1.44698,1.44291,1097.1047,0.87909,
EURUSD,buy,2011-07-06T17:00:00+00:00,2011-07-07T07:00:00+00:00,1.43185,1.42808,1.42856,1.43715,4477.7897,-16.88493,
EURUSD,buy,2011-07-10T02:00:00+00:00,2011-07-10T21:00:00+00:00,1.42679,1.42303,1.42351,1.43207,4434.4857,-16.66331,
EURUSD,sell,2011-07-13T05:00:00+00:00,2011-07-13T07:00:00+00:00,1.40025,1.40394,1.40347,1.39507,4456.3362,-16.45546,
EURUSD,buy,2011-07-17T08:00:00+00:00,2011-07-17T21:00:00+00:00,1.41526,1.41154,1.41201,1.42050,4353.5518,-16.22882,
EURUSD,buy,2011-07-18T14:00:00+00:00,2011-07-18T16:00:00+00:00,1.40294,1.40574,1.39971,1.40813,3250.4537,9.11410,
EURUSD,buy,2011-07-18T14:00:00+00:00,2011-07-18T17:00:00+00:00,1.40294,1.40461,1.40508,1.40813,1083.4846,1.80697,
EURUSD,sell,2011-07-22T17:00:00+00:00,2011-07-24T21:00:00+00:00,1.43679,1.44058,1.44009,1.43147,4267.2941,-16.16301,
EURUSD,sell,2011-07-28T18:00:00+00:00,2011-07-29T03:00:00+00:00,1.43058,1.43435,1.43387,1.42529,4229.3382,-15.95095,
EURUSD,sell,2011-07-31T11:00:00+00:00,2011-07-31T21:00:00+00:00,1.43929,1.43641,1.44260,1.43396,3111.2667,8.96220,
EURUSD,sell,2011-07-31T11:00:00+00:00,2011-07-31T22:00:00+00:00,1.43929,1.43794,1.43746,1.43396,1037.0889,1.39678,
EURUSD,sell,2011-08-01T18:00:00+00:00,2011-08-02T06:00:00+00:00,1.42604,1.42319,1.42932,1.42076,3167.3986,9.03992,
EURUSD,sell,2011-08-01T18:00:00+00:00,2011-08-02T06:00:00+00:00,1.42604,1.42119,1.42604,1.42076,1055.7995,5.12243,
EURUSD,sell,2011-08-03T21:00:00+00:00,2011-08-04T01:00:00+00:00,1.43601,1.43314,1.43931,1.43069,3182.3870,9.14618,
EURUSD,sell,2011-08-03T21:00:00+00:00,2011-08-04T02:00:00+00:00,1.43601,1.43349,1.43301,1.43069,1060.7957,2.67230,
EURUSD,buy,2011-08-04T23:00:00+00:00,2011-08-05T01:00:00+00:00,1.40791,1.41073,1.40468,1.41312,3279.3322,9.22765,
EURUSD,buy,2011-08-04T23:00:00+00:00,2011-08-05T01:00:00+00:00,1.40791,1.40744,1.40791,1.41312,1093.1107,-0.51634,
EURUSD,buy,2011-08-07T01:00:00+00:00,2011-08-07T21:00:00+00:00,1.42818,1.43103,1.42489,1.43346,3255.6783,9.29296,
EURUSD,buy,2011-08-07T01:00:00+00:00,2011-08-07T21:00:00+00:00,1.42818,1.43303,1.42818,1.43346,1085.2261,5.26621,
EURUSD,sell,2011-08-08T06:00:00+00:00,2011-08-08T07:00:00+00:00,1.43582,1.43960,1.43912,1.43050,4365.8988,-16.52548,
EURUSD,buy,2011-08-11T21:00:00+00:00,2011-08-12T00:00:00+00:00,1.42423,1.42048,1.42095,1.42950,4346.0421,-16.30205,
EURUSD,buy,2011-08-15T09:00:00+00:00,2011-08-15T10:00:00+00:00,1.43028,1.42651,1.42699,1.43557,4270.6469,-16.08640,
EURUSD,buy,2011-08-16T17:00:00+00:00,2011-08-17T00:00:00+00:00,1.44119,1.43740,1.43788,1.44652,4182.4818,-15.87292,
EURUSD,sell,2011-08-18T11:00:00+00:00,2011-08-18T13:00:00+00:00,1.43671,1.43383,1.44001,1.43139,3103.3448,8.92336,
EURUSD,sell,2011-08-18T11:00:00+00:00,2011-08-18T13:00:00+00:00,1.43671,1.43719,1.43671,1.43139,1034.4483,-0.49760,
EURUSD,buy,2011-08-27T05:00:00+00:00,2011-08-29T00:00:00+00:00,1.45022,1.44641,1.44689,1.45559,4130.7477,-15.77355,
EURUSD,buy,2011-08-31T08:00:00+00:00,2011-08-31T14:00:00+00:00,1.44491,1.44111,1.44159,1.45026,4091.3332,-15.56657,
EURUSD,buy,2011-09-08T12:00:00+00:00,2011-09-08T15:00:00+00:00,1.39883,1.39514,1.39561,1.40400,4170.4622,-15.36820,
EURUSD,buy,2011-09-12T08:00:00+00:00,2011-09-12T09:00:00+00:00,1.36005,1.36277,1.35692,1.36508,3174.6501,8.62940,
EURUSD,buy,2011-09-12T08:00:00+00:00,2011-09-12T09:00:00+00:00,1.36005,1.35959,1.36005,1.36508,1058.2167,-0.48466,
EURUSD,buy,2011-09-15T18:00:00+00:00,2011-09-16T00:00:00+00:00,1.38932,1.38566,1.38612,1.39446,4173.0137,-15.27445,
EURUSD,sell,2011-09-17T09:00:00+00:00,2011-09-18T21:00:00+00:00,1.37873,1.37597,1.38190,1.37362,3110.3767,8.58264,
EURUSD,sell,2011-09-17T09:00:00+00:00,2011-09-18T21:00:00+00:00,1.37873,1.37404,1.37873,1.37362,1036.7922,4.86331,
EURUSD,sell,2011-09-20T16:00:00+00:00,2011-09-20T21:00:00+00:00,1.36720,1.37081,1.37035,1.36214,4231.2913,-15.26067,
EURUSD,buy,2011-09-24T18:00:00+00:00,2011-09-25T22:00:00+00:00,1.35026,1.35296,1.34716,1.35526,3172.8029,8.56234,
EURUSD,buy,2011-09-24T18:00:00+00:00,2011-09-25T22:00:00+00:00,1.35026,1.34981,1.35026,1.35526,1057.6010,-0.48128,
EURUSD,sell,2011-09-27T13:00:00+00:00,2011-09-27T14:00:00+00:00,1.36384,1.36111,1.36698,1.35879,3161.5493,8.62965,
EURUSD,sell,2011-09-27T13:00:00+00:00,2011-09-27T14:00:00+00:00,1.36384,1.36430,1.36384,1.35879,1053.8498,-0.48389,
EURUSD,sell,2011-09-29T21:00:00+00:00,2011-09-30T02:00:00+00:00,1.35786,1.35514,1.36099,1.35284,3197.9579,8.69077,
EURUSD,sell,2011-09-29T21:00:00+00:00,2011-09-30T03:00:00+00:00,1.35786,1.35506,1.35460,1.35284,1065.9860,2.99129,
EURUSD,buy,2011-10-02T01:00:00+00:00,2011-10-02T21:00:00+00:00,1.33884,1.33531,1.33576,1.34379,4370.7580,-15.42496,
EURUSD,buy,2011-10-05T12:00:00+00:00,2011-10-05T14:00:00+00:00,1.33162,1.33428,1.32856,1.33654,3252.3958,8.65593,
EURUSD,buy,2011-10-05T12:00:00+00:00,2011-10-05T14:00:00+00:00,1.33162,1.33117,1.33162,1.33654,1084.1319,-0.48729,
EURUSD,buy,2011-10-08T18:00:00+00:00,2011-10-10T00:00:00+00:00,1.33796,1.34064,1.33488,1.34291,3259.8813,8.71717,
EURUSD,buy,2011-10-08T18:00:00+00:00,2011-10-10T00:00:00+00:00,1.33796,1.34251,1.33796,1.34291,1086.6271,4.93991,
EURUSD,buy,2011-10-13T12:00:00+00:00,2011-10-13T13:00:00+00:00,1.37372,1.37010,1.37056,1.37880,4283.0834,-15.50376,
EURUSD,sell,2011-10-17T02:00:00+00:00,2011-10-17T07:00:00+00:00,1.38478,1.38844,1.38797,1.37966,4190.3569,-15.30472,
EURUSD,buy,2011-10-19T05:00:00+00:00,2011-10-19T06:00:00+00:00,1.38200,1.37836,1.37883,1.38712,4145.9180,-15.09649,
EURUSD,sell,2011-10-22T08:00:00+00:00,2011-10-23T21:00:00+00:00,1.38876,1.38598,1.39196,1.38362,3051.6976,8.48202,
EURUSD,sell,2011-10-22T08:00:00+00:00,2011-10-23T22:00:00+00:00,1.38876,1.38751,1.38704,1.38362,1017.2325,1.27878,
EURUSD,buy,2011-10-24T03:00:00+00:00,2011-10-24T05:00:00+00:00,1.38855,1.39132,1.38535,1.39368,3080.3745,8.54859,
EURUSD,buy,2011-10-24T03:00:00+00:00,2011-10-24T05:00:00+00:00,1.38855,1.38808,1.38855,1.39368,1026.7915,-0.47905,
EURUSD,sell,2011-10-26T10:00:00+00:00,2011-10-26T13:00:00+00:00,1.39145,1.39512,1.39465,1.38630,4125.1180,-15.13800,
EURUSD,buy,2011-10-28T10:00:00+00:00,2011-10-31T01:00:00+00:00,1.41614,1.41241,1.41289,1.42138,4002.1601,-14.92809,
EURUSD,sell,2011-11-02T21:00:00+00:00,2011-11-02T23:00:00+00:00,1.37436,1.37161,1.37752,1.36927,3050.3089,8.39022,
EURUSD,sell,2011-11-02T21:00:00+00:00,2011-11-02T23:00:00+00:00,1.37436,1.36968,1.37436,1.36927,1016.7696,4.75428,
EURUSD,buy,2011-11-05T09:00:00+00:00,2011-11-06T22:00:00+00:00,1.37928,1.38204,1.37611,1.38439,3076.9870,8.48222,
EURUSD,buy,2011-11-06T11:00:00+00:00,2011-11-06T22:00:00+00:00,1.37928,1.38204,1.37611,1.38439,3076.9870,8.48222,
EURUSD,buy,2011-11-05T09:00:00+00:00,2011-11-06T23:00:00+00:00,1.37928,1.38004,1.38050,1.38439,1025.6623,0.77151,
EURUSD,buy,2011-11-06T11:00:00+00:00,2011-11-06T23:00:00+00:00,1.37928,1.38004,1.38050,1.38439,1025.6623,0.77151,
EURUSD,sell,2011-11-09T02:00:00+00:00,2011-11-09T07:00:00+00:00,1.38313,1.38037,1.38632,1.37802,3116.7418,8.62770,
EURUSD,sell,2011-11-09T02:00:00+00:00,2011-11-09T08:00:00+00:00,1.38313,1.38126,1.38080,1.37802,1038.9139,1.94348,
EURUSD,sell,2011-11-14T19:00:00+00:00,2011-11-14T20:00:00+00:00,1.36076,1.36435,1.36389,1.35573,4262.8131,-15.30296,
EURUSD,buy,2011-11-17T11:00:00+00:00,2011-11-17T12:00:00+00:00,1.34711,1.34356,1.34402,1.35210,4251.7680,-15.09643,
EURUSD,sell,2011-11-21T21:00:00+00:00,2011-11-22T07:00:00+00:00,1.34851,1.35206,1.35161,1.34351,4188.8757,-14.90398,
EURUSD,sell,2011-11-23T13:00:00+00:00,2011-11-23T15:00:00+00:00,1.33880,1.33612,1.34188,1.33384,3122.7019,8.36711,
EURUSD,sell,2011-11-23T13:00:00+00:00,2011-11-23T16:00:00+00:00,1.33880,1.33646,1.33601,1.33384,1040.9006,2.43302,
EURUSD,sell,2011-12-03T02:00:00+00:00,2011-12-04T22:00:00+00:00,1.33885,1.34238,1.34193,1.33389,4203.7686,-14.85136,
EURUSD,buy,2011-12-04T07:00:00+00:00,2011-12-05T07:00:00+00:00,1.33965,1.34233,1.33657,1.34461,3152.8265,8.44155,
EURUSD,buy,2011-12-04T07:00:00+00:00,2011-12-05T07:00:00+00:00,1.33965,1.34420,1.33965,1.34461,1050.9422,4.78372,
EURUSD,sell,2011-12-06T07:00:00+00:00,2011-12-06T08:00:00+00:00,1.33442,1.33794,1.33749,1.32948,4211.6290,-14.83061,
EURUSD,buy,2011-12-08T19:00:00+00:00,2011-12-08T20:00:00+00:00,1.33413,1.33680,1.33106,1.33906,3119.6046,8.31818,
EURUSD,buy,2011-12-08T19:00:00+00:00,2011-12-08T20:00:00+00:00,1.33413,1.33368,1.33413,1.33906,1039.8682,-0.46817,
EURUSD,buy,2011-12-11T22:00:00+00:00,2011-12-12T04:00:00+00:00,1.33647,1.33295,1.33340,1.34141,4181.5651,-14.73151,
EURUSD,buy,2011-12-14T02:00:00+00:00,2011-12-14T11:00:00+00:00,1.30339,1.29995,1.30039,1.30821,4231.1635,-14.54252,
EURUSD,sell,2011-12-16T18:00:00+00:00,2011-12-16T21:00:00+00:00,1.30092,1.30435,1.30391,1.29610,4180.7820,-14.35765,
EURUSD,buy,2011-12-18T03:00:00+00:00,2011-12-19T03:00:00+00:00,1.30434,1.30090,1.30134,1.30917,4117.2631,-14.16121,
EURUSD,buy,2011-12-21T15:00:00+00:00,2011-12-21T17:00:00+00:00,1.30510,1.30771,1.30210,1.30993,3045.4464,7.94375,
EURUSD,buy,2011-12-21T15:00:00+00:00,2011-12-21T17:00:00+00:00,1.30510,1.30466,1.30510,1.30993,1015.1488,-0.44820,
EURUSD,buy,2011-12-24T03:00:00+00:00,2011-12-26T12:00:00+00:00,1.30478,1.30739,1.30178,1.30961,3067.7425,7.99994,
EURUSD,buy,2011-12-24T03:00:00+00:00,2011-12-26T13:00:00+00:00,1.30478,1.30690,1.30734,1.30961,1022.5808,2.16429,
EURUSD,buy,2011-12-29T13:00:00+00:00,2011-12-29T15:00:00+00:00,1.28965,1.29222,1.28668,1.29442,3133.3079,8.07615,
EURUSD,buy,2011-12-29T13:00:00+00:00,2011-12-29T16:00:00+00:00,1.28965,1.29038,1.29082,1.29442,1044.4360,0.76870,
EURUSD,sell,2011-12-31T10:00:00+00:00,2012-01-03T02:00:00+00:00,1.29445,1.29787,1.29743,1.28966,4193.8944,-14.33211,
EURUSD,buy,2012-01-03T04:00:00+00:00,2012-01-03T09:00:00+00:00,1.29829,1.30088,1.29530,1.30309,3096.5955,8.03501,
EURUSD,buy,2012-01-03T04:00:00+00:00,2012-01-03T09:00:00+00:00,1.29829,1.29785,1.29829,1.30309,1032.1985,-0.45362,
EURUSD,sell,2012-01-05T01:00:00+00:00,2012-01-05T08:00:00+00:00,1.29186,1.28928,1.29483,1.28708,3132.1350,8.09816,
EURUSD,sell,2012-01-05T01:00:00+00:00,2012-01-05T08:00:00+00:00,1.29186,1.29230,1.29186,1.28708,1044.0450,-0.45685,
EURUSD,sell,2012-01-11T19:00:00+00:00,2012-01-11T23:00:00+00:00,1.26924,1.27259,1.27216,1.26454,4280.7101,-14.34804,
EURUSD,buy,2012-01-15T18:00:00+00:00,2012-01-15T22:00:00+00:00,1.26806,1.26472,1.26514,1.27275,4230.6694,-14.15240,
EURUSD,buy,2012-01-18T21:00:00+00:00,2012-01-19T09:00:00+00:00,1.28666,1.28923,1.28370,1.29142,3085.8838,7.93546,
EURUSD,buy,2012-01-18T21:00:00+00:00,2012-01-19T09:00:00+00:00,1.28666,1.28622,1.28666,1.29142,1028.6279,-0.44846,
EURUSD,sell,2012-01-20T17:00:00+00:00,2012-01-22T22:00:00+00:00,1.29265,1.29006,1.29563,1.28787,3091.4403,7.99783,
EURUSD,sell,2012-01-20T17:00:00+00:00,2012-01-22T22:00:00+00:00,1.29265,1.28825,1.29265,1.28787,1030.4801,4.53194,
EURUSD,sell,2012-01-23T14:00:00+00:00,2012-01-24T02:00:00+00:00,1.30272,1.30011,1.30572,1.29790,3103.6080,8.09184,
EURUSD,sell,2012-01-23T14:00:00+00:00,2012-01-24T03:00:00+00:00,1.30272,1.30020,1.29976,1.29790,1034.5360,2.60612,
EURUSD,buy,2012-01-27T00:00:00+00:00,2012-01-27T03:00:00+00:00,1.30847,1.31109,1.30546,1.31331,3122.4848,8.16573,
EURUSD,buy,2012-01-27T00:00:00+00:00,2012-01-27T04:00:00+00:00,1.30847,1.30979,1.31023,1.31331,1040.8283,1.36819,
EURUSD,sell,2012-01-30T13:00:00+00:00,2012-01-30T14:00:00+00:00,1.30793,1.31138,1.31094,1.30309,4198.9852,-14.49671,
EURUSD,sell,2012-02-01T09:00:00+00:00,2012-02-01T12:00:00+00:00,1.31373,1.31719,1.31675,1.30886,4125.2950,-14.30452,
EURUSD,buy,2012-02-04T21:00:00+00:00,2012-02-05T22:00:00+00:00,1.31605,1.31258,1.31303,1.32092,4066.1038,-14.10902,
EURUSD,sell,2012-02-06T04:00:00+00:00,2012-02-06T09:00:00+00:00,1.30817,1.30555,1.31118,1.30333,3025.6914,7.92169,
EURUSD,sell,2012-02-06T04:00:00+00:00,2012-02-06T09:00:00+00:00,1.30817,1.30372,1.30817,1.30333,1008.5638,4.48879,
EURUSD,buy,2012-02-09T21:00:00+00:00,2012-02-10T05:00:00+00:00,1.32893,1.32543,1.32587,1.33384,4020.3212,-14.08466,
EURUSD,buy,2012-02-11T06:00:00+00:00,2012-02-12T22:00:00+00:00,1.31986,1.32249,1.31682,1.32474,2995.9382,7.90296,
EURUSD,buy,2012-02-11T06:00:00+00:00,2012-02-12T23:00:00+00:00,1.31986,1.32189,1.32234,1.32474,998.6461,2.03472,
EURUSD,sell,2012-02-14T22:00:00+00:00,2012-02-15T02:00:00+00:00,1.31236,1.31582,1.31538,1.30750,4052.8527,-14.03889,
EURUSD,buy,2012-02-15T23:00:00+00:00,2012-02-16T02:00:00+00:00,1.30587,1.30243,1.30287,1.31070,4021.6533,-13.84836,
EURUSD,sell,2012-02-26T14:00:00+00:00,2012-02-26T22:00:00+00:00,1.34405,1.34759,1.34714,1.33907,3853.5804,-13.66631,
EURUSD,buy,2012-02-27T22:00:00+00:00,2012-02-28T04:00:00+00:00,1.33979,1.34247,1.33671,1.34475,2862.8413,7.66593,
EURUSD,buy,2012-02-27T22:00:00+00:00,2012-02-28T05:00:00+00:00,1.33979,1.34252,1.34297,1.34475,954.2804,2.60071,
EURUSD,buy,2012-03-01T21:00:00+00:00,2012-03-02T07:00:00+00:00,1.33152,1.32801,1.32846,1.33644,3879.4007,-13.61708,
EURUSD,sell,2012-03-06T03:00:00+00:00,2012-03-06T10:00:00+00:00,1.31940,1.31676,1.32244,1.31452,2895.8152,7.64677,
EURUSD,sell,2012-03-06T03:00:00+00:00,2012-03-06T10:00:00+00:00,1.31940,1.31492,1.31940,1.31452,965.2717,4.33301,
EURUSD,sell,2012-03-11T02:00:00+00:00,2012-03-12T01:00:00+00:00,1.31168,1.30905,1.31469,1.30682,2947.1149,7.73666,
EURUSD,sell,2012-03-11T02:00:00+00:00,2012-03-12T02:00:00+00:00,1.31168,1.31020,1.30976,1.30682,982.3716,1.44746,
EURUSD,sell,2012-03-09T17:00:00+00:00,2012-03-12T05:00:00+00:00,1.31131,1.30868,1.31432,1.30645,2947.9462,7.73666,
EURUSD,sell,2012-03-09T17:00:00+00:00,2012-03-12T06:00:00+00:00,1.31131,1.30964,1.30920,1.30645,982.6487,1.63485,
EURUSD,buy,2012-03-17T13:00:00+00:00,2012-03-19T08:00:00+00:00,1.31765,1.31417,1.31462,1.32252,3984.4673,-13.84222,
EURUSD,sell,2012-03-16T13:00:00+00:00,2012-03-19T14:00:00+00:00,1.31592,1.31939,1.31894,1.31104,3987.3127,-13.84878,
EURUSD,buy,2012-03-22T20:00:00+00:00,2012-03-23T07:00:00+00:00,1.32039,1.32302,1.31735,1.32527,2903.4791,7.66214,
EURUSD,buy,2012-03-22T20:00:00+00:00,2012-03-23T07:00:00+00:00,1.32039,1.31994,1.32039,1.32527,967.8264,-0.43175,
EURUSD,buy,2012-03-24T09:00:00+00:00,2012-03-26T06:00:00+00:00,1.32716,1.32366,1.32411,1.33207,3878.7999,-13.57101,
EURUSD,buy,2012-03-26T10:00:00+00:00,2012-03-26T12:00:00+00:00,1.32407,1.32671,1.32102,1.32896,2877.4438,7.61460,
EURUSD,buy,2012-03-26T10:00:00+00:00,2012-03-26T12:00:00+00:00,1.32407,1.32857,1.32407,1.32896,959.1479,4.31510,
EURUSD,buy,2012-04-01T02:00:00+00:00,2012-04-01T22:00:00+00:00,1.33416,1.33683,1.33109,1.33910,2889.2173,7.70404,
EURUSD,buy,2012-04-01T02:00:00+00:00,2012-04-01T23:00:00+00:00,1.33416,1.33515,1.33560,1.33910,963.0724,0.95268,
EURUSD,sell,2012-04-05T02:00:00+00:00,2012-04-05T08:00:00+00:00,1.31512,1.31248,1.31814,1.31025,2953.9761,7.77500,
EURUSD,sell,2012-04-05T02:00:00+00:00,2012-04-05T08:00:00+00:00,1.31512,1.31556,1.31512,1.31025,984.6587,-0.43773,
EURUSD,sell,2012-04-09T15:00:00+00:00,2012-04-09T16:00:00+00:00,1.30814,1.31159,1.31115,1.30330,3987.6808,-13.76937,
EURUSD,buy,2012-04-14T11:00:00+00:00,2012-04-15T23:00:00+00:00,1.30784,1.30439,1.30484,1.31268,3938.3174,-13.58157,
EURUSD,sell,2012-04-20T08:00:00+00:00,2012-04-20T10:00:00+00:00,1.31531,1.31878,1.31833,1.31044,3862.0090,-13.40744,
EURUSD,sell,2012-04-22T21:00:00+00:00,2012-04-23T07:00:00+00:00,1.31868,1.31605,1.32172,1.31380,2850.9688,7.52425,
EURUSD,sell,2012-04-22T21:00:00+00:00,2012-04-23T07:00:00+00:00,1.31868,1.31420,1.31868,1.31380,950.3229,4.26358,
EURUSD,sell,2012-04-26T03:00:00+00:00,2012-04-26T07:00:00+00:00,1.32197,1.32546,1.32501,1.31708,3836.4052,-13.38510,
EURUSD,buy,2012-04-28T08:00:00+00:00,2012-04-30T09:00:00+00:00,1.32587,1.32237,1.32282,1.33077,3776.9407,-13.20196,
EURUSD,buy,2012-04-29T11:00:00+00:00,2012-04-30T09:00:00+00:00,1.32587,1.32237,1.32282,1.33077,3776.9407,-13.20196,
EURUSD,buy,2012-04-30T13:00:00+00:00,2012-05-01T07:00:00+00:00,1.32339,1.32603,1.32034,1.32828,2763.1739,7.30845,
EURUSD,buy,2012-04-30T13:00:00+00:00,2012-05-01T08:00:00+00:00,1.32339,1.32597,1.32642,1.32828,921.0580,2.38111,
EURUSD,sell,2012-05-05T18:00:00+00:00,2012-05-06T21:00:00+00:00,1.30843,1.30581,1.31144,1.30358,2820.8519,7.38685,
EURUSD,sell,2012-05-05T18:00:00+00:00,2012-05-06T21:00:00+00:00,1.30843,1.30398,1.30843,1.30358,940.2840,4.18573,
EURUSD,buy,2012-05-08T12:00:00+00:00,2012-05-08T17:00:00+00:00,1.30064,1.30324,1.29765,1.30545,2872.8202,7.46786,
EURUSD,buy,2012-05-08T12:00:00+00:00,2012-05-08T17:00:00+00:00,1.30064,1.30020,1.30064,1.30545,957.6067,-0.42152,
EURUSD,buy,2012-05-09T13:00:00+00:00,2012-05-09T17:00:00+00:00,1.29398,1.29656,1.29100,1.29876,2908.0376,7.52068,
EURUSD,buy,2012-05-09T13:00:00+00:00,2012-05-09T18:00:00+00:00,1.29398,1.29404,1.29448,1.29876,969.3459,0.06164,
EURUSD,buy,2012-05-14T15:00:00+00:00,2012-05-14T22:00:00+00:00,1.28495,1.28156,1.28199,1.28970,3934.1534,-13.33312,
EURUSD,buy,2012-05-22T16:00:00+00:00,2012-05-22T19:00:00+00:00,1.27395,1.27059,1.27102,1.27866,3915.7568,-13.15891,
EURUSD,buy,2012-05-26T05:00:00+00:00,2012-05-27T21:00:00+00:00,1.25157,1.25407,1.24869,1.25619,2949.9092,7.37891,
EURUSD,buy,2012-05-26T05:00:00+00:00,2012-05-27T21:00:00+00:00,1.25157,1.25582,1.25157,1.25619,983.3031,4.18154,
EURUSD,buy,2012-05-27T16:00:00+00:00,2012-05-27T21:00:00+00:00,1.25157,1.25407,1.24869,1.25619,2949.9092,7.37891,
EURUSD,buy,2012-05-27T16:00:00+00:00,2012-05-27T21:00:00+00:00,1.25157,1.25582,1.25157,1.25619,983.3031,4.18154,
EURUSD,sell,2012-06-01T09:00:00+00:00,2012-06-01T13:00:00+00:00,1.23187,1.23512,1.23470,1.22731,4087.5158,-13.30314,
EURUSD,buy,2012-06-03T21:00:00+00:00,2012-06-03T23:00:00+00:00,1.24406,1.24078,1.24120,1.24866,3996.4016,-13.11952,
EURUSD,sell,2012-06-07T15:00:00+00:00,2012-06-07T17:00:00+00:00,1.25628,1.25960,1.25917,1.25163,3902.9548,-12.95034,
EURUSD,buy,2012-06-09T16:00:00+00:00,2012-06-10T21:00:00+00:00,1.25076,1.25325,1.24788,1.25538,2903.0787,7.25707,
EURUSD,buy,2012-06-09T16:00:00+00:00,2012-06-10T21:00:00+00:00,1.25076,1.25500,1.25076,1.25538,967.6929,4.11249,
EURUSD,buy,2012-06-12T09:00:00+00:00,2012-06-12T12:00:00+00:00,1.25116,1.24785,1.24828,1.25578,3914.9837,-12.92439,
EURUSD,sell,2012-06-17T21:00:00+00:00,2012-06-17T23:00:00+00:00,1.27332,1.27077,1.27625,1.26861,2845.3490,7.25107,
EURUSD,sell,2012-06-17T21:00:00+00:00,2012-06-18T00:00:00+00:00,1.27332,1.27258,1.27215,1.26861,948.4497,0.69828,
EURUSD,buy,2012-06-19T07:00:00+00:00,2012-06-19T08:00:00+00:00,1.25986,1.25653,1.25696,1.26452,3868.1901,-12.85739,
EURUSD,buy,2012-06-20T17:00:00+00:00,2012-06-20T18:00:00+00:00,1.27115,1.26780,1.26823,1.27585,3783.2347,-12.68604,
EURUSD,sell,2012-06-22T00:00:00+00:00,2012-06-22T07:00:00+00:00,1.25512,1.25261,1.25801,1.25048,2834.0448,7.11906,
EURUSD,sell,2012-06-22T00:00:00+00:00,2012-06-22T08:00:00+00:00,1.25512,1.25522,1.25479,1.25048,944.6816,-0.08795,
EURUSD,sell,2012-06-25T01:00:00+00:00,2012-06-25T06:00:00+00:00,1.25323,1.25073,1.25612,1.24860,2859.3501,7.17182,
EURUSD,sell,2012-06-25T01:00:00+00:00,2012-06-25T06:00:00+00:00,1.25323,1.25366,1.25323,1.24860,953.1167,-0.40601,
EURUSD,sell,2012-06-27T13:00:00+00:00,2012-06-28T00:00:00+00:00,1.24585,1.24914,1.24871,1.24124,3862.2197,-12.71031,
EURUSD,sell,2012-06-28T19:00:00+00:00,2012-06-29T02:00:00+00:00,1.24423,1.24751,1.24709,1.23962,3816.1851,-12.54274,
EURUSD,sell,2012-07-01T12:00:00+00:00,2012-07-02T00:00:00+00:00,1.26589,1.26336,1.26880,1.26120,2776.0135,7.03311,
EURUSD,sell,2012-07-01T12:00:00+00:00,2012-07-02T01:00:00+00:00,1.26589,1.26393,1.26350,1.26120,925.3378,1.81464,
EURUSD,buy,2012-07-06T04:00:00+00:00,2012-07-06T12:00:00+00:00,1.23844,1.23517,1.23559,1.24302,3821.3905,-12.48916,
EURUSD,sell,2012-07-09T19:00:00+00:00,2012-07-10T03:00:00+00:00,1.23111,1.22865,1.23394,1.22655,2843.3489,7.00579,
EURUSD,sell,2012-07-09T19:00:00+00:00,2012-07-10T04:00:00+00:00,1.23111,1.22908,1.22866,1.22655,947.7830,1.92584,
EURUSD,sell,2012-07-13T22:00:00+00:00,2012-07-16T08:00:00+00:00,1.22446,1.22201,1.22728,1.21993,2886.1319,7.07280,
EURUSD,sell,2012-07-13T22:00:00+00:00,2012-07-16T09:00:00+00:00,1.22446,1.22140,1.22098,1.21993,962.0440,2.94986,
EURUSD,sell,2012-07-20T23:00:00+00:00,2012-07-22T21:00:00+00:00,1.21527,1.21283,1.21806,1.21077,2938.8925,7.14800,
EURUSD,buy,2012-07-22T12:00:00+00:00,2012-07-22T21:00:00+00:00,1.21571,1.21251,1.21292,1.22021,3919.4262,-12.57809,
EURUSD,sell,2012-07-20T23:00:00+00:00,2012-07-22T22:00:00+00:00,1.21527,1.21315,1.21274,1.21077,979.6308,2.06847,
EURUSD,sell,2012-07-23T16:00:00+00:00,2012-07-24T07:00:00+00:00,1.21311,1.21068,1.21590,1.20862,2933.7354,7.12278,
EURUSD,sell,2012-07-23T16:00:00+00:00,2012-07-24T07:00:00+00:00,1.21311,1.21352,1.21311,1.20862,977.9118,-0.40480,
EURUSD,sell,2012-08-02T02:00:00+00:00,2012-08-02T08:00:00+00:00,1.22404,1.22728,1.22686,1.21951,3904.1304,-12.62680,
EURUSD,sell,2012-08-03T03:00:00+00:00,2012-08-03T07:00:00+00:00,1.21722,1.22044,1.22003,1.21272,3874.1467,-12.46111,
EURUSD,sell,2012-08-12T21:00:00+00:00,2012-08-13T09:00:00+00:00,1.22820,1.23145,1.23103,1.22366,3788.8087,-12.29481,
EURUSD,buy,2012-08-14T05:00:00+00:00,2012-08-14T12:00:00+00:00,1.23633,1.23307,1.23349,1.24090,3716.4169,-12.12570,
EURUSD,buy,2012-08-16T06:00:00+00:00,2012-08-16T12:00:00+00:00,1.22677,1.22922,1.22395,1.23131,2771.9632,6.79642,
EURUSD,buy,2012-08-16T06:00:00+00:00,2012-08-16T12:00:00+00:00,1.22677,1.23094,1.22677,1.23131,923.9877,3.85145,
EURUSD,sell,2012-08-17T21:00:00+00:00,2012-08-20T06:00:00+00:00,1.23271,1.23597,1.23555,1.22815,3719.1046,-12.11224,
EURUSD,buy,2012-08-18T22:00:00+00:00,2012-08-20T06:00:00+00:00,1.23245,1.23491,1.22962,1.23701,2791.5924,6.87625,
EURUSD,buy,2012-08-18T22:00:00+00:00,2012-08-20T07:00:00+00:00,1.23245,1.23430,1.23472,1.23701,930.5308,1.72146,
EURUSD,sell,2012-08-21T08:00:00+00:00,2012-08-21T12:00:00+00:00,1.24028,1.24355,1.24313,1.23569,3682.2479,-12.06470,
EURUSD,sell,2012-08-27T01:00:00+00:00,2012-08-27T08:00:00+00:00,1.25022,1.25353,1.25310,1.24560,3604.7156,-11.90394,
EURUSD,sell,2012-08-28T14:00:00+00:00,2012-08-29T07:00:00+00:00,1.25625,1.25374,1.25914,1.25160,2655.0402,6.67541,
EURUSD,sell,2012-08-28T14:00:00+00:00,2012-08-29T08:00:00+00:00,1.25625,1.25584,1.25541,1.25160,885.0134,0.36850,
EURUSD,buy,2012-08-30T05:00:00+00:00,2012-08-30T14:00:00+00:00,1.25567,1.25235,1.25278,1.26031,3571.8895,-11.83362,
EURUSD,buy,2012-08-31T11:00:00+00:00,2012-08-31T12:00:00+00:00,1.25948,1.26199,1.25658,1.26414,2635.5665,6.63430,
EURUSD,buy,2012-08-31T11:00:00+00:00,2012-08-31T12:00:00+00:00,1.25948,1.25905,1.25948,1.26414,878.5222,-0.37586,
EURUSD,buy,2012-09-02T04:00:00+00:00,2012-09-03T15:00:00+00:00,1.25796,1.26047,1.25506,1.26261,2657.4142,6.68122,
EURUSD,buy,2012-09-02T04:00:00+00:00,2012-09-03T16:00:00+00:00,1.25796,1.25879,1.25922,1.26261,885.8047,0.73962,
EURUSD,sell,2012-09-04T08:00:00+00:00,2012-09-04T12:00:00+00:00,1.26008,1.25756,1.26298,1.25542,2673.4201,6.74211,
EURUSD,sell,2012-09-04T08:00:00+00:00,2012-09-04T13:00:00+00:00,1.26008,1.25819,1.25776,1.25542,891.1400,1.68828,
EURUSD,sell,2012-09-05T13:00:00+00:00,2012-09-05T15:00:00+00:00,1.25943,1.26276,1.26233,1.25477,3599.8582,-11.97413,
EURUSD,sell,2012-09-09T14:00:00+00:00,2012-09-10T04:00:00+00:00,1.28108,1.27851,1.28402,1.27633,2619.2390,6.71552,
EURUSD,sell,2012-09-09T14:00:00+00:00,2012-09-10T05:00:00+00:00,1.28108,1.27930,1.27887,1.27633,873.0797,1.54700,
EURUSD,sell,2012-09-11T07:00:00+00:00,2012-09-11T11:00:00+00:00,1.27973,1.27716,1.28267,1.27499,2646.2058,6.77751,
EURUSD,sell,2012-09-11T07:00:00+00:00,2012-09-11T12:00:00+00:00,1.27973,1.28008,1.27965,1.27499,882.0686,-0.31573,
EURUSD,sell,2012-09-13T20:00:00+00:00,2012-09-14T01:00:00+00:00,1.29845,1.30188,1.30144,1.29364,3502.2699,-12.00500,
EURUSD,buy,2012-09-17T06:00:00+00:00,2012-09-17T08:00:00+00:00,1.31244,1.30898,1.30943,1.31730,3421.2593,-11.83936,
EURUSD,buy,2012-09-22T13:00:00+00:00,2012-09-24T01:00:00+00:00,1.29745,1.29403,1.29447,1.30225,3415.1592,-11.68518,
EURUSD,buy,2012-09-23T22:00:00+00:00,2012-09-24T01:00:00+00:00,1.29777,1.29435,1.29479,1.30257,3414.3169,-11.68514,
EURUSD,sell,2012-09-28T16:00:00+00:00,2012-09-30T22:00:00+00:00,1.28712,1.28455,1.29009,1.28236,2512.2998,6.47175,
EURUSD,sell,2012-09-28T16:00:00+00:00,2012-09-30T23:00:00+00:00,1.28712,1.28426,1.28382,1.28236,837.4333,2.40225,
EURUSD,sell,2012-09-30T01:00:00+00:00,2012-09-30T23:00:00+00:00,1.28525,1.28268,1.28821,1.28050,2515.9540,6.47175,
EURUSD,sell,2012-09-30T01:00:00+00:00,2012-09-30T23:00:00+00:00,1.28525,1.28088,1.28525,1.28050,838.6513,3.66719,
EURUSD,sell,2012-10-01T01:00:00+00:00,2012-10-01T06:00:00+00:00,1.28108,1.28446,1.28402,1.27633,3439.7324,-11.63517,
EURUSD,sell,2012-10-03T08:00:00+00:00,2012-10-04T06:00:00+00:00,1.29126,1.29467,1.29423,1.28648,3367.5559,-11.48027,
EURUSD,sell,2012-10-08T02:00:00+00:00,2012-10-08T07:00:00+00:00,1.29937,1.29677,1.30236,1.29456,2476.7855,6.44096,
EURUSD,sell,2012-10-08T02:00:00+00:00,2012-10-08T08:00:00+00:00,1.29937,1.29807,1.29763,1.29456,825.5952,1.07391,
EURUSD,sell,2012-10-10T13:00:00+00:00,2012-10-10T14:00:00+00:00,1.28779,1.29119,1.29076,1.28303,3361.2357,-11.42839,
EURUSD,sell,2012-10-12T03:00:00+00:00,2012-10-12T07:00:00+00:00,1.29236,1.29577,1.29534,1.28758,3305.1515,-11.27698,
EURUSD,sell,2012-10-14T02:00:00+00:00,2012-10-15T00:00:00+00:00,1.29487,1.29228,1.29785,1.29008,2441.4112,6.32699,
EURUSD,sell,2012-10-14T02:00:00+00:00,2012-10-15T00:00:00+00:00,1.29487,1.29047,1.29487,1.29008,813.8037,3.58516,
EURUSD,buy,2012-10-22T01:00:00+00:00,2012-10-22T10:00:00+00:00,1.30417,1.30678,1.30117,1.30900,2453.9668,6.39637,
EURUSD,buy,2012-10-22T01:00:00+00:00,2012-10-22T11:00:00+00:00,1.30417,1.30581,1.30625,1.30900,817.9889,1.33905,
EURUSD,buy,2012-10-25T17:00:00+00:00,2012-10-26T06:00:00+00:00,1.29561,1.29219,1.29263,1.30040,3323.4413,-11.35547,
EURUSD,sell,2012-10-30T10:00:00+00:00,2012-10-30T15:00:00+00:00,1.29487,1.29829,1.29785,1.29008,3279.5040,-11.21088,
EURUSD,buy,2012-11-01T21:00:00+00:00,2012-11-02T05:00:00+00:00,1.29453,1.29111,1.29155,1.29932,3239.0282,-11.05795,
EURUSD,buy,2012-11-02T23:00:00+00:00,2012-11-05T07:00:00+00:00,1.28388,1.28049,1.28092,1.28862,3222.8269,-10.91342,
EURUSD,sell,2012-11-05T21:00:00+00:00,2012-11-06T16:00:00+00:00,1.27919,1.28256,1.28213,1.27445,3190.0553,-10.77494,
EURUSD,sell,2012-11-07T20:00:00+00:00,2012-11-08T09:00:00+00:00,1.27628,1.27372,1.27921,1.27155,2366.3452,6.04439,
EURUSD,sell,2012-11-07T20:00:00+00:00,2012-11-08T09:00:00+00:00,1.27628,1.27671,1.27628,1.27155,788.7817,-0.34146,
EURUSD,sell,2012-11-09T20:00:00+00:00,2012-11-11T23:00:00+00:00,1.27062,1.27397,1.27354,1.26592,3191.6121,-10.70906,
EURUSD,sell,2012-11-11T06:00:00+00:00,2012-11-12T06:00:00+00:00,1.27073,1.27408,1.27365,1.26603,3191.3359,-10.70905,
EURUSD,sell,2012-11-16T20:00:00+00:00,2012-11-19T01:00:00+00:00,1.27326,1.27662,1.27619,1.26855,3100.9142,-10.42603,
EURUSD,buy,2012-11-19T21:00:00+00:00,2012-11-19T22:00:00+00:00,1.28167,1.27829,1.27873,1.28642,3041.7144,-10.28273,
EURUSD,buy,2012-11-21T03:00:00+00:00,2012-11-21T04:00:00+00:00,1.27694,1.27357,1.27401,1.28167,3012.7097,-10.14763,
EURUSD,buy,2012-11-30T00:00:00+00:00,2012-11-30T07:00:00+00:00,1.29805,1.30064,1.29506,1.30285,2193.4674,5.69053,
EURUSD,buy,2012-11-30T00:00:00+00:00,2012-11-30T08:00:00+00:00,1.29805,1.30021,1.30065,1.30285,731.1558,1.57968,
EURUSD,sell,2012-12-01T00:00:00+00:00,2012-12-03T01:00:00+00:00,1.29815,1.30158,1.30114,1.29335,2950.6349,-10.11182,
EURUSD,buy,2012-12-03T21:00:00+00:00,2012-12-04T12:00:00+00:00,1.30567,1.30828,1.30267,1.31050,2172.4985,5.66923,
EURUSD,buy,2012-12-03T21:00:00+00:00,2012-12-04T13:00:00+00:00,1.30567,1.30816,1.30860,1.31050,724.1662,1.80017,
EURUSD,buy,2012-12-06T22:00:00+00:00,2012-12-07T07:00:00+00:00,1.29614,1.29272,1.29316,1.30093,2946.7917,-10.07260,
EURUSD,buy,2012-12-09T11:00:00+00:00,2012-12-09T22:00:00+00:00,1.29293,1.28952,1.28995,1.29771,2915.1457,-9.94010,
EURUSD,buy,2012-12-14T13:00:00+00:00,2012-12-14T16:00:00+00:00,1.30844,1.31106,1.30543,1.31328,2131.9379,5.57519,
EURUSD,buy,2012-12-14T13:00:00+00:00,2012-12-14T16:00:00+00:00,1.30844,1.31289,1.30844,1.31328,710.6460,3.15939,
EURUSD,buy,2012-12-16T18:00:00+00:00,2012-12-18T15:00:00+00:00,1.31670,1.31934,1.31368,1.32158,2143.4435,5.64067,
EURUSD,sell,2012-12-18T10:00:00+00:00,2012-12-18T15:00:00+00:00,1.31791,1.32139,1.32095,1.31304,2853.5889,-9.92596,
EURUSD,buy,2012-12-16T18:00:00+00:00,2012-12-18T16:00:00+00:00,1.31670,1.32072,1.32117,1.32158,714.4812,2.87134,
EURUSD,buy,2012-12-21T09:00:00+00:00,2012-12-21T14:00:00+00:00,1.32052,1.31703,1.31748,1.32540,2844.3210,-9.90252,
EURUSD,sell,2012-12-22T09:00:00+00:00,2012-12-24T08:00:00+00:00,1.31828,1.32176,1.32132,1.31341,2809.8799,-9.77662,
EURUSD,buy,2012-12-23T21:00:00+00:00,2012-12-24T09:00:00+00:00,1.31908,1.32171,1.31604,1.32395,2107.4099,5.55583,
EURUSD,buy,2012-12-23T21:00:00+00:00,2012-12-24T10:00:00+00:00,1.31908,1.32043,1.32088,1.32395,702.4700,0.95406,
EURUSD,sell,2012-12-27T11:00:00+00:00,2012-12-27T15:00:00+00:00,1.32560,1.32295,1.32865,1.32070,2086.5378,5.53566,
EURUSD,sell,2012-12-27T11:00:00+00:00,2012-12-27T15:00:00+00:00,1.32560,1.32605,1.32560,1.32070,695.5126,-0.31138,
EURUSD,sell,2012-12-31T21:00:00+00:00,2013-01-02T01:00:00+00:00,1.31898,1.32247,1.32202,1.31410,2815.8075,-9.80237,
EURUSD,buy,2013-01-02T05:00:00+00:00,2013-01-02T10:00:00+00:00,1.32702,1.32352,1.32397,1.33193,2763.4954,-9.66782,
EURUSD,buy,2013-01-05T23:00:00+00:00,2013-01-07T04:00:00+00:00,1.30717,1.30373,1.30417,1.31201,2768.4608,-9.54241,
EURUSD,sell,2013-01-08T12:00:00+00:00,2013-01-08T15:00:00+00:00,1.30961,1.30699,1.31262,1.30476,2043.9258,5.35717,
EURUSD,sell,2013-01-08T12:00:00+00:00,2013-01-08T16:00:00+00:00,1.30961,1.30794,1.30750,1.30476,681.3086,1.13420,
EURUSD,sell,2013-01-10T08:00:00+00:00,2013-01-10T09:00:00+00:00,1.30602,1.30947,1.30902,1.30118,2757.5677,-9.50662,
EURUSD,buy,2013-01-11T15:00:00+00:00,2013-01-14T02:00:00+00:00,1.33488,1.33755,1.33181,1.33982,1997.9585,5.33039,
EURUSD,buy,2013-01-11T15:00:00+00:00,2013-01-14T02:00:00+00:00,1.33488,1.33942,1.33488,1.33982,665.9862,3.02067,
EURUSD,buy,2013-01-15T13:00:00+00:00,2013-01-15T18:00:00+00:00,1.33410,1.33058,1.33103,1.33903,2696.8105,-9.48416,
EURUSD,buy,2013-01-17T06:00:00+00:00,2013-01-17T08:00:00+00:00,1.33062,1.33328,1.32756,1.33554,2001.1626,5.32190,
EURUSD,buy,2013-01-17T06:00:00+00:00,2013-01-17T08:00:00+00:00,1.33062,1.33017,1.33062,1.33554,667.0542,-0.29962,
EURUSD,buy,2013-01-22T07:00:00+00:00,2013-01-22T09:00:00+00:00,1.33642,1.33290,1.33335,1.34136,2675.4291,-9.42510,
EURUSD,buy,2013-01-24T07:00:00+00:00,2013-01-24T09:00:00+00:00,1.33079,1.33345,1.32773,1.33571,1988.4966,5.28889,
EURUSD,buy,2013-01-24T07:00:00+00:00,2013-01-24T10:00:00+00:00,1.33079,1.33115,1.33160,1.33571,662.8322,0.23956,
EURUSD,sell,2013-01-25T13:00:00+00:00,2013-01-29T10:00:00+00:00,1.34511,1.34241,1.34820,1.34013,1981.5592,5.33449,
EURUSD,sell,2013-01-25T13:00:00+00:00,2013-01-29T10:00:00+00:00,1.34511,1.34556,1.34511,1.34013,660.5197,-0.29958,
EURUSD,buy,2013-01-28T22:00:00+00:00,2013-01-29T11:00:00+00:00,1.34492,1.34138,1.34183,1.34990,2644.0243,-9.37288,
EURUSD,sell,2013-01-30T11:00:00+00:00,2013-01-30T15:00:00+00:00,1.35404,1.35762,1.35716,1.34903,2608.6262,-9.31905,
EURUSD,sell,2013-01-31T21:00:00+00:00,2013-01-31T23:00:00+00:00,1.35735,1.36093,1.36048,1.35233,2567.9490,-9.19584,
EURUSD,buy,2013-02-05T20:00:00+00:00,2013-02-06T07:00:00+00:00,1.35825,1.35467,1.35512,1.36327,2533.9357,-9.07036,
EURUSD,sell,2013-02-07T05:00:00+00:00,2013-02-07T08:00:00+00:00,1.35226,1.35583,1.35538,1.34726,2510.0930,-8.95543,
EURUSD,buy,2013-02-10T17:00:00+00:00,2013-02-11T09:00:00+00:00,1.33705,1.33972,1.33398,1.34200,1880.0080,5.02387,
EURUSD,buy,2013-02-10T17:00:00+00:00,2013-02-11T10:00:00+00:00,1.33705,1.33767,1.33812,1.34200,626.6693,0.38702,
EURUSD,buy,2013-02-14T08:00:00+00:00,2013-02-14T09:00:00+00:00,1.34163,1.33810,1.33855,1.34659,2518.2890,-8.90562,
EURUSD,sell,2013-02-18T19:00:00+00:00,2013-02-19T16:00:00+00:00,1.33466,1.33818,1.33773,1.32972,2496.5744,-8.79287,
EURUSD,sell,2013-02-20T03:00:00+00:00,2013-02-20T11:00:00+00:00,1.34087,1.33818,1.34395,1.33590,1839.1780,4.93559,
EURUSD,sell,2013-02-20T03:00:00+00:00,2013-02-20T12:00:00+00:00,1.34087,1.33857,1.33812,1.33590,613.0593,1.40769,
EURUSD,sell,2013-02-24T21:00:00+00:00,2013-02-24T22:00:00+00:00,1.31862,1.32210,1.32166,1.31374,2517.6485,-8.76207,
EURUSD,sell,2013-02-26T12:00:00+00:00,2013-02-26T13:00:00+00:00,1.30909,1.30647,1.31210,1.30424,1876.9006,4.91744,
EURUSD,sell,2013-02-26T12:00:00+00:00,2013-02-26T13:00:00+00:00,1.30909,1.30953,1.30909,1.30424,625.6335,-0.27699,
EURUSD,sell,2013-02-28T00:00:00+00:00,2013-02-28T09:00:00+00:00,1.31429,1.31166,1.31731,1.30942,1882.7133,4.95226,
EURUSD,sell,2013-02-28T00:00:00+00:00,2013-02-28T10:00:00+00:00,1.31429,1.31284,1.31240,1.30942,627.5711,0.90487,
EURUSD,buy,2013-03-02T06:00:00+00:00,2013-03-04T07:00:00+00:00,1.30217,1.29874,1.29918,1.30699,2557.6567,-8.78256,
EURUSD,buy,2013-03-05T22:00:00+00:00,2013-03-06T13:00:00+00:00,1.30489,1.30145,1.30189,1.30972,2518.6612,-8.66647,
EURUSD,sell,2013-03-07T22:00:00+00:00,2013-03-08T10:00:00+00:00,1.31003,1.31348,1.31304,1.30518,2474.2153,-8.55557,
EURUSD,sell,2013-03-14T07:00:00+00:00,2013-03-14T11:00:00+00:00,1.29523,1.29264,1.29821,1.29044,1852.0959,4.80110,
EURUSD,sell,2013-03-14T07:00:00+00:00,2013-03-14T12:00:00+00:00,1.29523,1.29384,1.29340,1.29044,617.3653,0.86016,
EURUSD,buy,2013-03-17T23:00:00+00:00,2013-03-18T07:00:00+00:00,1.28946,1.29203,1.28649,1.29423,1877.9757,4.83980,
EURUSD,buy,2013-03-17T23:00:00+00:00,2013-03-18T07:00:00+00:00,1.28946,1.28902,1.28946,1.29423,625.9919,-0.27345,
EURUSD,sell,2013-03-23T05:00:00+00:00,2013-03-24T21:00:00+00:00,1.29846,1.29586,1.30145,1.29365,1877.0189,4.87783,
EURUSD,sell,2013-03-24T10:00:00+00:00,2013-03-24T21:00:00+00:00,1.29846,1.29586,1.30145,1.29365,1877.0189,4.87783,
EURUSD,sell,2013-03-23T05:00:00+00:00,2013-03-24T22:00:00+00:00,1.29846,1.29748,1.29704,1.29365,625.6730,0.61392,
EURUSD,sell,2013-03-24T10:00:00+00:00,2013-03-24T22:00:00+00:00,1.29846,1.29748,1.29704,1.29365,625.6730,0.61392,
EURUSD,buy,2013-03-26T00:00:00+00:00,2013-03-26T14:00:00+00:00,1.28624,1.28284,1.28328,1.29099,2570.7033,-8.72091,
EURUSD,buy,2013-03-31T13:00:00+00:00,2013-04-01T00:00:00+00:00,1.28222,1.27884,1.27928,1.28697,2544.7281,-8.60627,
EURUSD,buy,2013-04-03T05:00:00+00:00,2013-04-03T12:00:00+00:00,1.28089,1.28345,1.27795,1.28563,1885.3248,4.82647,
EURUSD,buy,2013-04-03T05:00:00+00:00,2013-04-03T13:00:00+00:00,1.28089,1.28217,1.28260,1.28563,628.4416,0.79880,
EURUSD,buy,2013-04-06T16:00:00+00:00,2013-04-08T10:00:00+00:00,1.29975,1.30235,1.29676,1.30456,1874.2088,4.86864,
EURUSD,buy,2013-04-06T16:00:00+00:00,2013-04-08T11:00:00+00:00,1.29975,1.30096,1.30140,1.30456,624.7363,0.75580,
EURUSD,sell,2013-04-11T03:00:00+00:00,2013-04-11T07:00:00+00:00,1.30549,1.30893,1.30849,1.30066,2508.0034,-8.64280,
EURUSD,sell,2013-04-16T17:00:00+00:00,2013-04-17T07:00:00+00:00,1.31869,1.31606,1.32173,1.31381,1837.5950,4.84980,
EURUSD,sell,2013-04-16T17:00:00+00:00,2013-04-17T07:00:00+00:00,1.31869,1.31914,1.31869,1.31381,612.5317,-0.27296,
EURUSD,sell,2013-04-18T06:00:00+00:00,2013-04-18T14:00:00+00:00,1.30473,1.30817,1.30773,1.29990,2493.8870,-8.58922,
EURUSD,buy,2013-04-21T03:00:00+00:00,2013-04-22T12:00:00+00:00,1.30549,1.30205,1.30249,1.31032,2461.0188,-8.47196,
EURUSD,buy,2013-04-27T11:00:00+00:00,2013-04-28T21:00:00+00:00,1.30313,1.30574,1.30013,1.30795,1824.7209,4.75242,
EURUSD,buy,2013-04-27T11:00:00+00:00,2013-04-28T22:00:00+00:00,1.30313,1.30410,1.30454,1.30795,608.2403,0.58867,
EURUSD,buy,2013-04-29T08:00:00+00:00,2013-04-30T08:00:00+00:00,1.30927,1.30582,1.30626,1.31412,2441.9513,-8.43032,
EURUSD,sell,2013-05-01T14:00:00+00:00,2013-05-01T18:00:00+00:00,1.31889,1.32238,1.32193,1.31401,2390.7327,-8.32205,
EURUSD,buy,2013-05-05T00:00:00+00:00,2013-05-06T14:00:00+00:00,1.31170,1.30824,1.30869,1.31656,2373.5497,-8.20917,
EURUSD,sell,2013-05-08T16:00:00+00:00,2013-05-09T09:00:00+00:00,1.31661,1.31398,1.31964,1.31174,1749.0833,4.60892,
EURUSD,sell,2013-05-08T16:00:00+00:00,2013-05-09T10:00:00+00:00,1.31661,1.31615,1.31571,1.31174,583.0278,0.26829,
EURUSD,buy,2013-05-12T10:00:00+00:00,2013-05-12T22:00:00+00:00,1.29938,1.29595,1.29639,1.30419,2383.2359,-8.16635,
EURUSD,sell,2013-05-11T04:00:00+00:00,2013-05-13T08:00:00+00:00,1.29860,1.29600,1.30159,1.29379,1787.4270,4.64551,
EURUSD,sell,2013-05-11T04:00:00+00:00,2013-05-13T09:00:00+00:00,1.29860,1.29777,1.29733,1.29379,595.8090,0.49517,
EURUSD,buy,2013-05-14T09:00:00+00:00,2013-05-14T10:00:00+00:00,1.29902,1.29559,1.29603,1.30382,2372.2472,-8.12647,
EURUSD,sell,2013-05-19T21:00:00+00:00,2013-05-20T08:00:00+00:00,1.28423,1.28763,1.28719,1.27948,2366.4889,-8.02429,
EURUSD,sell,2013-05-21T10:00:00+00:00,2013-05-21T15:00:00+00:00,1.28615,1.28955,1.28911,1.28139,2331.7717,-7.91821,
EURUSD,buy,2013-05-24T18:00:00+00:00,2013-05-28T00:00:00+00:00,1.29367,1.29026,1.29069,1.29845,2289.0066,-7.80949,
EURUSD,buy,2013-05-27T00:00:00+00:00,2013-05-28T00:00:00+00:00,1.29260,1.28919,1.28963,1.29738,2290.9020,-7.80958,
EURUSD,buy,2013-05-31T11:00:00+00:00,2013-05-31T14:00:00+00:00,1.29914,1.29571,1.29615,1.30395,2219.2347,-7.60300,
EURUSD,sell,2013-06-04T12:00:00+00:00,2013-06-05T06:00:00+00:00,1.30666,1.31011,1.30966,1.30182,2176.0576,-7.50550,
EURUSD,buy,2013-06-06T01:00:00+00:00,2013-06-06T06:00:00+00:00,1.30956,1.31218,1.30655,1.31441,1607.9015,4.20839,
EURUSD,buy,2013-06-06T01:00:00+00:00,2013-06-06T07:00:00+00:00,1.30956,1.31078,1.31122,1.31441,535.9672,0.65061,
EURUSD,buy,2013-06-10T04:00:00+00:00,2013-06-10T15:00:00+00:00,1.32007,1.32270,1.31703,1.32495,1608.9156,4.24482,
EURUSD,buy,2013-06-10T04:00:00+00:00,2013-06-10T15:00:00+00:00,1.32007,1.31962,1.32007,1.32495,536.3052,-0.23919,
EURUSD,sell,2013-06-13T22:00:00+00:00,2013-06-14T07:00:00+00:00,1.33622,1.33354,1.33929,1.33127,1599.7507,4.27819,
EURUSD,sell,2013-06-13T22:00:00+00:00,2013-06-14T08:00:00+00:00,1.33622,1.33450,1.33405,1.33127,533.2502,0.91654,
EURUSD,sell,2013-06-20T16:00:00+00:00,2013-06-20T18:00:00+00:00,1.32346,1.32081,1.32651,1.31856,1629.8846,4.31716,
EURUSD,sell,2013-06-20T16:00:00+00:00,2013-06-20T19:00:00+00:00,1.32346,1.32283,1.32238,1.31856,543.2949,0.34560,
EURUSD,sell,2013-06-23T14:00:00+00:00,2013-06-24T07:00:00+00:00,1.31176,1.30913,1.31477,1.30690,1657.7559,4.35215,
EURUSD,sell,2013-06-23T14:00:00+00:00,2013-06-24T08:00:00+00:00,1.31176,1.31187,1.31143,1.30690,552.5853,-0.06470,
EURUSD,buy,2013-06-24T22:00:00+00:00,2013-06-25T12:00:00+00:00,1.31354,1.31008,1.31052,1.31840,2224.9830,-7.70598,
EURUSD,buy,2013-06-27T23:00:00+00:00,2013-06-28T02:00:00+00:00,1.30400,1.30661,1.30100,1.30882,1658.7820,4.32312,
EURUSD,buy,2013-06-27T23:00:00+00:00,2013-06-28T03:00:00+00:00,1.30400,1.30603,1.30647,1.30882,552.9273,1.12078,
EURUSD,sell,2013-06-30T16:00:00+00:00,2013-07-01T07:00:00+00:00,1.30057,1.30400,1.30356,1.29576,2237.1372,-7.68074,
EURUSD,sell,2013-07-03T10:00:00+00:00,2013-07-03T14:00:00+00:00,1.29559,1.29901,1.29857,1.29080,2216.1008,-7.57982,
EURUSD,sell,2013-07-04T13:00:00+00:00,2013-07-05T07:00:00+00:00,1.29104,1.28846,1.29401,1.28626,1645.9215,4.25284,
EURUSD,sell,2013-07-04T13:00:00+00:00,2013-07-05T08:00:00+00:00,1.29104,1.28946,1.28902,1.28626,548.6405,0.87006,
EURUSD,buy,2013-07-07T07:00:00+00:00,2013-07-08T13:00:00+00:00,1.28341,1.28598,1.28046,1.28816,1671.6704,4.28793,
EURUSD,buy,2013-07-07T07:00:00+00:00,2013-07-08T14:00:00+00:00,1.28341,1.28482,1.28526,1.28816,557.2235,0.78542,
EURUSD,buy,2013-07-13T10:00:00+00:00,2013-07-15T08:00:00+00:00,1.30718,1.30374,1.30418,1.31202,2207.7797,-7.60990,
EURUSD,buy,2013-07-14T18:00:00+00:00,2013-07-15T08:00:00+00:00,1.30718,1.30374,1.30418,1.31202,2207.7797,-7.60990,
EURUSD,buy,2013-07-17T03:00:00+00:00,2013-07-17T12:00:00+00:00,1.31441,1.31704,1.31139,1.31928,1603.2892,4.21186,
EURUSD,buy,2013-07-17T03:00:00+00:00,2013-07-17T12:00:00+00:00,1.31441,1.31397,1.31441,1.31928,534.4297,-0.23745,
EURUSD,sell,2013-07-19T03:00:00+00:00,2013-07-19T09:00:00+00:00,1.31319,1.31056,1.31621,1.30833,1615.1724,4.24497,
EURUSD,sell,2013-07-19T03:00:00+00:00,2013-07-19T10:00:00+00:00,1.31319,1.31238,1.31194,1.30833,538.3908,0.43197,
EURUSD,buy,2013-07-20T19:00:00+00:00,2013-07-22T09:00:00+00:00,1.31466,1.31729,1.31164,1.31953,1627.6691,4.27672,
EURUSD,buy,2013-07-20T19:00:00+00:00,2013-07-22T10:00:00+00:00,1.31466,1.31748,1.31793,1.31953,542.5564,1.53020,
EURUSD,sell,2013-07-22T14:00:00+00:00,2013-07-23T14:00:00+00:00,1.31886,1.32235,1.32190,1.31398,2184.0251,-7.60233,
EURUSD,sell,2013-07-23T15:00:00+00:00,2013-07-23T18:00:00+00:00,1.32074,1.32423,1.32378,1.31586,2152.1453,-7.50189,
EURUSD,sell,2013-07-25T19:00:00+00:00,2013-07-29T12:00:00+00:00,1.32807,1.32541,1.33113,1.32316,1584.0266,4.21031,
EURUSD,sell,2013-07-25T19:00:00+00:00,2013-07-29T13:00:00+00:00,1.32807,1.32686,1.32641,1.32316,528.0089,0.64075,
EURUSD,sell,2013-07-28T06:00:00+00:00,2013-07-29T13:00:00+00:00,1.32756,1.32490,1.33062,1.32265,1584.6350,4.21031,
EURUSD,sell,2013-07-28T06:00:00+00:00,2013-07-29T14:00:00+00:00,1.32756,1.32630,1.32585,1.32265,528.2117,0.66758,
EURUSD,sell,2013-08-01T06:00:00+00:00,2013-08-01T12:00:00+00:00,1.32489,1.32224,1.32794,1.31999,1615.3561,4.28330,
EURUSD,sell,2013-08-01T06:00:00+00:00,2013-08-01T12:00:00+00:00,1.32489,1.32038,1.32489,1.31999,538.4520,2.42711,
EURUSD,sell,2013-08-03T06:00:00+00:00,2013-08-05T12:00:00+00:00,1.32762,1.32496,1.33068,1.32271,1630.9840,4.33365,
EURUSD,sell,2013-08-03T06:00:00+00:00,2013-08-05T13:00:00+00:00,1.32762,1.32650,1.32605,1.32271,543.6613,0.61095,
EURUSD,sell,2013-08-06T19:00:00+00:00,2013-08-07T08:00:00+00:00,1.33035,1.32769,1.33341,1.32543,1641.5718,4.37075,
EURUSD,sell,2013-08-06T19:00:00+00:00,2013-08-07T09:00:00+00:00,1.33035,1.32921,1.32876,1.32543,547.1906,0.62496,
EURUSD,sell,2013-08-08T21:00:00+00:00,2013-08-09T15:00:00+00:00,1.33772,1.33504,1.34080,1.33277,1646.5306,4.40823,
EURUSD,sell,2013-08-08T21:00:00+00:00,2013-08-09T16:00:00+00:00,1.33772,1.33516,1.33471,1.33277,548.8435,1.40402,
EURUSD,sell,2013-08-15T04:00:00+00:00,2013-08-15T12:00:00+00:00,1.32867,1.32601,1.33173,1.32375,1674.1417,4.45184,
EURUSD,sell,2013-08-15T04:00:00+00:00,2013-08-15T12:00:00+00:00,1.32867,1.32912,1.32867,1.32375,558.0472,-0.25035,
EURUSD,buy,2013-08-16T09:00:00+00:00,2013-08-16T13:00:00+00:00,1.33396,1.33663,1.33089,1.33889,1680.3196,4.47987,
EURUSD,buy,2013-08-16T09:00:00+00:00,2013-08-16T14:00:00+00:00,1.33396,1.33549,1.33594,1.33889,560.1065,0.85650,
EURUSD,buy,2013-08-18T17:00:00+00:00,2013-08-19T10:00:00+00:00,1.33328,1.33594,1.33021,1.33821,1696.1905,4.51987,
EURUSD,buy,2013-08-18T17:00:00+00:00,2013-08-19T11:00:00+00:00,1.33328,1.33412,1.33457,1.33821,565.3968,0.47481,
EURUSD,buy,2013-08-25T00:00:00+00:00,2013-08-27T08:00:00+00:00,1.33831,1.33478,1.33523,1.34326,2271.7507,-8.01416,
EURUSD,sell,2013-08-26T12:00:00+00:00,2013-08-27T08:00:00+00:00,1.33813,1.33545,1.34121,1.33318,1703.0238,4.56088,
EURUSD,sell,2013-08-26T12:00:00+00:00,2013-08-27T08:00:00+00:00,1.33813,1.33858,1.33813,1.33318,567.6746,-0.25628,
EURUSD,sell,2013-08-28T07:00:00+00:00,2013-08-28T10:00:00+00:00,1.33764,1.33496,1.34072,1.33269,1693.2510,4.53304,
EURUSD,sell,2013-08-28T07:00:00+00:00,2013-08-28T11:00:00+00:00,1.33764,1.33555,1.33510,1.33269,564.4170,1.17853,
EURUSD,buy,2013-08-29T08:00:00+00:00,2013-08-29T12:00:00+00:00,1.32687,1.32337,1.32382,1.33178,2298.8895,-8.04154,
EURUSD,buy,2013-08-30T12:00:00+00:00,2013-08-30T14:00:00+00:00,1.32260,1.31911,1.31956,1.32749,2275.9040,-7.93588,
EURUSD,sell,2013-08-31T20:00:00+00:00,2013-09-02T15:00:00+00:00,1.32173,1.31909,1.32477,1.31684,1684.5096,4.45602,
EURUSD,sell,2013-08-31T20:00:00+00:00,2013-09-02T16:00:00+00:00,1.32173,1.31992,1.31947,1.31684,561.5032,1.02053,
EURUSD,buy,2013-09-04T17:00:00+00:00,2013-09-05T05:00:00+00:00,1.32126,1.31777,1.31822,1.32614,2268.9033,-7.90356,
EURUSD,buy,2013-09-07T17:00:00+00:00,2013-09-09T12:00:00+00:00,1.31805,1.32068,1.31501,1.32292,1683.3297,4.43435,
EURUSD,buy,2013-09-09T05:00:00+00:00,2013-09-09T12:00:00+00:00,1.31770,1.32033,1.31467,1.32257,1683.7770,4.43435,
EURUSD,buy,2013-09-07T17:00:00+00:00,2013-09-09T13:00:00+00:00,1.31805,1.32033,1.32078,1.32292,561.1099,1.28409,
EURUSD,buy,2013-09-09T05:00:00+00:00,2013-09-09T13:00:00+00:00,1.31770,1.32033,1.32078,1.32257,561.2590,1.48093,
EURUSD,sell,2013-09-11T14:00:00+00:00,2013-09-12T12:00:00+00:00,1.32971,1.32705,1.33277,1.32479,1700.3600,4.52510,
EURUSD,sell,2013-09-11T14:00:00+00:00,2013-09-12T13:00:00+00:00,1.32971,1.32979,1.32934,1.32479,566.7867,-0.04412,
EURUSD,buy,2013-09-12T15:00:00+00:00,2013-09-13T01:00:00+00:00,1.33182,1.32831,1.32876,1.33675,2281.7438,-8.01092,
EURUSD,sell,2013-09-15T11:00:00+00:00,2013-09-15T21:00:00+00:00,1.32890,1.33241,1.33196,1.32398,2255.2507,-7.90915,
EURUSD,sell,2013-09-19T00:00:00+00:00,2013-09-19T07:00:00+00:00,1.35202,1.35559,1.35513,1.34702,2187.4396,-7.80291,
EURUSD,sell,2013-09-23T02:00:00+00:00,2013-09-23T14:00:00+00:00,1.35173,1.34903,1.35484,1.34673,1619.2911,4.38072,
EURUSD,sell,2013-09-23T02:00:00+00:00,2013-09-23T15:00:00+00:00,1.35173,1.35033,1.34988,1.34673,539.7637,0.75533,
EURUSD,sell,2013-09-24T15:00:00+00:00,2013-09-25T11:00:00+00:00,1.34848,1.35203,1.35158,1.34348,2183.3111,-7.76803,
EURUSD,buy,2013-09-26T06:00:00+00:00,2013-09-26T09:00:00+00:00,1.35231,1.34874,1.34920,1.35731,2149.7038,-7.66179,
EURUSD,sell,2013-09-27T08:00:00+00:00,2013-09-27T11:00:00+00:00,1.35015,1.35372,1.35326,1.34516,2123.4714,-7.56440,
EURUSD,sell,2013-09-28T12:00:00+00:00,2013-09-29T21:00:00+00:00,1.35176,1.34906,1.35487,1.34676,1569.7288,4.24674,
EURUSD,sell,2013-09-28T12:00:00+00:00,2013-09-29T22:00:00+00:00,1.35176,1.35005,1.34960,1.34676,523.2429,0.89446,
EURUSD,buy,2013-09-30T10:00:00+00:00,2013-09-30T12:00:00+00:00,1.35035,1.35305,1.34725,1.35535,1586.5918,4.28197,
EURUSD,buy,2013-09-30T10:00:00+00:00,2013-09-30T12:00:00+00:00,1.35035,1.34990,1.35035,1.35535,528.8639,-0.24068,
EURUSD,sell,2013-10-01T12:00:00+00:00,2013-10-02T00:00:00+00:00,1.35453,1.35182,1.35765,1.34952,1591.9336,4.31563,
EURUSD,sell,2013-10-01T12:00:00+00:00,2013-10-02T01:00:00+00:00,1.35453,1.35211,1.35165,1.34952,530.6445,1.28841,
EURUSD,sell,2013-10-10T20:00:00+00:00,2013-10-11T07:00:00+00:00,1.35156,1.35513,1.35467,1.34656,2147.9664,-7.65954,
EURUSD,buy,2013-10-12T09:00:00+00:00,2013-10-14T12:00:00+00:00,1.35447,1.35717,1.35135,1.35948,1587.2756,4.29686,
EURUSD,buy,2013-10-12T09:00:00+00:00,2013-10-14T12:00:00+00:00,1.35447,1.35907,1.35447,1.35948,529.0919,2.43498,
EURUSD,sell,2013-10-16T07:00:00+00:00,2013-10-16T11:00:00+00:00,1.35174,1.35531,1.35485,1.34674,2144.2500,-7.64729,
EURUSD,sell,2013-10-17T09:00:00+00:00,2013-10-17T11:00:00+00:00,1.36154,1.36513,1.36467,1.35650,2100.7462,-7.54567,
EURUSD,sell,2013-10-18T23:00:00+00:00,2013-10-22T12:00:00+00:00,1.36803,1.37164,1.37118,1.36297,2063.2127,-7.44568,
EURUSD,buy,2013-10-26T00:00:00+00:00,2013-10-29T00:00:00+00:00,1.38026,1.37663,1.37709,1.38537,2019.1720,-7.34326,
EURUSD,sell,2013-11-01T06:00:00+00:00,2013-11-01T08:00:00+00:00,1.35553,1.35282,1.35865,1.35052,1520.7742,4.12577,
EURUSD,sell,2013-11-01T06:00:00+00:00,2013-11-01T09:00:00+00:00,1.35553,1.35440,1.35394,1.35052,506.9247,0.57638,
EURUSD,sell,2013-11-03T13:00:00+00:00,2013-11-04T03:00:00+00:00,1.34808,1.34538,1.35118,1.34309,1542.2636,4.16105,
EURUSD,sell,2013-11-03T13:00:00+00:00,2013-11-04T03:00:00+00:00,1.34808,1.34853,1.34808,1.34309,514.0879,-0.23362,
EURUSD,sell,2013-11-08T07:00:00+00:00,2013-11-08T13:00:00+00:00,1.34107,1.33838,1.34415,1.33610,1561.3018,4.19051,
EURUSD,sell,2013-11-08T07:00:00+00:00,2013-11-08T13:00:00+00:00,1.34107,1.34152,1.34107,1.33610,520.4339,-0.23541,
EURUSD,sell,2013-11-09T15:00:00+00:00,2013-11-11T09:00:00+00:00,1.33608,1.33960,1.33915,1.33113,2104.3050,-7.41907,
EURUSD,buy,2013-11-12T03:00:00+00:00,2013-11-12T08:00:00+00:00,1.34024,1.33671,1.33716,1.34520,2071.3415,-7.31756,
EURUSD,sell,2013-11-14T15:00:00+00:00,2013-11-14T16:00:00+00:00,1.34535,1.34890,1.34844,1.34037,2035.0573,-7.22399,
EURUSD,sell,2013-11-18T19:00:00+00:00,2013-11-19T08:00:00+00:00,1.34954,1.35310,1.35264,1.34454,2001.9841,-7.12840,
EURUSD,sell,2013-11-25T06:00:00+00:00,2013-11-25T13:00:00+00:00,1.35363,1.35092,1.35675,1.34862,1477.1996,4.00193,
EURUSD,sell,2013-11-25T06:00:00+00:00,2013-11-25T14:00:00+00:00,1.35363,1.35197,1.35151,1.34862,492.3999,0.82148,
EURUSD,buy,2013-11-27T22:00:00+00:00,2013-11-28T09:00:00+00:00,1.35820,1.36091,1.35507,1.36322,1486.4413,4.03498,
EURUSD,buy,2013-11-27T22:00:00+00:00,2013-11-28T10:00:00+00:00,1.35820,1.35911,1.35957,1.36322,495.4804,0.45327,
EURUSD,sell,2013-11-29T04:00:00+00:00,2013-12-02T09:00:00+00:00,1.36074,1.35802,1.36387,1.35571,1495.1372,4.07180,
EURUSD,sell,2013-11-29T04:00:00+00:00,2013-12-02T09:00:00+00:00,1.36074,1.35611,1.36074,1.35571,498.3791,2.30727,
EURUSD,buy,2013-12-01T17:00:00+00:00,2013-12-02T09:00:00+00:00,1.35931,1.35573,1.35618,1.36434,1996.8170,-7.15322,
EURUSD,sell,2013-12-02T17:00:00+00:00,2013-12-03T12:00:00+00:00,1.35462,1.35820,1.35774,1.34961,1999.6634,-7.14661,
EURUSD,sell,2013-12-04T05:00:00+00:00,2013-12-04T13:00:00+00:00,1.35831,1.35559,1.36144,1.35329,1475.9503,4.01237,
EURUSD,sell,2013-12-04T05:00:00+00:00,2013-12-04T13:00:00+00:00,1.35831,1.35877,1.35831,1.35329,491.9834,-0.22509,
EURUSD,buy,2013-12-08T01:00:00+00:00,2013-12-09T18:00:00+00:00,1.37078,1.37352,1.36763,1.37585,1473.7666,4.03764,
EURUSD,buy,2013-12-08T01:00:00+00:00,2013-12-09T19:00:00+00:00,1.37078,1.37287,1.37333,1.37585,491.2555,1.02520,
EURUSD,sell,2013-12-12T03:00:00+00:00,2013-12-12T13:00:00+00:00,1.37878,1.37602,1.38195,1.37367,1478.1075,4.07877,
EURUSD,sell,2013-12-12T03:00:00+00:00,2013-12-12T14:00:00+00:00,1.37878,1.37838,1.37792,1.37367,492.7025,0.19356,
EURUSD,buy,2013-12-13T14:00:00+00:00,2013-12-16T02:00:00+00:00,1.37235,1.37509,1.36920,1.37743,1497.5964,4.10762,
EURUSD,buy,2013-12-13T14:00:00+00:00,2013-12-16T03:00:00+00:00,1.37235,1.37505,1.37551,1.37743,499.1988,1.34573,
EURUSD,buy,2013-12-16T08:00:00+00:00,2013-12-16T12:00:00+00:00,1.37594,1.37869,1.37278,1.38103,1508.5548,4.14851,
EURUSD,buy,2013-12-16T08:00:00+00:00,2013-12-16T13:00:00+00:00,1.37594,1.37775,1.37821,1.38103,502.8516,0.90709,
EURUSD,buy,2013-12-21T04:00:00+00:00,2013-12-23T15:00:00+00:00,1.36744,1.37017,1.36430,1.37250,1531.8032,4.18641,
EURUSD,buy,2013-12-21T04:00:00+00:00,2013-12-23T16:00:00+00:00,1.36744,1.36935,1.36981,1.37250,510.6011,0.97472,
EURUSD,buy,2013-12-26T21:00:00+00:00,2013-12-27T03:00:00+00:00,1.36949,1.37223,1.36634,1.37456,1543.6462,4.22510,
EURUSD,buy,2013-12-26T21:00:00+00:00,2013-12-27T04:00:00+00:00,1.36949,1.37282,1.37328,1.37456,514.5487,1.71206,
EURUSD,sell,2013-12-30T01:00:00+00:00,2013-12-30T11:00:00+00:00,1.37401,1.37763,1.37717,1.36892,2071.7971,-7.50888,
EURUSD,buy,2014-01-01T12:00:00+00:00,2014-01-02T11:00:00+00:00,1.37451,1.37089,1.37135,1.37960,2044.9567,-7.40647,
EURUSD,buy,2014-01-02T15:00:00+00:00,2014-01-03T09:00:00+00:00,1.36617,1.36257,1.36303,1.37122,2030.3294,-7.30947,
EURUSD,sell,2014-01-03T15:00:00+00:00,2014-01-06T05:00:00+00:00,1.36085,1.35813,1.36398,1.35581,1507.6447,4.10619,
EURUSD,sell,2014-01-03T15:00:00+00:00,2014-01-06T06:00:00+00:00,1.36085,1.35900,1.35854,1.35581,502.5482,0.93175,
EURUSD,sell,2014-01-04T19:00:00+00:00,2014-01-06T10:00:00+00:00,1.35833,1.36192,1.36146,1.35331,2013.9212,-7.21700,
EURUSD,sell,2014-01-06T13:00:00+00:00,2014-01-06T15:00:00+00:00,1.35946,1.36305,1.36259,1.35443,2004.2357,-7.18818,
EURUSD,sell,2014-01-10T21:00:00+00:00,2014-01-14T08:00:00+00:00,1.36620,1.36980,1.36934,1.36114,1968.0517,-7.09290,
EURUSD,sell,2014-01-16T11:00:00+00:00,2014-01-16T14:00:00+00:00,1.36076,1.36435,1.36389,1.35573,1949.8627,-6.99976,
EURUSD,sell,2014-01-18T13:00:00+00:00,2014-01-20T13:00:00+00:00,1.35348,1.35705,1.35660,1.34847,1934.4968,-6.90797,
EURUSD,sell,2014-01-23T13:00:00+00:00,2014-01-23T18:00:00+00:00,1.36625,1.36985,1.36939,1.36119,1891.1477,-6.81598,
EURUSD,sell,2014-01-26T07:00:00+00:00,2014-01-27T07:00:00+00:00,1.36696,1.37057,1.37010,1.36190,1865.2421,-6.72606,
EURUSD,sell,2014-01-28T16:00:00+00:00,2014-01-29T13:00:00+00:00,1.36566,1.36293,1.36880,1.36061,1381.7991,3.77674,
EURUSD,sell,2014-01-28T16:00:00+00:00,2014-01-29T13:00:00+00:00,1.36566,1.36101,1.36566,1.36061,460.5997,2.14007,
EURUSD,sell,2014-02-02T15:00:00+00:00,2014-02-03T10:00:00+00:00,1.34787,1.35142,1.35097,1.34288,1888.6646,-6.71671,
EURUSD,sell,2014-02-05T07:00:00+00:00,2014-02-05T13:00:00+00:00,1.35054,1.35411,1.35365,1.34555,1860.0587,-6.62794,
EURUSD,buy,2014-02-07T03:00:00+00:00,2014-02-07T08:00:00+00:00,1.35950,1.35591,1.35637,1.36453,1824.5345,-6.53695,
EURUSD,sell,2014-02-10T00:00:00+00:00,2014-02-10T08:00:00+00:00,1.36185,1.36544,1.36498,1.35681,1796.2957,-6.45357,
EURUSD,sell,2014-02-13T01:00:00+00:00,2014-02-13T06:00:00+00:00,1.36014,1.36373,1.36327,1.35511,1774.8366,-6.36858,
EURUSD,sell,2014-02-16T21:00:00+00:00,2014-02-17T01:00:00+00:00,1.36873,1.37234,1.37188,1.36366,1740.4437,-6.28405,
EURUSD,buy,2014-02-14T17:00:00+00:00,2014-02-18T11:00:00+00:00,1.36995,1.37269,1.36680,1.37502,1304.9515,3.57297,
EURUSD,buy,2014-02-14T17:00:00+00:00,2014-02-18T12:00:00+00:00,1.36995,1.37199,1.37245,1.37502,434.9838,0.88624,
EURUSD,buy,2014-02-18T01:00:00+00:00,2014-02-18T13:00:00+00:00,1.37057,1.37331,1.36742,1.37564,1287.1622,3.52586,
EURUSD,buy,2014-02-18T01:00:00+00:00,2014-02-18T14:00:00+00:00,1.37057,1.37377,1.37423,1.37564,429.0541,1.37156,
EURUSD,sell,2014-02-21T04:00:00+00:00,2014-02-21T14:00:00+00:00,1.37129,1.37491,1.37444,1.36621,1748.3955,-6.32440,
EURUSD,buy,2014-02-27T00:00:00+00:00,2014-02-27T08:00:00+00:00,1.36914,1.36553,1.36599,1.37420,1729.0861,-6.23830,
EURUSD,buy,2014-03-03T22:00:00+00:00,2014-03-04T08:00:00+00:00,1.37403,1.37678,1.37087,1.37911,1275.1674,3.50182,
EURUSD,buy,2014-03-03T22:00:00+00:00,2014-03-04T09:00:00+00:00,1.37403,1.37461,1.37507,1.37911,425.0558,0.24458,
EURUSD,buy,2014-03-05T23:00:00+00:00,2014-03-06T12:00:00+00:00,1.37355,1.37630,1.37039,1.37863,1285.8444,3.52991,
EURUSD,buy,2014-03-05T23:00:00+00:00,2014-03-06T12:00:00+00:00,1.37355,1.37309,1.37355,1.37863,428.6148,-0.19804,
EURUSD,buy,2014-03-17T20:00:00+00:00,2014-03-18T10:00:00+00:00,1.39258,1.38891,1.38938,1.39773,1703.0025,-6.24792,
EURUSD,buy,2014-03-19T17:00:00+00:00,2014-03-19T18:00:00+00:00,1.39197,1.38830,1.38877,1.39712,1681.2995,-6.16563,
EURUSD,buy,2014-03-22T04:00:00+00:00,2014-03-24T10:00:00+00:00,1.37956,1.37593,1.37639,1.38467,1674.0631,-6.08513,
EURUSD,sell,2014-03-23T21:00:00+00:00,2014-03-24T10:00:00+00:00,1.37979,1.37702,1.38296,1.37468,1254.5922,3.46453,
EURUSD,sell,2014-03-23T21:00:00+00:00,2014-03-24T11:00:00+00:00,1.37979,1.37804,1.37758,1.37468,418.1974,0.72877,
EURUSD,buy,2014-03-25T05:00:00+00:00,2014-03-25T12:00:00+00:00,1.38303,1.37939,1.37985,1.38815,1663.0202,-6.05999,
EURUSD,buy,2014-03-28T03:00:00+00:00,2014-03-28T08:00:00+00:00,1.37506,1.37144,1.37190,1.38015,1650.6202,-5.98061,
EURUSD,buy,2014-04-01T19:00:00+00:00,2014-04-02T14:00:00+00:00,1.38003,1.37640,1.37686,1.38514,1622.9991,-5.90150,
EURUSD,sell,2014-03-31T13:00:00+00:00,2014-04-02T15:00:00+00:00,1.37900,1.37624,1.38217,1.37389,1217.4346,3.35999,
EURUSD,sell,2014-03-31T13:00:00+00:00,2014-04-02T16:00:00+00:00,1.37900,1.37720,1.37674,1.37389,405.8115,0.72768,
EURUSD,buy,2014-04-03T05:00:00+00:00,2014-04-03T12:00:00+00:00,1.37641,1.37916,1.37325,1.38150,1215.5085,3.34377,
EURUSD,buy,2014-04-03T05:00:00+00:00,2014-04-03T12:00:00+00:00,1.37641,1.37595,1.37641,1.38150,405.1695,-0.18756,
EURUSD,sell,2014-04-06T04:00:00+00:00,2014-04-07T11:00:00+00:00,1.36975,1.37336,1.37290,1.36468,1639.1034,-5.92250,
EURUSD,buy,2014-04-08T12:00:00+00:00,2014-04-09T18:00:00+00:00,1.38002,1.38278,1.37685,1.38513,1204.8087,3.32304,
EURUSD,buy,2014-04-08T12:00:00+00:00,2014-04-09T18:00:00+00:00,1.38002,1.38471,1.38002,1.38513,401.6029,1.88312,
EURUSD,sell,2014-04-12T15:00:00+00:00,2014-04-13T21:00:00+00:00,1.38801,1.38524,1.39121,1.38288,1211.2164,3.36469,
EURUSD,sell,2014-04-12T15:00:00+00:00,2014-04-13T22:00:00+00:00,1.38801,1.38644,1.38597,1.38288,403.7388,0.63696,
EURUSD,sell,2014-04-15T01:00:00+00:00,2014-04-16T07:00:00+00:00,1.38132,1.38496,1.38449,1.37620,1637.2667,-5.96512,
EURUSD,sell,2014-04-22T15:00:00+00:00,2014-04-23T06:00:00+00:00,1.37994,1.38358,1.38311,1.37483,1617.2963,-5.88656,
EURUSD,buy,2014-04-26T06:00:00+00:00,2014-04-28T07:00:00+00:00,1.38370,1.38647,1.38052,1.38882,1194.4362,3.30321,
EURUSD,buy,2014-04-26T06:00:00+00:00,2014-04-28T07:00:00+00:00,1.38370,1.38324,1.38370,1.38882,398.1454,-0.18518,
EURUSD,sell,2014-05-03T02:00:00+00:00,2014-05-06T07:00:00+00:00,1.38664,1.39030,1.38983,1.38151,1599.4927,-5.84967,
EURUSD,sell,2014-05-07T18:00:00+00:00,2014-05-08T09:00:00+00:00,1.39119,1.39486,1.39439,1.38604,1573.2454,-5.77229,
EURUSD,sell,2014-05-11T01:00:00+00:00,2014-05-13T10:00:00+00:00,1.37512,1.37237,1.37828,1.37003,1177.9909,3.24199,
EURUSD,sell,2014-05-11T01:00:00+00:00,2014-05-13T10:00:00+00:00,1.37512,1.37558,1.37512,1.37003,392.6636,-0.18163,
EURUSD,sell,2014-05-13T12:00:00+00:00,2014-05-15T07:00:00+00:00,1.37200,1.36925,1.37515,1.36692,1189.0312,3.26495,
EURUSD,sell,2014-05-13T12:00:00+00:00,2014-05-15T07:00:00+00:00,1.37200,1.36733,1.37200,1.36692,396.3437,1.85007,
EURUSD,buy,2014-05-14T20:00:00+00:00,2014-05-15T07:00:00+00:00,1.37185,1.36824,1.36870,1.37693,1586.4962,-5.73503,
EURUSD,sell,2014-05-16T09:00:00+00:00,2014-05-21T11:00:00+00:00,1.37067,1.36793,1.37382,1.36560,1188.4888,3.26030,
EURUSD,sell,2014-05-16T09:00:00+00:00,2014-05-21T12:00:00+00:00,1.37067,1.36844,1.36798,1.36560,396.1629,0.88276,
EURUSD,buy,2014-05-20T14:00:00+00:00,2014-05-21T12:00:00+00:00,1.36996,1.36635,1.36681,1.37503,1586.4220,-5.72697,
EURUSD,buy,2014-05-24T23:00:00+00:00,2014-05-27T00:00:00+00:00,1.36315,1.36587,1.36001,1.36819,1191.4037,3.24588,
EURUSD,buy,2014-05-26T05:00:00+00:00,2014-05-27T00:00:00+00:00,1.36258,1.36530,1.35945,1.36762,1191.9022,3.24588,
EURUSD,buy,2014-05-24T23:00:00+00:00,2014-05-27T01:00:00+00:00,1.36315,1.36556,1.36602,1.36819,397.1346,0.95765,
EURUSD,buy,2014-05-26T05:00:00+00:00,2014-05-27T01:00:00+00:00,1.36258,1.36556,1.36602,1.36762,397.3007,1.18458,
EURUSD,sell,2014-05-28T23:00:00+00:00,2014-05-29T09:00:00+00:00,1.35878,1.36237,1.36191,1.35375,1624.4488,-5.82320,
EURUSD,sell,2014-06-04T12:00:00+00:00,2014-06-05T11:00:00+00:00,1.36237,1.35964,1.36551,1.35733,1199.1032,3.26950,
EURUSD,sell,2014-06-04T12:00:00+00:00,2014-06-05T11:00:00+00:00,1.36237,1.36283,1.36237,1.35733,399.7011,-0.18335,
EURUSD,sell,2014-06-09T21:00:00+00:00,2014-06-10T08:00:00+00:00,1.35882,1.35610,1.36195,1.35379,1210.7494,3.29266,
EURUSD,sell,2014-06-09T21:00:00+00:00,2014-06-10T08:00:00+00:00,1.35882,1.35928,1.35882,1.35379,403.5831,-0.18470,
EURUSD,sell,2014-06-12T16:00:00+00:00,2014-06-13T06:00:00+00:00,1.35424,1.35782,1.35736,1.34923,1631.2620,-5.82836,
EURUSD,sell,2014-06-14T00:00:00+00:00,2014-06-16T12:00:00+00:00,1.35313,1.35670,1.35625,1.34813,1611.0697,-5.75157,
EURUSD,buy,2014-06-16T13:00:00+00:00,2014-06-18T18:00:00+00:00,1.35650,1.35921,1.35338,1.36151,1190.1253,3.22658,
EURUSD,buy,2014-06-16T13:00:00+00:00,2014-06-18T18:00:00+00:00,1.35650,1.35604,1.35650,1.36151,396.7084,-0.18127,
EURUSD,buy,2014-06-23T02:00:00+00:00,2014-06-23T08:00:00+00:00,1.36111,1.35752,1.35798,1.36614,1592.6478,-5.71281,
EURUSD,buy,2014-06-24T12:00:00+00:00,2014-06-24T15:00:00+00:00,1.36213,1.35854,1.35900,1.36717,1570.4784,-5.63745,
EURUSD,buy,2014-06-28T09:00:00+00:00,2014-06-30T14:00:00+00:00,1.36518,1.36791,1.36204,1.37023,1159.7364,3.16431,
EURUSD,buy,2014-06-28T09:00:00+00:00,2014-06-30T15:00:00+00:00,1.36518,1.36804,1.36850,1.37023,386.5788,1.10563,
EURUSD,sell,2014-06-30T22:00:00+00:00,2014-07-02T08:00:00+00:00,1.36872,1.36598,1.37187,1.36365,1167.7384,3.19882,
EURUSD,sell,2014-06-30T22:00:00+00:00,2014-07-02T09:00:00+00:00,1.36872,1.36695,1.36649,1.36365,389.2461,0.68869,
EURUSD,buy,2014-07-01T22:00:00+00:00,2014-07-02T12:00:00+00:00,1.36836,1.36475,1.36521,1.37342,1558.3277,-5.61907,
EURUSD,buy,2014-07-03T19:00:00+00:00,2014-07-07T06:00:00+00:00,1.36116,1.35757,1.35803,1.36619,1560.2106,-5.59666,
EURUSD,sell,2014-07-06T13:00:00+00:00,2014-07-09T00:00:00+00:00,1.35903,1.36262,1.36216,1.35400,1561.7140,-5.59933,
EURUSD,buy,2014-07-08T19:00:00+00:00,2014-07-09T18:00:00+00:00,1.36161,1.36433,1.35848,1.36664,1154.3527,3.14138,
EURUSD,buy,2014-07-08T19:00:00+00:00,2014-07-09T18:00:00+00:00,1.36161,1.36115,1.36161,1.36664,384.7842,-0.17641,
EURUSD,sell,2014-07-10T11:00:00+00:00,2014-07-14T07:00:00+00:00,1.36014,1.36373,1.36327,1.35511,1530.1910,-5.49073,
EURUSD,buy,2014-07-13T02:00:00+00:00,2014-07-14T07:00:00+00:00,1.36076,1.36348,1.35763,1.36579,1147.8120,3.12163,
EURUSD,buy,2014-07-13T02:00:00+00:00,2014-07-14T07:00:00+00:00,1.36076,1.36030,1.36076,1.36579,382.6040,-0.17531,
EURUSD,buy,2014-07-16T05:00:00+00:00,2014-07-16T10:00:00+00:00,1.35650,1.35292,1.35338,1.36151,1525.8422,-5.45489,
EURUSD,sell,2014-07-22T15:00:00+00:00,2014-07-25T12:00:00+00:00,1.34649,1.34379,1.34958,1.34150,1137.0110,3.06405,
EURUSD,sell,2014-07-22T15:00:00+00:00,2014-07-25T13:00:00+00:00,1.34649,1.34489,1.34444,1.34150,379.0037,0.60360,
EURUSD,sell,2014-07-29T05:00:00+00:00,2014-07-30T07:00:00+00:00,1.34269,1.34000,1.34578,1.33772,1150.4682,3.09157,
EURUSD,sell,2014-07-29T05:00:00+00:00,2014-07-30T08:00:00+00:00,1.34269,1.34082,1.34037,1.33772,383.4894,0.71519,
EURUSD,sell,2014-08-04T13:00:00+00:00,2014-08-05T10:00:00+00:00,1.34170,1.33901,1.34478,1.33673,1161.9534,3.12013,
EURUSD,sell,2014-08-04T13:00:00+00:00,2014-08-05T11:00:00+00:00,1.34170,1.33967,1.33922,1.33673,387.3178,0.78455,
EURUSD,sell,2014-08-08T19:00:00+00:00,2014-08-12T00:00:00+00:00,1.34081,1.33812,1.34389,1.33585,1173.6419,3.14943,
EURUSD,sell,2014-08-08T19:00:00+00:00,2014-08-12T01:00:00+00:00,1.34081,1.33836,1.33791,1.33585,391.2140,0.95701,
EURUSD,buy,2014-08-11T02:00:00+00:00,2014-08-12T01:00:00+00:00,1.34041,1.33688,1.33733,1.34537,1566.2572,-5.53391,
EURUSD,sell,2014-08-13T11:00:00+00:00,2014-08-13T12:00:00+00:00,1.33600,1.33952,1.33907,1.33105,1565.1474,-5.51786,
EURUSD,buy,2014-08-14T15:00:00+00:00,2014-08-15T14:00:00+00:00,1.33796,1.34064,1.33488,1.34291,1157.3726,3.09490,
EURUSD,buy,2014-08-14T15:00:00+00:00,2014-08-15T14:00:00+00:00,1.33796,1.33751,1.33796,1.34291,385.7909,-0.17414,
EURUSD,sell,2014-08-15T23:00:00+00:00,2014-08-18T14:00:00+00:00,1.33936,1.33668,1.34244,1.33440,1163.6473,3.11923,
EURUSD,sell,2014-08-17T03:00:00+00:00,2014-08-18T14:00:00+00:00,1.33936,1.33668,1.34244,1.33440,1163.6473,3.11923,
EURUSD,sell,2014-08-18T04:00:00+00:00,2014-08-18T14:00:00+00:00,1.33940,1.33672,1.34248,1.33444,1163.6126,3.11923,
EURUSD,sell,2014-08-15T23:00:00+00:00,2014-08-18T15:00:00+00:00,1.33936,1.33700,1.33655,1.33440,387.8824,0.91427,
EURUSD,sell,2014-08-17T03:00:00+00:00,2014-08-18T15:00:00+00:00,1.33936,1.33700,1.33655,1.33440,387.8824,0.91427,
EURUSD,sell,2014-08-18T04:00:00+00:00,2014-08-18T15:00:00+00:00,1.33940,1.33700,1.33655,1.33444,387.8709,0.92976,
EURUSD,sell,2014-08-20T00:00:00+00:00,2014-08-20T09:00:00+00:00,1.33139,1.32873,1.33445,1.32646,1204.7268,3.21014,
EURUSD,sell,2014-08-20T00:00:00+00:00,2014-08-20T10:00:00+00:00,1.33139,1.32905,1.32860,1.32646,401.5756,0.94044,
EURUSD,buy,2014-08-23T04:00:00+00:00,2014-08-24T21:00:00+00:00,1.32432,1.32083,1.32127,1.32922,1631.5264,-5.69628,
EURUSD,sell,2014-08-24T19:00:00+00:00,2014-08-24T21:00:00+00:00,1.32352,1.32087,1.32657,1.31862,1223.6448,3.24128,
EURUSD,sell,2014-08-24T19:00:00+00:00,2014-08-24T21:00:00+00:00,1.32352,1.31902,1.32352,1.31862,407.8816,1.83666,
EURUSD,buy,2014-08-26T10:00:00+00:00,2014-08-26T17:00:00+00:00,1.32021,1.31673,1.31717,1.32509,1634.2645,-5.68838,
EURUSD,buy,2014-08-31T18:00:00+00:00,2014-09-04T11:00:00+00:00,1.31350,1.31004,1.31048,1.31836,1620.9432,-5.61379,
EURUSD,buy,2014-09-02T06:00:00+00:00,2014-09-04T11:00:00+00:00,1.31301,1.30955,1.30999,1.31787,1621.5483,-5.61382,
EURUSD,sell,2014-09-08T07:00:00+00:00,2014-09-08T17:00:00+00:00,1.29387,1.29128,1.29685,1.28908,1200.8824,3.10972,
EURUSD,sell,2014-09-08T07:00:00+00:00,2014-09-08T17:00:00+00:00,1.29387,1.28947,1.29387,1.28908,400.2941,1.76211,
EURUSD,buy,2014-09-10T07:00:00+00:00,2014-09-10T12:00:00+00:00,1.29346,1.29005,1.29048,1.29824,1621.4883,-5.53121,
EURUSD,sell,2014-09-16T03:00:00+00:00,2014-09-16T15:00:00+00:00,1.29385,1.29727,1.29683,1.28906,1598.6539,-5.46071,
EURUSD,buy,2014-09-19T23:00:00+00:00,2014-09-22T03:00:00+00:00,1.28319,1.28576,1.28024,1.28794,1193.7105,3.06141,
EURUSD,buy,2014-09-21T15:00:00+00:00,2014-09-22T03:00:00+00:00,1.28317,1.28574,1.28022,1.28792,1193.7291,3.06141,
EURUSD,buy,2014-09-19T23:00:00+00:00,2014-09-22T04:00:00+00:00,1.28319,1.28551,1.28595,1.28794,397.9035,0.92289,
EURUSD,buy,2014-09-21T15:00:00+00:00,2014-09-22T04:00:00+00:00,1.28317,1.28551,1.28595,1.28792,397.9097,0.93087,
EURUSD,sell,2014-09-22T23:00:00+00:00,2014-09-23T08:00:00+00:00,1.28462,1.28802,1.28758,1.27987,1619.9261,-5.49448,
EURUSD,buy,2014-09-24T22:00:00+00:00,2014-09-25T06:00:00+00:00,1.27796,1.27459,1.27502,1.28269,1607.8436,-5.41992,
EURUSD,buy,2014-09-26T02:00:00+00:00,2014-09-26T12:00:00+00:00,1.27499,1.27163,1.27206,1.27971,1590.3290,-5.34860,
EURUSD,sell,2014-09-29T17:00:00+00:00,2014-09-30T08:00:00+00:00,1.26828,1.26574,1.27120,1.26359,1182.5309,3.00163,
EURUSD,sell,2014-09-29T17:00:00+00:00,2014-09-30T08:00:00+00:00,1.26828,1.26871,1.26828,1.26359,394.1770,-0.16969,
EURUSD,sell,2014-10-06T04:00:00+00:00,2014-10-06T08:00:00+00:00,1.25148,1.25479,1.25436,1.24685,1609.1783,-5.31930,
EURUSD,buy,2014-10-04T13:00:00+00:00,2014-10-06T09:00:00+00:00,1.25180,1.25430,1.24892,1.25643,1207.3080,3.02052,
EURUSD,buy,2014-10-04T13:00:00+00:00,2014-10-06T10:00:00+00:00,1.25180,1.25373,1.25416,1.25643,402.4360,0.78006,
EURUSD,sell,2014-10-09T09:00:00+00:00,2014-10-09T12:00:00+00:00,1.27570,1.27314,1.27863,1.27098,1179.5140,3.01148,
EURUSD,sell,2014-10-09T09:00:00+00:00,2014-10-09T12:00:00+00:00,1.27570,1.27613,1.27570,1.27098,393.1713,-0.17013,
EURUSD,buy,2014-10-15T08:00:00+00:00,2014-10-15T12:00:00+00:00,1.26571,1.26824,1.26280,1.27039,1197.9557,3.03044,
EURUSD,buy,2014-10-15T08:00:00+00:00,2014-10-15T12:00:00+00:00,1.26571,1.27001,1.26571,1.27039,399.3186,1.71731,
EURUSD,buy,2014-10-18T04:00:00+00:00,2014-10-20T06:00:00+00:00,1.27627,1.27291,1.27334,1.28099,1602.6599,-5.39541,
EURUSD,sell,2014-10-19T06:00:00+00:00,2014-10-20T11:00:00+00:00,1.27551,1.27888,1.27844,1.27079,1602.6599,-5.39791,
EURUSD,buy,2014-10-20T15:00:00+00:00,2014-10-20T19:00:00+00:00,1.27863,1.28119,1.27569,1.28336,1168.1114,2.98511,
EURUSD,buy,2014-10-20T15:00:00+00:00,2014-10-20T20:00:00+00:00,1.27863,1.27941,1.27984,1.28336,389.3705,0.30082,
EURUSD,sell,2014-10-23T09:00:00+00:00,2014-10-24T13:00:00+00:00,1.26559,1.26893,1.26850,1.26091,1585.5674,-5.29944,
EURUSD,sell,2014-10-25T01:00:00+00:00,2014-10-27T01:00:00+00:00,1.26650,1.26984,1.26941,1.26181,1563.5132,-5.22943,
EURUSD,buy,2014-10-26T14:00:00+00:00,2014-10-27T02:00:00+00:00,1.26726,1.26979,1.26435,1.27195,1172.6349,2.97002,
EURUSD,buy,2014-10-26T14:00:00+00:00,2014-10-27T03:00:00+00:00,1.26726,1.26989,1.27032,1.27195,390.8783,1.02756,
EURUSD,sell,2014-11-02T06:00:00+00:00,2014-11-03T00:00:00+00:00,1.25182,1.24932,1.25470,1.24719,1182.6931,2.96309,
EURUSD,sell,2014-11-02T06:00:00+00:00,2014-11-03T00:00:00+00:00,1.25182,1.24757,1.25182,1.24719,394.2310,1.67902,
EURUSD,sell,2014-11-05T12:00:00+00:00,2014-11-05T13:00:00+00:00,1.24696,1.25025,1.24982,1.24234,1601.6892,-5.27568,
EURUSD,buy,2014-11-07T08:00:00+00:00,2014-11-07T13:00:00+00:00,1.23988,1.24236,1.23703,1.24447,1192.8846,2.95603,
EURUSD,buy,2014-11-07T08:00:00+00:00,2014-11-07T13:00:00+00:00,1.23988,1.23946,1.23988,1.24447,397.6282,-0.16778,
EURUSD,sell,2014-11-08T14:00:00+00:00,2014-11-09T23:00:00+00:00,1.24485,1.24813,1.24771,1.24024,1594.4153,-5.24297,
EURUSD,buy,2014-11-11T04:00:00+00:00,2014-11-11T16:00:00+00:00,1.24221,1.24470,1.23936,1.24681,1183.2340,2.93763,
EURUSD,buy,2014-11-11T04:00:00+00:00,2014-11-11T17:00:00+00:00,1.24221,1.24410,1.24452,1.24681,394.4113,0.74311,
EURUSD,buy,2014-11-14T15:00:00+00:00,2014-11-14T17:00:00+00:00,1.24816,1.25066,1.24529,1.25278,1188.6536,2.96522,
EURUSD,buy,2014-11-14T15:00:00+00:00,2014-11-14T17:00:00+00:00,1.24816,1.25241,1.24816,1.25278,396.2179,1.68036,
EURUSD,buy,2014-11-16T13:00:00+00:00,2014-11-17T02:00:00+00:00,1.25272,1.25522,1.24984,1.25735,1198.2456,3.00005,
EURUSD,buy,2014-11-16T13:00:00+00:00,2014-11-17T02:00:00+00:00,1.25272,1.25697,1.25272,1.25735,399.4152,1.70009,
EURUSD,sell,2014-11-19T12:00:00+00:00,2014-11-19T13:00:00+00:00,1.25279,1.25610,1.25568,1.24816,1615.3557,-5.34523,
EURUSD,buy,2014-11-21T12:00:00+00:00,2014-11-21T16:00:00+00:00,1.24262,1.23934,1.23977,1.24722,1608.0412,-5.27291,
EURUSD,sell,2014-11-22T19:00:00+00:00,2014-11-24T09:00:00+00:00,1.23834,1.24161,1.24119,1.23376,1591.3528,-5.20596,
EURUSD,sell,2014-12-02T21:00:00+00:00,2014-12-03T08:00:00+00:00,1.23790,1.23542,1.24075,1.23332,1178.1729,2.91893,
EURUSD,sell,2014-12-02T21:00:00+00:00,2014-12-03T08:00:00+00:00,1.23790,1.23369,1.23790,1.23332,392.7243,1.65400,
EURUSD,sell,2014-12-05T15:00:00+00:00,2014-12-08T07:00:00+00:00,1.22927,1.22681,1.23210,1.22472,1200.3876,2.95324,
EURUSD,sell,2014-12-05T15:00:00+00:00,2014-12-08T08:00:00+00:00,1.22927,1.22829,1.22787,1.22472,400.1292,0.39322,
EURUSD,buy,2014-12-06T15:00:00+00:00,2014-12-08T08:00:00+00:00,1.22847,1.22523,1.22564,1.23301,1602.5238,-5.19588,
EURUSD,sell,2014-12-10T02:00:00+00:00,2014-12-10T04:00:00+00:00,1.23683,1.24010,1.23967,1.23225,1583.2625,-5.17327,
EURUSD,sell,2014-12-16T00:00:00+00:00,2014-12-16T08:00:00+00:00,1.24381,1.24709,1.24667,1.23920,1553.5903,-5.10452,
EURUSD,buy,2014-12-20T10:00:00+00:00,2014-12-22T07:00:00+00:00,1.22302,1.22546,1.22020,1.22754,1170.0549,2.86002,
EURUSD,buy,2014-12-21T15:00:00+00:00,2014-12-22T07:00:00+00:00,1.22302,1.22546,1.22020,1.22754,1170.0549,2.86002,
EURUSD,buy,2014-12-20T10:00:00+00:00,2014-12-22T08:00:00+00:00,1.22302,1.22462,1.22504,1.22754,390.0183,0.62626,
EURUSD,buy,2014-12-21T15:00:00+00:00,2014-12-22T08:00:00+00:00,1.22302,1.22462,1.22504,1.22754,390.0183,0.62626,
EURUSD,sell,2014-12-23T12:00:00+00:00,2014-12-23T13:00:00+00:00,1.22112,1.21868,1.22393,1.21660,1192.5719,2.91457,
EURUSD,sell,2014-12-23T12:00:00+00:00,2014-12-23T13:00:00+00:00,1.22112,1.22154,1.22112,1.21660,397.5240,-0.16551,
EURUSD,sell,2014-12-29T09:00:00+00:00,2014-12-29T17:00:00+00:00,1.22043,1.21799,1.22324,1.21592,1201.6904,2.93519,
EURUSD,sell,2014-12-29T09:00:00+00:00,2014-12-29T18:00:00+00:00,1.22043,1.21760,1.21718,1.21592,400.5635,1.13704,
EURUSD,sell,2014-12-31T04:00:00+00:00,2014-12-31T14:00:00+00:00,1.21542,1.21298,1.21821,1.21092,1219.2127,2.96575,
EURUSD,sell,2014-12-31T04:00:00+00:00,2014-12-31T15:00:00+00:00,1.21542,1.21387,1.21346,1.21092,406.4042,0.62636,
EURUSD,sell,2015-01-01T20:00:00+00:00,2015-01-02T01:00:00+00:00,1.20940,1.20698,1.21218,1.20492,1236.4145,2.99270,
EURUSD,sell,2015-01-01T20:00:00+00:00,2015-01-02T02:00:00+00:00,1.20940,1.20728,1.20687,1.20492,412.1382,0.87167,
EURUSD,sell,2015-01-03T11:00:00+00:00,2015-01-04T22:00:00+00:00,1.19981,1.19741,1.20257,1.19537,1258.3686,3.02169,
EURUSD,sell,2015-01-03T11:00:00+00:00,2015-01-04T22:00:00+00:00,1.19981,1.19573,1.19981,1.19537,419.4562,1.71223,
EURUSD,buy,2015-01-06T02:00:00+00:00,2015-01-06T08:00:00+00:00,1.19496,1.19180,1.19221,1.19938,1705.4617,-5.38112,
EURUSD,sell,2015-01-09T01:00:00+00:00,2015-01-09T13:00:00+00:00,1.17974,1.17737,1.18245,1.17537,1277.7239,3.01683,
EURUSD,sell,2015-01-09T01:00:00+00:00,2015-01-09T13:00:00+00:00,1.17974,1.18014,1.17974,1.17537,425.9080,-0.17204,
EURUSD,sell,2015-01-11T12:00:00+00:00,2015-01-11T22:00:00+00:00,1.18370,1.18683,1.18643,1.17932,1709.9327,-5.35086,
EURUSD,buy,2015-01-10T11:00:00+00:00,2015-01-12T08:00:00+00:00,1.18442,1.18129,1.18169,1.18880,1709.9327,-5.34838,
EURUSD,buy,2015-01-14T00:00:00+00:00,2015-01-14T07:00:00+00:00,1.17743,1.17979,1.17473,1.18179,1255.9682,2.95560,
EURUSD,buy,2015-01-14T00:00:00+00:00,2015-01-14T08:00:00+00:00,1.17743,1.17770,1.17810,1.18179,418.6561,0.11030,
EURUSD,buy,2015-01-15T10:00:00+00:00,2015-01-15T11:00:00+00:00,1.16898,1.17132,1.16629,1.17330,1274.8878,2.97858,
EURUSD,buy,2015-01-15T10:00:00+00:00,2015-01-15T11:00:00+00:00,1.16898,1.16858,1.16898,1.17330,424.9626,-0.17027,
EURUSD,buy,2015-01-20T17:00:00+00:00,2015-01-21T06:00:00+00:00,1.15510,1.15741,1.15244,1.15937,1299.3317,2.99964,
EURUSD,buy,2015-01-20T17:00:00+00:00,2015-01-21T07:00:00+00:00,1.15510,1.15701,1.15741,1.15937,433.1106,0.83000,
EURUSD,sell,2015-01-22T23:00:00+00:00,2015-01-23T01:00:00+00:00,1.13433,1.13733,1.13694,1.13013,1779.9765,-5.34142,
EURUSD,buy,2015-01-26T05:00:00+00:00,2015-01-26T06:00:00+00:00,1.11889,1.12112,1.11631,1.12302,1336.3141,2.98830,
EURUSD,buy,2015-01-26T05:00:00+00:00,2015-01-26T06:00:00+00:00,1.11889,1.11850,1.11889,1.12302,445.4380,-0.17178,
EURUSD,buy,2015-01-29T16:00:00+00:00,2015-01-29T17:00:00+00:00,1.13114,1.12815,1.12854,1.13532,1774.9039,-5.30587,
EURUSD,sell,2015-02-02T06:00:00+00:00,2015-02-02T08:00:00+00:00,1.13040,1.13339,1.13300,1.12622,1751.5362,-5.23817,
EURUSD,sell,2015-02-03T12:00:00+00:00,2015-02-03T13:00:00+00:00,1.13440,1.13740,1.13701,1.13020,1722.2810,-5.16860,
EURUSD,buy,2015-02-08T19:00:00+00:00,2015-02-09T07:00:00+00:00,1.13162,1.13388,1.12902,1.13581,1278.5284,2.89162,
EURUSD,buy,2015-02-08T19:00:00+00:00,2015-02-09T08:00:00+00:00,1.13162,1.13344,1.13383,1.13581,426.1761,0.77585,
EURUSD,buy,2015-02-11T17:00:00+00:00,2015-02-11T21:00:00+00:00,1.12973,1.13199,1.12713,1.13391,1292.8453,2.91911,
EURUSD,buy,2015-02-11T17:00:00+00:00,2015-02-11T21:00:00+00:00,1.12973,1.12934,1.12973,1.13391,430.9484,-0.16760,
EURUSD,buy,2015-02-13T08:00:00+00:00,2015-02-13T12:00:00+00:00,1.14289,1.13987,1.14026,1.14712,1715.9801,-5.18214,
EURUSD,buy,2015-02-14T11:00:00+00:00,2015-02-16T02:00:00+00:00,1.13911,1.14139,1.13649,1.14333,1274.1921,2.90089,
EURUSD,buy,2015-02-14T11:00:00+00:00,2015-02-16T03:00:00+00:00,1.13911,1.14104,1.14143,1.14333,424.7307,0.81801,
EURUSD,sell,2015-02-19T18:00:00+00:00,2015-02-20T08:00:00+00:00,1.13639,1.13411,1.13900,1.13218,1288.7472,2.93106,
EURUSD,sell,2015-02-19T18:00:00+00:00,2015-02-20T08:00:00+00:00,1.13639,1.13252,1.13639,1.13218,429.5824,1.66087,
EURUSD,sell,2015-02-21T07:00:00+00:00,2015-02-23T07:00:00+00:00,1.13738,1.13510,1.14000,1.13317,1302.7611,2.96551,
EURUSD,sell,2015-02-21T07:00:00+00:00,2015-02-23T07:00:00+00:00,1.13738,1.13777,1.13738,1.13317,434.2537,-0.16989,
EURUSD,buy,2015-02-23T19:00:00+00:00,2015-02-24T09:00:00+00:00,1.13360,1.13060,1.13099,1.13779,1756.1854,-5.26115,
EURUSD,sell,2015-03-02T02:00:00+00:00,2015-03-02T08:00:00+00:00,1.11679,1.11975,1.11936,1.11266,1757.9949,-5.19527,
EURUSD,buy,2015-03-05T10:00:00+00:00,2015-03-05T13:00:00+00:00,1.10564,1.10785,1.10310,1.10973,1314.9699,2.90577,
EURUSD,buy,2015-03-05T10:00:00+00:00,2015-03-05T13:00:00+00:00,1.10564,1.10526,1.10564,1.10973,438.3233,-0.16730,
EURUSD,sell,2015-03-09T04:00:00+00:00,2015-03-09T07:00:00+00:00,1.08379,1.08666,1.08629,1.07978,1800.1927,-5.16543,
EURUSD,buy,2015-03-13T06:00:00+00:00,2015-03-13T07:00:00+00:00,1.05822,1.06033,1.05578,1.06213,1365.2976,2.88757,
EURUSD,buy,2015-03-13T06:00:00+00:00,2015-03-13T07:00:00+00:00,1.05822,1.05785,1.05822,1.06213,455.0992,-0.16723,
EURUSD,buy,2015-03-18T14:00:00+00:00,2015-03-18T15:00:00+00:00,1.06124,1.06336,1.05880,1.06516,1371.0266,2.90796,
EURUSD,buy,2015-03-18T14:00:00+00:00,2015-03-18T15:00:00+00:00,1.06124,1.06087,1.06124,1.06516,457.0089,-0.16834,
EURUSD,buy,2015-03-21T01:00:00+00:00,2015-03-22T21:00:00+00:00,1.08192,1.08409,1.07944,1.08593,1354.3114,2.92850,
EURUSD,buy,2015-03-21T01:00:00+00:00,2015-03-22T21:00:00+00:00,1.08192,1.08560,1.08192,1.08593,451.4371,1.65955,
EURUSD,sell,2015-03-22T18:00:00+00:00,2015-03-22T21:00:00+00:00,1.08128,1.08414,1.08376,1.07727,1805.7485,-5.16954,
EURUSD,buy,2015-03-23T18:00:00+00:00,2015-03-24T01:00:00+00:00,1.09486,1.09196,1.09234,1.09891,1781.7603,-5.15839,
EURUSD,sell,2015-03-25T11:00:00+00:00,2015-03-25T12:00:00+00:00,1.09860,1.10151,1.10113,1.09453,1751.1563,-5.09217,
EURUSD,buy,2015-03-27T10:00:00+00:00,2015-03-27T11:00:00+00:00,1.08328,1.08545,1.08079,1.08729,1315.1021,2.84730,
EURUSD,buy,2015-03-27T10:00:00+00:00,2015-03-27T11:00:00+00:00,1.08328,1.08291,1.08328,1.08729,438.3674,-0.16437,
EURUSD,buy,2015-03-28T14:00:00+00:00,2015-03-30T00:00:00+00:00,1.08907,1.08619,1.08656,1.09309,1756.4817,-5.05877,
EURUSD,sell,2015-03-30T19:00:00+00:00,2015-03-30T20:00:00+00:00,1.08100,1.08386,1.08348,1.07699,1745.1430,-4.99477,
EURUSD,buy,2015-03-31T20:00:00+00:00,2015-04-01T00:00:00+00:00,1.07340,1.07555,1.07093,1.07737,1301.4530,2.79204,
EURUSD,buy,2015-03-31T20:00:00+00:00,2015-04-01T01:00:00+00:00,1.07340,1.07503,1.07540,1.07737,433.8177,0.70516,
EURUSD,sell,2015-04-03T08:00:00+00:00,2015-04-03T11:00:00+00:00,1.08759,1.09047,1.09010,1.08357,1727.6732,-4.97442,
EURUSD,buy,2015-04-06T04:00:00+00:00,2015-04-06T12:00:00+00:00,1.09805,1.10024,1.09552,1.10211,1267.1934,2.78096,
EURUSD,buy,2015-04-06T04:00:00+00:00,2015-04-06T12:00:00+00:00,1.09805,1.10178,1.09805,1.10211,422.3978,1.57594,
EURUSD,buy,2015-04-09T04:00:00+00:00,2015-04-09T05:00:00+00:00,1.07763,1.07478,1.07516,1.08162,1741.8223,-4.96479,
EURUSD,sell,2015-04-14T02:00:00+00:00,2015-04-14T04:00:00+00:00,1.05744,1.05533,1.05988,1.05353,1312.9103,2.77857,
EURUSD,sell,2015-04-14T02:00:00+00:00,2015-04-14T05:00:00+00:00,1.05744,1.05606,1.05569,1.05353,437.6368,0.60654,
EURUSD,sell,2015-04-15T15:00:00+00:00,2015-04-15T16:00:00+00:00,1.05926,1.06207,1.06170,1.05534,1763.5140,-4.94764,
EURUSD,sell,2015-04-17T02:00:00+00:00,2015-04-17T06:00:00+00:00,1.07653,1.07437,1.07900,1.07254,1284.1942,2.76685,
EURUSD,sell,2015-04-17T02:00:00+00:00,2015-04-17T06:00:00+00:00,1.07653,1.07690,1.07653,1.07254,428.0647,-0.15966,
EURUSD,buy,2015-04-19T22:00:00+00:00,2015-04-20T04:00:00+00:00,1.07973,1.07688,1.07725,1.08373,1720.2749,-4.91277,
EURUSD,buy,2015-04-22T18:00:00+00:00,2015-04-22T22:00:00+00:00,1.07421,1.07137,1.07174,1.07819,1706.2438,-4.84821,
EURUSD,sell,2015-04-25T03:00:00+00:00,2015-04-27T07:00:00+00:00,1.08673,1.08456,1.08923,1.08271,1247.4544,2.71317,
EURUSD,sell,2015-04-25T03:00:00+00:00,2015-04-27T07:00:00+00:00,1.08673,1.08711,1.08673,1.08271,415.8181,-0.15636,
EURUSD,buy,2015-04-28T21:00:00+00:00,2015-04-29T08:00:00+00:00,1.09791,1.10010,1.09538,1.10197,1244.2335,2.73023,
EURUSD,buy,2015-04-28T21:00:00+00:00,2015-04-29T09:00:00+00:00,1.09791,1.09867,1.09905,1.10197,414.7445,0.31563,
EURUSD,sell,2015-05-02T17:00:00+00:00,2015-05-04T06:00:00+00:00,1.11914,1.12211,1.12172,1.11500,1640.1279,-4.85697,
EURUSD,buy,2015-05-03T22:00:00+00:00,2015-05-04T06:00:00+00:00,1.11890,1.12113,1.11632,1.12303,1231.1077,2.75306,
EURUSD,buy,2015-05-03T22:00:00+00:00,2015-05-04T06:00:00+00:00,1.11890,1.11851,1.11890,1.12303,410.3692,-0.15826,
EURUSD,sell,2015-05-06T00:00:00+00:00,2015-05-06T02:00:00+00:00,1.11772,1.12068,1.12030,1.11359,1632.0945,-4.82715,
EURUSD,buy,2015-05-10T05:00:00+00:00,2015-05-11T00:00:00+00:00,1.12034,1.11737,1.11776,1.12448,1607.7177,-4.76096,
EURUSD,buy,2015-05-17T09:00:00+00:00,2015-05-18T00:00:00+00:00,1.14535,1.14233,1.14272,1.14959,1551.8109,-4.69628,
EURUSD,buy,2015-05-18T15:00:00+00:00,2015-05-18T17:00:00+00:00,1.13575,1.13275,1.13314,1.13995,1544.2506,-4.63487,
EURUSD,buy,2015-05-20T06:00:00+00:00,2015-05-20T08:00:00+00:00,1.10864,1.11086,1.10609,1.11274,1170.8254,2.59426,
EURUSD,buy,2015-05-20T06:00:00+00:00,2015-05-20T09:00:00+00:00,1.10864,1.10997,1.11035,1.11274,390.2751,0.51689,
EURUSD,buy,2015-05-22T03:00:00+00:00,2015-05-22T08:00:00+00:00,1.11496,1.11719,1.11240,1.11909,1174.6537,2.61759,
EURUSD,buy,2015-05-22T03:00:00+00:00,2015-05-22T09:00:00+00:00,1.11496,1.11574,1.11612,1.11909,391.5512,0.30180,
EURUSD,buy,2015-05-30T21:00:00+00:00,2015-05-31T23:00:00+00:00,1.09864,1.09573,1.09611,1.10270,1602.7679,-4.65593,
EURUSD,buy,2015-06-03T09:00:00+00:00,2015-06-03T12:00:00+00:00,1.11237,1.10943,1.10982,1.11649,1562.0448,-4.59338,
EURUSD,buy,2015-06-07T18:00:00+00:00,2015-06-08T00:00:00+00:00,1.11136,1.10843,1.10881,1.11547,1542.7931,-4.53272,
EURUSD,sell,2015-06-05T23:00:00+00:00,2015-06-08T06:00:00+00:00,1.11091,1.11385,1.11346,1.10680,1542.5015,-4.53481,
EURUSD,buy,2015-06-10T09:00:00+00:00,2015-06-10T11:00:00+00:00,1.13036,1.12737,1.12776,1.13454,1476.7453,-4.41157,
EURUSD,sell,2015-06-12T10:00:00+00:00,2015-06-12T11:00:00+00:00,1.11811,1.12107,1.12069,1.11398,1472.3000,-4.35603,
EURUSD,buy,2015-06-14T01:00:00+00:00,2015-06-14T21:00:00+00:00,1.12665,1.12367,1.12406,1.13082,1442.6879,-4.29591,
EURUSD,sell,2015-06-15T17:00:00+00:00,2015-06-15T18:00:00+00:00,1.12527,1.12825,1.12786,1.12111,1424.5025,-4.24114,
EURUSD,buy,2015-06-18T11:00:00+00:00,2015-06-18T16:00:00+00:00,1.14076,1.14304,1.13814,1.14498,1040.5565,2.37242,
EURUSD,buy,2015-06-18T11:00:00+00:00,2015-06-18T16:00:00+00:00,1.14076,1.14037,1.14076,1.14498,346.8522,-0.13604,
EURUSD,buy,2015-06-22T17:00:00+00:00,2015-06-23T02:00:00+00:00,1.13456,1.13156,1.13195,1.13876,1404.8513,-4.21213,
EURUSD,sell,2015-06-25T14:00:00+00:00,2015-06-26T08:00:00+00:00,1.11882,1.12178,1.12140,1.11468,1404.9374,-4.15932,
EURUSD,sell,2015-07-01T20:00:00+00:00,2015-07-02T02:00:00+00:00,1.10490,1.10782,1.10744,1.10081,1403.8283,-4.10518,
EURUSD,sell,2015-07-04T10:00:00+00:00,2015-07-05T21:00:00+00:00,1.11059,1.10836,1.11314,1.10648,1033.6212,2.29744,
EURUSD,sell,2015-07-04T10:00:00+00:00,2015-07-05T21:00:00+00:00,1.11059,1.10681,1.11059,1.10648,344.5404,1.30183,
EURUSD,buy,2015-07-09T14:00:00+00:00,2015-07-09T15:00:00+00:00,1.10486,1.10194,1.10232,1.10895,1402.4278,-4.09663,
EURUSD,sell,2015-07-11T08:00:00+00:00,2015-07-12T21:00:00+00:00,1.11486,1.11262,1.11742,1.11073,1027.9910,2.29370,
EURUSD,sell,2015-07-11T08:00:00+00:00,2015-07-12T21:00:00+00:00,1.11486,1.11106,1.11486,1.11073,342.6637,1.29972,
EURUSD,buy,2015-07-13T17:00:00+00:00,2015-07-13T23:00:00+00:00,1.10086,1.09795,1.09833,1.10493,1405.2389,-4.09023,
EURUSD,buy,2015-07-15T17:00:00+00:00,2015-07-16T01:00:00+00:00,1.09517,1.09227,1.09265,1.09922,1393.8625,-4.03650,
EURUSD,buy,2015-07-17T17:00:00+00:00,2015-07-20T01:00:00+00:00,1.08505,1.08218,1.08255,1.08906,1388.2604,-3.98376,
EURUSD,buy,2015-07-20T19:00:00+00:00,2015-07-20T20:00:00+00:00,1.08379,1.08092,1.08129,1.08779,1371.4905,-3.93115,
EURUSD,buy,2015-07-26T16:00:00+00:00,2015-07-27T02:00:00+00:00,1.09828,1.10047,1.09575,1.10234,1001.6162,2.19859,
EURUSD,buy,2015-07-26T16:00:00+00:00,2015-07-27T03:00:00+00:00,1.09828,1.09966,1.10004,1.10234,333.8721,0.46095,
EURUSD,buy,2015-07-27T23:00:00+00:00,2015-07-28T06:00:00+00:00,1.10917,1.10624,1.10662,1.11328,1334.3648,-3.91276,
EURUSD,buy,2015-07-29T01:00:00+00:00,2015-07-29T04:00:00+00:00,1.10842,1.10549,1.10587,1.11252,1317.6125,-3.86107,
EURUSD,buy,2015-08-03T04:00:00+00:00,2015-08-03T08:00:00+00:00,1.09829,1.09539,1.09576,1.10235,1312.1861,-3.81062,
EURUSD,buy,2015-08-04T05:00:00+00:00,2015-08-04T11:00:00+00:00,1.09609,1.09828,1.09357,1.10014,973.0745,2.13168,
EURUSD,buy,2015-08-04T05:00:00+00:00,2015-08-04T12:00:00+00:00,1.09609,1.09697,1.09735,1.10014,324.3582,0.28611,
EURUSD,sell,2015-08-09T04:00:00+00:00,2015-08-10T10:00:00+00:00,1.09585,1.09366,1.09837,1.09180,980.9728,2.15148,
EURUSD,sell,2015-08-09T04:00:00+00:00,2015-08-10T11:00:00+00:00,1.09585,1.09457,1.09419,1.09180,326.9909,0.41949,
EURUSD,buy,2015-08-10T11:00:00+00:00,2015-08-10T13:00:00+00:00,1.09640,1.09350,1.09388,1.10045,1319.8232,-3.82631,
EURUSD,sell,2015-08-14T17:00:00+00:00,2015-08-17T04:00:00+00:00,1.11110,1.10887,1.11365,1.10698,963.2773,2.14207,
EURUSD,sell,2015-08-14T17:00:00+00:00,2015-08-17T05:00:00+00:00,1.11110,1.10943,1.10905,1.10698,321.0924,0.53425,
EURUSD,sell,2015-08-15T23:00:00+00:00,2015-08-17T07:00:00+00:00,1.11029,1.10806,1.11284,1.10618,963.9798,2.14207,
EURUSD,sell,2015-08-15T23:00:00+00:00,2015-08-17T08:00:00+00:00,1.11029,1.11060,1.11022,1.10618,321.3266,-0.10163,
EURUSD,sell,2015-08-19T18:00:00+00:00,2015-08-20T00:00:00+00:00,1.11219,1.11513,1.11475,1.10807,1304.3098,-3.83889,
EURUSD,buy,2015-08-22T20:00:00+00:00,2015-08-24T01:00:00+00:00,1.13862,1.14090,1.13600,1.14283,943.4474,2.14698,
EURUSD,buy,2015-08-22T20:00:00+00:00,2015-08-24T01:00:00+00:00,1.13862,1.13823,1.13862,1.14283,314.4825,-0.12314,
EURUSD,buy,2015-08-27T19:00:00+00:00,2015-08-28T07:00:00+00:00,1.12468,1.12693,1.12209,1.12884,961.8947,2.16215,
EURUSD,buy,2015-08-27T19:00:00+00:00,2015-08-28T07:00:00+00:00,1.12468,1.12850,1.12468,1.12884,320.6316,1.22526,
EURUSD,buy,2015-08-30T17:00:00+00:00,2015-08-30T22:00:00+00:00,1.11834,1.12057,1.11576,1.12247,978.7115,2.18755,
EURUSD,buy,2015-08-30T17:00:00+00:00,2015-08-30T22:00:00+00:00,1.11834,1.11795,1.11834,1.12247,326.2372,-0.12576,
EURUSD,sell,2015-09-01T04:00:00+00:00,2015-09-01T06:00:00+00:00,1.12661,1.12959,1.12920,1.12244,1303.7326,-3.88612,
EURUSD,buy,2015-09-03T10:00:00+00:00,2015-09-03T12:00:00+00:00,1.12273,1.11976,1.12015,1.12688,1291.7176,-3.83321,
EURUSD,buy,2015-09-05T14:00:00+00:00,2015-09-07T06:00:00+00:00,1.11532,1.11238,1.11276,1.11945,1283.1011,-3.78295,
EURUSD,sell,2015-09-13T09:00:00+00:00,2015-09-13T22:00:00+00:00,1.13314,1.13614,1.13575,1.12895,1245.4831,-3.73364,
EURUSD,buy,2015-09-11T22:00:00+00:00,2015-09-14T06:00:00+00:00,1.13382,1.13609,1.13121,1.13801,934.1123,2.11677,
EURUSD,buy,2015-09-11T22:00:00+00:00,2015-09-14T06:00:00+00:00,1.13382,1.13343,1.13382,1.13801,311.3708,-0.12148,
EURUSD,buy,2015-09-14T14:00:00+00:00,2015-09-14T15:00:00+00:00,1.12875,1.13100,1.12615,1.13292,932.5323,2.10374,
EURUSD,buy,2015-09-14T14:00:00+00:00,2015-09-14T15:00:00+00:00,1.12875,1.12836,1.12875,1.13292,310.8441,-0.12080,
EURUSD,sell,2015-09-19T19:00:00+00:00,2015-09-21T04:00:00+00:00,1.12940,1.13239,1.13200,1.12522,1250.6888,-3.73708,
EURUSD,buy,2015-09-21T07:00:00+00:00,2015-09-21T08:00:00+00:00,1.13242,1.12943,1.12982,1.13661,1231.5982,-3.68582,
EURUSD,sell,2015-09-23T12:00:00+00:00,2015-09-23T13:00:00+00:00,1.11280,1.11574,1.11536,1.10868,1236.0089,-3.63982,
EURUSD,buy,2015-09-25T10:00:00+00:00,2015-09-25T12:00:00+00:00,1.11737,1.11441,1.11480,1.12150,1215.4011,-3.58980,
EURUSD,buy,2015-09-27T19:00:00+00:00,2015-09-28T06:00:00+00:00,1.11946,1.11650,1.11688,1.12360,1197.0928,-3.54223,
EURUSD,sell,2015-09-29T19:00:00+00:00,2015-09-30T06:00:00+00:00,1.12476,1.12251,1.12735,1.12060,881.2412,1.98374,
EURUSD,sell,2015-09-29T19:00:00+00:00,2015-09-30T07:00:00+00:00,1.12476,1.12365,1.12326,1.12060,293.7471,0.32767,
EURUSD,buy,2015-10-01T14:00:00+00:00,2015-10-01T20:00:00+00:00,1.12069,1.11772,1.11811,1.12483,1190.2855,-3.52589,
EURUSD,sell,2015-10-11T21:00:00+00:00,2015-10-12T07:00:00+00:00,1.13567,1.13867,1.13828,1.13147,1158.3586,-3.48008,
EURUSD,buy,2015-10-13T05:00:00+00:00,2015-10-13T07:00:00+00:00,1.13804,1.14032,1.13542,1.14225,856.0076,1.94700,
EURUSD,buy,2015-10-13T05:00:00+00:00,2015-10-13T07:00:00+00:00,1.13804,1.13765,1.13804,1.14225,285.3359,-0.11168,
EURUSD,buy,2015-10-14T13:00:00+00:00,2015-10-14T15:00:00+00:00,1.14180,1.14408,1.13918,1.14603,859.2174,1.96076,
EURUSD,buy,2015-10-14T13:00:00+00:00,2015-10-14T16:00:00+00:00,1.14180,1.14302,1.14341,1.14603,286.4058,0.34786,
EURUSD,buy,2015-10-18T05:00:00+00:00,2015-10-19T01:00:00+00:00,1.13500,1.13727,1.13239,1.13920,871.9966,1.97807,
EURUSD,buy,2015-10-18T05:00:00+00:00,2015-10-19T02:00:00+00:00,1.13500,1.13649,1.13688,1.13920,290.6655,0.43267,
EURUSD,sell,2015-10-20T13:00:00+00:00,2015-10-21T07:00:00+00:00,1.13458,1.13758,1.13719,1.13038,1173.0165,-3.52079,
EURUSD,buy,2015-10-21T17:00:00+00:00,2015-10-22T07:00:00+00:00,1.13429,1.13129,1.13168,1.13849,1158.4955,-3.47268,
EURUSD,sell,2015-10-26T01:00:00+00:00,2015-10-26T07:00:00+00:00,1.10216,1.10508,1.10469,1.09808,1175.8044,-3.43000,
EURUSD,sell,2015-11-03T14:00:00+00:00,2015-11-03T17:00:00+00:00,1.09368,1.09658,1.09620,1.08963,1169.2421,-3.38507,
EURUSD,sell,2015-11-11T09:00:00+00:00,2015-11-11T11:00:00+00:00,1.07464,1.07249,1.07711,1.07066,880.6634,1.89409,
EURUSD,sell,2015-11-11T09:00:00+00:00,2015-11-11T12:00:00+00:00,1.07464,1.07270,1.07233,1.07066,293.5545,0.56826,
EURUSD,sell,2015-11-12T16:00:00+00:00,2015-11-12T17:00:00+00:00,1.07639,1.07924,1.07886,1.07240,1183.7440,-3.37380,
EURUSD,sell,2015-11-16T21:00:00+00:00,2015-11-17T04:00:00+00:00,1.06826,1.06612,1.07072,1.06431,882.7229,1.88726,
EURUSD,sell,2015-11-16T21:00:00+00:00,2015-11-17T05:00:00+00:00,1.06826,1.06666,1.06629,1.06431,294.2410,0.47065,
EURUSD,buy,2015-11-25T19:00:00+00:00,2015-11-27T09:00:00+00:00,1.06180,1.05899,1.05936,1.06573,1195.9429,-3.35964,
EURUSD,buy,2015-11-28T11:00:00+00:00,2015-11-30T01:00:00+00:00,1.05955,1.05674,1.05711,1.06347,1182.6245,-3.31531,
EURUSD,buy,2015-11-30T15:00:00+00:00,2015-12-01T02:00:00+00:00,1.05646,1.05857,1.05403,1.06036,877.7918,1.85342,
EURUSD,buy,2015-11-30T15:00:00+00:00,2015-12-01T03:00:00+00:00,1.05646,1.05730,1.05767,1.06036,292.5973,0.24750,
EURUSD,buy,2015-12-03T15:00:00+00:00,2015-12-03T16:00:00+00:00,1.08516,1.08732,1.08266,1.08917,861.8397,1.86917,
EURUSD,buy,2015-12-03T15:00:00+00:00,2015-12-03T16:00:00+00:00,1.08516,1.08478,1.08516,1.08917,287.2799,-0.10788,
EURUSD,sell,2015-12-06T14:00:00+00:00,2015-12-07T08:00:00+00:00,1.08785,1.08568,1.09036,1.08383,865.2561,1.88384,
EURUSD,sell,2015-12-06T14:00:00+00:00,2015-12-07T08:00:00+00:00,1.08785,1.08415,1.08785,1.08383,288.4187,1.06747,
EURUSD,buy,2015-12-08T05:00:00+00:00,2015-12-08T13:00:00+00:00,1.08639,1.08856,1.08389,1.09040,877.1355,1.90450,
EURUSD,buy,2015-12-08T05:00:00+00:00,2015-12-08T13:00:00+00:00,1.08639,1.08601,1.08639,1.09040,292.3785,-0.10991,
EURUSD,buy,2015-12-15T14:00:00+00:00,2015-12-15T15:00:00+00:00,1.09607,1.09317,1.09355,1.10012,1167.3712,-3.38334,
EURUSD,sell,2015-12-17T01:00:00+00:00,2015-12-17T07:00:00+00:00,1.08488,1.08776,1.08738,1.08087,1163.1101,-3.34070,
EURUSD,sell,2015-12-26T20:00:00+00:00,2015-12-28T10:00:00+00:00,1.09613,1.09903,1.09865,1.09207,1135.9422,-3.29590,
EURUSD,buy,2015-12-25T19:00:00+00:00,2015-12-29T13:00:00+00:00,1.09679,1.09389,1.09427,1.10085,1135.9422,-3.29437,
EURUSD,buy,2015-12-28T07:00:00+00:00,2015-12-29T13:00:00+00:00,1.09686,1.09396,1.09434,1.10092,1135.8697,-3.29437,
EURUSD,buy,2015-12-30T00:00:00+00:00,2015-12-30T15:00:00+00:00,1.09307,1.09018,1.09055,1.09711,1094.5806,-3.16383,
EURUSD,buy,2016-01-03T08:00:00+00:00,2016-01-04T01:00:00+00:00,1.08597,1.08309,1.08347,1.08998,1087.1678,-3.12234,
EURUSD,sell,2016-01-06T14:00:00+00:00,2016-01-06T19:00:00+00:00,1.07508,1.07792,1.07755,1.07110,1083.0027,-3.08298,
EURUSD,sell,2016-01-10T17:00:00+00:00,2016-01-10T22:00:00+00:00,1.09202,1.09491,1.09453,1.08798,1052.0860,-3.04135,
EURUSD,buy,2016-01-11T20:00:00+00:00,2016-01-12T03:00:00+00:00,1.08553,1.08770,1.08303,1.08954,783.7537,1.70040,
EURUSD,buy,2016-01-11T20:00:00+00:00,2016-01-12T04:00:00+00:00,1.08553,1.08738,1.08776,1.08954,261.2512,0.48544,
EURUSD,sell,2016-01-19T00:00:00+00:00,2016-01-19T03:00:00+00:00,1.08798,1.09086,1.09049,1.08396,1052.0611,-3.03022,
EURUSD,buy,2016-01-22T00:00:00+00:00,2016-01-22T02:00:00+00:00,1.08572,1.08284,1.08322,1.08973,1040.9323,-2.98888,
EURUSD,buy,2016-01-23T06:00:00+00:00,2016-01-25T08:00:00+00:00,1.07979,1.08195,1.07731,1.08379,774.5975,1.67166,
EURUSD,buy,2016-01-23T06:00:00+00:00,2016-01-25T09:00:00+00:00,1.07979,1.08112,1.08149,1.08379,258.1992,0.34127,
EURUSD,buy,2016-01-25T08:00:00+00:00,2016-01-25T20:00:00+00:00,1.08299,1.08516,1.08050,1.08700,778.0981,1.68419,
EURUSD,buy,2016-01-25T08:00:00+00:00,2016-01-25T21:00:00+00:00,1.08299,1.08423,1.08461,1.08700,259.3660,0.32157,
EURUSD,sell,2016-01-27T06:00:00+00:00,2016-01-27T07:00:00+00:00,1.08524,1.08812,1.08774,1.08123,1045.5028,-3.00388,
EURUSD,sell,2016-01-29T19:00:00+00:00,2016-02-01T02:00:00+00:00,1.08232,1.08518,1.08481,1.07831,1034.4594,-2.96427,
EURUSD,buy,2016-01-31T19:00:00+00:00,2016-02-01T08:00:00+00:00,1.08332,1.08549,1.08083,1.08733,775.5866,1.67927,
EURUSD,buy,2016-01-31T19:00:00+00:00,2016-02-01T09:00:00+00:00,1.08332,1.08412,1.08450,1.08733,258.5289,0.20676,
EURUSD,buy,2016-02-08T05:00:00+00:00,2016-02-08T09:00:00+00:00,1.11421,1.11644,1.11165,1.11834,750.4551,1.67118,
EURUSD,buy,2016-02-08T05:00:00+00:00,2016-02-08T10:00:00+00:00,1.11421,1.11583,1.11621,1.11834,250.1517,0.40299,
EURUSD,buy,2016-02-10T18:00:00+00:00,2016-02-10T20:00:00+00:00,1.12613,1.12838,1.12354,1.13029,749.4249,1.68673,
EURUSD,buy,2016-02-10T18:00:00+00:00,2016-02-10T21:00:00+00:00,1.12613,1.12823,1.12862,1.13029,249.8083,0.52552,
EURUSD,sell,2016-02-12T13:00:00+00:00,2016-02-12T14:00:00+00:00,1.12427,1.12725,1.12686,1.12011,1010.1173,-3.00477,
EURUSD,buy,2016-02-14T07:00:00+00:00,2016-02-14T22:00:00+00:00,1.12566,1.12268,1.12307,1.12982,996.1292,-2.96363,
EURUSD,buy,2016-02-18T08:00:00+00:00,2016-02-18T11:00:00+00:00,1.11370,1.11076,1.11114,1.11782,993.5116,-2.92498,
EURUSD,sell,2016-02-28T23:00:00+00:00,2016-02-29T06:00:00+00:00,1.09211,1.09500,1.09462,1.08807,999.1589,-2.88858,
EURUSD,buy,2016-02-27T22:00:00+00:00,2016-02-29T08:00:00+00:00,1.09333,1.09551,1.09081,1.09737,748.9852,1.63664,
EURUSD,buy,2016-02-27T22:00:00+00:00,2016-02-29T08:00:00+00:00,1.09333,1.09295,1.09333,1.09737,249.6617,-0.09437,
EURUSD,buy,2016-03-02T04:00:00+00:00,2016-03-02T14:00:00+00:00,1.08613,1.08325,1.08363,1.09014,999.0694,-2.86974,
EURUSD,buy,2016-03-04T11:00:00+00:00,2016-03-04T13:00:00+00:00,1.09874,1.09583,1.09621,1.10280,974.5367,-2.83122,
EURUSD,buy,2016-03-06T11:00:00+00:00,2016-03-07T07:00:00+00:00,1.10088,1.09797,1.09835,1.10495,959.7790,-2.79368,
EURUSD,sell,2016-03-08T10:00:00+00:00,2016-03-08T14:00:00+00:00,1.10137,1.10428,1.10390,1.09729,946.0982,-2.75797,
EURUSD,sell,2016-03-09T17:00:00+00:00,2016-03-09T19:00:00+00:00,1.10253,1.10032,1.10507,1.09845,699.4495,1.54339,
EURUSD,sell,2016-03-09T17:00:00+00:00,2016-03-09T20:00:00+00:00,1.10253,1.10122,1.10084,1.09845,233.1498,0.30516,
EURUSD,sell,2016-03-13T17:00:00+00:00,2016-03-13T22:00:00+00:00,1.11435,1.11729,1.11691,1.11022,931.0020,-2.74539,
EURUSD,sell,2016-03-15T17:00:00+00:00,2016-03-16T08:00:00+00:00,1.11078,1.10855,1.11333,1.10667,691.2293,1.53666,
EURUSD,sell,2016-03-15T17:00:00+00:00,2016-03-16T09:00:00+00:00,1.11078,1.10933,1.10895,1.10667,230.4098,0.33270,
EURUSD,sell,2016-03-17T20:00:00+00:00,2016-03-18T07:00:00+00:00,1.13143,1.12917,1.13403,1.12724,684.8051,1.55069,
EURUSD,sell,2016-03-17T20:00:00+00:00,2016-03-18T08:00:00+00:00,1.13143,1.13037,1.12998,1.12724,228.2684,0.24230,
EURUSD,buy,2016-03-18T22:00:00+00:00,2016-03-21T07:00:00+00:00,1.12730,1.12432,1.12471,1.13147,924.9256,-2.75573,
EURUSD,buy,2016-03-21T10:00:00+00:00,2016-03-21T13:00:00+00:00,1.12860,1.12562,1.12600,1.13277,911.6476,-2.71925,
EURUSD,buy,2016-03-24T02:00:00+00:00,2016-03-24T11:00:00+00:00,1.11743,1.11447,1.11486,1.12156,908.5922,-2.68375,
EURUSD,buy,2016-03-25T18:00:00+00:00,2016-03-28T13:00:00+00:00,1.11691,1.11915,1.11435,1.12105,672.7421,1.50175,
EURUSD,buy,2016-03-27T12:00:00+00:00,2016-03-28T13:00:00+00:00,1.11657,1.11881,1.11401,1.12070,672.9470,1.50175,
EURUSD,buy,2016-03-27T12:00:00+00:00,2016-03-28T13:00:00+00:00,1.11657,1.12037,1.11657,1.12070,224.3157,0.85103,
EURUSD,buy,2016-03-25T18:00:00+00:00,2016-03-28T14:00:00+00:00,1.11691,1.11934,1.11973,1.12105,224.2474,0.54472,
EURUSD,sell,2016-03-30T00:00:00+00:00,2016-03-30T07:00:00+00:00,1.12930,1.13229,1.13190,1.12512,906.0912,-2.70718,
EURUSD,sell,2016-04-09T13:00:00+00:00,2016-04-11T01:00:00+00:00,1.13916,1.14217,1.14178,1.13494,886.3720,-2.67099,
EURUSD,buy,2016-04-16T11:00:00+00:00,2016-04-18T09:00:00+00:00,1.12857,1.13082,1.12597,1.13274,662.5417,1.49442,
EURUSD,buy,2016-04-16T11:00:00+00:00,2016-04-18T10:00:00+00:00,1.12857,1.12963,1.13002,1.13274,220.8472,0.23466,
EURUSD,sell,2016-04-18T10:00:00+00:00,2016-04-18T14:00:00+00:00,1.13012,1.13311,1.13272,1.12594,889.2940,-2.65889,
EURUSD,buy,2016-04-23T17:00:00+00:00,2016-04-25T07:00:00+00:00,1.12261,1.12485,1.12003,1.12676,662.9534,1.48744,
EURUSD,buy,2016-04-23T17:00:00+00:00,2016-04-25T08:00:00+00:00,1.12261,1.12448,1.12487,1.12676,220.9845,0.41454,
EURUSD,buy,2016-04-26T04:00:00+00:00,2016-04-26T08:00:00+00:00,1.12660,1.12885,1.12401,1.13077,666.9376,1.50170,
EURUSD,buy,2016-04-26T04:00:00+00:00,2016-04-26T09:00:00+00:00,1.12660,1.12778,1.12817,1.13077,222.3125,0.26315,
EURUSD,sell,2016-04-27T10:00:00+00:00,2016-04-27T17:00:00+00:00,1.13049,1.13348,1.13309,1.12631,893.4597,-2.67221,
EURUSD,buy,2016-04-28T12:00:00+00:00,2016-04-28T14:00:00+00:00,1.13489,1.13189,1.13228,1.13909,878.7537,-2.63550,
EURUSD,sell,2016-05-04T21:00:00+00:00,2016-05-05T07:00:00+00:00,1.14816,1.14586,1.15080,1.14391,642.4549,1.47629,
EURUSD,sell,2016-05-04T21:00:00+00:00,2016-05-05T07:00:00+00:00,1.14816,1.14855,1.14816,1.14391,214.1516,-0.08447,
EURUSD,sell,2016-05-08T10:00:00+00:00,2016-05-10T02:00:00+00:00,1.13989,1.13761,1.14251,1.13567,651.6920,1.48674,
EURUSD,sell,2016-05-08T10:00:00+00:00,2016-05-10T03:00:00+00:00,1.13989,1.13873,1.13834,1.13567,217.2307,0.25121,
EURUSD,buy,2016-05-12T13:00:00+00:00,2016-05-12T15:00:00+00:00,1.14150,1.13849,1.13888,1.14572,875.8293,-2.64178,
EURUSD,buy,2016-05-13T16:00:00+00:00,2016-05-16T07:00:00+00:00,1.12976,1.13202,1.12716,1.13394,654.9285,1.47880,
EURUSD,buy,2016-05-13T16:00:00+00:00,2016-05-16T08:00:00+00:00,1.12976,1.13099,1.13138,1.13394,218.3095,0.26891,
EURUSD,sell,2016-05-19T18:00:00+00:00,2016-05-20T06:00:00+00:00,1.11968,1.12265,1.12226,1.11554,888.3690,-2.63201,
EURUSD,buy,2016-05-21T07:00:00+00:00,2016-05-23T12:00:00+00:00,1.12256,1.11959,1.11998,1.12671,874.9006,-2.59590,
EURUSD,buy,2016-05-22T18:00:00+00:00,2016-05-23T12:00:00+00:00,1.12256,1.11959,1.11998,1.12671,874.9006,-2.59590,
EURUSD,buy,2016-05-25T09:00:00+00:00,2016-05-26T00:00:00+00:00,1.11496,1.11719,1.11240,1.11909,643.1766,1.43325,
EURUSD,buy,2016-05-25T09:00:00+00:00,2016-05-26T01:00:00+00:00,1.11496,1.11624,1.11662,1.11909,214.3922,0.27242,
EURUSD,sell,2016-05-29T17:00:00+00:00,2016-05-30T08:00:00+00:00,1.11083,1.11377,1.11338,1.10672,867.9221,-2.55143,
EURUSD,sell,2016-06-01T10:00:00+00:00,2016-06-01T12:00:00+00:00,1.11543,1.11838,1.11799,1.11130,852.9102,-2.51750,
EURUSD,sell,2016-06-02T20:00:00+00:00,2016-06-03T12:00:00+00:00,1.11471,1.11766,1.11727,1.11058,842.1721,-2.48423,
EURUSD,sell,2016-06-04T18:00:00+00:00,2016-06-06T04:00:00+00:00,1.13624,1.13396,1.13885,1.13203,611.4623,1.39049,
EURUSD,sell,2016-06-04T18:00:00+00:00,2016-06-06T05:00:00+00:00,1.13624,1.13464,1.13425,1.13203,203.8208,0.32586,
EURUSD,sell,2016-06-06T16:00:00+00:00,2016-06-07T11:00:00+00:00,1.13744,1.13516,1.14006,1.13323,616.4743,1.40337,
EURUSD,sell,2016-06-06T16:00:00+00:00,2016-06-07T12:00:00+00:00,1.13744,1.13648,1.13609,1.13323,205.4914,0.19682,
EURUSD,buy,2016-06-11T04:00:00+00:00,2016-06-13T14:00:00+00:00,1.12532,1.12757,1.12273,1.12948,628.8226,1.41427,
EURUSD,buy,2016-06-11T04:00:00+00:00,2016-06-13T14:00:00+00:00,1.12532,1.12914,1.12532,1.12948,209.6075,0.80145,
EURUSD,sell,2016-06-14T04:00:00+00:00,2016-06-14T07:00:00+00:00,1.12846,1.12620,1.13106,1.12428,634.0555,1.43200,
EURUSD,sell,2016-06-14T04:00:00+00:00,2016-06-14T08:00:00+00:00,1.12846,1.12597,1.12558,1.12428,211.3518,0.52704,
EURUSD,sell,2016-06-16T03:00:00+00:00,2016-06-16T06:00:00+00:00,1.12605,1.12903,1.12864,1.12188,855.9123,-2.55002,
EURUSD,sell,2016-06-19T17:00:00+00:00,2016-06-19T21:00:00+00:00,1.12698,1.12996,1.12957,1.12281,843.8961,-2.51626,
EURUSD,buy,2016-06-22T17:00:00+00:00,2016-06-22T21:00:00+00:00,1.13011,1.13237,1.12751,1.13429,623.1974,1.40759,
EURUSD,buy,2016-06-22T17:00:00+00:00,2016-06-22T21:00:00+00:00,1.13011,1.12972,1.13011,1.13429,207.7325,-0.08081,
EURUSD,sell,2016-06-25T15:00:00+00:00,2016-06-26T21:00:00+00:00,1.10880,1.10658,1.11135,1.10469,639.2805,1.41864,
EURUSD,sell,2016-06-25T15:00:00+00:00,2016-06-26T21:00:00+00:00,1.10880,1.10502,1.10880,1.10469,213.0935,0.80387,
EURUSD,sell,2016-06-26T19:00:00+00:00,2016-06-26T21:00:00+00:00,1.10880,1.10658,1.11135,1.10469,639.2805,1.41864,
EURUSD,sell,2016-06-26T19:00:00+00:00,2016-06-26T21:00:00+00:00,1.10880,1.10502,1.10880,1.10469,213.0935,0.80387,
EURUSD,sell,2016-07-08T03:00:00+00:00,2016-07-08T12:00:00+00:00,1.10781,1.10559,1.11036,1.10371,654.8938,1.45199,
EURUSD,sell,2016-07-08T03:00:00+00:00,2016-07-08T12:00:00+00:00,1.10781,1.10819,1.10781,1.10371,218.2979,-0.08347,
EURUSD,sell,2016-07-09T18:00:00+00:00,2016-07-11T07:00:00+00:00,1.10464,1.10243,1.10718,1.10055,661.4170,1.46226,
EURUSD,sell,2016-07-09T18:00:00+00:00,2016-07-11T08:00:00+00:00,1.10464,1.10434,1.10396,1.10055,220.4723,0.06555,
EURUSD,sell,2016-07-18T08:00:00+00:00,2016-07-18T15:00:00+00:00,1.10477,1.10769,1.10731,1.10068,888.6981,-2.59850,
EURUSD,buy,2016-07-20T00:00:00+00:00,2016-07-20T06:00:00+00:00,1.10175,1.09884,1.09922,1.10583,879.8713,-2.56308,
EURUSD,sell,2016-07-22T07:00:00+00:00,2016-07-22T14:00:00+00:00,1.10224,1.10003,1.10478,1.09816,650.4978,1.43500,
EURUSD,sell,2016-07-22T07:00:00+00:00,2016-07-22T14:00:00+00:00,1.10224,1.09849,1.10224,1.09816,216.8326,0.81314,
EURUSD,sell,2016-07-24T21:00:00+00:00,2016-07-25T09:00:00+00:00,1.09679,1.09969,1.09931,1.09273,881.8845,-2.56027,
EURUSD,buy,2016-07-28T09:00:00+00:00,2016-07-28T17:00:00+00:00,1.10971,1.10678,1.10716,1.11382,860.5994,-2.52475,
EURUSD,buy,2016-07-30T14:00:00+00:00,2016-08-02T07:00:00+00:00,1.11760,1.11983,1.11503,1.12173,632.4231,1.41261,
EURUSD,buy,2016-07-30T14:00:00+00:00,2016-08-02T08:00:00+00:00,1.11760,1.11887,1.11926,1.12173,210.8077,0.26964,
EURUSD,buy,2016-08-02T13:00:00+00:00,2016-08-03T09:00:00+00:00,1.12185,1.11888,1.11927,1.12600,847.5352,-2.51314,
EURUSD,sell,2016-08-04T04:00:00+00:00,2016-08-04T11:00:00+00:00,1.11426,1.11203,1.11682,1.11013,631.1425,1.40748,
EURUSD,sell,2016-08-04T04:00:00+00:00,2016-08-04T12:00:00+00:00,1.11426,1.11425,1.11387,1.11013,210.3808,0.00030,
EURUSD,buy,2016-08-05T15:00:00+00:00,2016-08-09T13:00:00+00:00,1.10828,1.11050,1.10573,1.11238,639.6898,1.41694,
EURUSD,buy,2016-08-05T15:00:00+00:00,2016-08-09T13:00:00+00:00,1.10828,1.10790,1.10828,1.11238,213.2299,-0.08155,
EURUSD,sell,2016-08-11T00:00:00+00:00,2016-08-11T07:00:00+00:00,1.11806,1.11583,1.12064,1.11393,638.1903,1.42806,
EURUSD,sell,2016-08-11T00:00:00+00:00,2016-08-11T08:00:00+00:00,1.11806,1.11531,1.11493,1.11393,212.7301,0.58500,
EURUSD,sell,2016-08-22T16:00:00+00:00,2016-08-23T07:00:00+00:00,1.13160,1.13459,1.13420,1.12741,849.6339,-2.54358,
EURUSD,buy,2016-08-23T21:00:00+00:00,2016-08-24T09:00:00+00:00,1.13108,1.12809,1.12848,1.13526,839.2882,-2.50883,
EURUSD,buy,2016-08-25T07:00:00+00:00,2016-08-26T06:00:00+00:00,1.12808,1.13033,1.12548,1.13225,622.7982,1.40416,
EURUSD,buy,2016-08-25T07:00:00+00:00,2016-08-26T07:00:00+00:00,1.12808,1.12873,1.12912,1.13225,207.5994,0.13555,
EURUSD,buy,2016-08-29T22:00:00+00:00,2016-08-30T05:00:00+00:00,1.11906,1.11610,1.11648,1.12319,843.9745,-2.49646,
EURUSD,sell,2016-09-04T01:00:00+00:00,2016-09-05T05:00:00+00:00,1.11506,1.11801,1.11762,1.11093,835.3032,-2.46473,
EURUSD,buy,2016-09-06T12:00:00+00:00,2016-09-06T14:00:00+00:00,1.11626,1.11850,1.11370,1.12039,617.8917,1.37851,
EURUSD,buy,2016-09-06T12:00:00+00:00,2016-09-06T14:00:00+00:00,1.11626,1.11588,1.11626,1.12039,205.9639,-0.07927,
EURUSD,buy,2016-09-07T18:00:00+00:00,2016-09-08T08:00:00+00:00,1.12470,1.12695,1.12211,1.12886,617.5923,1.38825,
EURUSD,buy,2016-09-07T18:00:00+00:00,2016-09-08T09:00:00+00:00,1.12470,1.12645,1.12684,1.12886,205.8641,0.36122,
EURUSD,sell,2016-09-10T06:00:00+00:00,2016-09-12T06:00:00+00:00,1.12284,1.12581,1.12543,1.11869,832.1095,-2.47216,
EURUSD,buy,2016-09-13T17:00:00+00:00,2016-09-13T18:00:00+00:00,1.12324,1.12027,1.12065,1.12739,821.3091,-2.43834,
EURUSD,sell,2016-09-21T10:00:00+00:00,2016-09-21T18:00:00+00:00,1.11434,1.11728,1.11690,1.11021,816.4356,-2.40753,
EURUSD,buy,2016-09-22T21:00:00+00:00,2016-09-23T17:00:00+00:00,1.12107,1.12331,1.11849,1.12521,600.9601,1.34650,
EURUSD,buy,2016-09-22T21:00:00+00:00,2016-09-23T18:00:00+00:00,1.12107,1.12265,1.12304,1.12521,200.3200,0.31788,
EURUSD,sell,2016-09-24T12:00:00+00:00,2016-09-26T10:00:00+00:00,1.12203,1.12500,1.12461,1.11788,807.5239,-2.39742,
EURUSD,sell,2016-09-26T02:00:00+00:00,2016-09-26T11:00:00+00:00,1.12276,1.12573,1.12535,1.11861,806.9990,-2.39739,
EURUSD,sell,2016-09-29T22:00:00+00:00,2016-09-30T07:00:00+00:00,1.12197,1.11973,1.12455,1.11782,589.6543,1.32407,
EURUSD,sell,2016-09-29T22:00:00+00:00,2016-09-30T07:00:00+00:00,1.12197,1.11816,1.12197,1.11782,196.5514,0.75028,
EURUSD,buy,2016-10-02T20:00:00+00:00,2016-10-03T14:00:00+00:00,1.12426,1.12129,1.12167,1.12842,794.3076,-2.36029,
EURUSD,sell,2016-10-06T12:00:00+00:00,2016-10-06T15:00:00+00:00,1.11762,1.11539,1.12020,1.11349,590.9895,1.32192,
EURUSD,sell,2016-10-06T12:00:00+00:00,2016-10-06T16:00:00+00:00,1.11762,1.11692,1.11654,1.11349,196.9965,0.13783,
EURUSD,buy,2016-10-10T04:00:00+00:00,2016-10-10T07:00:00+00:00,1.11946,1.11650,1.11688,1.12360,793.6910,-2.34855,
EURUSD,buy,2016-10-14T11:00:00+00:00,2016-10-14T15:00:00+00:00,1.10093,1.09802,1.09840,1.10500,796.3772,-2.31816,
EURUSD,buy,2016-10-16T13:00:00+00:00,2016-10-17T09:00:00+00:00,1.09730,1.09949,1.09478,1.10136,591.3347,1.29685,
EURUSD,buy,2016-10-16T13:00:00+00:00,2016-10-17T10:00:00+00:00,1.09730,1.09832,1.09870,1.10136,197.1116,0.20131,
EURUSD,buy,2016-10-18T17:00:00+00:00,2016-10-19T13:00:00+00:00,1.09844,1.09554,1.09591,1.10250,794.4493,-2.30741,
EURUSD,buy,2016-10-19T17:00:00+00:00,2016-10-20T12:00:00+00:00,1.09673,1.09892,1.09421,1.10079,588.8743,1.29078,
EURUSD,buy,2016-10-19T17:00:00+00:00,2016-10-20T12:00:00+00:00,1.09673,1.09635,1.09673,1.10079,196.2914,-0.07440,
EURUSD,buy,2016-10-26T11:00:00+00:00,2016-10-26T19:00:00+00:00,1.09253,1.08964,1.09002,1.09657,793.7535,-2.29319,
EURUSD,sell,2016-10-31T11:00:00+00:00,2016-10-31T18:00:00+00:00,1.09472,1.09762,1.09724,1.09067,781.2170,-2.26381,
EURUSD,sell,2016-11-02T04:00:00+00:00,2016-11-02T08:00:00+00:00,1.10661,1.10954,1.10915,1.10251,762.6001,-2.23344,
EURUSD,buy,2016-11-03T22:00:00+00:00,2016-11-04T12:00:00+00:00,1.11089,1.10796,1.10834,1.11500,750.0589,-2.20275,
EURUSD,sell,2016-11-06T00:00:00+00:00,2016-11-06T22:00:00+00:00,1.11346,1.11123,1.11602,1.10933,553.4964,1.23344,
EURUSD,sell,2016-11-06T00:00:00+00:00,2016-11-06T22:00:00+00:00,1.11346,1.10967,1.11346,1.10933,184.4988,0.69892,
EURUSD,sell,2016-11-10T11:00:00+00:00,2016-11-10T12:00:00+00:00,1.08949,1.08731,1.09200,1.08546,572.3193,1.24794,
EURUSD,sell,2016-11-10T11:00:00+00:00,2016-11-10T12:00:00+00:00,1.08949,1.08987,1.08949,1.08546,190.7731,-0.07190,
EURUSD,sell,2016-11-20T15:00:00+00:00,2016-11-21T00:00:00+00:00,1.05834,1.06115,1.06078,1.05443,791.1073,-2.21761,
EURUSD,buy,2016-11-21T15:00:00+00:00,2016-11-21T16:00:00+00:00,1.06251,1.05970,1.06007,1.06644,778.0393,-2.18710,
EURUSD,buy,2016-11-23T03:00:00+00:00,2016-11-23T09:00:00+00:00,1.06291,1.06010,1.06046,1.06684,767.4551,-2.15815,
EURUSD,sell,2016-11-24T23:00:00+00:00,2016-11-25T06:00:00+00:00,1.05569,1.05849,1.05812,1.05179,762.0187,-2.13081,
EURUSD,buy,2016-11-30T02:00:00+00:00,2016-11-30T11:00:00+00:00,1.06416,1.06629,1.06171,1.06810,559.7966,1.19060,
EURUSD,buy,2016-11-30T02:00:00+00:00,2016-11-30T12:00:00+00:00,1.06416,1.06414,1.06451,1.06810,186.5989,-0.00345,
EURUSD,buy,2016-12-03T16:00:00+00:00,2016-12-04T22:00:00+00:00,1.06664,1.06382,1.06419,1.07059,750.2261,-2.11697,
EURUSD,buy,2016-12-07T05:00:00+00:00,2016-12-07T14:00:00+00:00,1.07217,1.07431,1.06971,1.07614,552.3601,1.18363,
EURUSD,buy,2016-12-07T05:00:00+00:00,2016-12-07T15:00:00+00:00,1.07217,1.07360,1.07397,1.07614,184.1200,0.26260,
EURUSD,sell,2016-12-12T02:00:00+00:00,2016-12-12T09:00:00+00:00,1.05601,1.05881,1.05844,1.05210,754.1463,-2.10943,
EURUSD,buy,2016-12-17T05:00:00+00:00,2016-12-19T06:00:00+00:00,1.04514,1.04723,1.04274,1.04901,564.2642,1.17866,
EURUSD,buy,2016-12-17T05:00:00+00:00,2016-12-19T07:00:00+00:00,1.04514,1.04568,1.04604,1.04901,188.0881,0.10020,
EURUSD,buy,2016-12-20T11:00:00+00:00,2016-12-20T12:00:00+00:00,1.03816,1.03541,1.03577,1.04200,763.5733,-2.09813,
EURUSD,buy,2016-12-24T20:00:00+00:00,2016-12-28T10:00:00+00:00,1.04563,1.04287,1.04323,1.04950,748.0809,-2.07008,
EURUSD,sell,2016-12-28T11:00:00+00:00,2016-12-28T13:00:00+00:00,1.04142,1.03933,1.04381,1.03756,555.5424,1.15790,
EURUSD,sell,2016-12-28T11:00:00+00:00,2016-12-28T14:00:00+00:00,1.04142,1.04039,1.04003,1.03756,185.1808,0.18989,
EURUSD,sell,2016-12-30T15:00:00+00:00,2016-12-30T21:00:00+00:00,1.05447,1.05236,1.05690,1.05057,553.4556,1.16801,
EURUSD,sell,2016-12-30T15:00:00+00:00,2016-12-30T22:00:00+00:00,1.05447,1.05187,1.05150,1.05057,184.4852,0.48116,
EURUSD,buy,2017-01-01T05:00:00+00:00,2017-01-02T08:00:00+00:00,1.05182,1.04903,1.04940,1.05571,748.0916,-2.08213,
EURUSD,sell,2017-01-04T18:00:00+00:00,2017-01-04T19:00:00+00:00,1.04749,1.05026,1.04990,1.04361,740.7976,-2.05566,
EURUSD,buy,2017-01-05T23:00:00+00:00,2017-01-06T01:00:00+00:00,1.06071,1.05790,1.05827,1.06463,722.3092,-2.02706,
EURUSD,sell,2017-01-07T04:00:00+00:00,2017-01-09T08:00:00+00:00,1.05258,1.05537,1.05501,1.04869,717.8214,-2.00142,
EURUSD,buy,2017-01-11T17:00:00+00:00,2017-01-11T18:00:00+00:00,1.05615,1.05826,1.05372,1.06005,529.7636,1.11824,
EURUSD,buy,2017-01-11T17:00:00+00:00,2017-01-11T18:00:00+00:00,1.05615,1.05578,1.05615,1.06005,176.5879,-0.06478,
EURUSD,sell,2017-01-14T20:00:00+00:00,2017-01-15T22:00:00+00:00,1.06388,1.06175,1.06633,1.05994,529.3091,1.12702,
EURUSD,sell,2017-01-14T20:00:00+00:00,2017-01-15T23:00:00+00:00,1.06388,1.06334,1.06297,1.05994,176.4364,0.09560,
EURUSD,sell,2017-01-17T18:00:00+00:00,2017-01-18T12:00:00+00:00,1.07000,1.06786,1.07246,1.06604,530.5662,1.13619,
EURUSD,sell,2017-01-17T18:00:00+00:00,2017-01-18T13:00:00+00:00,1.07000,1.06772,1.06735,1.06604,176.8554,0.40300,
EURUSD,buy,2017-01-19T07:00:00+00:00,2017-01-19T09:00:00+00:00,1.06451,1.06664,1.06206,1.06845,539.0462,1.14685,
EURUSD,buy,2017-01-19T07:00:00+00:00,2017-01-19T10:00:00+00:00,1.06451,1.06496,1.06533,1.06845,179.6821,0.08107,
EURUSD,buy,2017-01-29T18:00:00+00:00,2017-01-30T00:00:00+00:00,1.06990,1.07204,1.06744,1.07386,540.6349,1.15605,
EURUSD,buy,2017-01-29T18:00:00+00:00,2017-01-30T01:00:00+00:00,1.06990,1.07192,1.07229,1.07386,180.2116,0.36357,
EURUSD,buy,2017-01-31T11:00:00+00:00,2017-01-31T14:00:00+00:00,1.07537,1.07752,1.07290,1.07935,543.1848,1.16745,
EURUSD,buy,2017-01-31T11:00:00+00:00,2017-01-31T14:00:00+00:00,1.07537,1.07500,1.07537,1.07935,181.0616,-0.06746,
EURUSD,sell,2017-02-02T08:00:00+00:00,2017-02-02T17:00:00+00:00,1.08101,1.07884,1.08349,1.07700,543.8449,1.17661,
EURUSD,sell,2017-02-02T08:00:00+00:00,2017-02-02T18:00:00+00:00,1.08101,1.07983,1.07946,1.07700,181.2816,0.21242,
EURUSD,buy,2017-02-04T14:00:00+00:00,2017-02-06T07:00:00+00:00,1.07850,1.07565,1.07602,1.08249,733.6865,-2.09292,
EURUSD,sell,2017-02-05T14:00:00+00:00,2017-02-06T07:00:00+00:00,1.07786,1.07570,1.08034,1.07387,550.2649,1.18703,
EURUSD,sell,2017-02-05T14:00:00+00:00,2017-02-06T08:00:00+00:00,1.07786,1.07616,1.07579,1.07387,183.4216,0.31068,
EURUSD,buy,2017-02-06T17:00:00+00:00,2017-02-07T03:00:00+00:00,1.07380,1.07096,1.07133,1.07777,734.1265,-2.08520,
EURUSD,buy,2017-02-08T12:00:00+00:00,2017-02-08T14:00:00+00:00,1.06617,1.06830,1.06372,1.07011,547.1999,1.16601,
EURUSD,buy,2017-02-08T12:00:00+00:00,2017-02-08T14:00:00+00:00,1.06617,1.06979,1.06617,1.07011,182.4000,0.66076,
EURUSD,buy,2017-02-13T01:00:00+00:00,2017-02-13T08:00:00+00:00,1.06239,1.06451,1.05995,1.06632,555.5975,1.17971,
EURUSD,buy,2017-02-13T01:00:00+00:00,2017-02-13T09:00:00+00:00,1.06239,1.06381,1.06418,1.06632,185.1992,0.26338,
EURUSD,buy,2017-02-16T09:00:00+00:00,2017-02-16T15:00:00+00:00,1.06428,1.06641,1.06183,1.06822,559.6968,1.19053,
EURUSD,buy,2017-02-16T09:00:00+00:00,2017-02-16T16:00:00+00:00,1.06428,1.06548,1.06585,1.06822,186.5656,0.22408,
EURUSD,sell,2017-02-25T03:00:00+00:00,2017-02-27T07:00:00+00:00,1.05563,1.05843,1.05806,1.05173,758.6215,-2.12120,
EURUSD,buy,2017-02-28T11:00:00+00:00,2017-02-28T21:00:00+00:00,1.06058,1.05777,1.05814,1.06450,745.5345,-2.09199,
EURUSD,sell,2017-03-02T22:00:00+00:00,2017-03-03T09:00:00+00:00,1.05033,1.05312,1.05275,1.04645,742.3980,-2.06560,
EURUSD,buy,2017-03-04T05:00:00+00:00,2017-03-06T06:00:00+00:00,1.06235,1.05954,1.05991,1.06628,724.7182,-2.03691,
EURUSD,buy,2017-03-06T02:00:00+00:00,2017-03-06T08:00:00+00:00,1.06104,1.06316,1.05860,1.06496,544.2099,1.15406,
EURUSD,buy,2017-03-06T02:00:00+00:00,2017-03-06T08:00:00+00:00,1.06104,1.06067,1.06104,1.06496,181.4033,-0.06681,
EURUSD,buy,2017-03-07T02:00:00+00:00,2017-03-07T09:00:00+00:00,1.05889,1.05609,1.05645,1.06280,722.6014,-2.02446,
EURUSD,sell,2017-03-14T04:00:00+00:00,2017-03-14T14:00:00+00:00,1.06504,1.06291,1.06749,1.06110,531.3710,1.13264,
EURUSD,sell,2017-03-14T04:00:00+00:00,2017-03-14T15:00:00+00:00,1.06504,1.06465,1.06428,1.06110,177.1237,0.06927,
EURUSD,sell,2017-03-16T15:00:00+00:00,2017-03-16T18:00:00+00:00,1.07333,1.07118,1.07580,1.06936,531.4661,1.14166,
EURUSD,sell,2017-03-16T15:00:00+00:00,2017-03-16T18:00:00+00:00,1.07333,1.07370,1.07333,1.06936,177.1554,-0.06590,
EURUSD,buy,2017-03-25T20:00:00+00:00,2017-03-26T21:00:00+00:00,1.08001,1.08217,1.07753,1.08401,532.2293,1.14884,
EURUSD,buy,2017-03-25T20:00:00+00:00,2017-03-26T22:00:00+00:00,1.08001,1.08261,1.08298,1.08401,177.4098,0.45971,
EURUSD,buy,2017-03-29T04:00:00+00:00,2017-03-29T06:00:00+00:00,1.08179,1.07893,1.07931,1.08580,715.9079,-2.04833,
EURUSD,buy,2017-03-31T01:00:00+00:00,2017-03-31T20:00:00+00:00,1.06838,1.06555,1.06592,1.07233,715.3075,-2.02167,
EURUSD,buy,2017-04-07T07:00:00+00:00,2017-04-07T12:00:00+00:00,1.06393,1.06606,1.06148,1.06786,531.5973,1.13038,
EURUSD,buy,2017-04-07T07:00:00+00:00,2017-04-07T12:00:00+00:00,1.06393,1.06356,1.06393,1.06786,177.1991,-0.06542,
EURUSD,sell,2017-04-10T01:00:00+00:00,2017-04-10T14:00:00+00:00,1.05751,1.06031,1.05995,1.05360,717.7030,-2.01029,
EURUSD,sell,2017-04-11T05:00:00+00:00,2017-04-11T09:00:00+00:00,1.05826,1.06107,1.06070,1.05435,707.6993,-1.98365,
EURUSD,sell,2017-04-08T22:00:00+00:00,2017-04-11T10:00:00+00:00,1.05857,1.06138,1.06101,1.05465,716.9846,-2.01026,
EURUSD,buy,2017-04-16T12:00:00+00:00,2017-04-17T07:00:00+00:00,1.06137,1.06349,1.05893,1.06529,515.4235,1.09335,
EURUSD,buy,2017-04-16T12:00:00+00:00,2017-04-17T08:00:00+00:00,1.06137,1.06211,1.06248,1.06529,171.8078,0.12765,
EURUSD,sell,2017-04-18T08:00:00+00:00,2017-04-18T11:00:00+00:00,1.06473,1.06755,1.06718,1.06079,690.3824,-1.94673,
EURUSD,sell,2017-04-23T22:00:00+00:00,2017-04-24T00:00:00+00:00,1.08806,1.08589,1.09057,1.08404,499.9757,1.08876,
EURUSD,sell,2017-04-23T22:00:00+00:00,2017-04-24T00:00:00+00:00,1.08806,1.08436,1.08806,1.08404,166.6586,0.61694,
EURUSD,sell,2017-04-26T21:00:00+00:00,2017-04-27T12:00:00+00:00,1.09014,1.09303,1.09265,1.08611,673.1837,-1.94274,
EURUSD,sell,2017-05-02T04:00:00+00:00,2017-05-02T23:00:00+00:00,1.09093,1.09382,1.09344,1.08689,663.7950,-1.91700,
EURUSD,sell,2017-05-03T09:00:00+00:00,2017-05-04T06:00:00+00:00,1.09063,1.08845,1.09314,1.08660,491.3938,1.07260,
EURUSD,sell,2017-05-03T09:00:00+00:00,2017-05-04T07:00:00+00:00,1.09063,1.09013,1.08975,1.08660,163.7979,0.08284,
EURUSD,sell,2017-05-05T22:00:00+00:00,2017-05-07T21:00:00+00:00,1.09917,1.10208,1.10170,1.09510,655.3571,-1.90668,
EURUSD,buy,2017-05-07T22:00:00+00:00,2017-05-07T23:00:00+00:00,1.09962,1.09671,1.09709,1.10369,646.8100,-1.88059,
EURUSD,buy,2017-05-09T03:00:00+00:00,2017-05-09T06:00:00+00:00,1.09324,1.09035,1.09072,1.09728,641.9823,-1.85590,
EURUSD,sell,2017-05-16T20:00:00+00:00,2017-05-17T02:00:00+00:00,1.10793,1.11086,1.11048,1.10383,624.7174,-1.83177,
EURUSD,sell,2017-05-24T00:00:00+00:00,2017-05-24T18:00:00+00:00,1.11832,1.12128,1.12090,1.11419,610.7222,-1.80725,
EURUSD,sell,2017-05-28T16:00:00+00:00,2017-05-29T21:00:00+00:00,1.11765,1.11542,1.12023,1.11352,452.2542,1.01163,
EURUSD,sell,2017-05-26T16:00:00+00:00,2017-05-29T22:00:00+00:00,1.11738,1.11515,1.11996,1.11325,452.3635,1.01163,
EURUSD,sell,2017-05-28T16:00:00+00:00,2017-05-29T22:00:00+00:00,1.11765,1.11569,1.11531,1.11352,150.7514,0.29547,
EURUSD,sell,2017-05-26T16:00:00+00:00,2017-05-29T23:00:00+00:00,1.11738,1.11435,1.11397,1.11325,150.7878,0.45696,
EURUSD,buy,2017-06-01T20:00:00+00:00,2017-06-02T12:00:00+00:00,1.12156,1.12380,1.11898,1.12570,460.2348,1.03165,
EURUSD,buy,2017-06-01T20:00:00+00:00,2017-06-02T12:00:00+00:00,1.12156,1.12117,1.12156,1.12570,153.4116,-0.05929,
EURUSD,buy,2017-06-03T02:00:00+00:00,2017-06-05T10:00:00+00:00,1.12859,1.12561,1.12599,1.13276,614.1320,-1.83181,
EURUSD,buy,2017-06-06T15:00:00+00:00,2017-06-07T10:00:00+00:00,1.12693,1.12395,1.12434,1.13110,606.9071,-1.80764,
EURUSD,buy,2017-06-07T22:00:00+00:00,2017-06-08T09:00:00+00:00,1.12614,1.12316,1.12355,1.13030,599.3047,-1.78376,
EURUSD,sell,2017-06-09T09:00:00+00:00,2017-06-09T16:00:00+00:00,1.11696,1.11992,1.11953,1.11283,595.8815,-1.76123,
EURUSD,sell,2017-06-12T20:00:00+00:00,2017-06-14T12:00:00+00:00,1.11995,1.12292,1.12253,1.11581,586.4305,-1.73785,
EURUSD,buy,2017-06-18T06:00:00+00:00,2017-06-19T13:00:00+00:00,1.12002,1.11706,1.11744,1.12416,578.9895,-1.71409,
EURUSD,sell,2017-06-21T08:00:00+00:00,2017-06-21T18:00:00+00:00,1.11392,1.11686,1.11648,1.10979,574.1194,-1.69235,
EURUSD,buy,2017-06-22T22:00:00+00:00,2017-06-23T07:00:00+00:00,1.11530,1.11753,1.11274,1.11943,424.6196,0.94651,
EURUSD,buy,2017-06-22T22:00:00+00:00,2017-06-23T08:00:00+00:00,1.11530,1.11670,1.11709,1.11943,141.5399,0.19821,
EURUSD,buy,2017-06-25T17:00:00+00:00,2017-06-27T08:00:00+00:00,1.11952,1.12175,1.11694,1.12366,426.8579,0.95509,
EURUSD,buy,2017-06-25T17:00:00+00:00,2017-06-27T08:00:00+00:00,1.11952,1.11913,1.11952,1.12366,142.2860,-0.05490,
EURUSD,sell,2017-06-27T00:00:00+00:00,2017-06-27T08:00:00+00:00,1.11807,1.12103,1.12065,1.11394,569.5357,-1.68500,
EURUSD,buy,2017-06-28T01:00:00+00:00,2017-06-28T07:00:00+00:00,1.13545,1.13772,1.13284,1.13965,418.2747,0.94921,
EURUSD,buy,2017-06-28T01:00:00+00:00,2017-06-28T07:00:00+00:00,1.13545,1.13506,1.13545,1.13965,139.4249,-0.05446,
EURUSD,buy,2017-07-03T05:00:00+00:00,2017-07-03T08:00:00+00:00,1.14111,1.13810,1.13849,1.14533,558.8542,-1.68511,
EURUSD,sell,2017-07-05T01:00:00+00:00,2017-07-05T09:00:00+00:00,1.13634,1.13406,1.13895,1.13213,415.0894,0.94402,
EURUSD,sell,2017-07-05T01:00:00+00:00,2017-07-05T09:00:00+00:00,1.13634,1.13247,1.13634,1.13213,138.3631,0.53492,
EURUSD,buy,2017-07-06T17:00:00+00:00,2017-07-07T12:00:00+00:00,1.14264,1.13962,1.14002,1.14687,557.2032,-1.68235,
EURUSD,buy,2017-07-08T22:00:00+00:00,2017-07-11T15:00:00+00:00,1.14030,1.14258,1.13768,1.14452,413.2260,0.94175,
EURUSD,buy,2017-07-08T22:00:00+00:00,2017-07-11T16:00:00+00:00,1.14030,1.14245,1.14284,1.14452,137.7420,0.29548,
EURUSD,buy,2017-07-13T03:00:00+00:00,2017-07-13T08:00:00+00:00,1.14372,1.14070,1.14109,1.14795,554.7304,-1.67644,
EURUSD,sell,2017-07-15T12:00:00+00:00,2017-07-17T07:00:00+00:00,1.14651,1.14421,1.14914,1.14226,409.3073,0.93919,
EURUSD,buy,2017-07-16T15:00:00+00:00,2017-07-17T07:00:00+00:00,1.14719,1.14416,1.14456,1.15144,545.7430,-1.65421,
EURUSD,sell,2017-07-15T12:00:00+00:00,2017-07-17T08:00:00+00:00,1.14651,1.14553,1.14514,1.14226,136.4358,0.13267,
EURUSD,sell,2017-07-17T16:00:00+00:00,2017-07-18T01:00:00+00:00,1.14688,1.14991,1.14951,1.14263,543.0290,-1.64726,
EURUSD,buy,2017-07-20T03:00:00+00:00,2017-07-20T11:00:00+00:00,1.15102,1.14797,1.14837,1.15527,534.2430,-1.62465,
EURUSD,sell,2017-07-25T20:00:00+00:00,2017-07-26T08:00:00+00:00,1.16432,1.16199,1.16700,1.16001,390.6347,0.91028,
EURUSD,sell,2017-07-25T20:00:00+00:00,2017-07-26T09:00:00+00:00,1.16432,1.16367,1.16327,1.16001,130.2116,0.08485,
EURUSD,buy,2017-07-27T01:00:00+00:00,2017-07-27T03:00:00+00:00,1.17435,1.17670,1.17165,1.17870,390.7089,0.91703,
EURUSD,buy,2017-07-27T01:00:00+00:00,2017-07-27T03:00:00+00:00,1.17435,1.17395,1.17435,1.17870,130.2363,-0.05239,
EURUSD,buy,2017-07-29T18:00:00+00:00,2017-07-31T07:00:00+00:00,1.17513,1.17203,1.17243,1.17948,524.2793,-1.62721,
EURUSD,buy,2017-07-31T08:00:00+00:00,2017-07-31T14:00:00+00:00,1.17360,1.17595,1.17090,1.17794,388.5213,0.91131,
EURUSD,buy,2017-07-31T08:00:00+00:00,2017-07-31T14:00:00+00:00,1.17360,1.17759,1.17360,1.17794,129.5071,0.51643,
EURUSD,sell,2017-08-01T15:00:00+00:00,2017-08-01T17:00:00+00:00,1.17950,1.18261,1.18221,1.17513,521.1811,-1.62522,
EURUSD,sell,2017-08-03T13:00:00+00:00,2017-08-03T14:00:00+00:00,1.18460,1.18774,1.18733,1.18022,512.0759,-1.60363,
EURUSD,buy,2017-08-04T13:00:00+00:00,2017-08-04T14:00:00+00:00,1.17968,1.17657,1.17697,1.18405,507.7216,-1.58182,
EURUSD,buy,2017-08-06T17:00:00+00:00,2017-08-07T07:00:00+00:00,1.17765,1.18001,1.17495,1.18201,376.4093,0.88595,
EURUSD,buy,2017-08-06T17:00:00+00:00,2017-08-07T08:00:00+00:00,1.17765,1.17920,1.17960,1.18201,125.4698,0.19359,
EURUSD,sell,2017-08-10T01:00:00+00:00,2017-08-10T07:00:00+00:00,1.17499,1.17264,1.17769,1.17064,380.4813,0.89474,
EURUSD,sell,2017-08-10T01:00:00+00:00,2017-08-10T08:00:00+00:00,1.17499,1.17385,1.17345,1.17064,126.8271,0.14399,
EURUSD,buy,2017-08-12T20:00:00+00:00,2017-08-14T08:00:00+00:00,1.18234,1.17922,1.17963,1.18672,508.8482,-1.58885,
EURUSD,sell,2017-08-14T21:00:00+00:00,2017-08-15T06:00:00+00:00,1.17724,1.17488,1.17995,1.17288,378.0025,0.89061,
EURUSD,sell,2017-08-14T21:00:00+00:00,2017-08-15T07:00:00+00:00,1.17724,1.17512,1.17472,1.17288,126.0008,0.26640,
EURUSD,buy,2017-08-17T10:00:00+00:00,2017-08-17T11:00:00+00:00,1.17010,1.16701,1.16741,1.17443,512.3268,-1.58341,
EURUSD,buy,2017-08-21T11:00:00+00:00,2017-08-21T14:00:00+00:00,1.17676,1.17911,1.17406,1.18112,377.0224,0.88672,
EURUSD,buy,2017-08-21T11:00:00+00:00,2017-08-21T14:00:00+00:00,1.17676,1.18076,1.17676,1.18112,125.6741,0.50249,
EURUSD,sell,2017-08-23T17:00:00+00:00,2017-08-25T07:00:00+00:00,1.18085,1.17848,1.18356,1.17648,379.9039,0.89783,
EURUSD,sell,2017-08-23T17:00:00+00:00,2017-08-25T08:00:00+00:00,1.18085,1.17953,1.17913,1.17648,126.6346,0.16613,
EURUSD,buy,2017-08-27T02:00:00+00:00,2017-08-27T22:00:00+00:00,1.19255,1.19493,1.18981,1.19696,379.7485,0.90511,
EURUSD,buy,2017-08-27T02:00:00+00:00,2017-08-27T23:00:00+00:00,1.19255,1.19454,1.19495,1.19696,126.5828,0.25239,
EURUSD,buy,2017-08-30T05:00:00+00:00,2017-08-30T07:00:00+00:00,1.19685,1.19369,1.19410,1.20128,509.3487,-1.60961,
EURUSD,buy,2017-09-02T05:00:00+00:00,2017-09-04T06:00:00+00:00,1.18633,1.18870,1.18360,1.19071,380.3106,0.90172,
EURUSD,buy,2017-09-02T05:00:00+00:00,2017-09-04T07:00:00+00:00,1.18633,1.18801,1.18842,1.19071,126.7702,0.21395,
EURUSD,sell,2017-09-04T05:00:00+00:00,2017-09-04T08:00:00+00:00,1.18813,1.19127,1.19087,1.18374,506.0056,-1.58926,
EURUSD,buy,2017-09-12T09:00:00+00:00,2017-09-12T10:00:00+00:00,1.19650,1.19334,1.19375,1.20092,500.7897,-1.58211,
EURUSD,sell,2017-09-18T07:00:00+00:00,2017-09-18T09:00:00+00:00,1.19216,1.19531,1.19491,1.18775,495.6764,-1.56202,
EURUSD,sell,2017-09-16T20:00:00+00:00,2017-09-18T11:00:00+00:00,1.19411,1.19727,1.19686,1.18969,494.8672,-1.56198,
EURUSD,buy,2017-09-21T12:00:00+00:00,2017-09-21T15:00:00+00:00,1.19200,1.19438,1.18926,1.19641,362.2009,0.86289,
EURUSD,buy,2017-09-21T12:00:00+00:00,2017-09-21T15:00:00+00:00,1.19200,1.19159,1.19200,1.19641,120.7336,-0.04921,
EURUSD,sell,2017-09-24T01:00:00+00:00,2017-09-24T21:00:00+00:00,1.19430,1.19191,1.19705,1.18988,363.8394,0.86967,
EURUSD,sell,2017-09-24T01:00:00+00:00,2017-09-24T21:00:00+00:00,1.19430,1.19024,1.19430,1.18988,121.2798,0.49279,
EURUSD,buy,2017-09-25T11:00:00+00:00,2017-09-25T16:00:00+00:00,1.18744,1.18430,1.18471,1.19183,493.9556,-1.54889,
EURUSD,buy,2017-09-29T01:00:00+00:00,2017-09-29T10:00:00+00:00,1.17831,1.18067,1.17560,1.18267,368.4041,0.86759,
EURUSD,buy,2017-09-29T01:00:00+00:00,2017-09-29T11:00:00+00:00,1.17831,1.18063,1.18103,1.18267,122.8014,0.28396,
EURUSD,buy,2017-10-01T01:00:00+00:00,2017-10-01T21:00:00+00:00,1.18172,1.17860,1.17901,1.18610,494.6614,-1.54376,
EURUSD,buy,2017-10-03T21:00:00+00:00,2017-10-04T00:00:00+00:00,1.17402,1.17637,1.17132,1.17836,368.4975,0.86465,
EURUSD,buy,2017-10-03T21:00:00+00:00,2017-10-04T01:00:00+00:00,1.17402,1.17624,1.17664,1.17836,122.8325,0.27206,
EURUSD,sell,2017-10-05T23:00:00+00:00,2017-10-06T12:00:00+00:00,1.17103,1.16868,1.17372,1.16669,372.8570,0.87386,
EURUSD,sell,2017-10-05T23:00:00+00:00,2017-10-06T12:00:00+00:00,1.17103,1.17143,1.17103,1.16669,124.2857,-0.04988,
EURUSD,sell,2017-10-14T09:00:00+00:00,2017-10-16T06:00:00+00:00,1.18156,1.17919,1.18427,1.17718,372.1494,0.88004,
EURUSD,sell,2017-10-14T09:00:00+00:00,2017-10-16T07:00:00+00:00,1.18156,1.17995,1.17955,1.17718,124.0498,0.19867,
EURUSD,buy,2017-10-16T18:00:00+00:00,2017-10-17T05:00:00+00:00,1.17950,1.17639,1.17679,1.18387,501.9347,-1.56356,
EURUSD,buy,2017-10-26T06:00:00+00:00,2017-10-26T11:00:00+00:00,1.18258,1.17946,1.17987,1.18696,494.0143,-1.54284,
EURUSD,sell,2017-10-27T22:00:00+00:00,2017-10-30T08:00:00+00:00,1.16048,1.16355,1.16315,1.15619,496.4761,-1.52362,
EURUSD,buy,2017-10-29T01:00:00+00:00,2017-10-30T09:00:00+00:00,1.16118,1.16350,1.15851,1.16547,372.3571,0.86415,
EURUSD,buy,2017-10-29T01:00:00+00:00,2017-10-30T10:00:00+00:00,1.16118,1.16276,1.16316,1.16547,124.1190,0.19646,
EURUSD,sell,2017-11-02T15:00:00+00:00,2017-11-03T09:00:00+00:00,1.16686,1.16452,1.16954,1.16254,368.8342,0.86135,
EURUSD,sell,2017-11-02T15:00:00+00:00,2017-11-03T10:00:00+00:00,1.16686,1.16533,1.16493,1.16254,122.9447,0.18815,
EURUSD,buy,2017-11-03T20:00:00+00:00,2017-11-06T14:00:00+00:00,1.16095,1.15788,1.15828,1.16524,499.1011,-1.53067,
EURUSD,buy,2017-11-07T13:00:00+00:00,2017-11-07T22:00:00+00:00,1.15662,1.15893,1.15396,1.16090,370.7634,0.85707,
EURUSD,buy,2017-11-07T13:00:00+00:00,2017-11-07T23:00:00+00:00,1.15662,1.15879,1.15919,1.16090,123.5878,0.26885,
EURUSD,buy,2017-11-09T18:00:00+00:00,2017-11-10T08:00:00+00:00,1.16523,1.16215,1.16255,1.16954,495.5300,-1.52523,
EURUSD,buy,2017-11-10T18:00:00+00:00,2017-11-13T08:00:00+00:00,1.16643,1.16335,1.16375,1.17074,488.4801,-1.50505,
EURUSD,sell,2017-11-16T16:00:00+00:00,2017-11-17T01:00:00+00:00,1.17685,1.17996,1.17955,1.17249,477.4733,-1.48563,
EURUSD,buy,2017-11-19T13:00:00+00:00,2017-11-19T23:00:00+00:00,1.17914,1.17603,1.17643,1.18351,470.5278,-1.46529,
EURUSD,buy,2017-11-20T21:00:00+00:00,2017-11-22T08:00:00+00:00,1.17363,1.17598,1.17093,1.17797,349.8698,0.82067,
EURUSD,buy,2017-11-20T21:00:00+00:00,2017-11-22T09:00:00+00:00,1.17363,1.17523,1.17563,1.17797,116.6233,0.18605,
EURUSD,buy,2017-11-24T17:00:00+00:00,2017-11-27T13:00:00+00:00,1.19312,1.19550,1.19037,1.19753,347.3209,0.82822,
EURUSD,buy,2017-11-25T23:00:00+00:00,2017-11-27T13:00:00+00:00,1.19322,1.19560,1.19047,1.19763,347.2918,0.82822,
EURUSD,buy,2017-11-24T17:00:00+00:00,2017-11-27T14:00:00+00:00,1.19312,1.19381,1.19422,1.19753,115.7736,0.08034,
EURUSD,buy,2017-11-25T23:00:00+00:00,2017-11-27T14:00:00+00:00,1.19322,1.19381,1.19422,1.19763,115.7639,0.06875,
EURUSD,sell,2017-11-29T00:00:00+00:00,2017-11-29T08:00:00+00:00,1.18448,1.18762,1.18721,1.18010,473.8093,-1.48364,
EURUSD,sell,2017-11-30T03:00:00+00:00,2017-11-30T09:00:00+00:00,1.18621,1.18384,1.18894,1.18182,350.1500,0.83128,
EURUSD,sell,2017-11-30T03:00:00+00:00,2017-11-30T10:00:00+00:00,1.18621,1.18373,1.18332,1.18182,116.7167,0.29051,
EURUSD,buy,2017-12-01T14:00:00+00:00,2017-12-01T16:00:00+00:00,1.18649,1.18886,1.18376,1.19087,353.8265,0.83904,
EURUSD,buy,2017-12-01T14:00:00+00:00,2017-12-01T16:00:00+00:00,1.18649,1.18608,1.18649,1.19087,117.9422,-0.04788,
EURUSD,sell,2017-12-02T17:00:00+00:00,2017-12-03T22:00:00+00:00,1.18906,1.18668,1.19180,1.18466,355.3422,0.84563,
EURUSD,sell,2017-12-02T17:00:00+00:00,2017-12-03T23:00:00+00:00,1.18906,1.18763,1.18722,1.18466,118.4474,0.17021,
EURUSD,sell,2017-12-05T10:00:00+00:00,2017-12-05T13:00:00+00:00,1.18593,1.18356,1.18866,1.18154,359.4909,0.85325,
EURUSD,sell,2017-12-05T10:00:00+00:00,2017-12-05T14:00:00+00:00,1.18593,1.18409,1.18368,1.18154,119.8303,0.22157,
EURUSD,sell,2017-12-06T12:00:00+00:00,2017-12-06T16:00:00+00:00,1.18095,1.17858,1.18366,1.17657,364.4215,0.86132,
EURUSD,sell,2017-12-06T12:00:00+00:00,2017-12-06T17:00:00+00:00,1.18095,1.17987,1.17947,1.17657,121.4738,0.13019,
EURUSD,buy,2017-12-07T18:00:00+00:00,2017-12-07T21:00:00+00:00,1.17996,1.17685,1.17725,1.18433,490.7941,-1.52944,
EURUSD,sell,2017-12-09T08:00:00+00:00,2017-12-11T08:00:00+00:00,1.17685,1.17996,1.17955,1.17249,485.3028,-1.50999,
EURUSD,buy,2017-12-10T12:00:00+00:00,2017-12-11T11:00:00+00:00,1.17755,1.17991,1.17485,1.18191,363.9771,0.85661,
EURUSD,buy,2017-12-10T12:00:00+00:00,2017-12-11T12:00:00+00:00,1.17755,1.17848,1.17888,1.18191,121.3257,0.11201,
EURUSD,buy,2017-12-14T13:00:00+00:00,2017-12-14T14:00:00+00:00,1.18243,1.17931,1.17972,1.18681,481.0094,-1.50204,
EURUSD,buy,2017-12-17T22:00:00+00:00,2017-12-18T07:00:00+00:00,1.17490,1.17725,1.17220,1.17925,358.2743,0.84129,
EURUSD,buy,2017-12-17T22:00:00+00:00,2017-12-18T08:00:00+00:00,1.17490,1.17713,1.17753,1.17925,119.4248,0.26565,
EURUSD,buy,2017-12-18T23:00:00+00:00,2017-12-19T08:00:00+00:00,1.17872,1.18108,1.17601,1.18308,360.6355,0.84959,
EURUSD,buy,2017-12-18T23:00:00+00:00,2017-12-19T09:00:00+00:00,1.17872,1.17980,1.18020,1.18308,120.2118,0.12892,
EURUSD,buy,2017-12-20T21:00:00+00:00,2017-12-22T00:00:00+00:00,1.18743,1.18429,1.18470,1.19182,481.4448,-1.50964,
EURUSD,sell,2017-12-24T07:00:00+00:00,2017-12-27T06:00:00+00:00,1.18571,1.18885,1.18844,1.18133,475.4866,-1.49042,
EURUSD,buy,2017-12-31T20:00:00+00:00,2018-01-02T06:00:00+00:00,1.20021,1.20261,1.19745,1.20465,347.8612,0.83444,
EURUSD,buy,2017-12-31T20:00:00+00:00,2018-01-02T07:00:00+00:00,1.20021,1.20196,1.20237,1.20465,115.9537,0.20284,
EURUSD,buy,2018-01-03T23:00:00+00:00,2018-01-04T09:00:00+00:00,1.20143,1.20383,1.19867,1.20587,350.7465,0.84221,
EURUSD,buy,2018-01-03T23:00:00+00:00,2018-01-04T10:00:00+00:00,1.20143,1.20372,1.20413,1.20587,116.9155,0.26756,
EURUSD,sell,2018-01-05T03:00:00+00:00,2018-01-05T09:00:00+00:00,1.20708,1.20466,1.20985,1.20261,352.3427,0.85120,
EURUSD,sell,2018-01-05T03:00:00+00:00,2018-01-05T10:00:00+00:00,1.20708,1.20581,1.20540,1.20261,117.4476,0.14870,
EURUSD,sell,2018-01-08T02:00:00+00:00,2018-01-08T07:00:00+00:00,1.20322,1.20081,1.20599,1.19877,356.5881,0.85870,
EURUSD,sell,2018-01-08T02:00:00+00:00,2018-01-08T08:00:00+00:00,1.20322,1.20048,1.20007,1.19877,118.8627,0.32555,
EURUSD,buy,2018-01-09T02:00:00+00:00,2018-01-09T08:00:00+00:00,1.19762,1.19446,1.19487,1.20205,482.9063,-1.52702,
EURUSD,buy,2018-01-13T13:00:00+00:00,2018-01-15T05:00:00+00:00,1.22030,1.22273,1.21749,1.22481,350.7553,0.85546,
EURUSD,buy,2018-01-13T13:00:00+00:00,2018-01-15T06:00:00+00:00,1.22030,1.22037,1.22079,1.22481,116.9184,0.00910,
EURUSD,sell,2018-01-15T14:00:00+00:00,2018-01-15T16:00:00+00:00,1.22578,1.22902,1.22860,1.22125,468.8269,-1.51841,
EURUSD,sell,2018-01-16T20:00:00+00:00,2018-01-17T00:00:00+00:00,1.22628,1.22952,1.22910,1.22174,462.4465,-1.49835,
EURUSD,sell,2018-01-17T23:00:00+00:00,2018-01-18T05:00:00+00:00,1.21765,1.22087,1.22046,1.21315,459.5723,-1.47872,
EURUSD,buy,2018-01-23T06:00:00+00:00,2018-01-23T08:00:00+00:00,1.22515,1.22191,1.22233,1.22968,450.9991,-1.45839,
EURUSD,sell,2018-01-25T16:00:00+00:00,2018-01-25T19:00:00+00:00,1.24835,1.24585,1.25122,1.24373,327.3849,0.81794,
EURUSD,sell,2018-01-25T16:00:00+00:00,2018-01-25T19:00:00+00:00,1.24835,1.24877,1.24835,1.24373,109.1283,-0.04633,
EURUSD,sell,2018-01-27T14:00:00+00:00,2018-01-29T01:00:00+00:00,1.24246,1.23997,1.24532,1.23786,331.2646,0.82373,
EURUSD,sell,2018-01-27T14:00:00+00:00,2018-01-29T02:00:00+00:00,1.24246,1.24056,1.24014,1.23786,110.4215,0.20926,
EURUSD,buy,2018-01-29T18:00:00+00:00,2018-01-30T06:00:00+00:00,1.23814,1.23487,1.23529,1.24272,447.6646,-1.46272,
EURUSD,buy,2018-02-01T18:00:00+00:00,2018-02-02T13:00:00+00:00,1.24974,1.24645,1.24687,1.25437,437.6543,-1.44321,
EURUSD,sell,2018-02-05T01:00:00+00:00,2018-02-05T14:00:00+00:00,1.24501,1.24251,1.24787,1.24040,324.9467,0.80968,
EURUSD,sell,2018-02-05T01:00:00+00:00,2018-02-05T14:00:00+00:00,1.24501,1.24077,1.24501,1.24040,108.3156,0.45880,
EURUSD,sell,2018-02-07T22:00:00+00:00,2018-02-08T01:00:00+00:00,1.22501,1.22825,1.22783,1.22048,445.5096,-1.44200,
EURUSD,sell,2018-02-09T18:00:00+00:00,2018-02-09T21:00:00+00:00,1.22253,1.22576,1.22535,1.21801,440.5173,-1.42300,
EURUSD,sell,2018-02-11T11:00:00+00:00,2018-02-12T01:00:00+00:00,1.22473,1.22797,1.22755,1.22020,433.9185,-1.40416,
EURUSD,sell,2018-02-14T06:00:00+00:00,2018-02-14T12:00:00+00:00,1.23698,1.23450,1.23982,1.23240,317.9614,0.78717,
EURUSD,sell,2018-02-14T06:00:00+00:00,2018-02-14T13:00:00+00:00,1.23698,1.23551,1.23509,1.23240,105.9871,0.15562,
EURUSD,sell,2018-02-17T06:00:00+00:00,2018-02-19T01:00:00+00:00,1.24004,1.24331,1.24289,1.23545,426.7030,-1.39780,
EURUSD,sell,2018-02-19T01:00:00+00:00,2018-02-19T07:00:00+00:00,1.24305,1.24056,1.24591,1.23845,315.0369,0.78375,
EURUSD,sell,2018-02-19T01:00:00+00:00,2018-02-19T08:00:00+00:00,1.24305,1.24239,1.24197,1.23845,105.0123,0.06872,
EURUSD,sell,2018-02-21T20:00:00+00:00,2018-02-22T13:00:00+00:00,1.22865,1.23190,1.23148,1.22410,428.4389,-1.39080,
EURUSD,buy,2018-02-23T11:00:00+00:00,2018-02-25T23:00:00+00:00,1.23100,1.22775,1.22817,1.23555,422.2276,-1.37177,
EURUSD,sell,2018-02-26T06:00:00+00:00,2018-02-26T10:00:00+00:00,1.23266,1.23592,1.23550,1.22810,415.8432,-1.35425,
EURUSD,sell,2018-03-05T01:00:00+00:00,2018-03-05T06:00:00+00:00,1.23261,1.23014,1.23545,1.22805,307.7762,0.75926,
EURUSD,sell,2018-03-05T01:00:00+00:00,2018-03-05T07:00:00+00:00,1.23261,1.23014,1.22972,1.22805,102.5921,0.25352,
EURUSD,sell,2018-03-09T23:00:00+00:00,2018-03-12T07:00:00+00:00,1.23004,1.23329,1.23287,1.22549,415.3411,-1.34978,
EURUSD,buy,2018-03-11T11:00:00+00:00,2018-03-12T07:00:00+00:00,1.23078,1.23324,1.22795,1.23533,311.5058,0.76626,
EURUSD,buy,2018-03-11T11:00:00+00:00,2018-03-12T08:00:00+00:00,1.23078,1.23181,1.23223,1.23533,103.8353,0.10708,
EURUSD,sell,2018-03-20T18:00:00+00:00,2018-03-21T07:00:00+00:00,1.22478,1.22802,1.22760,1.22025,415.1798,-1.34358,
EURUSD,sell,2018-03-22T14:00:00+00:00,2018-03-23T00:00:00+00:00,1.23050,1.23375,1.23333,1.22595,407.7926,-1.32574,
EURUSD,buy,2018-03-23T14:00:00+00:00,2018-03-23T18:00:00+00:00,1.23409,1.23656,1.23125,1.23865,301.1082,0.74268,
EURUSD,buy,2018-03-23T14:00:00+00:00,2018-03-23T19:00:00+00:00,1.23409,1.23560,1.23602,1.23865,100.3694,0.15147,
EURUSD,buy,2018-03-27T09:00:00+00:00,2018-03-27T12:00:00+00:00,1.24174,1.23847,1.23889,1.24634,402.6049,-1.31926,
EURUSD,sell,2018-03-28T20:00:00+00:00,2018-03-29T05:00:00+00:00,1.23048,1.23373,1.23331,1.22593,400.6869,-1.30262,
EURUSD,sell,2018-03-30T13:00:00+00:00,2018-04-02T15:00:00+00:00,1.23219,1.22972,1.23503,1.22763,296.1351,0.73029,
EURUSD,sell,2018-03-30T13:00:00+00:00,2018-04-02T16:00:00+00:00,1.23219,1.22987,1.22945,1.22763,98.7117,0.22915,
EURUSD,buy,2018-04-07T00:00:00+00:00,2018-04-09T12:00:00+00:00,1.22829,1.23074,1.22546,1.23283,300.1842,0.73692,
EURUSD,buy,2018-04-07T00:00:00+00:00,2018-04-09T12:00:00+00:00,1.22829,1.22787,1.22829,1.23283,100.0614,-0.04187,
EURUSD,buy,2018-04-09T13:00:00+00:00,2018-04-10T11:00:00+00:00,1.23274,1.23520,1.22991,1.23730,301.2152,0.74213,
EURUSD,buy,2018-04-09T13:00:00+00:00,2018-04-10T11:00:00+00:00,1.23274,1.23232,1.23274,1.23730,100.4051,-0.04215,
EURUSD,buy,2018-04-12T19:00:00+00:00,2018-04-16T07:00:00+00:00,1.23292,1.23538,1.23008,1.23748,303.3009,0.74738,
EURUSD,buy,2018-04-12T19:00:00+00:00,2018-04-16T07:00:00+00:00,1.23292,1.23250,1.23292,1.23748,101.1003,-0.04245,
EURUSD,buy,2018-04-14T20:00:00+00:00,2018-04-16T08:00:00+00:00,1.23319,1.23565,1.23035,1.23775,303.2344,0.74738,
EURUSD,buy,2018-04-14T20:00:00+00:00,2018-04-16T09:00:00+00:00,1.23319,1.23524,1.23566,1.23775,101.0781,0.20716,
EURUSD,sell,2018-04-18T06:00:00+00:00,2018-04-18T11:00:00+00:00,1.23593,1.23919,1.23877,1.23135,409.8859,-1.33833,
EURUSD,buy,2018-04-21T21:00:00+00:00,2018-04-23T08:00:00+00:00,1.22883,1.22559,1.22600,1.23337,407.0546,-1.32018,
EURUSD,sell,2018-04-28T07:00:00+00:00,2018-04-30T10:00:00+00:00,1.21255,1.21012,1.21534,1.20806,305.1232,0.74046,
EURUSD,sell,2018-04-30T04:00:00+00:00,2018-04-30T10:00:00+00:00,1.21254,1.21011,1.21533,1.20805,305.1258,0.74046,
EURUSD,sell,2018-04-28T07:00:00+00:00,2018-04-30T11:00:00+00:00,1.21255,1.21003,1.20962,1.20806,101.7077,0.25561,
EURUSD,sell,2018-04-30T04:00:00+00:00,2018-04-30T11:00:00+00:00,1.21254,1.21003,1.20962,1.20805,101.7086,0.25460,
EURUSD,buy,2018-05-02T22:00:00+00:00,2018-05-03T03:00:00+00:00,1.19575,1.19814,1.19300,1.20017,315.8415,0.75481,
EURUSD,buy,2018-05-02T22:00:00+00:00,2018-05-03T04:00:00+00:00,1.19575,1.19750,1.19791,1.20017,105.2805,0.18445,
EURUSD,buy,2018-05-08T07:00:00+00:00,2018-05-08T08:00:00+00:00,1.19205,1.18890,1.18931,1.19646,426.3705,-1.34207,
EURUSD,buy,2018-05-10T10:00:00+00:00,2018-05-10T12:00:00+00:00,1.18930,1.19167,1.18656,1.19370,316.2845,0.75179,
EURUSD,buy,2018-05-10T10:00:00+00:00,2018-05-10T12:00:00+00:00,1.18930,1.18889,1.18930,1.19370,105.4282,-0.04289,
EURUSD,buy,2018-05-12T15:00:00+00:00,2018-05-14T06:00:00+00:00,1.19431,1.19670,1.19156,1.19873,317.1839,0.75711,
EURUSD,buy,2018-05-12T15:00:00+00:00,2018-05-14T07:00:00+00:00,1.19431,1.19493,1.19534,1.19873,105.7280,0.06589,
EURUSD,buy,2018-05-16T22:00:00+00:00,2018-05-17T10:00:00+00:00,1.18193,1.17881,1.17922,1.18631,430.8220,-1.34476,
EURUSD,buy,2018-05-18T10:00:00+00:00,2018-05-18T13:00:00+00:00,1.17847,1.17536,1.17576,1.18283,426.3800,-1.32706,
EURUSD,buy,2018-05-20T12:00:00+00:00,2018-05-21T00:00:00+00:00,1.17724,1.17413,1.17454,1.18160,421.1876,-1.30955,
EURUSD,sell,2018-05-27T22:00:00+00:00,2018-05-28T01:00:00+00:00,1.16854,1.17163,1.17123,1.16421,418.4686,-1.29300,
EURUSD,buy,2018-05-28T22:00:00+00:00,2018-05-29T06:00:00+00:00,1.16299,1.15992,1.16031,1.16729,415.1575,-1.27543,
EURUSD,sell,2018-05-29T23:00:00+00:00,2018-05-30T06:00:00+00:00,1.15340,1.15645,1.15606,1.14914,412.8291,-1.25932,
EURUSD,sell,2018-06-02T21:00:00+00:00,2018-06-04T01:00:00+00:00,1.16549,1.16857,1.16817,1.16118,403.1471,-1.24246,
EURUSD,buy,2018-06-01T14:00:00+00:00,2018-06-04T03:00:00+00:00,1.16669,1.16902,1.16401,1.17101,302.2307,0.70473,
EURUSD,buy,2018-06-01T14:00:00+00:00,2018-06-04T04:00:00+00:00,1.16669,1.16856,1.16896,1.17101,100.7436,0.18833,
EURUSD,buy,2018-06-05T11:00:00+00:00,2018-06-05T13:00:00+00:00,1.16860,1.16551,1.16591,1.17292,400.8201,-1.23722,
EURUSD,buy,2018-06-07T19:00:00+00:00,2018-06-08T06:00:00+00:00,1.18019,1.17708,1.17748,1.18456,391.6395,-1.22069,
EURUSD,buy,2018-06-10T07:00:00+00:00,2018-06-11T00:00:00+00:00,1.17701,1.17937,1.17431,1.18137,290.6331,0.68369,
EURUSD,buy,2018-06-10T07:00:00+00:00,2018-06-11T01:00:00+00:00,1.17701,1.17916,1.17956,1.18137,96.8777,0.20762,
EURUSD,buy,2018-06-11T14:00:00+00:00,2018-06-11T16:00:00+00:00,1.18101,1.17790,1.17830,1.18538,389.9726,-1.21632,
EURUSD,sell,2018-06-13T12:00:00+00:00,2018-06-13T18:00:00+00:00,1.17707,1.17471,1.17977,1.17271,289.4104,0.68178,
EURUSD,sell,2018-06-13T12:00:00+00:00,2018-06-13T18:00:00+00:00,1.17707,1.17747,1.17707,1.17271,96.4701,-0.03889,
EURUSD,buy,2018-06-14T16:00:00+00:00,2018-06-14T17:00:00+00:00,1.16371,1.16063,1.16103,1.16801,393.3072,-1.20904,
EURUSD,buy,2018-06-16T03:00:00+00:00,2018-06-18T00:00:00+00:00,1.16094,1.15787,1.15827,1.16523,389.0372,-1.19311,
EURUSD,buy,2018-06-23T21:00:00+00:00,2018-06-25T06:00:00+00:00,1.16596,1.16288,1.16328,1.17027,382.2438,-1.17726,
EURUSD,sell,2018-06-26T06:00:00+00:00,2018-06-26T09:00:00+00:00,1.16900,1.16666,1.17169,1.16467,281.9905,0.65975,
EURUSD,sell,2018-06-26T06:00:00+00:00,2018-06-26T10:00:00+00:00,1.16900,1.16749,1.16709,1.16467,93.9968,0.14185,
EURUSD,buy,2018-06-28T05:00:00+00:00,2018-06-28T06:00:00+00:00,1.15593,1.15287,1.15327,1.16020,383.9361,-1.17246,
EURUSD,buy,2018-06-29T16:00:00+00:00,2018-07-02T03:00:00+00:00,1.16802,1.16494,1.16533,1.17234,374.9403,-1.15678,
EURUSD,sell,2018-07-06T04:00:00+00:00,2018-07-06T06:00:00+00:00,1.16821,1.17130,1.17090,1.16389,369.7051,-1.14201,
EURUSD,sell,2018-07-10T17:00:00+00:00,2018-07-11T08:00:00+00:00,1.17425,1.17190,1.17695,1.16990,272.2071,0.63972,
EURUSD,sell,2018-07-10T17:00:00+00:00,2018-07-11T09:00:00+00:00,1.17425,1.17153,1.17113,1.16990,90.7357,0.24646,
EURUSD,buy,2018-07-16T18:00:00+00:00,2018-07-17T09:00:00+00:00,1.17173,1.17407,1.16904,1.17607,275.7923,0.64586,
EURUSD,buy,2018-07-16T18:00:00+00:00,2018-07-17T10:00:00+00:00,1.17173,1.17250,1.17290,1.17607,91.9308,0.07049,
EURUSD,buy,2018-07-24T03:00:00+00:00,2018-07-24T06:00:00+00:00,1.16903,1.16594,1.16634,1.17335,371.6374,-1.14756,
EURUSD,sell,2018-07-25T04:00:00+00:00,2018-07-25T09:00:00+00:00,1.16746,1.17055,1.17015,1.16314,367.0010,-1.13294,
EURUSD,sell,2018-07-28T07:00:00+00:00,2018-07-30T09:00:00+00:00,1.16524,1.16832,1.16792,1.16093,362.8401,-1.11800,
EURUSD,sell,2018-07-29T09:00:00+00:00,2018-07-30T09:00:00+00:00,1.16524,1.16832,1.16792,1.16093,362.8401,-1.11800,
EURUSD,sell,2018-08-03T06:00:00+00:00,2018-08-03T11:00:00+00:00,1.15748,1.16054,1.16015,1.15320,355.6159,-1.08856,
EURUSD,sell,2018-08-04T06:00:00+00:00,2018-08-06T10:00:00+00:00,1.15635,1.15404,1.15901,1.15207,263.4434,0.60969,
EURUSD,sell,2018-08-04T06:00:00+00:00,2018-08-06T10:00:00+00:00,1.15635,1.15675,1.15635,1.15207,87.8145,-0.03486,
EURUSD,buy,2018-08-06T22:00:00+00:00,2018-08-07T08:00:00+00:00,1.15599,1.15830,1.15333,1.16026,265.5503,0.61352,
EURUSD,buy,2018-08-06T22:00:00+00:00,2018-08-07T09:00:00+00:00,1.15599,1.15811,1.15851,1.16026,88.5168,0.18817,
EURUSD,sell,2018-08-09T12:00:00+00:00,2018-08-09T14:00:00+00:00,1.15956,1.15724,1.16223,1.15527,267.1646,0.62002,
EURUSD,sell,2018-08-09T12:00:00+00:00,2018-08-09T14:00:00+00:00,1.15956,1.15996,1.15956,1.15527,89.0549,-0.03543,
EURUSD,buy,2018-08-15T15:00:00+00:00,2018-08-16T01:00:00+00:00,1.13343,1.13570,1.13082,1.13762,275.4230,0.62391,
EURUSD,buy,2018-08-15T15:00:00+00:00,2018-08-16T01:00:00+00:00,1.13343,1.13728,1.13343,1.13762,91.8077,0.35356,
EURUSD,sell,2018-08-18T03:00:00+00:00,2018-08-20T08:00:00+00:00,1.14345,1.14116,1.14608,1.13921,276.0512,0.63174,
EURUSD,sell,2018-08-18T03:00:00+00:00,2018-08-20T09:00:00+00:00,1.14345,1.14158,1.14119,1.13921,92.0171,0.17156,
EURUSD,buy,2018-08-21T09:00:00+00:00,2018-08-21T12:00:00+00:00,1.15233,1.14928,1.14968,1.15659,368.9381,-1.12321,
EURUSD,sell,2018-08-23T11:00:00+00:00,2018-08-23T17:00:00+00:00,1.15715,1.15484,1.15982,1.15287,271.7451,0.62934,
EURUSD,sell,2018-08-23T11:00:00+00:00,2018-08-23T18:00:00+00:00,1.15715,1.15507,1.15467,1.15287,90.5817,0.18898,
EURUSD,buy,2018-08-25T11:00:00+00:00,2018-08-26T23:00:00+00:00,1.16240,1.16472,1.15973,1.16670,273.3218,0.63498,
EURUSD,buy,2018-08-25T11:00:00+00:00,2018-08-27T00:00:00+00:00,1.16240,1.16303,1.16343,1.16670,91.1073,0.05761,
EURUSD,buy,2018-08-27T10:00:00+00:00,2018-08-27T12:00:00+00:00,1.16137,1.16369,1.15870,1.16566,275.8013,0.64017,
EURUSD,buy,2018-08-27T10:00:00+00:00,2018-08-27T13:00:00+00:00,1.16137,1.16291,1.16331,1.16566,91.9338,0.14183,
EURUSD,buy,2018-09-01T10:00:00+00:00,2018-09-04T06:00:00+00:00,1.16032,1.15725,1.15765,1.16461,371.4388,-1.13854,
EURUSD,sell,2018-09-05T06:00:00+00:00,2018-09-05T09:00:00+00:00,1.15605,1.15911,1.15871,1.15177,367.6627,-1.12407,
EURUSD,sell,2018-09-07T11:00:00+00:00,2018-09-07T12:00:00+00:00,1.16062,1.15830,1.16329,1.15633,271.0308,0.62956,
EURUSD,sell,2018-09-07T11:00:00+00:00,2018-09-07T12:00:00+00:00,1.16062,1.16102,1.16062,1.15633,90.3436,-0.03597,
EURUSD,buy,2018-09-10T20:00:00+00:00,2018-09-11T06:00:00+00:00,1.15959,1.16191,1.15692,1.16388,273.3554,0.63352,
EURUSD,buy,2018-09-10T20:00:00+00:00,2018-09-11T07:00:00+00:00,1.15959,1.16185,1.16225,1.16388,91.1185,0.20625,
EURUSD,buy,2018-09-15T03:00:00+00:00,2018-09-17T08:00:00+00:00,1.16262,1.16494,1.15995,1.16692,275.3523,0.63982,
EURUSD,buy,2018-09-16T22:00:00+00:00,2018-09-17T08:00:00+00:00,1.16289,1.16521,1.16021,1.16719,275.2883,0.63982,
EURUSD,buy,2018-09-15T03:00:00+00:00,2018-09-17T09:00:00+00:00,1.16262,1.16433,1.16473,1.16692,91.7841,0.15713,
EURUSD,buy,2018-09-16T22:00:00+00:00,2018-09-17T09:00:00+00:00,1.16289,1.16433,1.16473,1.16719,91.7628,0.13231,
EURUSD,sell,2018-09-21T19:00:00+00:00,2018-09-24T09:00:00+00:00,1.17456,1.17766,1.17726,1.17021,369.8640,-1.14861,
EURUSD,sell,2018-09-24T21:00:00+00:00,2018-09-25T07:00:00+00:00,1.17453,1.17763,1.17723,1.17018,364.9853,-1.13343,
EURUSD,sell,2018-09-25T21:00:00+00:00,2018-09-26T12:00:00+00:00,1.17620,1.17384,1.17890,1.17184,269.7378,0.63497,
EURUSD,sell,2018-09-25T21:00:00+00:00,2018-09-26T13:00:00+00:00,1.17620,1.17447,1.17407,1.17184,89.9126,0.15508,
EURUSD,buy,2018-10-01T03:00:00+00:00,2018-10-01T14:00:00+00:00,1.15997,1.15690,1.15730,1.16426,368.3077,-1.12861,
EURUSD,buy,2018-10-02T06:00:00+00:00,2018-10-02T08:00:00+00:00,1.15421,1.15116,1.15155,1.15848,365.2557,-1.11378,
EURUSD,sell,2018-10-03T20:00:00+00:00,2018-10-04T09:00:00+00:00,1.14732,1.15035,1.14996,1.14307,362.3765,-1.09967,
EURUSD,buy,2018-10-05T19:00:00+00:00,2018-10-08T06:00:00+00:00,1.15262,1.14957,1.14997,1.15688,356.1550,-1.08456,
EURUSD,sell,2018-10-06T23:00:00+00:00,2018-10-08T08:00:00+00:00,1.15139,1.14909,1.15404,1.14713,267.2391,0.61582,
EURUSD,sell,2018-10-06T23:00:00+00:00,2018-10-08T09:00:00+00:00,1.15139,1.14907,1.14868,1.14713,89.0797,0.20665,
EURUSD,buy,2018-10-10T08:00:00+00:00,2018-10-10T13:00:00+00:00,1.14897,1.15127,1.14633,1.15322,267.1070,0.61338,
EURUSD,buy,2018-10-10T08:00:00+00:00,2018-10-10T14:00:00+00:00,1.14897,1.15152,1.15192,1.15322,89.0357,0.22703,
EURUSD,sell,2018-10-14T04:00:00+00:00,2018-10-15T09:00:00+00:00,1.15536,1.15842,1.15802,1.15109,357.5968,-1.09266,
EURUSD,sell,2018-10-15T13:00:00+00:00,2018-10-16T13:00:00+00:00,1.15874,1.16181,1.16141,1.15445,351.8406,-1.07816,
EURUSD,sell,2018-10-16T22:00:00+00:00,2018-10-17T11:00:00+00:00,1.15702,1.15471,1.15968,1.15274,260.7793,0.60387,
EURUSD,sell,2018-10-16T22:00:00+00:00,2018-10-17T11:00:00+00:00,1.15702,1.15309,1.15702,1.15274,86.9264,0.34218,
EURUSD,buy,2018-10-18T08:00:00+00:00,2018-10-18T13:00:00+00:00,1.15211,1.14906,1.14946,1.15637,353.5063,-1.07603,
EURUSD,sell,2018-10-22T05:00:00+00:00,2018-10-22T06:00:00+00:00,1.15095,1.15400,1.15360,1.14669,348.9744,-1.06231,
EURUSD,sell,2018-10-23T11:00:00+00:00,2018-10-23T14:00:00+00:00,1.14760,1.14530,1.15024,1.14335,259.0266,0.59493,
EURUSD,sell,2018-10-23T11:00:00+00:00,2018-10-23T15:00:00+00:00,1.14760,1.14716,1.14677,1.14335,86.3422,0.03726,
EURUSD,sell,2018-10-30T15:00:00+00:00,2018-10-31T09:00:00+00:00,1.13605,1.13378,1.13866,1.13184,263.7455,0.59967,
EURUSD,sell,2018-10-30T15:00:00+00:00,2018-10-31T10:00:00+00:00,1.13605,1.13472,1.13433,1.13184,87.9152,0.11682,
EURUSD,buy,2018-11-01T19:00:00+00:00,2018-11-02T07:00:00+00:00,1.14138,1.14366,1.13876,1.14560,265.0254,0.60457,
EURUSD,buy,2018-11-01T19:00:00+00:00,2018-11-02T08:00:00+00:00,1.14138,1.14261,1.14300,1.14560,88.3418,0.10820,
EURUSD,buy,2018-11-02T19:00:00+00:00,2018-11-05T11:00:00+00:00,1.13985,1.13684,1.13723,1.14407,356.9692,-1.07520,
EURUSD,sell,2018-11-06T08:00:00+00:00,2018-11-06T10:00:00+00:00,1.14181,1.13952,1.14443,1.13758,263.5779,0.60233,
EURUSD,sell,2018-11-06T08:00:00+00:00,2018-11-06T11:00:00+00:00,1.14181,1.14113,1.14074,1.13758,87.8593,0.05932,
EURUSD,buy,2018-11-07T14:00:00+00:00,2018-11-07T18:00:00+00:00,1.14813,1.14510,1.14549,1.15238,352.5925,-1.06961,
EURUSD,buy,2018-11-09T21:00:00+00:00,2018-11-12T05:00:00+00:00,1.13376,1.13076,1.13115,1.13795,352.3444,-1.05569,
EURUSD,buy,2018-11-11T13:00:00+00:00,2018-11-12T05:00:00+00:00,1.13376,1.13076,1.13115,1.13795,352.3444,-1.05569,
EURUSD,sell,2018-11-14T02:00:00+00:00,2018-11-14T09:00:00+00:00,1.12961,1.12735,1.13221,1.12543,258.0627,0.58342,
EURUSD,sell,2018-11-14T02:00:00+00:00,2018-11-14T10:00:00+00:00,1.12961,1.12766,1.12727,1.12543,86.0209,0.16798,
EURUSD,buy,2018-11-17T09:00:00+00:00,2018-11-19T06:00:00+00:00,1.14219,1.13917,1.13957,1.14642,343.7879,-1.03759,
EURUSD,buy,2018-11-18T11:00:00+00:00,2018-11-19T06:00:00+00:00,1.14219,1.13917,1.13957,1.14642,343.7879,-1.03759,
EURUSD,buy,2018-11-21T10:00:00+00:00,2018-11-21T11:00:00+00:00,1.13780,1.14008,1.13519,1.14201,251.9946,0.57304,
EURUSD,buy,2018-11-21T10:00:00+00:00,2018-11-21T11:00:00+00:00,1.13780,1.13741,1.13780,1.14201,83.9982,-0.03287,
EURUSD,sell,2018-11-22T11:00:00+00:00,2018-11-23T08:00:00+00:00,1.14161,1.13932,1.14423,1.13738,252.7776,0.57754,
EURUSD,sell,2018-11-22T11:00:00+00:00,2018-11-23T08:00:00+00:00,1.14161,1.14200,1.14161,1.13738,84.2592,-0.03307,
EURUSD,sell,2018-11-25T17:00:00+00:00,2018-11-26T07:00:00+00:00,1.13321,1.13621,1.13582,1.12902,341.9360,-1.02510,
EURUSD,sell,2018-11-28T02:00:00+00:00,2018-11-28T17:00:00+00:00,1.12904,1.13203,1.13164,1.12486,338.6602,-1.01161,
EURUSD,buy,2018-11-29T21:00:00+00:00,2018-11-30T10:00:00+00:00,1.13958,1.13657,1.13696,1.14380,331.2893,-0.99762,
EURUSD,sell,2018-12-04T08:00:00+00:00,2018-12-04T09:00:00+00:00,1.13746,1.14047,1.14008,1.13325,327.3246,-0.98491,
EURUSD,sell,2018-12-10T14:00:00+00:00,2018-12-10T15:00:00+00:00,1.14036,1.13808,1.14298,1.13614,241.6315,0.55147,
EURUSD,sell,2018-12-10T14:00:00+00:00,2018-12-10T15:00:00+00:00,1.14036,1.14075,1.14036,1.13614,80.5438,-0.03158,
EURUSD,buy,2018-12-14T07:00:00+00:00,2018-12-14T08:00:00+00:00,1.13585,1.13285,1.13324,1.14005,325.9371,-0.97834,
EURUSD,sell,2018-12-16T17:00:00+00:00,2018-12-17T09:00:00+00:00,1.13011,1.13310,1.13271,1.12593,323.0688,-0.96593,
EURUSD,sell,2018-12-19T20:00:00+00:00,2018-12-20T06:00:00+00:00,1.13698,1.13999,1.13959,1.13277,316.8708,-0.95306,
EURUSD,buy,2018-12-23T06:00:00+00:00,2018-12-24T08:00:00+00:00,1.13718,1.13945,1.13457,1.14139,234.6097,0.53322,
EURUSD,buy,2018-12-23T06:00:00+00:00,2018-12-24T09:00:00+00:00,1.13718,1.13902,1.13941,1.14139,78.2032,0.14367,
EURUSD,buy,2018-12-30T08:00:00+00:00,2019-01-02T05:00:00+00:00,1.14448,1.14677,1.14185,1.14872,235.3313,0.53829,
EURUSD,buy,2018-12-30T08:00:00+00:00,2019-01-02T06:00:00+00:00,1.14448,1.14730,1.14769,1.14872,78.4438,0.22062,
EURUSD,buy,2019-01-02T18:00:00+00:00,2019-01-03T02:00:00+00:00,1.13312,1.13538,1.13051,1.13731,240.2037,0.54398,
EURUSD,buy,2019-01-02T18:00:00+00:00,2019-01-03T03:00:00+00:00,1.13312,1.13528,1.13567,1.13731,80.0679,0.17290,
EURUSD,sell,2019-01-06T13:00:00+00:00,2019-01-07T01:00:00+00:00,1.13909,1.14210,1.14171,1.13487,321.5482,-0.96889,
EURUSD,sell,2019-01-04T18:00:00+00:00,2019-01-07T04:00:00+00:00,1.14005,1.14306,1.14267,1.13583,321.2775,-0.96888,
EURUSD,buy,2019-01-08T03:00:00+00:00,2019-01-08T11:00:00+00:00,1.14419,1.14648,1.14156,1.14843,233.8764,0.53483,
EURUSD,buy,2019-01-08T03:00:00+00:00,2019-01-08T11:00:00+00:00,1.14419,1.14380,1.14419,1.14843,77.9588,-0.03066,
EURUSD,buy,2019-01-14T17:00:00+00:00,2019-01-15T08:00:00+00:00,1.14801,1.14498,1.14537,1.15226,312.9938,-0.94938,
EURUSD,sell,2019-01-17T02:00:00+00:00,2019-01-18T15:00:00+00:00,1.13867,1.13639,1.14129,1.13445,233.4045,0.53191,
EURUSD,sell,2019-01-17T02:00:00+00:00,2019-01-18T16:00:00+00:00,1.13867,1.13716,1.13677,1.13445,77.8015,0.11727,
EURUSD,buy,2019-01-18T22:00:00+00:00,2019-01-21T07:00:00+00:00,1.13648,1.13875,1.13387,1.14068,236.1368,0.53636,
EURUSD,buy,2019-01-18T22:00:00+00:00,2019-01-21T08:00:00+00:00,1.13648,1.13718,1.13757,1.14068,78.7123,0.05493,
EURUSD,sell,2019-01-27T15:00:00+00:00,2019-01-28T14:00:00+00:00,1.13998,1.14299,1.14260,1.13576,316.2876,-0.95378,
EURUSD,buy,2019-01-25T23:00:00+00:00,2019-01-28T15:00:00+00:00,1.14066,1.14294,1.13804,1.14488,237.2157,0.54079,
EURUSD,buy,2019-01-25T23:00:00+00:00,2019-01-28T16:00:00+00:00,1.14066,1.14261,1.14300,1.14488,79.0719,0.15380,
EURUSD,buy,2019-02-02T20:00:00+00:00,2019-02-04T14:00:00+00:00,1.14581,1.14279,1.14318,1.15005,313.7342,-0.94984,
EURUSD,buy,2019-02-04T03:00:00+00:00,2019-02-04T14:00:00+00:00,1.14518,1.14216,1.14255,1.14942,313.9068,-0.94985,
EURUSD,buy,2019-02-09T01:00:00+00:00,2019-02-11T10:00:00+00:00,1.13241,1.12942,1.12981,1.13660,309.0575,-0.92491,
EURUSD,sell,2019-02-11T16:00:00+00:00,2019-02-12T14:00:00+00:00,1.12726,1.13024,1.12986,1.12309,306.1814,-0.91317,
EURUSD,buy,2019-02-14T17:00:00+00:00,2019-02-15T07:00:00+00:00,1.13000,1.12701,1.12740,1.13418,301.5813,-0.90065,
EURUSD,buy,2019-02-16T18:00:00+00:00,2019-02-18T02:00:00+00:00,1.12959,1.13185,1.12699,1.13377,223.2772,0.50407,
EURUSD,buy,2019-02-16T18:00:00+00:00,2019-02-18T03:00:00+00:00,1.12959,1.13124,1.13163,1.13377,74.4257,0.12293,
EURUSD,sell,2019-02-19T07:00:00+00:00,2019-02-19T08:00:00+00:00,1.12959,1.13258,1.13219,1.12541,300.2983,-0.89744,
EURUSD,buy,2019-02-20T18:00:00+00:00,2019-02-20T19:00:00+00:00,1.13668,1.13368,1.13407,1.14089,294.6555,-0.88508,
EURUSD,buy,2019-02-22T18:00:00+00:00,2019-02-26T13:00:00+00:00,1.13468,1.13695,1.13207,1.13888,218.4553,0.49541,
EURUSD,buy,2019-02-22T18:00:00+00:00,2019-02-26T14:00:00+00:00,1.13468,1.13545,1.13584,1.13888,72.8184,0.05599,
EURUSD,sell,2019-02-27T05:00:00+00:00,2019-02-27T11:00:00+00:00,1.13744,1.14045,1.14006,1.13323,292.8163,-0.88106,
EURUSD,buy,2019-03-02T08:00:00+00:00,2019-03-04T08:00:00+00:00,1.13667,1.13367,1.13406,1.14088,289.3131,-0.86903,
EURUSD,buy,2019-03-04T12:00:00+00:00,2019-03-04T15:00:00+00:00,1.13376,1.13076,1.13115,1.13795,286.2223,-0.85758,
EURUSD,buy,2019-03-05T18:00:00+00:00,2019-03-07T12:00:00+00:00,1.13091,1.12792,1.12831,1.13509,283.1511,-0.84628,
EURUSD,sell,2019-03-10T14:00:00+00:00,2019-03-11T09:00:00+00:00,1.12277,1.12574,1.12536,1.11862,281.2643,-0.83557,
EURUSD,buy,2019-03-12T07:00:00+00:00,2019-03-12T18:00:00+00:00,1.12695,1.12920,1.12436,1.13112,207.5116,0.46739,
EURUSD,buy,2019-03-12T07:00:00+00:00,2019-03-12T19:00:00+00:00,1.12695,1.12857,1.12896,1.13112,69.1705,0.11229,
EURUSD,sell,2019-03-14T00:00:00+00:00,2019-03-14T11:00:00+00:00,1.13238,1.13011,1.13499,1.12819,208.3114,0.47210,
EURUSD,sell,2019-03-14T00:00:00+00:00,2019-03-14T12:00:00+00:00,1.13238,1.13146,1.13107,1.12819,69.4371,0.06394,
EURUSD,sell,2019-03-15T21:00:00+00:00,2019-03-18T07:00:00+00:00,1.13206,1.13506,1.13466,1.12787,280.1938,-0.83916,
EURUSD,buy,2019-03-17T07:00:00+00:00,2019-03-18T11:00:00+00:00,1.13274,1.13500,1.13014,1.13693,210.1454,0.47575,
EURUSD,buy,2019-03-17T07:00:00+00:00,2019-03-18T12:00:00+00:00,1.13274,1.13470,1.13509,1.13693,70.0485,0.13728,
EURUSD,sell,2019-03-22T20:00:00+00:00,2019-03-25T09:00:00+00:00,1.12970,1.13269,1.13230,1.12552,279.7784,-0.83620,
EURUSD,buy,2019-03-24T23:00:00+00:00,2019-03-25T13:00:00+00:00,1.12989,1.13215,1.12729,1.13407,209.9248,0.47406,
EURUSD,buy,2019-03-24T23:00:00+00:00,2019-03-25T14:00:00+00:00,1.12989,1.13085,1.13124,1.13407,69.9749,0.06730,
EURUSD,sell,2019-03-26T19:00:00+00:00,2019-03-28T07:00:00+00:00,1.12659,1.12434,1.12918,1.12242,209.4318,0.47221,
EURUSD,sell,2019-03-26T19:00:00+00:00,2019-03-28T08:00:00+00:00,1.12659,1.12588,1.12549,1.12242,69.8106,0.04986,
EURUSD,sell,2019-03-28T17:00:00+00:00,2019-04-01T16:00:00+00:00,1.12321,1.12096,1.12580,1.11906,211.8043,0.47613,
EURUSD,sell,2019-03-28T17:00:00+00:00,2019-04-01T17:00:00+00:00,1.12321,1.12136,1.12097,1.11906,70.6014,0.13108,
EURUSD,sell,2019-04-02T02:00:00+00:00,2019-04-03T01:00:00+00:00,1.11992,1.12289,1.12250,1.11578,285.9452,-0.84736,
EURUSD,sell,2019-04-06T14:00:00+00:00,2019-04-08T08:00:00+00:00,1.12108,1.12405,1.12366,1.11693,281.8714,-0.83614,
EURUSD,buy,2019-04-04T09:00:00+00:00,2019-04-08T12:00:00+00:00,1.12304,1.12528,1.12045,1.12719,211.1625,0.47396,
EURUSD,buy,2019-04-04T09:00:00+00:00,2019-04-08T13:00:00+00:00,1.12304,1.12562,1.12601,1.12719,70.3875,0.18198,
EURUSD,sell,2019-04-13T00:00:00+00:00,2019-04-15T07:00:00+00:00,1.12942,1.13241,1.13202,1.12524,278.9931,-0.83365,
EURUSD,buy,2019-04-14T16:00:00+00:00,2019-04-18T07:00:00+00:00,1.13010,1.12711,1.12750,1.13428,278.9931,-0.83326,
EURUSD,sell,2019-04-18T03:00:00+00:00,2019-04-18T07:00:00+00:00,1.12906,1.12680,1.13166,1.12488,206.5435,0.46672,
EURUSD,sell,2019-04-18T03:00:00+00:00,2019-04-18T07:00:00+00:00,1.12906,1.12945,1.12906,1.12488,68.8478,-0.02676,
EURUSD,buy,2019-04-19T23:00:00+00:00,2019-04-23T12:00:00+00:00,1.12442,1.12145,1.12183,1.12858,274.9452,-0.81711,
EURUSD,sell,2019-04-23T18:00:00+00:00,2019-04-24T13:00:00+00:00,1.12115,1.11891,1.12373,1.11700,203.9529,0.45764,
EURUSD,sell,2019-04-23T18:00:00+00:00,2019-04-24T14:00:00+00:00,1.12115,1.12074,1.12035,1.11700,67.9843,0.02838,
EURUSD,sell,2019-04-28T07:00:00+00:00,2019-04-29T06:00:00+00:00,1.11396,1.11690,1.11652,1.10983,275.8752,-0.81324,
EURUSD,sell,2019-04-29T14:00:00+00:00,2019-04-30T00:00:00+00:00,1.11629,1.11924,1.11885,1.11215,271.6580,-0.80245,
EURUSD,buy,2019-05-01T07:00:00+00:00,2019-05-01T18:00:00+00:00,1.12306,1.12530,1.12047,1.12721,199.9563,0.44881,
EURUSD,buy,2019-05-01T07:00:00+00:00,2019-05-01T18:00:00+00:00,1.12306,1.12267,1.12306,1.12721,66.6521,-0.02579,
EURUSD,buy,2019-05-04T00:00:00+00:00,2019-05-05T21:00:00+00:00,1.12041,1.11744,1.11783,1.12455,269.1275,-0.79702,
EURUSD,buy,2019-05-06T01:00:00+00:00,2019-05-07T16:00:00+00:00,1.11952,1.11656,1.11694,1.12366,265.7808,-0.78649,
EURUSD,sell,2019-05-09T08:00:00+00:00,2019-05-09T13:00:00+00:00,1.11852,1.12148,1.12110,1.11438,262.3421,-0.77646,
EURUSD,sell,2019-05-15T12:00:00+00:00,2019-05-15T14:00:00+00:00,1.11802,1.12098,1.12060,1.11389,258.9880,-0.76620,
EURUSD,sell,2019-05-25T09:00:00+00:00,2019-05-28T14:00:00+00:00,1.12009,1.11785,1.12267,1.11595,191.3177,0.42888,
EURUSD,sell,2019-05-25T09:00:00+00:00,2019-05-28T15:00:00+00:00,1.12009,1.11855,1.11816,1.11595,63.7726,0.09875,
EURUSD,sell,2019-05-24T06:00:00+00:00,2019-05-28T16:00:00+00:00,1.11923,1.11699,1.12181,1.11509,191.4647,0.42888,
EURUSD,sell,2019-05-24T06:00:00+00:00,2019-05-28T17:00:00+00:00,1.11923,1.11752,1.11713,1.11509,63.8216,0.10971,
EURUSD,sell,2019-05-30T17:00:00+00:00,2019-05-31T12:00:00+00:00,1.11340,1.11634,1.11596,1.10928,261.4116,-0.77022,
EURUSD,sell,2019-06-02T08:00:00+00:00,2019-06-03T12:00:00+00:00,1.11644,1.11940,1.11901,1.11231,257.2493,-0.75999,
EURUSD,buy,2019-06-11T11:00:00+00:00,2019-06-12T06:00:00+00:00,1.13135,1.13361,1.12875,1.13553,187.9896,0.42507,
EURUSD,buy,2019-06-11T11:00:00+00:00,2019-06-12T07:00:00+00:00,1.13135,1.13284,1.13323,1.13553,62.6632,0.09341,
EURUSD,sell,2019-06-09T23:00:00+00:00,2019-06-12T08:00:00+00:00,1.13156,1.13455,1.13416,1.12737,250.4558,-0.74977,
EURUSD,buy,2019-06-18T20:00:00+00:00,2019-06-19T18:00:00+00:00,1.11970,1.12193,1.11712,1.12384,189.1713,0.42334,
EURUSD,buy,2019-06-18T20:00:00+00:00,2019-06-19T18:00:00+00:00,1.11970,1.12350,1.11970,1.12384,63.0571,0.23990,
EURUSD,sell,2019-06-20T20:00:00+00:00,2019-06-21T07:00:00+00:00,1.12882,1.13181,1.13142,1.12464,252.9762,-0.75552,
EURUSD,sell,2019-06-22T06:00:00+00:00,2019-06-24T08:00:00+00:00,1.13645,1.13946,1.13906,1.13224,247.9552,-0.74544,
EURUSD,buy,2019-06-25T12:00:00+00:00,2019-06-25T16:00:00+00:00,1.13976,1.13675,1.13714,1.14398,244.1118,-0.73521,
EURUSD,sell,2019-06-30T10:00:00+00:00,2019-07-01T05:00:00+00:00,1.13647,1.13419,1.13908,1.13226,181.0789,0.41187,
EURUSD,sell,2019-06-30T10:00:00+00:00,2019-07-01T05:00:00+00:00,1.13647,1.13260,1.13647,1.13226,60.3596,0.23338,
EURUSD,sell,2019-07-01T14:00:00+00:00,2019-07-01T16:00:00+00:00,1.13208,1.12981,1.13468,1.12789,183.9176,0.41671,
EURUSD,sell,2019-07-01T14:00:00+00:00,2019-07-01T17:00:00+00:00,1.13208,1.12992,1.12953,1.12789,61.3059,0.13251,
EURUSD,buy,2019-07-06T17:00:00+00:00,2019-07-09T08:00:00+00:00,1.12269,1.11972,1.12011,1.12684,249.8704,-0.74147,
EURUSD,buy,2019-07-13T13:00:00+00:00,2019-07-16T07:00:00+00:00,1.12732,1.12434,1.12473,1.13149,245.5542,-0.73162,
EURUSD,sell,2019-07-12T02:00:00+00:00,2019-07-16T08:00:00+00:00,1.12622,1.12397,1.12881,1.12205,184.2343,0.41526,
EURUSD,sell,2019-07-12T02:00:00+00:00,2019-07-16T09:00:00+00:00,1.12622,1.12495,1.12456,1.12205,61.4114,0.07828,
EURUSD,buy,2019-07-17T18:00:00+00:00,2019-07-18T18:00:00+00:00,1.12260,1.12484,1.12002,1.12675,184.1447,0.41316,
EURUSD,buy,2019-07-17T18:00:00+00:00,2019-07-18T18:00:00+00:00,1.12260,1.12641,1.12260,1.12675,61.3816,0.23413,
EURUSD,buy,2019-07-19T09:00:00+00:00,2019-07-19T15:00:00+00:00,1.12417,1.12120,1.12158,1.12833,248.0631,-0.73706,
EURUSD,sell,2019-07-20T19:00:00+00:00,2019-07-23T04:00:00+00:00,1.12158,1.11934,1.12416,1.11743,183.9004,0.41280,
EURUSD,sell,2019-07-20T19:00:00+00:00,2019-07-23T05:00:00+00:00,1.12158,1.11982,1.11943,1.11743,61.3001,0.10835,
EURUSD,sell,2019-07-25T17:00:00+00:00,2019-07-26T15:00:00+00:00,1.11416,1.11193,1.11672,1.11003,186.8800,0.41671,
EURUSD,sell,2019-07-25T17:00:00+00:00,2019-07-26T16:00:00+00:00,1.11416,1.11285,1.11247,1.11003,62.2933,0.08110,
EURUSD,buy,2019-07-27T08:00:00+00:00,2019-07-30T12:00:00+00:00,1.11280,1.11503,1.11025,1.11692,188.8974,0.42012,
EURUSD,buy,2019-07-27T08:00:00+00:00,2019-07-30T13:00:00+00:00,1.11280,1.11397,1.11435,1.11692,62.9658,0.07316,
EURUSD,buy,2019-07-31T08:00:00+00:00,2019-07-31T16:00:00+00:00,1.11475,1.11181,1.11219,1.11888,253.6357,-0.74742,
EURUSD,sell,2019-08-02T13:00:00+00:00,2019-08-05T00:00:00+00:00,1.10972,1.11265,1.11227,1.10561,251.2676,-0.73793,
EURUSD,buy,2019-08-04T18:00:00+00:00,2019-08-05T07:00:00+00:00,1.11090,1.11312,1.10835,1.11501,188.3625,0.41822,
EURUSD,buy,2019-08-04T18:00:00+00:00,2019-08-05T08:00:00+00:00,1.11090,1.11256,1.11294,1.11501,62.7875,0.10379,
EURUSD,sell,2019-08-07T09:00:00+00:00,2019-08-07T12:00:00+00:00,1.11817,1.12113,1.12075,1.11404,248.4019,-0.73497,
EURUSD,buy,2019-08-09T15:00:00+00:00,2019-08-09T20:00:00+00:00,1.12248,1.11951,1.11990,1.12663,244.3235,-0.72488,
EURUSD,sell,2019-08-11T15:00:00+00:00,2019-08-12T07:00:00+00:00,1.11935,1.11711,1.12193,1.11521,181.2159,0.40597,
EURUSD,sell,2019-08-11T15:00:00+00:00,2019-08-12T07:00:00+00:00,1.11935,1.11974,1.11935,1.11521,60.4053,-0.02331,
EURUSD,buy,2019-08-12T22:00:00+00:00,2019-08-13T02:00:00+00:00,1.12176,1.11879,1.11918,1.12591,242.9545,-0.72036,
EURUSD,sell,2019-08-19T04:00:00+00:00,2019-08-19T10:00:00+00:00,1.10881,1.11174,1.11136,1.10470,242.3971,-0.71130,
EURUSD,buy,2019-08-22T12:00:00+00:00,2019-08-23T09:00:00+00:00,1.10831,1.10538,1.10576,1.11241,239.4409,-0.70158,
EURUSD,buy,2019-08-25T00:00:00+00:00,2019-08-26T08:00:00+00:00,1.11393,1.11099,1.11137,1.11805,235.0825,-0.69224,
EURUSD,buy,2019-08-27T01:00:00+00:00,2019-08-28T12:00:00+00:00,1.11065,1.10772,1.10810,1.11476,232.6597,-0.68312,
EURUSD,buy,2019-08-28T20:00:00+00:00,2019-08-29T15:00:00+00:00,1.10803,1.10510,1.10548,1.11213,230.1264,-0.67412,
EURUSD,sell,2019-08-31T09:00:00+00:00,2019-09-02T09:00:00+00:00,1.09847,1.09627,1.10100,1.09440,171.6922,0.37746,
EURUSD,buy,2019-09-01T16:00:00+00:00,2019-09-02T09:00:00+00:00,1.09913,1.09622,1.09660,1.10320,228.9229,-0.66530,
EURUSD,sell,2019-08-31T09:00:00+00:00,2019-09-02T10:00:00+00:00,1.09847,1.09730,1.09692,1.09440,57.2307,0.06703,
EURUSD,sell,2019-09-03T03:00:00+00:00,2019-09-03T14:00:00+00:00,1.09324,1.09614,1.09576,1.08920,229.0081,-0.66274,
EURUSD,sell,2019-09-04T10:00:00+00:00,2019-09-05T01:00:00+00:00,1.10132,1.10423,1.10385,1.09724,224.3206,-0.65389,
EURUSD,buy,2019-09-07T18:00:00+00:00,2019-09-09T12:00:00+00:00,1.10283,1.10503,1.10030,1.10691,165.8866,0.36564,
EURUSD,buy,2019-09-07T18:00:00+00:00,2019-09-09T12:00:00+00:00,1.10283,1.10245,1.10283,1.10691,55.2955,-0.02106,
EURUSD,sell,2019-09-12T07:00:00+00:00,2019-09-12T11:00:00+00:00,1.10138,1.09918,1.10391,1.09730,167.1784,0.36851,
EURUSD,sell,2019-09-12T07:00:00+00:00,2019-09-12T11:00:00+00:00,1.10138,1.10176,1.10138,1.09730,55.7261,-0.02120,
EURUSD,sell,2019-09-16T10:00:00+00:00,2019-09-16T14:00:00+00:00,1.10351,1.10130,1.10605,1.09942,168.0357,0.37111,
EURUSD,sell,2019-09-16T10:00:00+00:00,2019-09-16T14:00:00+00:00,1.10351,1.09975,1.10351,1.09942,56.0119,0.21029,
EURUSD,buy,2019-09-21T18:00:00+00:00,2019-09-23T07:00:00+00:00,1.10202,1.09911,1.09949,1.10610,227.1236,-0.66177,
EURUSD,buy,2019-09-25T18:00:00+00:00,2019-09-26T19:00:00+00:00,1.09443,1.09153,1.09191,1.09848,225.6749,-0.65310,
EURUSD,sell,2019-09-27T04:00:00+00:00,2019-09-27T12:00:00+00:00,1.09182,1.09471,1.09433,1.08778,223.0878,-0.64478,
EURUSD,buy,2019-10-07T00:00:00+00:00,2019-10-07T07:00:00+00:00,1.09911,1.09620,1.09658,1.10318,218.8077,-0.63589,
EURUSD,sell,2019-10-04T17:00:00+00:00,2019-10-07T13:00:00+00:00,1.09747,1.10038,1.10000,1.09341,219.0030,-0.63619,
EURUSD,buy,2019-10-08T01:00:00+00:00,2019-10-08T15:00:00+00:00,1.09773,1.09483,1.09521,1.10179,213.2869,-0.61908,
EURUSD,sell,2019-10-09T13:00:00+00:00,2019-10-10T06:00:00+00:00,1.09772,1.10063,1.10025,1.09366,210.3417,-0.61117,
EURUSD,sell,2019-10-12T05:00:00+00:00,2019-10-15T11:00:00+00:00,1.10296,1.10075,1.10550,1.09888,154.9297,0.34200,
EURUSD,sell,2019-10-12T05:00:00+00:00,2019-10-15T12:00:00+00:00,1.10296,1.10133,1.10095,1.09888,51.6432,0.08411,
EURUSD,sell,2019-10-14T13:00:00+00:00,2019-10-15T12:00:00+00:00,1.10218,1.09997,1.10472,1.09810,155.0393,0.34200,
EURUSD,sell,2019-10-14T13:00:00+00:00,2019-10-15T13:00:00+00:00,1.10218,1.10133,1.10095,1.09810,51.6798,0.04387,
EURUSD,sell,2019-10-18T16:00:00+00:00,2019-10-22T12:00:00+00:00,1.11549,1.11325,1.11805,1.11136,155.9188,0.34809,
EURUSD,sell,2019-10-18T16:00:00+00:00,2019-10-22T13:00:00+00:00,1.11549,1.11417,1.11379,1.11136,51.9729,0.06814,
EURUSD,buy,2019-11-03T05:00:00+00:00,2019-11-04T16:00:00+00:00,1.11674,1.11379,1.11418,1.12088,209.6460,-0.61887,
EURUSD,buy,2019-11-08T00:00:00+00:00,2019-11-08T14:00:00+00:00,1.10506,1.10214,1.10252,1.10915,209.0615,-0.61080,
EURUSD,sell,2019-11-11T05:00:00+00:00,2019-11-13T17:00:00+00:00,1.10220,1.09999,1.10474,1.09812,155.0315,0.34199,
EURUSD,sell,2019-11-11T05:00:00+00:00,2019-11-13T18:00:00+00:00,1.10220,1.10074,1.10036,1.09812,51.6772,0.07540,
EURUSD,sell,2019-11-14T02:00:00+00:00,2019-11-14T18:00:00+00:00,1.09988,1.10279,1.10241,1.09581,209.0414,-0.60857,
EURUSD,buy,2019-11-15T15:00:00+00:00,2019-11-18T15:00:00+00:00,1.10540,1.10761,1.10286,1.10949,154.0264,0.34029,
EURUSD,buy,2019-11-15T15:00:00+00:00,2019-11-18T16:00:00+00:00,1.10540,1.10750,1.10788,1.10949,51.3421,0.10762,
EURUSD,sell,2019-11-26T09:00:00+00:00,2019-11-29T13:00:00+00:00,1.10109,1.09889,1.10362,1.09701,156.0619,0.34391,
EURUSD,buy,2019-11-27T23:00:00+00:00,2019-11-29T13:00:00+00:00,1.10081,1.09790,1.09828,1.10488,208.2602,-0.60616,
EURUSD,sell,2019-11-26T09:00:00+00:00,2019-11-29T14:00:00+00:00,1.10109,1.10003,1.09965,1.09701,52.0206,0.05512,
EURUSD,buy,2019-12-01T09:00:00+00:00,2019-12-02T14:00:00+00:00,1.10183,1.10403,1.09930,1.10591,155.3454,0.34209,
EURUSD,buy,2019-12-01T09:00:00+00:00,2019-12-02T15:00:00+00:00,1.10183,1.10408,1.10446,1.10591,51.7818,0.11642,
EURUSD,buy,2019-12-03T00:00:00+00:00,2019-12-04T13:00:00+00:00,1.10768,1.10990,1.10514,1.11178,156.0775,0.34553,
EURUSD,buy,2019-12-03T00:00:00+00:00,2019-12-04T13:00:00+00:00,1.10768,1.10730,1.10768,1.11178,52.0258,-0.01989,
EURUSD,buy,2019-12-05T14:00:00+00:00,2019-12-06T13:00:00+00:00,1.11033,1.10740,1.10778,1.11444,209.0733,-0.61370,
EURUSD,buy,2019-12-08T08:00:00+00:00,2019-12-10T11:00:00+00:00,1.10576,1.10797,1.10322,1.10985,155.3714,0.34337,
EURUSD,buy,2019-12-08T08:00:00+00:00,2019-12-10T12:00:00+00:00,1.10576,1.10717,1.10755,1.10985,51.7905,0.07282,
EURUSD,buy,2019-12-10T01:00:00+00:00,2019-12-10T16:00:00+00:00,1.10710,1.10931,1.10456,1.11120,155.1832,0.34337,
EURUSD,buy,2019-12-10T01:00:00+00:00,2019-12-10T17:00:00+00:00,1.10710,1.10845,1.10883,1.11120,51.7277,0.06959,
EURUSD,sell,2019-12-14T06:00:00+00:00,2019-12-16T06:00:00+00:00,1.11141,1.11435,1.11396,1.10729,209.7151,-0.61682,
EURUSD,buy,2019-12-15T17:00:00+00:00,2019-12-16T07:00:00+00:00,1.11207,1.11430,1.10952,1.11619,157.2863,0.34959,
EURUSD,buy,2019-12-15T17:00:00+00:00,2019-12-16T08:00:00+00:00,1.11207,1.11358,1.11396,1.11619,52.4288,0.07876,
EURUSD,buy,2019-12-17T01:00:00+00:00,2019-12-17T12:00:00+00:00,1.11425,1.11648,1.11169,1.11838,156.3440,0.34817,
EURUSD,buy,2019-12-17T01:00:00+00:00,2019-12-17T13:00:00+00:00,1.11425,1.11550,1.11588,1.11838,52.1147,0.06468,
EURUSD,buy,2019-12-18T11:00:00+00:00,2019-12-20T11:00:00+00:00,1.11311,1.11017,1.11055,1.11723,210.5273,-0.61949,
EURUSD,sell,2019-12-19T18:00:00+00:00,2019-12-20T11:00:00+00:00,1.11240,1.11017,1.11496,1.10828,157.9026,0.35154,
EURUSD,sell,2019-12-19T18:00:00+00:00,2019-12-20T12:00:00+00:00,1.11240,1.11075,1.11037,1.10828,52.6342,0.08648,
EURUSD,buy,2019-12-21T11:00:00+00:00,2019-12-26T18:00:00+00:00,1.10802,1.11024,1.10547,1.11212,158.0067,0.34991,
EURUSD,buy,2019-12-21T11:00:00+00:00,2019-12-26T19:00:00+00:00,1.10802,1.10991,1.11029,1.11212,52.6689,0.09926,
EURUSD,sell,2019-12-23T16:00:00+00:00,2019-12-27T02:00:00+00:00,1.10864,1.11157,1.11119,1.10453,210.4325,-0.61741,
EURUSD,buy,2019-12-27T21:00:00+00:00,2019-12-30T02:00:00+00:00,1.11747,1.11970,1.11490,1.12160,156.1068,0.34865,
EURUSD,buy,2019-12-27T21:00:00+00:00,2019-12-30T03:00:00+00:00,1.11747,1.11941,1.11980,1.12160,52.0356,0.10141,
EURUSD,buy,2019-12-30T06:00:00+00:00,2019-12-31T11:00:00+00:00,1.11989,1.12212,1.11731,1.12403,157.2768,0.35202,
EURUSD,buy,2019-12-30T06:00:00+00:00,2019-12-31T12:00:00+00:00,1.11989,1.12232,1.12271,1.12403,52.4256,0.12778,
EURUSD,sell,2019-12-31T13:00:00+00:00,2019-12-31T21:00:00+00:00,1.12345,1.12120,1.12604,1.11929,158.2845,0.35590,
EURUSD,sell,2019-12-31T13:00:00+00:00,2019-12-31T22:00:00+00:00,1.12345,1.12115,1.12076,1.11929,52.7615,0.12170,
EURUSD,buy,2020-01-03T02:00:00+00:00,2020-01-03T09:00:00+00:00,1.11759,1.11463,1.11502,1.12172,214.4188,-0.63343,
EURUSD,buy,2020-01-05T15:00:00+00:00,2020-01-06T09:00:00+00:00,1.11581,1.11804,1.11325,1.11994,158.9398,0.35445,
EURUSD,buy,2020-01-05T15:00:00+00:00,2020-01-06T10:00:00+00:00,1.11581,1.11860,1.11899,1.11994,52.9799,0.14780,
EURUSD,buy,2020-01-08T10:00:00+00:00,2020-01-08T21:00:00+00:00,1.11306,1.11012,1.11050,1.11718,214.7003,-0.63174,
EURUSD,buy,2020-01-09T22:00:00+00:00,2020-01-13T09:00:00+00:00,1.11098,1.11320,1.10843,1.11509,159.1938,0.35348,
EURUSD,buy,2020-01-09T22:00:00+00:00,2020-01-13T10:00:00+00:00,1.11098,1.11109,1.11147,1.11509,53.0646,0.00549,
EURUSD,buy,2020-01-12T05:00:00+00:00,2020-01-13T16:00:00+00:00,1.11198,1.11421,1.10943,1.11610,159.0506,0.35348,
EURUSD,buy,2020-01-13T09:00:00+00:00,2020-01-13T16:00:00+00:00,1.11184,1.11407,1.10929,1.11596,160.2632,0.35613,
EURUSD,buy,2020-01-12T05:00:00+00:00,2020-01-13T17:00:00+00:00,1.11198,1.11317,1.11355,1.11610,53.0169,0.06269,
EURUSD,buy,2020-01-13T09:00:00+00:00,2020-01-13T17:00:00+00:00,1.11184,1.11317,1.11355,1.11596,53.4211,0.07065,
EURUSD,buy,2020-01-14T23:00:00+00:00,2020-01-15T14:00:00+00:00,1.11308,1.11531,1.11052,1.11720,162.9438,0.36249,
EURUSD,buy,2020-01-14T23:00:00+00:00,2020-01-15T15:00:00+00:00,1.11308,1.11448,1.11486,1.11720,54.3146,0.07559,
EURUSD,sell,2020-01-20T00:00:00+00:00,2020-01-21T13:00:00+00:00,1.10895,1.11188,1.11150,1.10484,219.9127,-0.64540,
EURUSD,sell,2020-01-17T14:00:00+00:00,2020-01-22T15:00:00+00:00,1.10972,1.10750,1.11227,1.10561,164.8201,0.36606,
EURUSD,sell,2020-01-17T14:00:00+00:00,2020-01-22T16:00:00+00:00,1.10972,1.10819,1.10781,1.10561,54.9400,0.08376,
EURUSD,buy,2020-01-23T12:00:00+00:00,2020-01-23T14:00:00+00:00,1.10878,1.10585,1.10623,1.11288,219.1951,-0.64252,
EURUSD,sell,2020-01-24T13:00:00+00:00,2020-01-27T16:00:00+00:00,1.10354,1.10133,1.10608,1.09945,162.8957,0.35977,
EURUSD,sell,2020-01-24T13:00:00+00:00,2020-01-27T17:00:00+00:00,1.10354,1.10231,1.10193,1.09945,54.2986,0.06669,
EURUSD,sell,2020-02-05T00:00:00+00:00,2020-02-05T13:00:00+00:00,1.10398,1.10177,1.10652,1.09989,164.2790,0.36297,
EURUSD,sell,2020-02-05T00:00:00+00:00,2020-02-05T14:00:00+00:00,1.10398,1.10180,1.10142,1.09989,54.7597,0.11928,
EURUSD,sell,2020-02-10T06:00:00+00:00,2020-02-10T15:00:00+00:00,1.09480,1.09261,1.09732,1.09075,167.3074,0.36659,
EURUSD,sell,2020-02-10T06:00:00+00:00,2020-02-10T16:00:00+00:00,1.09480,1.09278,1.09240,1.09075,55.7691,0.11286,
EURUSD,sell,2020-02-11T22:00:00+00:00,2020-02-12T15:00:00+00:00,1.09152,1.08934,1.09403,1.08748,169.4567,0.37019,
EURUSD,sell,2020-02-11T22:00:00+00:00,2020-02-12T16:00:00+00:00,1.09152,1.09013,1.08975,1.08748,56.4856,0.07883,
EURUSD,sell,2020-02-13T02:00:00+00:00,2020-02-13T15:00:00+00:00,1.08667,1.08450,1.08917,1.08265,171.7618,0.37356,
EURUSD,sell,2020-02-13T02:00:00+00:00,2020-02-13T16:00:00+00:00,1.08667,1.08579,1.08541,1.08265,57.2539,0.05086,
EURUSD,sell,2020-02-15T00:00:00+00:00,2020-02-18T13:00:00+00:00,1.08267,1.08050,1.08516,1.07866,173.8674,0.37674,
EURUSD,sell,2020-02-15T00:00:00+00:00,2020-02-18T14:00:00+00:00,1.08267,1.08117,1.08080,1.07866,57.9558,0.08640,
EURUSD,sell,2020-02-18T12:00:00+00:00,2020-02-18T14:00:00+00:00,1.08111,1.07894,1.08359,1.07710,174.1182,0.37674,
EURUSD,sell,2020-02-18T12:00:00+00:00,2020-02-18T15:00:00+00:00,1.08111,1.08117,1.08080,1.07710,58.0394,-0.00399,
EURUSD,sell,2020-02-20T18:00:00+00:00,2020-02-21T08:00:00+00:00,1.07903,1.08188,1.08151,1.07503,236.4772,-0.67561,
EURUSD,sell,2020-02-24T02:00:00+00:00,2020-02-24T14:00:00+00:00,1.08194,1.08480,1.08442,1.07793,232.7201,-0.66664,
EURUSD,buy,2020-02-25T02:00:00+00:00,2020-02-25T10:00:00+00:00,1.08667,1.08379,1.08417,1.09069,228.7778,-0.65747,
EURUSD,sell,2020-03-02T02:00:00+00:00,2020-03-02T08:00:00+00:00,1.10535,1.10827,1.10789,1.10126,221.8030,-0.64887,
EURUSD,sell,2020-03-04T17:00:00+00:00,2020-03-05T09:00:00+00:00,1.11203,1.11497,1.11458,1.10791,217.5543,-0.64022,
EURUSD,sell,2020-03-08T08:00:00+00:00,2020-03-08T21:00:00+00:00,1.12770,1.13069,1.13030,1.12353,211.6925,-0.63160,
EURUSD,sell,2020-03-11T02:00:00+00:00,2020-03-11T05:00:00+00:00,1.13210,1.13510,1.13470,1.12791,208.0813,-0.62321,
EURUSD,sell,2020-03-14T18:00:00+00:00,2020-03-15T21:00:00+00:00,1.10959,1.11252,1.11214,1.10548,209.4958,-0.61518,
EURUSD,buy,2020-03-16T07:00:00+00:00,2020-03-16T08:00:00+00:00,1.11795,1.12018,1.11537,1.12208,153.9766,0.34404,
EURUSD,buy,2020-03-16T07:00:00+00:00,2020-03-16T08:00:00+00:00,1.11795,1.11756,1.11795,1.12208,51.3255,-0.01978,
EURUSD,sell,2020-03-23T06:00:00+00:00,2020-03-23T07:00:00+00:00,1.07438,1.07223,1.07685,1.07040,161.2559,0.34674,
EURUSD,sell,2020-03-23T06:00:00+00:00,2020-03-23T07:00:00+00:00,1.07438,1.07475,1.07438,1.07040,53.7520,-0.02001,
EURUSD,sell,2020-03-24T09:00:00+00:00,2020-03-24T10:00:00+00:00,1.08504,1.08792,1.08754,1.08103,214.3993,-0.61589,
EURUSD,buy,2020-03-26T10:00:00+00:00,2020-03-26T12:00:00+00:00,1.09569,1.09279,1.09317,1.09974,209.6326,-0.60736,
EURUSD,buy,2020-03-28T06:00:00+00:00,2020-03-29T21:00:00+00:00,1.11412,1.11118,1.11156,1.11825,203.4372,-0.59916,
EURUSD,sell,2020-03-29T21:00:00+00:00,2020-03-29T23:00:00+00:00,1.11172,1.11466,1.11427,1.10760,201.0616,-0.59153,
EURUSD,buy,2020-03-31T17:00:00+00:00,2020-03-31T19:00:00+00:00,1.10055,1.10275,1.09802,1.10462,150.4015,0.33082,
EURUSD,buy,2020-03-31T17:00:00+00:00,2020-03-31T19:00:00+00:00,1.10055,1.10017,1.10055,1.10462,50.1338,-0.01906,
EURUSD,sell,2020-04-04T07:00:00+00:00,2020-04-05T21:00:00+00:00,1.07923,1.08208,1.08171,1.07523,205.8188,-0.58813,
EURUSD,sell,2020-04-05T07:00:00+00:00,2020-04-05T21:00:00+00:00,1.07923,1.08208,1.08171,1.07523,205.8188,-0.58813,
EURUSD,sell,2020-04-11T08:00:00+00:00,2020-04-13T06:00:00+00:00,1.09293,1.09583,1.09545,1.08889,197.8582,-0.57243,
EURUSD,buy,2020-04-13T17:00:00+00:00,2020-04-14T03:00:00+00:00,1.09233,1.09451,1.08982,1.09637,146.5991,0.32005,
EURUSD,buy,2020-04-13T17:00:00+00:00,2020-04-14T04:00:00+00:00,1.09233,1.09387,1.09425,1.09637,48.8664,0.07546,
EURUSD,buy,2020-04-20T06:00:00+00:00,2020-04-20T09:00:00+00:00,1.08589,1.08806,1.08339,1.08990,148.8350,0.32301,
EURUSD,buy,2020-04-20T06:00:00+00:00,2020-04-20T10:00:00+00:00,1.08589,1.08740,1.08778,1.08990,49.6117,0.07531,
EURUSD,buy,2020-04-22T07:00:00+00:00,2020-04-22T11:00:00+00:00,1.08588,1.08805,1.08338,1.08989,150.2124,0.32600,
EURUSD,buy,2020-04-22T07:00:00+00:00,2020-04-22T12:00:00+00:00,1.08588,1.08634,1.08672,1.08989,50.0708,0.02345,
EURUSD,buy,2020-04-24T03:00:00+00:00,2020-04-24T06:00:00+00:00,1.07743,1.07458,1.07496,1.08142,203.4747,-0.57987,
EURUSD,buy,2020-04-26T16:00:00+00:00,2020-04-27T05:00:00+00:00,1.08228,1.08445,1.07980,1.08629,149.9122,0.32427,
EURUSD,buy,2020-04-26T16:00:00+00:00,2020-04-27T06:00:00+00:00,1.08228,1.08420,1.08458,1.08629,49.9707,0.09595,
EURUSD,sell,2020-04-29T14:00:00+00:00,2020-04-29T18:00:00+00:00,1.08483,1.08771,1.08733,1.08082,201.2297,-0.57795,
EURUSD,sell,2020-05-03T14:00:00+00:00,2020-05-04T00:00:00+00:00,1.09744,1.09524,1.09997,1.09338,147.2144,0.32334,
EURUSD,sell,2020-05-03T14:00:00+00:00,2020-05-04T01:00:00+00:00,1.09744,1.09589,1.09551,1.09338,49.0715,0.07616,
EURUSD,sell,2020-05-05T10:00:00+00:00,2020-05-05T13:00:00+00:00,1.08345,1.08632,1.08595,1.07944,200.6627,-0.57560,
EURUSD,sell,2020-05-08T20:00:00+00:00,2020-05-11T08:00:00+00:00,1.08338,1.08122,1.08588,1.07938,148.5150,0.32202,
EURUSD,sell,2020-05-08T20:00:00+00:00,2020-05-11T08:00:00+00:00,1.08338,1.08376,1.08338,1.07938,49.5050,-0.01857,
EURUSD,buy,2020-05-13T04:00:00+00:00,2020-05-13T11:00:00+00:00,1.08526,1.08742,1.08276,1.08927,149.3968,0.32404,
EURUSD,buy,2020-05-13T04:00:00+00:00,2020-05-13T12:00:00+00:00,1.08526,1.08674,1.08712,1.08927,49.7989,0.07412,
EURUSD,buy,2020-05-16T09:00:00+00:00,2020-05-18T13:00:00+00:00,1.08215,1.08432,1.07967,1.08616,151.2051,0.32703,
EURUSD,buy,2020-05-16T09:00:00+00:00,2020-05-18T13:00:00+00:00,1.08215,1.08583,1.08215,1.08616,50.4017,0.18532,
EURUSD,buy,2020-05-20T04:00:00+00:00,2020-05-20T13:00:00+00:00,1.09443,1.09662,1.09191,1.09848,151.2655,0.33087,
EURUSD,buy,2020-05-20T04:00:00+00:00,2020-05-20T14:00:00+00:00,1.09443,1.09738,1.09776,1.09848,50.4218,0.14887,
EURUSD,buy,2020-05-24T10:00:00+00:00,2020-05-25T06:00:00+00:00,1.09013,1.08724,1.08762,1.09416,204.6841,-0.59007,
EURUSD,buy,2020-05-22T14:00:00+00:00,2020-05-26T03:00:00+00:00,1.08939,1.09156,1.08688,1.09342,153.6174,0.33447,
EURUSD,buy,2020-05-22T14:00:00+00:00,2020-05-26T04:00:00+00:00,1.08939,1.09127,1.09165,1.09342,51.2058,0.09656,
EURUSD,buy,2020-05-27T00:00:00+00:00,2020-05-27T09:00:00+00:00,1.09733,1.09952,1.09481,1.10139,151.9619,0.33327,
EURUSD,buy,2020-05-27T00:00:00+00:00,2020-05-27T09:00:00+00:00,1.09733,1.09695,1.09733,1.10139,50.6540,-0.01921,
EURUSD,buy,2020-05-29T17:00:00+00:00,2020-06-01T00:00:00+00:00,1.10945,1.11167,1.10690,1.11356,151.3632,0.33563,
EURUSD,buy,2020-05-29T17:00:00+00:00,2020-06-01T01:00:00+00:00,1.10945,1.11126,1.11164,1.11356,50.4544,0.09101,
EURUSD,buy,2020-05-31T22:00:00+00:00,2020-06-01T05:00:00+00:00,1.11151,1.11373,1.10896,1.11562,151.0826,0.33563,
EURUSD,buy,2020-05-31T22:00:00+00:00,2020-06-01T06:00:00+00:00,1.11151,1.11314,1.11352,1.11562,50.3609,0.08172,
EURUSD,buy,2020-06-04T08:00:00+00:00,2020-06-04T11:00:00+00:00,1.12103,1.12327,1.11845,1.12517,152.6246,0.34196,
EURUSD,buy,2020-06-04T08:00:00+00:00,2020-06-04T11:00:00+00:00,1.12103,1.12064,1.12103,1.12517,50.8749,-0.01965,
EURUSD,sell,2020-06-12T13:00:00+00:00,2020-06-12T14:00:00+00:00,1.12979,1.12753,1.13239,1.12561,152.4192,0.34464,
EURUSD,sell,2020-06-12T13:00:00+00:00,2020-06-12T14:00:00+00:00,1.12979,1.13018,1.12979,1.12561,50.8064,-0.01976,
EURUSD,sell,2020-06-13T16:00:00+00:00,2020-06-15T13:00:00+00:00,1.12516,1.12814,1.12775,1.12100,205.5049,-0.61179,
EURUSD,sell,2020-06-19T14:00:00+00:00,2020-06-19T15:00:00+00:00,1.11783,1.12079,1.12041,1.11370,204.1164,-0.60376,
EURUSD,sell,2020-06-20T16:00:00+00:00,2020-06-22T04:00:00+00:00,1.11725,1.12021,1.11983,1.11312,201.5211,-0.59578,
EURUSD,buy,2020-06-30T01:00:00+00:00,2020-06-30T05:00:00+00:00,1.12507,1.12209,1.12248,1.12923,197.5933,-0.58757,
EURUSD,buy,2020-07-01T13:00:00+00:00,2020-07-01T14:00:00+00:00,1.12425,1.12649,1.12166,1.12841,146.3426,0.32882,
EURUSD,buy,2020-07-01T13:00:00+00:00,2020-07-01T14:00:00+00:00,1.12425,1.12386,1.12425,1.12841,48.7809,-0.01889,
EURUSD,sell,2020-07-05T23:00:00+00:00,2020-07-06T01:00:00+00:00,1.12432,1.12730,1.12691,1.12016,196.3713,-0.58417,
EURUSD,buy,2020-07-11T09:00:00+00:00,2020-07-13T03:00:00+00:00,1.13024,1.13250,1.12764,1.13442,144.6567,0.32677,
EURUSD,buy,2020-07-11T09:00:00+00:00,2020-07-13T04:00:00+00:00,1.13024,1.13197,1.13236,1.13442,48.2189,0.08348,
EURUSD,sell,2020-07-14T16:00:00+00:00,2020-07-15T07:00:00+00:00,1.13997,1.14298,1.14259,1.13575,192.9136,-0.58173,
EURUSD,sell,2020-07-20T16:00:00+00:00,2020-07-21T00:00:00+00:00,1.14351,1.14653,1.14614,1.13927,189.7737,-0.57401,
EURUSD,sell,2020-07-24T22:00:00+00:00,2020-07-27T00:00:00+00:00,1.16511,1.16819,1.16779,1.16080,183.7924,-0.56625,
EURUSD,sell,2020-07-26T01:00:00+00:00,2020-07-27T00:00:00+00:00,1.16511,1.16819,1.16779,1.16080,183.7924,-0.56625,
EURUSD,sell,2020-07-31T14:00:00+00:00,2020-07-31T16:00:00+00:00,1.18275,1.18038,1.18547,1.17837,132.1994,0.31293,
EURUSD,sell,2020-07-31T14:00:00+00:00,2020-07-31T16:00:00+00:00,1.18275,1.17872,1.18275,1.17837,44.0665,0.17732,
EURUSD,buy,2020-08-05T10:00:00+00:00,2020-08-05T12:00:00+00:00,1.18372,1.18608,1.18099,1.18809,133.7240,0.31636,
EURUSD,buy,2020-08-05T10:00:00+00:00,2020-08-05T13:00:00+00:00,1.18372,1.18587,1.18628,1.18809,44.5747,0.09624,
EURUSD,sell,2020-08-06T13:00:00+00:00,2020-08-06T14:00:00+00:00,1.18528,1.18291,1.18801,1.18090,134.7718,0.31971,
EURUSD,sell,2020-08-06T13:00:00+00:00,2020-08-06T14:00:00+00:00,1.18528,1.18569,1.18528,1.18090,44.9239,-0.01822,
EURUSD,sell,2020-08-07T18:00:00+00:00,2020-08-10T10:00:00+00:00,1.17772,1.17536,1.18043,1.17336,136.5975,0.32197,
EURUSD,sell,2020-08-07T18:00:00+00:00,2020-08-10T11:00:00+00:00,1.17772,1.17604,1.17564,1.17336,45.5325,0.07622,
EURUSD,sell,2020-08-12T21:00:00+00:00,2020-08-13T00:00:00+00:00,1.17794,1.18105,1.18065,1.17358,183.7857,-0.57236,
EURUSD,sell,2020-08-14T01:00:00+00:00,2020-08-14T13:00:00+00:00,1.18086,1.18398,1.18357,1.17649,180.9086,-0.56477,
EURUSD,sell,2020-08-15T17:00:00+00:00,2020-08-17T02:00:00+00:00,1.18378,1.18691,1.18651,1.17940,178.0762,-0.55729,
EURUSD,buy,2020-08-21T15:00:00+00:00,2020-08-23T23:00:00+00:00,1.17776,1.18012,1.17506,1.18212,132.5456,0.31200,
EURUSD,buy,2020-08-21T15:00:00+00:00,2020-08-24T00:00:00+00:00,1.17776,1.17925,1.17965,1.18212,44.1819,0.06552,
EURUSD,buy,2020-08-23T07:00:00+00:00,2020-08-24T09:00:00+00:00,1.17984,1.18220,1.17713,1.18421,132.3119,0.31200,
EURUSD,buy,2020-08-23T07:00:00+00:00,2020-08-24T10:00:00+00:00,1.17984,1.18237,1.18277,1.18421,44.1040,0.11120,
EURUSD,sell,2020-08-27T02:00:00+00:00,2020-08-27T11:00:00+00:00,1.18242,1.18005,1.18514,1.17804,134.4836,0.31825,
EURUSD,sell,2020-08-27T02:00:00+00:00,2020-08-27T12:00:00+00:00,1.18242,1.18226,1.18186,1.17804,44.8279,0.00675,
EURUSD,sell,2020-09-01T18:00:00+00:00,2020-09-02T07:00:00+00:00,1.19063,1.18825,1.19337,1.18623,134.5788,0.32069,
EURUSD,sell,2020-09-01T18:00:00+00:00,2020-09-02T07:00:00+00:00,1.19063,1.19104,1.19063,1.18623,44.8596,-0.01827,
EURUSD,sell,2020-09-06T00:00:00+00:00,2020-09-08T00:00:00+00:00,1.18335,1.18099,1.18608,1.17898,136.3645,0.32296,
EURUSD,sell,2020-09-04T16:00:00+00:00,2020-09-08T01:00:00+00:00,1.18314,1.18078,1.18587,1.17877,136.3887,0.32296,
EURUSD,sell,2020-09-06T00:00:00+00:00,2020-09-08T01:00:00+00:00,1.18335,1.18129,1.18089,1.17898,45.4548,0.09366,
EURUSD,sell,2020-09-04T16:00:00+00:00,2020-09-08T02:00:00+00:00,1.18314,1.18116,1.18076,1.17877,45.4629,0.09005,
EURUSD,sell,2020-09-11T23:00:00+00:00,2020-09-14T10:00:00+00:00,1.18417,1.18731,1.18690,1.17979,185.1954,-0.57976,
EURUSD,buy,2020-09-14T08:00:00+00:00,2020-09-14T13:00:00+00:00,1.18600,1.18837,1.18327,1.19038,138.7665,0.32893,
EURUSD,buy,2020-09-14T08:00:00+00:00,2020-09-14T14:00:00+00:00,1.18600,1.18701,1.18742,1.19038,46.2555,0.04709,
EURUSD,sell,2020-09-16T21:00:00+00:00,2020-09-17T00:00:00+00:00,1.18117,1.17880,1.18388,1.17679,138.6038,0.32765,
EURUSD,sell,2020-09-16T21:00:00+00:00,2020-09-17T01:00:00+00:00,1.18117,1.17946,1.17906,1.17679,46.2013,0.07863,
EURUSD,sell,2020-09-20T18:00:00+00:00,2020-09-21T02:00:00+00:00,1.18349,1.18662,1.18622,1.17911,186.1573,-0.58244,
EURUSD,buy,2020-09-19T06:00:00+00:00,2020-09-21T04:00:00+00:00,1.18421,1.18657,1.18148,1.18859,139.6179,0.33044,
EURUSD,buy,2020-09-19T06:00:00+00:00,2020-09-21T05:00:00+00:00,1.18421,1.18617,1.18658,1.18859,46.5393,0.09163,
EURUSD,sell,2020-09-28T02:00:00+00:00,2020-09-28T10:00:00+00:00,1.16311,1.16619,1.16579,1.15881,188.7306,-0.58048,
EURUSD,sell,2020-09-29T12:00:00+00:00,2020-09-29T13:00:00+00:00,1.16995,1.17304,1.17264,1.16562,185.1475,-0.57275,
EURUSD,sell,2020-10-02T01:00:00+00:00,2020-10-02T05:00:00+00:00,1.17279,1.17044,1.17549,1.16845,136.6936,0.32085,
EURUSD,sell,2020-10-02T01:00:00+00:00,2020-10-02T05:00:00+00:00,1.17279,1.17319,1.17279,1.16845,45.5645,-0.01831,
EURUSD,buy,2020-10-05T01:00:00+00:00,2020-10-05T11:00:00+00:00,1.17375,1.17610,1.17105,1.17809,137.6302,0.32286,
EURUSD,buy,2020-10-05T01:00:00+00:00,2020-10-05T12:00:00+00:00,1.17375,1.17528,1.17568,1.17809,45.8767,0.06998,
EURUSD,buy,2020-10-06T14:00:00+00:00,2020-10-06T18:00:00+00:00,1.17945,1.17634,1.17674,1.18382,184.2856,-0.57404,
EURUSD,buy,2020-10-08T11:00:00+00:00,2020-10-08T13:00:00+00:00,1.17634,1.17324,1.17364,1.18069,182.3323,-0.56648,
EURUSD,sell,2020-10-13T20:00:00+00:00,2020-10-14T12:00:00+00:00,1.17405,1.17715,1.17675,1.16970,180.1674,-0.55927,
EURUSD,sell,2020-10-17T19:00:00+00:00,2020-10-19T08:00:00+00:00,1.17097,1.17406,1.17366,1.16663,178.2538,-0.55190,
EURUSD,sell,2020-10-22T18:00:00+00:00,2020-10-23T00:00:00+00:00,1.18153,1.17916,1.18424,1.17715,130.7447,0.30917,
EURUSD,sell,2020-10-22T18:00:00+00:00,2020-10-23T01:00:00+00:00,1.18153,1.18084,1.18044,1.17715,43.5816,0.02969,
EURUSD,sell,2020-10-24T21:00:00+00:00,2020-10-26T08:00:00+00:00,1.18536,1.18299,1.18809,1.18098,131.3930,0.31171,
EURUSD,sell,2020-10-24T21:00:00+00:00,2020-10-26T09:00:00+00:00,1.18536,1.18245,1.18205,1.18098,43.7977,0.12744,
EURUSD,buy,2020-11-02T03:00:00+00:00,2020-11-03T07:00:00+00:00,1.16440,1.16673,1.16172,1.16871,135.2537,0.31476,
EURUSD,buy,2020-10-31T18:00:00+00:00,2020-11-03T08:00:00+00:00,1.16466,1.16699,1.16198,1.16897,135.2235,0.31476,
EURUSD,buy,2020-11-02T03:00:00+00:00,2020-11-03T08:00:00+00:00,1.16440,1.16625,1.16665,1.16871,45.0846,0.08344,
EURUSD,buy,2020-10-31T18:00:00+00:00,2020-11-03T09:00:00+00:00,1.16466,1.16745,1.16785,1.16897,45.0745,0.12577,
EURUSD,buy,2020-11-03T13:00:00+00:00,2020-11-03T15:00:00+00:00,1.17080,1.17314,1.16811,1.17513,137.2014,0.32105,
EURUSD,buy,2020-11-03T13:00:00+00:00,2020-11-03T16:00:00+00:00,1.17080,1.17173,1.17213,1.17513,45.7338,0.04241,
EURUSD,buy,2020-11-07T08:00:00+00:00,2020-11-09T13:00:00+00:00,1.18736,1.18973,1.18463,1.19175,136.4367,0.32377,
EURUSD,buy,2020-11-07T08:00:00+00:00,2020-11-09T13:00:00+00:00,1.18736,1.18695,1.18736,1.19175,45.4789,-0.01847,
EURUSD,sell,2020-11-09T01:00:00+00:00,2020-11-09T14:00:00+00:00,1.18842,1.19156,1.19116,1.18402,181.6432,-0.57064,
EURUSD,buy,2020-11-11T12:00:00+00:00,2020-11-11T14:00:00+00:00,1.17757,1.17446,1.17487,1.18193,182.2999,-0.56696,
EURUSD,sell,2020-11-15T20:00:00+00:00,2020-11-16T07:00:00+00:00,1.18275,1.18587,1.18547,1.17837,178.9978,-0.55969,
EURUSD,buy,2020-11-14T01:00:00+00:00,2020-11-16T08:00:00+00:00,1.18345,1.18582,1.18073,1.18783,134.2483,0.31753,
EURUSD,buy,2020-11-14T01:00:00+00:00,2020-11-16T09:00:00+00:00,1.18345,1.18493,1.18534,1.18783,44.7494,0.06621,
EURUSD,sell,2020-11-18T01:00:00+00:00,2020-11-18T06:00:00+00:00,1.18510,1.18824,1.18783,1.18072,177.8993,-0.55734,
EURUSD,sell,2020-11-20T04:00:00+00:00,2020-11-20T10:00:00+00:00,1.18810,1.18573,1.19084,1.18371,131.3291,0.31228,
EURUSD,sell,2020-11-20T04:00:00+00:00,2020-11-20T11:00:00+00:00,1.18810,1.18639,1.18598,1.18371,43.7764,0.07519,
EURUSD,sell,2020-11-22T02:00:00+00:00,2020-11-23T06:00:00+00:00,1.18508,1.18822,1.18781,1.18070,177.1858,-0.55510,
EURUSD,buy,2020-11-23T22:00:00+00:00,2020-11-24T08:00:00+00:00,1.18425,1.18661,1.18152,1.18863,131.3051,0.31078,
EURUSD,buy,2020-11-23T22:00:00+00:00,2020-11-24T09:00:00+00:00,1.18425,1.18662,1.18703,1.18863,43.7684,0.10411,
EURUSD,sell,2020-11-27T12:00:00+00:00,2020-11-27T15:00:00+00:00,1.19210,1.19525,1.19484,1.18769,175.5548,-0.55320,
EURUSD,buy,2020-11-29T13:00:00+00:00,2020-11-30T14:00:00+00:00,1.19656,1.19895,1.19381,1.20098,129.5202,0.30974,
EURUSD,buy,2020-11-29T13:00:00+00:00,2020-11-30T15:00:00+00:00,1.19656,1.19766,1.19807,1.20098,43.1734,0.04757,
EURUSD,buy,2020-12-05T10:00:00+00:00,2020-12-07T08:00:00+00:00,1.21238,1.20918,1.20960,1.21687,171.9136,-0.55021,
EURUSD,sell,2020-12-08T00:00:00+00:00,2020-12-08T08:00:00+00:00,1.21040,1.21360,1.21318,1.20592,169.8203,-0.54321,
EURUSD,buy,2020-12-10T20:00:00+00:00,2020-12-11T08:00:00+00:00,1.21463,1.21143,1.21184,1.21913,167.0927,-0.53576,
EURUSD,sell,2020-12-14T04:00:00+00:00,2020-12-14T09:00:00+00:00,1.21294,1.21614,1.21573,1.20845,165.0184,-0.52894,
EURUSD,sell,2020-12-17T07:00:00+00:00,2020-12-17T13:00:00+00:00,1.22294,1.22617,1.22576,1.21842,161.5062,-0.52188,
EURUSD,sell,2020-12-19T04:00:00+00:00,2020-12-20T22:00:00+00:00,1.22522,1.22277,1.22804,1.22069,119.3075,0.29256,
EURUSD,sell,2020-12-19T04:00:00+00:00,2020-12-20T23:00:00+00:00,1.22522,1.22389,1.22347,1.22069,39.7692,0.05310,
EURUSD,buy,2020-12-25T00:00:00+00:00,2020-12-27T23:00:00+00:00,1.21790,1.22033,1.21509,1.22240,121.1619,0.29492,
EURUSD,buy,2020-12-25T00:00:00+00:00,2020-12-28T00:00:00+00:00,1.21790,1.21806,1.21848,1.22240,40.3873,0.00683,
EURUSD,buy,2020-12-30T23:00:00+00:00,2020-12-31T11:00:00+00:00,1.23021,1.22696,1.22738,1.23476,161.1590,-0.52326,
EURUSD,buy,2021-01-05T07:00:00+00:00,2021-01-05T11:00:00+00:00,1.22618,1.22863,1.22336,1.23071,119.6659,0.29326,
EURUSD,buy,2021-01-05T07:00:00+00:00,2021-01-05T12:00:00+00:00,1.22618,1.22724,1.22766,1.23071,39.8886,0.04244,
EURUSD,sell,2021-01-07T10:00:00+00:00,2021-01-07T13:00:00+00:00,1.22457,1.22781,1.22739,1.22004,161.0381,-0.52105,
EURUSD,sell,2021-01-09T08:00:00+00:00,2021-01-10T23:00:00+00:00,1.22137,1.21893,1.22418,1.21685,119.4956,0.29210,
EURUSD,sell,2021-01-09T08:00:00+00:00,2021-01-10T23:00:00+00:00,1.22137,1.22179,1.22137,1.21685,39.8319,-0.01659,
EURUSD,sell,2021-01-10T09:00:00+00:00,2021-01-10T23:00:00+00:00,1.22137,1.21893,1.22418,1.21685,119.4956,0.29210,
EURUSD,sell,2021-01-10T09:00:00+00:00,2021-01-10T23:00:00+00:00,1.22137,1.22179,1.22137,1.21685,39.8319,-0.01659,
EURUSD,sell,2021-01-14T15:00:00+00:00,2021-01-14T17:00:00+00:00,1.21318,1.21638,1.21597,1.20869,162.6744,-0.52153,
EURUSD,sell,2021-01-16T01:00:00+00:00,2021-01-19T07:00:00+00:00,1.20712,1.21031,1.20989,1.20265,161.3312,-0.51468,
EURUSD,sell,2021-01-17T09:00:00+00:00,2021-01-19T07:00:00+00:00,1.20712,1.21031,1.20989,1.20265,161.3312,-0.51468,
EURUSD,sell,2021-01-19T12:00:00+00:00,2021-01-20T06:00:00+00:00,1.21222,1.21542,1.21501,1.20773,156.4082,-0.50105,
EURUSD,buy,2021-01-22T00:00:00+00:00,2021-01-25T09:00:00+00:00,1.21725,1.21403,1.21445,1.22175,153.7968,-0.49417,
EURUSD,buy,2021-01-25T21:00:00+00:00,2021-01-26T07:00:00+00:00,1.21399,1.21079,1.21120,1.21848,152.1727,-0.48767,
EURUSD,buy,2021-01-27T13:00:00+00:00,2021-01-27T14:00:00+00:00,1.21148,1.20829,1.20870,1.21596,150.4748,-0.48124,
EURUSD,buy,2021-01-30T12:00:00+00:00,2021-02-01T08:00:00+00:00,1.21334,1.21014,1.21055,1.21783,148.2603,-0.47488,
EURUSD,buy,2021-02-02T16:00:00+00:00,2021-02-04T08:00:00+00:00,1.20226,1.19909,1.19950,1.20671,147.6516,-0.46868,
EURUSD,buy,2021-02-05T12:00:00+00:00,2021-02-05T13:00:00+00:00,1.19930,1.20170,1.19654,1.20374,109.5462,0.26258,
EURUSD,buy,2021-02-05T12:00:00+00:00,2021-02-05T13:00:00+00:00,1.19930,1.19889,1.19930,1.20374,36.5154,-0.01496,
EURUSD,buy,2021-02-11T19:00:00+00:00,2021-02-12T08:00:00+00:00,1.21344,1.21024,1.21065,1.21793,145.3796,-0.46569,
EURUSD,buy,2021-02-13T08:00:00+00:00,2021-02-16T03:00:00+00:00,1.21213,1.21456,1.20935,1.21662,107.7114,0.26094,
EURUSD,buy,2021-02-13T08:00:00+00:00,2021-02-16T04:00:00+00:00,1.21213,1.21405,1.21446,1.21662,35.9038,0.06865,
EURUSD,buy,2021-02-15T11:00:00+00:00,2021-02-16T10:00:00+00:00,1.21363,1.21606,1.21084,1.21812,107.5783,0.26094,
EURUSD,buy,2021-02-15T11:00:00+00:00,2021-02-16T11:00:00+00:00,1.21363,1.21577,1.21618,1.21812,35.8594,0.07642,
EURUSD,buy,2021-02-18T04:00:00+00:00,2021-02-18T08:00:00+00:00,1.20407,1.20648,1.20130,1.20852,110.5105,0.26594,
EURUSD,buy,2021-02-18T04:00:00+00:00,2021-02-18T09:00:00+00:00,1.20407,1.20581,1.20622,1.20852,36.8368,0.06399,
EURUSD,buy,2021-02-19T19:00:00+00:00,2021-02-22T08:00:00+00:00,1.21190,1.20870,1.20912,1.21639,147.7567,-0.47271,
EURUSD,sell,2021-02-21T01:00:00+00:00,2021-02-22T11:00:00+00:00,1.21131,1.21451,1.21409,1.20682,147.7408,-0.47293,
EURUSD,buy,2021-02-22T16:00:00+00:00,2021-02-24T13:00:00+00:00,1.21582,1.21262,1.21303,1.22032,143.3901,-0.46020,
EURUSD,buy,2021-02-24T11:00:00+00:00,2021-02-24T13:00:00+00:00,1.21668,1.21347,1.21389,1.22119,143.2887,-0.46020,
EURUSD,sell,2021-02-26T22:00:00+00:00,2021-03-01T00:00:00+00:00,1.20668,1.20987,1.20945,1.20221,140.5777,-0.44831,
EURUSD,buy,2021-03-02T09:00:00+00:00,2021-03-02T12:00:00+00:00,1.20097,1.20337,1.19821,1.20541,104.5977,0.25106,
EURUSD,buy,2021-03-02T09:00:00+00:00,2021-03-02T13:00:00+00:00,1.20097,1.20200,1.20241,1.20541,34.8659,0.03588,
EURUSD,sell,2021-03-03T09:00:00+00:00,2021-03-03T11:00:00+00:00,1.20978,1.20736,1.21256,1.20530,104.6631,0.25341,
EURUSD,sell,2021-03-03T09:00:00+00:00,2021-03-03T12:00:00+00:00,1.20978,1.20723,1.20682,1.20530,34.8877,0.08879,
EURUSD,sell,2021-03-08T13:00:00+00:00,2021-03-09T00:00:00+00:00,1.18675,1.18438,1.18948,1.18236,107.7746,0.25598,
EURUSD,sell,2021-03-08T13:00:00+00:00,2021-03-09T01:00:00+00:00,1.18675,1.18530,1.18489,1.18236,35.9249,0.05239,
EURUSD,buy,2021-03-10T16:00:00+00:00,2021-03-11T02:00:00+00:00,1.19023,1.19261,1.18749,1.19463,108.4965,0.25809,
EURUSD,buy,2021-03-10T16:00:00+00:00,2021-03-11T03:00:00+00:00,1.19023,1.19235,1.19276,1.19463,36.1655,0.07686,
EURUSD,buy,2021-03-13T16:00:00+00:00,2021-03-15T07:00:00+00:00,1.19512,1.19196,1.19237,1.19954,145.4716,-0.45906,
EURUSD,sell,2021-03-14T18:00:00+00:00,2021-03-15T13:00:00+00:00,1.19440,1.19201,1.19715,1.18998,109.1037,0.26081,
EURUSD,sell,2021-03-14T18:00:00+00:00,2021-03-15T14:00:00+00:00,1.19440,1.19344,1.19303,1.18998,36.3679,0.03505,
EURUSD,buy,2021-03-21T06:00:00+00:00,2021-03-21T21:00:00+00:00,1.19067,1.18752,1.18793,1.19507,145.3299,-0.45693,
EURUSD,buy,2021-03-22T22:00:00+00:00,2021-03-23T07:00:00+00:00,1.19371,1.19056,1.19096,1.19812,143.0452,-0.45088,
EURUSD,sell,2021-03-24T08:00:00+00:00,2021-03-25T12:00:00+00:00,1.18230,1.17993,1.18502,1.17792,106.8249,0.25277,
EURUSD,sell,2021-03-24T08:00:00+00:00,2021-03-25T13:00:00+00:00,1.18230,1.18137,1.18097,1.17792,35.6083,0.03279,
EURUSD,buy,2021-03-31T21:00:00+00:00,2021-04-01T13:00:00+00:00,1.17310,1.17545,1.17040,1.17744,108.6398,0.25472,
EURUSD,buy,2021-03-31T21:00:00+00:00,2021-04-01T14:00:00+00:00,1.17310,1.17410,1.17450,1.17744,36.2133,0.03606,
EURUSD,buy,2021-04-02T21:00:00+00:00,2021-04-05T13:00:00+00:00,1.17638,1.17873,1.17368,1.18073,109.2640,0.25690,
EURUSD,buy,2021-04-02T21:00:00+00:00,2021-04-05T14:00:00+00:00,1.17638,1.17926,1.17966,1.18073,36.4213,0.10465,
EURUSD,buy,2021-04-12T12:00:00+00:00,2021-04-13T03:00:00+00:00,1.19178,1.18863,1.18904,1.19619,145.3208,-0.45732,
EURUSD,sell,2021-04-09T15:00:00+00:00,2021-04-13T12:00:00+00:00,1.18925,1.19240,1.19199,1.18485,145.5419,-0.45754,
EURUSD,buy,2021-04-16T19:00:00+00:00,2021-04-19T01:00:00+00:00,1.19848,1.19532,1.19572,1.20291,140.6902,-0.44520,
EURUSD,buy,2021-04-17T20:00:00+00:00,2021-04-19T01:00:00+00:00,1.19841,1.19525,1.19565,1.20284,140.6984,-0.44520,
EURUSD,sell,2021-04-21T04:00:00+00:00,2021-04-22T10:00:00+00:00,1.20238,1.20556,1.20515,1.19793,136.4483,-0.43361,
EURUSD,sell,2021-04-28T05:00:00+00:00,2021-04-28T14:00:00+00:00,1.20672,1.20991,1.20949,1.20225,134.1616,-0.42786,
EURUSD,buy,2021-04-30T04:00:00+00:00,2021-04-30T09:00:00+00:00,1.21206,1.20886,1.20928,1.21655,131.8845,-0.42199,
EURUSD,buy,2021-05-04T16:00:00+00:00,2021-05-05T06:00:00+00:00,1.20210,1.19893,1.19934,1.20655,131.2218,-0.41647,
EURUSD,buy,2021-05-06T06:00:00+00:00,2021-05-06T09:00:00+00:00,1.20175,1.20415,1.19899,1.20620,97.1451,0.23333,
EURUSD,buy,2021-05-06T06:00:00+00:00,2021-05-06T10:00:00+00:00,1.20175,1.20372,1.20413,1.20620,32.3817,0.06374,
EURUSD,buy,2021-05-12T05:00:00+00:00,2021-05-12T12:00:00+00:00,1.21257,1.20937,1.20979,1.21706,129.5959,-0.41484,
EURUSD,sell,2021-05-15T09:00:00+00:00,2021-05-17T10:00:00+00:00,1.21384,1.21704,1.21663,1.20934,127.6752,-0.40954,
EURUSD,buy,2021-05-18T03:00:00+00:00,2021-05-18T07:00:00+00:00,1.21712,1.21955,1.21432,1.22162,94.2936,0.22937,
EURUSD,buy,2021-05-18T03:00:00+00:00,2021-05-18T08:00:00+00:00,1.21712,1.21955,1.21997,1.22162,31.4312,0.07666,
EURUSD,buy,2021-05-20T05:00:00+00:00,2021-05-20T13:00:00+00:00,1.21825,1.22068,1.21544,1.22275,95.1484,0.23167,
EURUSD,buy,2021-05-20T05:00:00+00:00,2021-05-20T14:00:00+00:00,1.21825,1.22029,1.22071,1.22275,31.7161,0.06497,
EURUSD,buy,2021-05-25T08:00:00+00:00,2021-05-25T15:00:00+00:00,1.22625,1.22301,1.22343,1.23078,127.2465,-0.41184,
EURUSD,buy,2021-05-28T03:00:00+00:00,2021-05-28T11:00:00+00:00,1.21908,1.21586,1.21627,1.22358,126.3055,-0.40644,
EURUSD,sell,2021-05-29T03:00:00+00:00,2021-05-31T14:00:00+00:00,1.21868,1.22190,1.22149,1.21417,124.6032,-0.40126,
EURUSD,sell,2021-05-31T13:00:00+00:00,2021-05-31T15:00:00+00:00,1.22011,1.22334,1.22292,1.21560,124.4572,-0.40125,
EURUSD,sell,2021-06-04T21:00:00+00:00,2021-06-07T14:00:00+00:00,1.21608,1.21929,1.21887,1.21157,121.5720,-0.39067,
EURUSD,buy,2021-06-07T06:00:00+00:00,2021-06-07T14:00:00+00:00,1.21561,1.21804,1.21282,1.22011,91.2683,0.22174,
EURUSD,buy,2021-06-06T05:00:00+00:00,2021-06-07T15:00:00+00:00,1.21680,1.21924,1.21401,1.22131,91.1790,0.22174,
EURUSD,buy,2021-06-07T06:00:00+00:00,2021-06-07T15:00:00+00:00,1.21561,1.21811,1.21853,1.22011,30.4228,0.07605,
EURUSD,buy,2021-06-06T05:00:00+00:00,2021-06-07T16:00:00+00:00,1.21680,1.21895,1.21937,1.22131,30.3930,0.06532,
EURUSD,sell,2021-06-09T21:00:00+00:00,2021-06-10T13:00:00+00:00,1.21752,1.21509,1.22033,1.21302,91.6684,0.22337,
EURUSD,sell,2021-06-09T21:00:00+00:00,2021-06-10T13:00:00+00:00,1.21752,1.21794,1.21752,1.21302,30.5561,-0.01269,
EURUSD,sell,2021-06-11T16:00:00+00:00,2021-06-14T07:00:00+00:00,1.20927,1.21246,1.21205,1.20479,123.9299,-0.39605,
EURUSD,buy,2021-06-12T17:00:00+00:00,2021-06-15T07:00:00+00:00,1.21108,1.21350,1.20830,1.21556,92.8638,0.22478,
EURUSD,buy,2021-06-12T17:00:00+00:00,2021-06-15T08:00:00+00:00,1.21108,1.21267,1.21308,1.21556,30.9546,0.04900,
EURUSD,sell,2021-06-20T13:00:00+00:00,2021-06-21T06:00:00+00:00,1.18556,1.18870,1.18829,1.18118,125.8921,-0.39456,
EURUSD,sell,2021-06-22T08:00:00+00:00,2021-06-22T16:00:00+00:00,1.18928,1.19243,1.19202,1.18488,123.8401,-0.38933,
EURUSD,buy,2021-06-25T16:00:00+00:00,2021-06-28T11:00:00+00:00,1.19407,1.19092,1.19132,1.19848,121.7871,-0.38398,
EURUSD,sell,2021-06-27T16:00:00+00:00,2021-06-28T12:00:00+00:00,1.19311,1.19072,1.19586,1.18870,91.3587,0.21815,
EURUSD,sell,2021-06-27T16:00:00+00:00,2021-06-28T13:00:00+00:00,1.19311,1.19279,1.19238,1.18870,30.4529,0.00987,
EURUSD,sell,2021-07-02T10:00:00+00:00,2021-07-02T12:00:00+00:00,1.18234,1.18546,1.18506,1.17796,122.2626,-0.38216,
EURUSD,buy,2021-07-03T14:00:00+00:00,2021-07-06T06:00:00+00:00,1.18658,1.18895,1.18385,1.19096,90.2159,0.21395,
EURUSD,buy,2021-07-04T23:00:00+00:00,2021-07-06T06:00:00+00:00,1.18592,1.18829,1.18319,1.19030,90.2662,0.21395,
EURUSD,buy,2021-07-03T14:00:00+00:00,2021-07-06T07:00:00+00:00,1.18658,1.18762,1.18803,1.19096,30.0720,0.03151,
EURUSD,buy,2021-07-04T23:00:00+00:00,2021-07-06T07:00:00+00:00,1.18592,1.18762,1.18803,1.19030,30.0887,0.05139,
EURUSD,buy,2021-07-07T17:00:00+00:00,2021-07-08T09:00:00+00:00,1.18049,1.18285,1.17778,1.18486,92.3038,0.21778,
EURUSD,buy,2021-07-07T17:00:00+00:00,2021-07-08T10:00:00+00:00,1.18049,1.18209,1.18249,1.18486,30.7679,0.04896,
EURUSD,buy,2021-07-08T22:00:00+00:00,2021-07-09T18:00:00+00:00,1.18487,1.18723,1.18214,1.18925,92.8077,0.21978,
EURUSD,buy,2021-07-08T22:00:00+00:00,2021-07-09T19:00:00+00:00,1.18487,1.18705,1.18746,1.18925,30.9359,0.06770,
EURUSD,buy,2021-07-10T15:00:00+00:00,2021-07-12T10:00:00+00:00,1.18746,1.18432,1.18473,1.19185,124.6845,-0.39098,
EURUSD,buy,2021-07-14T02:00:00+00:00,2021-07-14T12:00:00+00:00,1.17875,1.18111,1.17604,1.18311,92.9596,0.21900,
EURUSD,buy,2021-07-14T02:00:00+00:00,2021-07-14T13:00:00+00:00,1.17875,1.18090,1.18130,1.18311,30.9865,0.06638,
EURUSD,sell,2021-07-16T20:00:00+00:00,2021-07-19T08:00:00+00:00,1.18012,1.17775,1.18283,1.17575,93.7031,0.22131,
EURUSD,sell,2021-07-16T20:00:00+00:00,2021-07-19T09:00:00+00:00,1.18012,1.17844,1.17804,1.17575,31.2344,0.05224,
EURUSD,buy,2021-07-21T12:00:00+00:00,2021-07-21T14:00:00+00:00,1.17694,1.17930,1.17424,1.18130,94.8840,0.22319,
EURUSD,buy,2021-07-20T12:00:00+00:00,2021-07-21T15:00:00+00:00,1.17758,1.17994,1.17488,1.18194,94.8324,0.22319,
EURUSD,buy,2021-07-21T12:00:00+00:00,2021-07-21T15:00:00+00:00,1.17694,1.17821,1.17861,1.18130,31.6280,0.03996,
EURUSD,buy,2021-07-20T12:00:00+00:00,2021-07-21T16:00:00+00:00,1.17758,1.17854,1.17894,1.18194,31.6108,0.03013,
EURUSD,sell,2021-07-22T18:00:00+00:00,2021-07-26T07:00:00+00:00,1.17679,1.17990,1.17949,1.17243,128.6467,-0.40026,
EURUSD,sell,2021-07-24T13:00:00+00:00,2021-07-26T07:00:00+00:00,1.17648,1.17959,1.17918,1.17212,128.6806,-0.40026,
EURUSD,sell,2021-07-25T17:00:00+00:00,2021-07-26T07:00:00+00:00,1.17648,1.17959,1.17918,1.17212,128.6806,-0.40026,
EURUSD,sell,2021-07-30T03:00:00+00:00,2021-07-30T08:00:00+00:00,1.18745,1.19059,1.19019,1.18306,122.4365,-0.38433,
EURUSD,sell,2021-07-31T09:00:00+00:00,2021-08-02T09:00:00+00:00,1.18631,1.18945,1.18904,1.18192,120.9347,-0.37926,
EURUSD,sell,2021-08-03T08:00:00+00:00,2021-08-04T08:00:00+00:00,1.18802,1.18565,1.19076,1.18363,89.3738,0.21250,
EURUSD,sell,2021-08-03T08:00:00+00:00,2021-08-04T09:00:00+00:00,1.18802,1.18629,1.18588,1.18363,29.7913,0.05177,
EURUSD,buy,2021-08-04T08:00:00+00:00,2021-08-04T12:00:00+00:00,1.18545,1.18781,1.18272,1.18983,90.2943,0.21393,
EURUSD,buy,2021-08-04T08:00:00+00:00,2021-08-04T13:00:00+00:00,1.18545,1.18823,1.18864,1.18983,30.0981,0.08391,
EURUSD,sell,2021-08-10T17:00:00+00:00,2021-08-11T12:00:00+00:00,1.17147,1.17457,1.17416,1.16713,123.2475,-0.38175,
EURUSD,buy,2021-08-12T15:00:00+00:00,2021-08-13T12:00:00+00:00,1.17385,1.17620,1.17115,1.17819,91.0834,0.21369,
EURUSD,buy,2021-08-12T15:00:00+00:00,2021-08-13T13:00:00+00:00,1.17385,1.17598,1.17638,1.17819,30.3611,0.06452,
EURUSD,sell,2021-08-14T16:00:00+00:00,2021-08-17T06:00:00+00:00,1.17898,1.17662,1.18169,1.17461,91.5177,0.21594,
EURUSD,sell,2021-08-15T17:00:00+00:00,2021-08-17T06:00:00+00:00,1.17898,1.17662,1.18169,1.17461,91.5177,0.21594,
EURUSD,sell,2021-08-14T16:00:00+00:00,2021-08-17T07:00:00+00:00,1.17898,1.17747,1.17707,1.17461,30.5059,0.04585,
EURUSD,sell,2021-08-15T17:00:00+00:00,2021-08-17T07:00:00+00:00,1.17898,1.17747,1.17707,1.17461,30.5059,0.04585,
EURUSD,sell,2021-08-17T09:00:00+00:00,2021-08-17T13:00:00+00:00,1.17681,1.17445,1.17951,1.17245,93.3544,0.21987,
EURUSD,sell,2021-08-17T09:00:00+00:00,2021-08-17T14:00:00+00:00,1.17681,1.17426,1.17386,1.17245,31.1181,0.07919,
EURUSD,buy,2021-08-18T23:00:00+00:00,2021-08-19T02:00:00+00:00,1.17061,1.16752,1.16792,1.17494,126.4842,-0.39108,
EURUSD,sell,2021-08-20T07:00:00+00:00,2021-08-20T16:00:00+00:00,1.16759,1.17068,1.17028,1.16327,125.0612,-0.38611,
EURUSD,buy,2021-08-22T01:00:00+00:00,2021-08-23T07:00:00+00:00,1.16986,1.17220,1.16717,1.17419,92.4319,0.21612,
EURUSD,buy,2021-08-22T01:00:00+00:00,2021-08-23T08:00:00+00:00,1.16986,1.17167,1.17207,1.17419,30.8106,0.05569,
EURUSD,sell,2021-08-26T14:00:00+00:00,2021-08-27T14:00:00+00:00,1.17501,1.17811,1.17771,1.17066,123.7854,-0.38456,
EURUSD,sell,2021-09-02T07:00:00+00:00,2021-09-02T18:00:00+00:00,1.18438,1.18752,1.18711,1.18000,121.1824,-0.37943,
EURUSD,buy,2021-09-03T15:00:00+00:00,2021-09-06T09:00:00+00:00,1.18869,1.18555,1.18595,1.19308,119.2199,-0.37422,
EURUSD,sell,2021-09-05T12:00:00+00:00,2021-09-07T13:00:00+00:00,1.18737,1.18500,1.19011,1.18298,89.4601,0.21259,
EURUSD,sell,2021-09-05T12:00:00+00:00,2021-09-07T14:00:00+00:00,1.18737,1.18619,1.18578,1.18298,29.8200,0.03542,
EURUSD,sell,2021-09-07T19:00:00+00:00,2021-09-08T13:00:00+00:00,1.18361,1.18125,1.18634,1.17923,89.3444,0.21164,
EURUSD,sell,2021-09-07T19:00:00+00:00,2021-09-08T14:00:00+00:00,1.18361,1.18230,1.18190,1.17923,29.7815,0.03902,
EURUSD,sell,2021-09-10T02:00:00+00:00,2021-09-13T04:00:00+00:00,1.18289,1.18052,1.18561,1.17851,90.1940,0.21353,
EURUSD,sell,2021-09-10T02:00:00+00:00,2021-09-13T05:00:00+00:00,1.18289,1.17998,1.17958,1.17851,30.0647,0.08722,
EURUSD,sell,2021-09-13T03:00:00+00:00,2021-09-13T11:00:00+00:00,1.18013,1.17776,1.18284,1.17576,90.4048,0.21353,
EURUSD,sell,2021-09-13T03:00:00+00:00,2021-09-13T12:00:00+00:00,1.18013,1.17815,1.17775,1.17576,30.1349,0.05944,
EURUSD,buy,2021-09-14T19:00:00+00:00,2021-09-16T07:00:00+00:00,1.18081,1.17770,1.17810,1.18518,122.9719,-0.38348,
EURUSD,sell,2021-09-16T04:00:00+00:00,2021-09-16T07:00:00+00:00,1.18061,1.17824,1.18332,1.17624,92.1899,0.21783,
EURUSD,sell,2021-09-16T04:00:00+00:00,2021-09-16T08:00:00+00:00,1.18061,1.17884,1.17844,1.17624,30.7300,0.05415,
EURUSD,buy,2021-09-17T08:00:00+00:00,2021-09-17T13:00:00+00:00,1.17806,1.17495,1.17535,1.18242,122.7856,-0.38203,
EURUSD,buy,2021-09-20T10:00:00+00:00,2021-09-21T11:00:00+00:00,1.17162,1.17396,1.16893,1.17596,91.3724,0.21396,
EURUSD,sell,2021-09-18T12:00:00+00:00,2021-09-21T12:00:00+00:00,1.17204,1.17514,1.17473,1.16770,121.7135,-0.37718,
EURUSD,buy,2021-09-20T10:00:00+00:00,2021-09-21T12:00:00+00:00,1.17162,1.17295,1.17335,1.17596,30.4575,0.04041,
EURUSD,buy,2021-09-22T01:00:00+00:00,2021-09-22T18:00:00+00:00,1.17312,1.17002,1.17042,1.17746,121.1505,-0.37538,
EURUSD,buy,2021-09-24T02:00:00+00:00,2021-09-24T11:00:00+00:00,1.17436,1.17126,1.17166,1.17871,119.4238,-0.37042,
EURUSD,buy,2021-09-25T11:00:00+00:00,2021-09-27T07:00:00+00:00,1.17216,1.16907,1.16947,1.17650,118.0675,-0.36554,
EURUSD,sell,2021-09-29T17:00:00+00:00,2021-09-30T16:00:00+00:00,1.15914,1.15682,1.16181,1.15485,88.3093,0.20487,
EURUSD,sell,2021-09-29T17:00:00+00:00,2021-09-30T17:00:00+00:00,1.15914,1.15825,1.15785,1.15485,29.4364,0.02634,
EURUSD,sell,2021-10-03T08:00:00+00:00,2021-10-04T08:00:00+00:00,1.15888,1.16195,1.16155,1.15459,118.7694,-0.36399,
EURUSD,sell,2021-10-12T19:00:00+00:00,2021-10-13T07:00:00+00:00,1.15291,1.15596,1.15557,1.14865,117.8061,-0.35921,
EURUSD,buy,2021-10-16T01:00:00+00:00,2021-10-18T06:00:00+00:00,1.16018,1.15711,1.15751,1.16447,115.5902,-0.35427,
EURUSD,buy,2021-10-18T06:00:00+00:00,2021-10-18T12:00:00+00:00,1.15794,1.16025,1.15527,1.16222,85.7128,0.19836,
EURUSD,buy,2021-10-18T06:00:00+00:00,2021-10-18T13:00:00+00:00,1.15794,1.15921,1.15961,1.16222,28.5709,0.03642,
EURUSD,sell,2021-10-22T05:00:00+00:00,2021-10-22T14:00:00+00:00,1.16232,1.16539,1.16500,1.15802,114.7940,-0.35284,
EURUSD,sell,2021-10-23T22:00:00+00:00,2021-10-25T03:00:00+00:00,1.16360,1.16668,1.16628,1.15929,113.1521,-0.34817,
EURUSD,sell,2021-10-25T13:00:00+00:00,2021-10-28T12:00:00+00:00,1.16080,1.16387,1.16347,1.15651,111.9257,-0.34358,
EURUSD,buy,2021-11-01T17:00:00+00:00,2021-11-03T13:00:00+00:00,1.15978,1.15671,1.15711,1.16407,110.6101,-0.33889,
EURUSD,buy,2021-11-03T09:00:00+00:00,2021-11-03T13:00:00+00:00,1.15962,1.15655,1.15695,1.16391,110.6254,-0.33889,
EURUSD,buy,2021-11-11T14:00:00+00:00,2021-11-11T18:00:00+00:00,1.14726,1.14423,1.14463,1.15151,108.8618,-0.32999,
EURUSD,buy,2021-11-13T19:00:00+00:00,2021-11-15T15:00:00+00:00,1.14447,1.14145,1.14184,1.14871,107.6852,-0.32564,
EURUSD,sell,2021-11-17T02:00:00+00:00,2021-11-17T03:00:00+00:00,1.13184,1.12958,1.13444,1.12765,80.5377,0.18244,
EURUSD,sell,2021-11-17T02:00:00+00:00,2021-11-17T03:00:00+00:00,1.13184,1.13223,1.13184,1.12765,26.8459,-0.01046,
EURUSD,sell,2021-11-21T07:00:00+00:00,2021-11-22T14:00:00+00:00,1.12760,1.12534,1.13020,1.12343,81.4122,0.18373,
EURUSD,sell,2021-11-21T07:00:00+00:00,2021-11-22T14:00:00+00:00,1.12760,1.12799,1.12760,1.12343,27.1374,-0.01054,
EURUSD,sell,2021-11-23T04:00:00+00:00,2021-11-23T07:00:00+00:00,1.12326,1.12623,1.12585,1.11911,109.7396,-0.32615,
EURUSD,sell,2021-11-27T15:00:00+00:00,2021-11-29T02:00:00+00:00,1.13037,1.12811,1.13297,1.12619,80.7055,0.18258,
EURUSD,sell,2021-11-27T15:00:00+00:00,2021-11-29T03:00:00+00:00,1.13037,1.12878,1.12839,1.12619,26.9018,0.04283,
EURUSD,sell,2021-11-30T03:00:00+00:00,2021-11-30T06:00:00+00:00,1.12951,1.13250,1.13211,1.12533,108.6868,-0.32479,
EURUSD,buy,2021-12-03T09:00:00+00:00,2021-12-03T13:00:00+00:00,1.13008,1.13234,1.12748,1.13426,80.4449,0.18169,
EURUSD,buy,2021-12-03T09:00:00+00:00,2021-12-03T13:00:00+00:00,1.13008,1.12969,1.13008,1.13426,26.8150,-0.01043,
EURUSD,buy,2021-12-05T03:00:00+00:00,2021-12-06T01:00:00+00:00,1.13151,1.12852,1.12891,1.13569,107.8813,-0.32260,
EURUSD,sell,2021-12-07T07:00:00+00:00,2021-12-07T09:00:00+00:00,1.12851,1.12625,1.13111,1.12433,80.0056,0.18070,
EURUSD,sell,2021-12-07T07:00:00+00:00,2021-12-07T10:00:00+00:00,1.12851,1.12819,1.12780,1.12433,26.6685,0.00861,
EURUSD,buy,2021-12-08T07:00:00+00:00,2021-12-08T13:00:00+00:00,1.12894,1.13119,1.12634,1.13311,80.6524,0.18198,
EURUSD,buy,2021-12-08T07:00:00+00:00,2021-12-08T13:00:00+00:00,1.12894,1.12855,1.12894,1.13311,26.8841,-0.01045,
EURUSD,sell,2021-12-16T14:00:00+00:00,2021-12-17T14:00:00+00:00,1.13237,1.13010,1.13498,1.12818,80.9276,0.18341,
EURUSD,sell,2021-12-16T14:00:00+00:00,2021-12-17T15:00:00+00:00,1.13237,1.13113,1.13074,1.12818,26.9759,0.03348,
EURUSD,sell,2021-12-26T01:00:00+00:00,2021-12-27T08:00:00+00:00,1.13068,1.13367,1.13328,1.12650,109.0235,-0.32613,
EURUSD,buy,2021-12-27T17:00:00+00:00,2021-12-28T14:00:00+00:00,1.13301,1.13002,1.13040,1.13720,107.4250,-0.32166,
EURUSD,buy,2021-12-31T14:00:00+00:00,2021-12-31T15:00:00+00:00,1.13471,1.13698,1.13210,1.13891,79.3847,0.18003,
EURUSD,buy,2021-12-31T14:00:00+00:00,2021-12-31T15:00:00+00:00,1.13471,1.13432,1.13471,1.13891,26.4616,-0.01033,
EURUSD,sell,2022-01-11T20:00:00+00:00,2022-01-12T13:00:00+00:00,1.13621,1.13921,1.13882,1.13200,106.3898,-0.31978,
EURUSD,buy,2022-01-13T21:00:00+00:00,2022-01-14T14:00:00+00:00,1.14574,1.14272,1.14311,1.14998,104.1719,-0.31536,
EURUSD,sell,2022-01-16T22:00:00+00:00,2022-01-18T03:00:00+00:00,1.14120,1.13891,1.14382,1.13697,77.3571,0.17668,
EURUSD,sell,2022-01-16T22:00:00+00:00,2022-01-18T03:00:00+00:00,1.14120,1.14159,1.14120,1.13697,25.7857,-0.01012,
EURUSD,buy,2022-01-19T05:00:00+00:00,2022-01-20T01:00:00+00:00,1.13333,1.13559,1.13072,1.13752,78.4922,0.17779,
EURUSD,buy,2022-01-19T05:00:00+00:00,2022-01-20T02:00:00+00:00,1.13333,1.13468,1.13507,1.13752,26.1641,0.03531,
EURUSD,buy,2022-01-20T06:00:00+00:00,2022-01-20T17:00:00+00:00,1.13533,1.13233,1.13272,1.13953,105.4106,-0.31626,
EURUSD,buy,2022-01-22T06:00:00+00:00,2022-01-24T05:00:00+00:00,1.13452,1.13152,1.13191,1.13872,104.0916,-0.31208,
EURUSD,buy,2022-01-26T06:00:00+00:00,2022-01-26T19:00:00+00:00,1.12969,1.12670,1.12709,1.13387,103.1551,-0.30798,
EURUSD,sell,2022-02-01T04:00:00+00:00,2022-02-01T07:00:00+00:00,1.12396,1.12694,1.12655,1.11980,102.2488,-0.30407,
EURUSD,buy,2022-02-05T23:00:00+00:00,2022-02-07T03:00:00+00:00,1.14511,1.14209,1.14248,1.14935,99.0924,-0.29982,
EURUSD,buy,2022-02-09T00:00:00+00:00,2022-02-09T10:00:00+00:00,1.14167,1.14395,1.13905,1.14590,73.5582,0.16784,
EURUSD,buy,2022-02-09T00:00:00+00:00,2022-02-09T11:00:00+00:00,1.14167,1.14241,1.14280,1.14590,24.5194,0.01802,
EURUSD,sell,2022-02-10T16:00:00+00:00,2022-02-10T17:00:00+00:00,1.14854,1.14624,1.15118,1.14428,73.6814,0.16937,
EURUSD,sell,2022-02-10T16:00:00+00:00,2022-02-10T17:00:00+00:00,1.14854,1.14893,1.14854,1.14428,24.5605,-0.00969,
EURUSD,sell,2022-02-14T00:00:00+00:00,2022-02-14T08:00:00+00:00,1.13589,1.13362,1.13850,1.13169,75.0287,0.17057,
EURUSD,sell,2022-02-14T00:00:00+00:00,2022-02-14T08:00:00+00:00,1.13589,1.13202,1.13589,1.13169,25.0096,0.09665,
EURUSD,sell,2022-02-24T17:00:00+00:00,2022-02-24T18:00:00+00:00,1.11631,1.11926,1.11887,1.11217,102.9899,-0.30423,
EURUSD,buy,2022-02-27T15:00:00+00:00,2022-02-27T22:00:00+00:00,1.12753,1.12455,1.12494,1.13170,100.6764,-0.30002,
EURUSD,buy,2022-03-04T18:00:00+00:00,2022-03-04T19:00:00+00:00,1.09366,1.09077,1.09114,1.09770,102.4223,-0.29620,
EURUSD,sell,2022-03-12T03:00:00+00:00,2022-03-13T22:00:00+00:00,1.09066,1.09355,1.09317,1.08663,101.2845,-0.29243,
EURUSD,buy,2022-03-15T12:00:00+00:00,2022-03-15T15:00:00+00:00,1.09936,1.09645,1.09683,1.10343,99.2131,-0.28839,
EURUSD,buy,2022-03-19T00:00:00+00:00,2022-03-21T11:00:00+00:00,1.10525,1.10233,1.10271,1.10934,97.3792,-0.28455,
EURUSD,buy,2022-03-20T00:00:00+00:00,2022-03-21T11:00:00+00:00,1.10525,1.10233,1.10271,1.10934,97.3792,-0.28455,
EURUSD,buy,2022-03-25T13:00:00+00:00,2022-03-25T15:00:00+00:00,1.10148,1.09857,1.09895,1.10555,95.1285,-0.27704,
EURUSD,sell,2022-03-27T23:00:00+00:00,2022-03-28T02:00:00+00:00,1.09779,1.09559,1.10032,1.09373,70.5971,0.15511,
EURUSD,sell,2022-03-27T23:00:00+00:00,2022-03-28T03:00:00+00:00,1.09779,1.09627,1.09589,1.09373,23.5324,0.03581,
EURUSD,sell,2022-03-29T22:00:00+00:00,2022-03-30T02:00:00+00:00,1.10885,1.11178,1.11140,1.10474,94.0515,-0.27600,
EURUSD,sell,2022-04-01T09:00:00+00:00,2022-04-04T08:00:00+00:00,1.10525,1.10304,1.10779,1.10116,69.8322,0.15447,
EURUSD,sell,2022-04-01T09:00:00+00:00,2022-04-04T09:00:00+00:00,1.10525,1.10358,1.10320,1.10116,23.2774,0.03881,
EURUSD,sell,2022-04-07T02:00:00+00:00,2022-04-07T06:00:00+00:00,1.09082,1.09371,1.09333,1.08679,95.2266,-0.27498,
EURUSD,buy,2022-04-09T06:00:00+00:00,2022-04-10T21:00:00+00:00,1.08777,1.08994,1.08527,1.09179,70.7153,0.15374,
EURUSD,buy,2022-04-09T06:00:00+00:00,2022-04-10T21:00:00+00:00,1.08777,1.09146,1.08777,1.09179,23.5718,0.08712,
EURUSD,sell,2022-04-11T04:00:00+00:00,2022-04-11T07:00:00+00:00,1.08816,1.09104,1.09067,1.08414,95.3026,-0.27454,
EURUSD,buy,2022-04-13T00:00:00+00:00,2022-04-13T05:00:00+00:00,1.08188,1.08405,1.07940,1.08589,70.9830,0.15348,
EURUSD,buy,2022-04-13T00:00:00+00:00,2022-04-13T06:00:00+00:00,1.08188,1.08256,1.08293,1.08589,23.6610,0.01587,
EURUSD,sell,2022-04-15T17:00:00+00:00,2022-04-18T16:00:00+00:00,1.08059,1.07842,1.08307,1.07659,71.6132,0.15488,
EURUSD,sell,2022-04-17T02:00:00+00:00,2022-04-18T16:00:00+00:00,1.08025,1.07808,1.08273,1.07625,71.6358,0.15488,
EURUSD,sell,2022-04-15T17:00:00+00:00,2022-04-18T17:00:00+00:00,1.08059,1.07875,1.07838,1.07659,23.8711,0.04374,
EURUSD,sell,2022-04-17T02:00:00+00:00,2022-04-18T17:00:00+00:00,1.08025,1.07875,1.07838,1.07625,23.8786,0.03563,
EURUSD,sell,2022-04-21T01:00:00+00:00,2022-04-21T06:00:00+00:00,1.08343,1.08630,1.08593,1.07942,97.0284,-0.27832,
EURUSD,sell,2022-04-25T21:00:00+00:00,2022-04-26T01:00:00+00:00,1.07089,1.07372,1.07335,1.06693,96.8661,-0.27469,
EURUSD,buy,2022-04-29T02:00:00+00:00,2022-04-29T05:00:00+00:00,1.05136,1.05346,1.04894,1.05524,73.0637,0.15353,
EURUSD,buy,2022-04-29T02:00:00+00:00,2022-04-29T06:00:00+00:00,1.05136,1.05272,1.05309,1.05524,24.3546,0.03334,
EURUSD,buy,2022-05-01T05:00:00+00:00,2022-05-02T02:00:00+00:00,1.05441,1.05162,1.05198,1.05831,98.0227,-0.27348,
EURUSD,buy,2022-05-03T11:00:00+00:00,2022-05-03T12:00:00+00:00,1.05409,1.05619,1.05166,1.05799,72.5661,0.15288,
EURUSD,buy,2022-05-03T11:00:00+00:00,2022-05-03T12:00:00+00:00,1.05409,1.05372,1.05409,1.05799,24.1887,-0.00886,
EURUSD,sell,2022-05-04T15:00:00+00:00,2022-05-04T18:00:00+00:00,1.05370,1.05159,1.05613,1.04980,73.0613,0.15408,
EURUSD,sell,2022-05-04T15:00:00+00:00,2022-05-04T18:00:00+00:00,1.05370,1.05407,1.05370,1.04980,24.3538,-0.00892,
EURUSD,buy,2022-05-09T04:00:00+00:00,2022-05-09T10:00:00+00:00,1.05154,1.05364,1.04912,1.05542,73.7738,0.15504,
EURUSD,buy,2022-05-09T04:00:00+00:00,2022-05-09T11:00:00+00:00,1.05154,1.05286,1.05323,1.05542,24.5913,0.03267,
EURUSD,sell,2022-05-10T16:00:00+00:00,2022-05-11T07:00:00+00:00,1.05305,1.05584,1.05548,1.04916,99.0553,-0.27631,
EURUSD,buy,2022-05-12T04:00:00+00:00,2022-05-12T06:00:00+00:00,1.05210,1.04931,1.04968,1.05599,97.8915,-0.27253,
EURUSD,buy,2022-05-13T23:00:00+00:00,2022-05-15T21:00:00+00:00,1.04147,1.03872,1.03908,1.04532,97.5812,-0.26897,
EURUSD,buy,2022-05-23T00:00:00+00:00,2022-05-23T05:00:00+00:00,1.05859,1.06070,1.05615,1.06250,71.0496,0.15032,
EURUSD,buy,2022-05-23T00:00:00+00:00,2022-05-23T06:00:00+00:00,1.05859,1.05910,1.05947,1.06250,23.6832,0.01219,
EURUSD,sell,2022-05-28T02:00:00+00:00,2022-05-30T02:00:00+00:00,1.07285,1.07569,1.07532,1.06888,94.1746,-0.26754,
EURUSD,buy,2022-05-29T03:00:00+00:00,2022-05-30T04:00:00+00:00,1.07349,1.07564,1.07102,1.07746,70.6310,0.15154,
EURUSD,buy,2022-05-29T03:00:00+00:00,2022-05-30T05:00:00+00:00,1.07349,1.07473,1.07510,1.07746,23.5437,0.02909,
EURUSD,buy,2022-06-01T03:00:00+00:00,2022-06-01T14:00:00+00:00,1.07213,1.06930,1.06967,1.07610,93.8887,-0.26627,
EURUSD,buy,2022-06-05T22:00:00+00:00,2022-06-06T14:00:00+00:00,1.07277,1.06993,1.07031,1.07674,92.5912,-0.26275,
EURUSD,sell,2022-06-08T05:00:00+00:00,2022-06-08T10:00:00+00:00,1.06849,1.07132,1.07095,1.06453,91.6774,-0.25941,
EURUSD,buy,2022-06-13T08:00:00+00:00,2022-06-13T11:00:00+00:00,1.04782,1.04505,1.04541,1.05170,92.3034,-0.25595,
EURUSD,buy,2022-06-19T11:00:00+00:00,2022-06-20T02:00:00+00:00,1.04965,1.05175,1.04724,1.05354,68.1921,0.14306,
EURUSD,buy,2022-06-19T11:00:00+00:00,2022-06-20T02:00:00+00:00,1.04965,1.04929,1.04965,1.05354,22.7307,-0.00829,
EURUSD,sell,2022-06-25T06:00:00+00:00,2022-06-26T23:00:00+00:00,1.05487,1.05767,1.05730,1.05097,91.0573,-0.25443,
EURUSD,sell,2022-06-27T02:00:00+00:00,2022-06-27T07:00:00+00:00,1.05527,1.05807,1.05770,1.05137,89.8177,-0.25106,
EURUSD,sell,2022-07-01T17:00:00+00:00,2022-07-01T18:00:00+00:00,1.04075,1.04351,1.04314,1.03690,89.8655,-0.24779,
EURUSD,buy,2022-07-03T09:00:00+00:00,2022-07-04T09:00:00+00:00,1.04293,1.04502,1.04053,1.04679,66.4070,0.13842,
EURUSD,buy,2022-07-03T09:00:00+00:00,2022-07-04T10:00:00+00:00,1.04293,1.04375,1.04411,1.04679,22.1357,0.01802,
EURUSD,buy,2022-07-04T09:00:00+00:00,2022-07-04T15:00:00+00:00,1.04450,1.04174,1.04210,1.04837,89.0724,-0.24622,
EURUSD,buy,2022-07-06T16:00:00+00:00,2022-07-07T02:00:00+00:00,1.01762,1.01965,1.01528,1.02138,67.7282,0.13775,
EURUSD,buy,2022-07-06T16:00:00+00:00,2022-07-07T03:00:00+00:00,1.01762,1.01957,1.01993,1.02138,22.5761,0.04422,
EURUSD,sell,2022-07-09T10:00:00+00:00,2022-07-11T00:00:00+00:00,1.01791,1.01588,1.02026,1.01415,68.3379,0.13922,
EURUSD,sell,2022-07-09T10:00:00+00:00,2022-07-11T01:00:00+00:00,1.01791,1.01585,1.01550,1.01415,22.7793,0.04692,
EURUSD,sell,2022-07-10T23:00:00+00:00,2022-07-11T01:00:00+00:00,1.01641,1.01438,1.01875,1.01265,68.4387,0.13922,
EURUSD,sell,2022-07-10T23:00:00+00:00,2022-07-11T02:00:00+00:00,1.01641,1.01558,1.01523,1.01265,22.8129,0.01894,
EURUSD,sell,2022-07-12T00:00:00+00:00,2022-07-12T01:00:00+00:00,1.00368,1.00167,1.00599,0.99996,70.5932,0.14180,
EURUSD,sell,2022-07-12T00:00:00+00:00,2022-07-12T01:00:00+00:00,1.00368,1.00403,1.00368,0.99996,23.5311,-0.00826,
EURUSD,buy,2022-07-14T23:00:00+00:00,2022-07-15T10:00:00+00:00,1.00293,1.00494,1.00062,1.00664,71.1877,0.14269,
EURUSD,buy,2022-07-14T23:00:00+00:00,2022-07-15T11:00:00+00:00,1.00293,1.00452,1.00487,1.00664,23.7292,0.03768,
EURUSD,buy,2022-07-17T18:00:00+00:00,2022-07-18T01:00:00+00:00,1.00851,1.01053,1.00619,1.01224,71.4646,0.14405,
EURUSD,buy,2022-07-17T18:00:00+00:00,2022-07-18T02:00:00+00:00,1.00851,1.00974,1.01009,1.01224,23.8215,0.02917,
EURUSD,sell,2022-07-25T00:00:00+00:00,2022-07-25T02:00:00+00:00,1.01791,1.02061,1.02026,1.01415,95.2000,-0.25685,
EURUSD,sell,2022-07-26T03:00:00+00:00,2022-07-26T08:00:00+00:00,1.02269,1.02065,1.02505,1.01891,70.1248,0.14353,
EURUSD,sell,2022-07-26T03:00:00+00:00,2022-07-26T09:00:00+00:00,1.02269,1.02117,1.02081,1.01891,23.3749,0.03569,
EURUSD,sell,2022-07-27T14:00:00+00:00,2022-07-27T17:00:00+00:00,1.01171,1.01439,1.01403,1.00796,95.4006,-0.25585,
EURUSD,buy,2022-07-30T17:00:00+00:00,2022-08-01T08:00:00+00:00,1.02279,1.02483,1.02044,1.02657,69.8794,0.14284,
EURUSD,buy,2022-07-30T17:00:00+00:00,2022-08-01T08:00:00+00:00,1.02279,1.02243,1.02279,1.02657,23.2931,-0.00831,
EURUSD,sell,2022-08-03T08:00:00+00:00,2022-08-03T11:00:00+00:00,1.01847,1.02117,1.02082,1.01470,94.1712,-0.25421,
EURUSD,sell,2022-08-04T21:00:00+00:00,2022-08-05T08:00:00+00:00,1.02425,1.02220,1.02661,1.02046,69.2996,0.14206,
EURUSD,sell,2022-08-04T21:00:00+00:00,2022-08-05T09:00:00+00:00,1.02425,1.02350,1.02314,1.02046,23.0999,0.01746,
EURUSD,sell,2022-08-09T10:00:00+00:00,2022-08-10T11:00:00+00:00,1.02218,1.02489,1.02453,1.01840,93.3665,-0.25294,
EURUSD,sell,2022-08-10T21:00:00+00:00,2022-08-11T07:00:00+00:00,1.02962,1.03235,1.03199,1.02581,91.4641,-0.24956,
EURUSD,sell,2022-08-14T06:00:00+00:00,2022-08-15T06:00:00+00:00,1.02559,1.02354,1.02795,1.02180,67.9553,0.13949,
EURUSD,sell,2022-08-14T06:00:00+00:00,2022-08-15T07:00:00+00:00,1.02559,1.02481,1.02445,1.02180,22.6518,0.01778,
EURUSD,buy,2022-08-15T23:00:00+00:00,2022-08-16T07:00:00+00:00,1.01643,1.01374,1.01410,1.02019,92.2521,-0.24828,
EURUSD,buy,2022-08-17T05:00:00+00:00,2022-08-17T06:00:00+00:00,1.01851,1.01581,1.01616,1.02227,90.8454,-0.24498,
EURUSD,buy,2022-08-20T18:00:00+00:00,2022-08-22T07:00:00+00:00,1.00356,1.00090,1.00125,1.00727,90.9773,-0.24180,
EURUSD,buy,2022-08-24T05:00:00+00:00,2022-08-24T10:00:00+00:00,0.99457,0.99193,0.99228,0.99825,90.5839,-0.23864,
EURUSD,sell,2022-08-25T20:00:00+00:00,2022-08-26T06:00:00+00:00,0.99707,0.99508,0.99936,0.99338,66.8295,0.13336,
EURUSD,sell,2022-08-25T20:00:00+00:00,2022-08-26T07:00:00+00:00,0.99707,0.99719,0.99684,0.99338,22.2765,-0.00263,
EURUSD,sell,2022-08-29T01:00:00+00:00,2022-08-29T07:00:00+00:00,0.99270,0.99533,0.99499,0.98903,90.1563,-0.23733,
EURUSD,sell,2022-09-04T12:00:00+00:00,2022-09-04T21:00:00+00:00,0.99485,0.99286,0.99714,0.99117,66.5768,0.13256,
EURUSD,sell,2022-09-04T12:00:00+00:00,2022-09-04T22:00:00+00:00,0.99485,0.99359,0.99324,0.99117,22.1923,0.02804,
EURUSD,sell,2022-09-05T19:00:00+00:00,2022-09-05T23:00:00+00:00,0.99275,0.99538,0.99504,0.98908,89.7655,-0.23631,
EURUSD,sell,2022-09-07T08:00:00+00:00,2022-09-07T11:00:00+00:00,0.99042,0.98844,0.99270,0.98676,66.5880,0.13199,
EURUSD,sell,2022-09-07T08:00:00+00:00,2022-09-07T12:00:00+00:00,0.99042,0.98985,0.98950,0.98676,22.1960,0.01278,
EURUSD,buy,2022-09-10T02:00:00+00:00,2022-09-11T21:00:00+00:00,1.00455,1.00656,1.00224,1.00827,66.2314,0.13297,
EURUSD,buy,2022-09-10T02:00:00+00:00,2022-09-11T21:00:00+00:00,1.00455,1.00420,1.00455,1.00827,22.0771,-0.00776,
EURUSD,sell,2022-09-11T05:00:00+00:00,2022-09-11T21:00:00+00:00,1.00395,1.00661,1.00626,1.00023,88.3086,-0.23505,
EURUSD,sell,2022-09-13T23:00:00+00:00,2022-09-14T04:00:00+00:00,0.99748,1.00013,0.99978,0.99379,88.3308,-0.23362,
EURUSD,buy,2022-09-16T07:00:00+00:00,2022-09-16T09:00:00+00:00,0.99589,0.99788,0.99360,0.99957,65.5139,0.13040,
EURUSD,buy,2022-09-16T07:00:00+00:00,2022-09-16T09:00:00+00:00,0.99589,0.99554,0.99589,0.99957,21.8380,-0.00762,
EURUSD,sell,2022-09-18T01:00:00+00:00,2022-09-19T05:00:00+00:00,1.00116,0.99916,1.00346,0.99745,65.5897,0.13142,
EURUSD,sell,2022-09-18T01:00:00+00:00,2022-09-19T06:00:00+00:00,1.00116,0.99903,0.99868,0.99745,21.8632,0.04657,
EURUSD,buy,2022-09-19T17:00:00+00:00,2022-09-20T00:00:00+00:00,1.00096,1.00296,0.99866,1.00466,66.3091,0.13265,
EURUSD,buy,2022-09-19T17:00:00+00:00,2022-09-20T00:00:00+00:00,1.00096,1.00436,1.00096,1.00466,22.1030,0.07517,
EURUSD,sell,2022-09-27T21:00:00+00:00,2022-09-28T00:00:00+00:00,0.95920,0.95728,0.96141,0.95565,69.9666,0.13432,
EURUSD,sell,2022-09-27T21:00:00+00:00,2022-09-28T00:00:00+00:00,0.95920,0.95954,0.95920,0.95565,23.3222,-0.00788,
EURUSD,buy,2022-10-02T17:00:00+00:00,2022-10-03T01:00:00+00:00,0.98042,0.98238,0.97817,0.98405,68.9769,0.13516,
EURUSD,buy,2022-10-02T17:00:00+00:00,2022-10-03T01:00:00+00:00,0.98042,0.98008,0.98042,0.98405,22.9923,-0.00791,
EURUSD,buy,2022-10-04T16:00:00+00:00,2022-10-04T18:00:00+00:00,0.99729,0.99928,0.99500,1.00098,68.2891,0.13611,
EURUSD,buy,2022-10-04T16:00:00+00:00,2022-10-04T18:00:00+00:00,0.99729,0.99694,0.99729,1.00098,22.7630,-0.00795,
EURUSD,buy,2022-10-09T07:00:00+00:00,2022-10-10T05:00:00+00:00,0.97417,0.97159,0.97193,0.97778,93.8708,-0.24233,
EURUSD,sell,2022-10-08T01:00:00+00:00,2022-10-10T07:00:00+00:00,0.97359,0.97164,0.97583,0.96998,70.4031,0.13718,
EURUSD,sell,2022-10-08T01:00:00+00:00,2022-10-10T07:00:00+00:00,0.97359,0.97028,0.97359,0.96998,23.4677,0.07773,
EURUSD,sell,2022-10-10T08:00:00+00:00,2022-10-10T09:00:00+00:00,0.96852,0.97109,0.97075,0.96493,94.2206,-0.24210,
EURUSD,buy,2022-10-13T06:00:00+00:00,2022-10-13T09:00:00+00:00,0.96924,0.97118,0.96701,0.97283,69.7183,0.13505,
EURUSD,buy,2022-10-13T06:00:00+00:00,2022-10-13T09:00:00+00:00,0.96924,0.97253,0.96924,0.97283,23.2394,0.07653,
EURUSD,sell,2022-10-16T19:00:00+00:00,2022-10-16T22:00:00+00:00,0.97153,0.97411,0.97376,0.96793,93.7718,-0.24168,
EURUSD,buy,2022-10-20T23:00:00+00:00,2022-10-21T08:00:00+00:00,0.97811,0.97552,0.97586,0.98173,91.9606,-0.23834,
EURUSD,buy,2022-10-26T12:00:00+00:00,2022-10-26T13:00:00+00:00,1.00073,1.00273,0.99843,1.00443,66.5183,0.13304,
EURUSD,buy,2022-10-26T12:00:00+00:00,2022-10-26T13:00:00+00:00,1.00073,1.00038,1.00073,1.00443,22.1728,-0.00776,
EURUSD,sell,2022-11-09T14:00:00+00:00,2022-11-09T15:00:00+00:00,1.00150,1.00415,1.00380,0.99779,89.1950,-0.23684,
EURUSD,sell,2022-11-15T05:00:00+00:00,2022-11-15T07:00:00+00:00,1.03287,1.03561,1.03525,1.02905,85.3398,-0.23357,
EURUSD,buy,2022-11-16T16:00:00+00:00,2022-11-16T17:00:00+00:00,1.03974,1.03699,1.03735,1.04359,83.7031,-0.23034,
EURUSD,buy,2022-11-18T08:00:00+00:00,2022-11-18T09:00:00+00:00,1.03598,1.03805,1.03360,1.03981,62.1712,0.12873,
EURUSD,buy,2022-11-18T08:00:00+00:00,2022-11-18T09:00:00+00:00,1.03598,1.03562,1.03598,1.03981,20.7237,-0.00748,
EURUSD,sell,2022-11-20T04:00:00+00:00,2022-11-21T02:00:00+00:00,1.03204,1.02997,1.03441,1.02822,62.8116,0.12974,
EURUSD,sell,2022-11-20T04:00:00+00:00,2022-11-21T03:00:00+00:00,1.03204,1.03059,1.03023,1.02822,20.9372,0.03038,
EURUSD,buy,2022-11-22T12:00:00+00:00,2022-11-22T18:00:00+00:00,1.02745,1.02950,1.02509,1.03125,63.7148,0.13084,
EURUSD,buy,2022-11-22T12:00:00+00:00,2022-11-22T19:00:00+00:00,1.02745,1.02867,1.02903,1.03125,21.2383,0.02598,
EURUSD,sell,2022-11-24T19:00:00+00:00,2022-11-25T09:00:00+00:00,1.04101,1.03892,1.04340,1.03715,63.4119,0.13212,
EURUSD,sell,2022-11-24T19:00:00+00:00,2022-11-25T09:00:00+00:00,1.04101,1.04137,1.04101,1.03715,21.1373,-0.00766,
EURUSD,buy,2022-11-26T00:00:00+00:00,2022-11-27T22:00:00+00:00,1.03957,1.03682,1.03718,1.04342,85.3156,-0.23474,
EURUSD,buy,2022-11-27T08:00:00+00:00,2022-11-27T22:00:00+00:00,1.03957,1.03682,1.03718,1.04342,85.3156,-0.23474,
EURUSD,buy,2022-11-28T21:00:00+00:00,2022-11-29T03:00:00+00:00,1.03416,1.03623,1.03178,1.03799,62.6186,0.12943,
EURUSD,buy,2022-11-28T21:00:00+00:00,2022-11-29T03:00:00+00:00,1.03416,1.03767,1.03416,1.03799,20.8729,0.07334,
EURUSD,sell,2022-12-01T18:00:00+00:00,2022-12-01T20:00:00+00:00,1.05043,1.05322,1.05285,1.04655,83.1135,-0.23127,
EURUSD,sell,2022-12-03T10:00:00+00:00,2022-12-05T01:00:00+00:00,1.05293,1.05572,1.05536,1.04904,81.8183,-0.22820,
EURUSD,buy,2022-12-04T22:00:00+00:00,2022-12-05T01:00:00+00:00,1.05428,1.05638,1.05185,1.05818,61.3224,0.12921,
EURUSD,buy,2022-12-04T22:00:00+00:00,2022-12-05T01:00:00+00:00,1.05428,1.05391,1.05428,1.05818,20.4408,-0.00749,
EURUSD,sell,2022-12-08T21:00:00+00:00,2022-12-09T01:00:00+00:00,1.05508,1.05788,1.05751,1.05118,81.1472,-0.22678,
EURUSD,sell,2022-12-09T22:00:00+00:00,2022-12-12T09:00:00+00:00,1.05284,1.05563,1.05527,1.04895,80.2432,-0.22379,
EURUSD,buy,2022-12-14T05:00:00+00:00,2022-12-14T09:00:00+00:00,1.06289,1.06501,1.06044,1.06682,58.8596,0.12504,
EURUSD,buy,2022-12-14T05:00:00+00:00,2022-12-14T10:00:00+00:00,1.06289,1.06495,1.06532,1.06682,19.6199,0.04045,
EURUSD,sell,2022-12-16T14:00:00+00:00,2022-12-16T15:00:00+00:00,1.06401,1.06188,1.06646,1.06007,59.3453,0.12638,
EURUSD,sell,2022-12-16T14:00:00+00:00,2022-12-16T15:00:00+00:00,1.06401,1.06438,1.06401,1.06007,19.7818,-0.00730,
EURUSD,sell,2022-12-20T19:00:00+00:00,2022-12-21T13:00:00+00:00,1.06183,1.06464,1.06427,1.05790,79.8501,-0.22456,
EURUSD,buy,2022-12-24T08:00:00+00:00,2022-12-26T23:00:00+00:00,1.06204,1.06416,1.05960,1.06597,59.1187,0.12549,
EURUSD,buy,2022-12-26T02:00:00+00:00,2022-12-26T23:00:00+00:00,1.06209,1.06421,1.05965,1.06602,59.1159,0.12549,
EURUSD,buy,2022-12-24T08:00:00+00:00,2022-12-27T00:00:00+00:00,1.06204,1.06307,1.06344,1.06597,19.7062,0.02035,
EURUSD,buy,2022-12-26T02:00:00+00:00,2022-12-27T00:00:00+00:00,1.06209,1.06307,1.06344,1.06602,19.7053,0.01936,
EURUSD,sell,2022-12-27T10:00:00+00:00,2022-12-27T12:00:00+00:00,1.06623,1.06410,1.06868,1.06228,59.8730,0.12776,
EURUSD,sell,2022-12-27T10:00:00+00:00,2022-12-27T13:00:00+00:00,1.06623,1.06404,1.06367,1.06228,19.9577,0.04373,
EURUSD,buy,2022-12-30T01:00:00+00:00,2022-12-30T07:00:00+00:00,1.06636,1.06354,1.06391,1.07030,80.6731,-0.22758,
EURUSD,sell,2023-01-04T15:00:00+00:00,2023-01-05T00:00:00+00:00,1.05998,1.06279,1.06242,1.05606,80.0367,-0.22470,
EURUSD,buy,2023-01-07T19:00:00+00:00,2023-01-09T01:00:00+00:00,1.06445,1.06658,1.06200,1.06839,59.0196,0.12556,
EURUSD,buy,2023-01-07T19:00:00+00:00,2023-01-09T02:00:00+00:00,1.06445,1.06625,1.06662,1.06839,19.6732,0.03543,
EURUSD,buy,2023-01-09T11:00:00+00:00,2023-01-09T13:00:00+00:00,1.06875,1.07089,1.06629,1.07270,59.3471,0.12677,
EURUSD,buy,2023-01-09T11:00:00+00:00,2023-01-09T13:00:00+00:00,1.06875,1.06838,1.06875,1.07270,19.7824,-0.00733,
EURUSD,buy,2023-01-13T03:00:00+00:00,2023-01-13T11:00:00+00:00,1.08489,1.08202,1.08239,1.08890,78.5033,-0.22524,
EURUSD,buy,2023-01-16T17:00:00+00:00,2023-01-17T12:00:00+00:00,1.08168,1.08385,1.07920,1.08569,58.2706,0.12597,
EURUSD,buy,2023-01-16T17:00:00+00:00,2023-01-17T12:00:00+00:00,1.08168,1.08536,1.08168,1.08569,19.4235,0.07139,
EURUSD,buy,2023-01-21T16:00:00+00:00,2023-01-23T00:00:00+00:00,1.08582,1.08799,1.08332,1.08983,58.7307,0.12745,
EURUSD,buy,2023-01-21T16:00:00+00:00,2023-01-23T01:00:00+00:00,1.08582,1.08766,1.08804,1.08983,19.5769,0.03618,
EURUSD,buy,2023-01-23T04:00:00+00:00,2023-01-23T07:00:00+00:00,1.08979,1.09196,1.08728,1.09382,59.0799,0.12868,
EURUSD,buy,2023-01-23T04:00:00+00:00,2023-01-23T07:00:00+00:00,1.08979,1.08941,1.08979,1.09382,19.6933,-0.00742,
EURUSD,buy,2023-01-24T08:00:00+00:00,2023-01-24T09:00:00+00:00,1.08781,1.08493,1.08531,1.09183,79.4741,-0.22863,
EURUSD,sell,2023-01-28T11:00:00+00:00,2023-01-30T08:00:00+00:00,1.08616,1.08904,1.08866,1.08214,78.4944,-0.22571,
EURUSD,buy,2023-02-01T22:00:00+00:00,2023-02-01T23:00:00+00:00,1.09907,1.10127,1.09654,1.10313,57.4441,0.12618,
EURUSD,buy,2023-02-01T22:00:00+00:00,2023-02-01T23:00:00+00:00,1.09907,1.09869,1.09907,1.10313,19.1480,-0.00727,
EURUSD,sell,2023-02-03T03:00:00+00:00,2023-02-03T09:00:00+00:00,1.08905,1.09194,1.09156,1.08502,77.7960,-0.22429,
EURUSD,buy,2023-02-05T00:00:00+00:00,2023-02-06T09:00:00+00:00,1.07961,1.07676,1.07713,1.08361,77.4842,-0.22126,
EURUSD,buy,2023-02-08T06:00:00+00:00,2023-02-08T07:00:00+00:00,1.07301,1.07516,1.07054,1.07698,57.6972,0.12373,
EURUSD,buy,2023-02-08T06:00:00+00:00,2023-02-08T07:00:00+00:00,1.07301,1.07264,1.07301,1.07698,19.2324,-0.00715,
EURUSD,sell,2023-02-10T08:00:00+00:00,2023-02-10T09:00:00+00:00,1.07388,1.07173,1.07635,1.06990,58.0231,0.12471,
EURUSD,sell,2023-02-10T08:00:00+00:00,2023-02-10T09:00:00+00:00,1.07388,1.07425,1.07388,1.06990,19.3410,-0.00720,
EURUSD,buy,2023-02-13T15:00:00+00:00,2023-02-14T08:00:00+00:00,1.07227,1.07441,1.06981,1.07624,58.5560,0.12549,
EURUSD,buy,2023-02-13T15:00:00+00:00,2023-02-14T09:00:00+00:00,1.07227,1.07408,1.07445,1.07624,19.5187,0.03525,
EURUSD,sell,2023-02-18T06:00:00+00:00,2023-02-21T02:00:00+00:00,1.06897,1.06683,1.07143,1.06501,59.2654,0.12679,
EURUSD,sell,2023-02-18T06:00:00+00:00,2023-02-21T03:00:00+00:00,1.06897,1.06704,1.06667,1.06501,19.7551,0.03811,
EURUSD,sell,2023-02-21T09:00:00+00:00,2023-02-21T15:00:00+00:00,1.06594,1.06876,1.06839,1.06199,80.0183,-0.22589,
EURUSD,sell,2023-02-24T12:00:00+00:00,2023-02-24T14:00:00+00:00,1.05629,1.05418,1.05872,1.05238,59.7602,0.12634,
EURUSD,sell,2023-02-24T12:00:00+00:00,2023-02-24T15:00:00+00:00,1.05629,1.05632,1.05595,1.05238,19.9201,-0.00047,
EURUSD,buy,2023-02-27T01:00:00+00:00,2023-02-27T06:00:00+00:00,1.05623,1.05343,1.05380,1.06013,80.3290,-0.22450,
EURUSD,sell,2023-02-25T14:00:00+00:00,2023-02-27T10:00:00+00:00,1.05418,1.05698,1.05661,1.05028,80.4364,-0.22461,
EURUSD,buy,2023-02-28T04:00:00+00:00,2023-02-28T08:00:00+00:00,1.05932,1.06143,1.05688,1.06324,58.4807,0.12381,
EURUSD,buy,2023-02-28T04:00:00+00:00,2023-02-28T09:00:00+00:00,1.05932,1.05999,1.06036,1.06324,19.4936,0.01314,
EURUSD,sell,2023-03-03T01:00:00+00:00,2023-03-03T13:00:00+00:00,1.06050,1.06331,1.06294,1.05658,78.4860,-0.22045,
EURUSD,sell,2023-03-04T04:00:00+00:00,2023-03-06T07:00:00+00:00,1.06305,1.06587,1.06550,1.05912,77.2612,-0.21752,
EURUSD,buy,2023-03-06T17:00:00+00:00,2023-03-07T09:00:00+00:00,1.06882,1.06599,1.06636,1.07277,75.8724,-0.21452,
EURUSD,sell,2023-03-08T08:00:00+00:00,2023-03-08T14:00:00+00:00,1.05333,1.05612,1.05576,1.04944,75.9237,-0.21184,
EURUSD,sell,2023-03-13T14:00:00+00:00,2023-03-13T17:00:00+00:00,1.07193,1.07477,1.07439,1.06796,73.6188,-0.20897,
EURUSD,buy,2023-03-15T17:00:00+00:00,2023-03-15T18:00:00+00:00,1.05598,1.05809,1.05355,1.05988,55.3395,0.11679,
EURUSD,buy,2023-03-15T17:00:00+00:00,2023-03-15T18:00:00+00:00,1.05598,1.05561,1.05598,1.05988,18.4465,-0.00677,
EURUSD,sell,2023-03-17T09:00:00+00:00,2023-03-17T11:00:00+00:00,1.06435,1.06222,1.06680,1.06041,55.2587,0.11771,
EURUSD,sell,2023-03-17T09:00:00+00:00,2023-03-17T12:00:00+00:00,1.06435,1.06371,1.06334,1.06041,18.4196,0.01182,
EURUSD,buy,2023-03-22T06:00:00+00:00,2023-03-22T10:00:00+00:00,1.07698,1.07914,1.07451,1.08097,55.0945,0.11859,
EURUSD,buy,2023-03-22T06:00:00+00:00,2023-03-22T11:00:00+00:00,1.07698,1.07844,1.07881,1.08097,18.3648,0.02669,
EURUSD,buy,2023-03-23T23:00:00+00:00,2023-03-24T08:00:00+00:00,1.08378,1.08091,1.08128,1.08778,73.6694,-0.21116,
EURUSD,buy,2023-03-25T17:00:00+00:00,2023-03-27T13:00:00+00:00,1.07598,1.07813,1.07351,1.07996,54.9161,0.11810,
EURUSD,buy,2023-03-25T17:00:00+00:00,2023-03-27T14:00:00+00:00,1.07598,1.07718,1.07755,1.07996,18.3054,0.02186,
EURUSD,buy,2023-03-29T01:00:00+00:00,2023-03-29T06:00:00+00:00,1.08482,1.08195,1.08232,1.08883,73.2705,-0.21021,
EURUSD,sell,2023-03-30T21:00:00+00:00,2023-03-31T08:00:00+00:00,1.09013,1.08795,1.09264,1.08610,53.9291,0.11766,
EURUSD,sell,2023-03-30T21:00:00+00:00,2023-03-31T09:00:00+00:00,1.09013,1.08956,1.08918,1.08610,17.9764,0.01036,
EURUSD,buy,2023-04-04T22:00:00+00:00,2023-04-05T11:00:00+00:00,1.09606,1.09316,1.09354,1.10011,72.1438,-0.20909,
EURUSD,buy,2023-04-07T20:00:00+00:00,2023-04-10T12:00:00+00:00,1.09062,1.08773,1.08811,1.09465,71.5449,-0.20634,
EURUSD,buy,2023-04-10T13:00:00+00:00,2023-04-10T23:00:00+00:00,1.08413,1.08629,1.08163,1.08814,53.2660,0.11541,
EURUSD,buy,2023-04-10T13:00:00+00:00,2023-04-11T00:00:00+00:00,1.08413,1.08649,1.08687,1.08814,17.7553,0.04206,
EURUSD,buy,2023-04-15T05:00:00+00:00,2023-04-17T01:00:00+00:00,1.09955,1.09664,1.09702,1.10362,70.7414,-0.20567,
EURUSD,sell,2023-04-16T14:00:00+00:00,2023-04-17T01:00:00+00:00,1.09889,1.09669,1.10142,1.09482,53.0560,0.11669,
EURUSD,sell,2023-04-16T14:00:00+00:00,2023-04-17T02:00:00+00:00,1.09889,1.09796,1.09758,1.09482,17.6853,0.01646,
EURUSD,buy,2023-04-19T14:00:00+00:00,2023-04-20T12:00:00+00:00,1.09604,1.09314,1.09352,1.10009,70.6371,-0.20472,
EURUSD,sell,2023-04-21T07:00:00+00:00,2023-04-21T11:00:00+00:00,1.09528,1.09818,1.09780,1.09123,69.7093,-0.20211,
EURUSD,buy,2023-04-22T16:00:00+00:00,2023-04-24T09:00:00+00:00,1.09907,1.10127,1.09654,1.10313,51.4432,0.11300,
EURUSD,buy,2023-04-22T16:00:00+00:00,2023-04-24T10:00:00+00:00,1.09907,1.09954,1.09992,1.10313,17.1477,0.00807,
EURUSD,sell,2023-04-27T02:00:00+00:00,2023-04-27T12:00:00+00:00,1.10495,1.10274,1.10749,1.10086,51.5496,0.11400,
EURUSD,sell,2023-04-27T02:00:00+00:00,2023-04-27T12:00:00+00:00,1.10495,1.10533,1.10495,1.10086,17.1832,-0.00656,
EURUSD,buy,2023-04-28T08:00:00+00:00,2023-04-28T12:00:00+00:00,1.09942,1.09651,1.09689,1.10349,69.6087,-0.20235,
EURUSD,buy,2023-05-06T03:00:00+00:00,2023-05-08T06:00:00+00:00,1.10195,1.10415,1.09942,1.10603,51.3978,0.11320,
EURUSD,buy,2023-05-06T03:00:00+00:00,2023-05-08T07:00:00+00:00,1.10195,1.10345,1.10383,1.10603,17.1326,0.02567,
EURUSD,buy,2023-05-08T15:00:00+00:00,2023-05-08T23:00:00+00:00,1.10229,1.09938,1.09976,1.10637,69.1394,-0.20150,
EURUSD,buy,2023-05-09T18:00:00+00:00,2023-05-10T12:00:00+00:00,1.09697,1.09916,1.09445,1.10103,51.4170,0.11273,
EURUSD,buy,2023-05-09T18:00:00+00:00,2023-05-10T12:00:00+00:00,1.09697,1.09659,1.09697,1.10103,17.1390,-0.00650,
EURUSD,buy,2023-05-11T13:00:00+00:00,2023-05-12T05:00:00+00:00,1.09049,1.09267,1.08798,1.09452,52.0881,0.11352,
EURUSD,buy,2023-05-11T13:00:00+00:00,2023-05-12T06:00:00+00:00,1.09049,1.09179,1.09217,1.09452,17.3627,0.02266,
EURUSD,sell,2023-05-16T11:00:00+00:00,2023-05-16T15:00:00+00:00,1.08835,1.08618,1.09086,1.08433,52.6280,0.11463,
EURUSD,sell,2023-05-16T11:00:00+00:00,2023-05-16T16:00:00+00:00,1.08835,1.08718,1.08680,1.08433,17.5427,0.02065,
EURUSD,buy,2023-05-18T00:00:00+00:00,2023-05-18T07:00:00+00:00,1.08455,1.08168,1.08205,1.08856,71.0832,-0.20389,
EURUSD,buy,2023-05-22T14:00:00+00:00,2023-05-23T10:00:00+00:00,1.08015,1.07730,1.07767,1.08415,70.4281,-0.20121,
EURUSD,sell,2023-05-27T21:00:00+00:00,2023-05-30T05:00:00+00:00,1.07195,1.06980,1.07441,1.06798,52.4898,0.11261,
EURUSD,buy,2023-05-29T21:00:00+00:00,2023-05-30T05:00:00+00:00,1.07120,1.06837,1.06874,1.07516,70.0773,-0.19857,
EURUSD,sell,2023-05-27T21:00:00+00:00,2023-05-30T06:00:00+00:00,1.07195,1.07019,1.06982,1.06798,17.4966,0.03075,
EURUSD,sell,2023-06-04T08:00:00+00:00,2023-06-05T12:00:00+00:00,1.07031,1.06817,1.07277,1.06635,52.3768,0.11220,
EURUSD,sell,2023-06-04T08:00:00+00:00,2023-06-05T13:00:00+00:00,1.07031,1.06950,1.06913,1.06635,17.4589,0.01411,
EURUSD,buy,2023-06-05T18:00:00+00:00,2023-06-06T09:00:00+00:00,1.07168,1.06885,1.06922,1.07565,70.3777,-0.19951,
EURUSD,sell,2023-06-14T13:00:00+00:00,2023-06-14T18:00:00+00:00,1.08414,1.08197,1.08664,1.08013,51.4553,0.11165,
EURUSD,sell,2023-06-14T13:00:00+00:00,2023-06-14T18:00:00+00:00,1.08414,1.08452,1.08414,1.08013,17.1518,-0.00644,
EURUSD,sell,2023-06-18T01:00:00+00:00,2023-06-19T10:00:00+00:00,1.09343,1.09124,1.09595,1.08938,51.3789,0.11244,
EURUSD,sell,2023-06-18T01:00:00+00:00,2023-06-19T11:00:00+00:00,1.09343,1.09234,1.09196,1.08938,17.1263,0.01874,
EURUSD,sell,2023-06-19T12:00:00+00:00,2023-06-20T14:00:00+00:00,1.09225,1.09007,1.09477,1.08821,51.8847,0.11342,
EURUSD,sell,2023-06-19T12:00:00+00:00,2023-06-20T15:00:00+00:00,1.09225,1.09133,1.09095,1.08821,17.2949,0.01600,
EURUSD,buy,2023-06-25T19:00:00+00:00,2023-06-26T12:00:00+00:00,1.08938,1.09155,1.08687,1.09341,52.4985,0.11430,
EURUSD,buy,2023-06-25T19:00:00+00:00,2023-06-26T13:00:00+00:00,1.08938,1.09102,1.09140,1.09341,17.4995,0.02880,
EURUSD,sell,2023-06-26T23:00:00+00:00,2023-06-27T01:00:00+00:00,1.09066,1.09355,1.09317,1.08663,70.5293,-0.20364,
EURUSD,sell,2023-06-30T04:00:00+00:00,2023-06-30T08:00:00+00:00,1.08665,1.08448,1.08915,1.08263,52.3896,0.11394,
EURUSD,sell,2023-06-30T04:00:00+00:00,2023-06-30T09:00:00+00:00,1.08665,1.08531,1.08493,1.08263,17.4632,0.02355,
EURUSD,sell,2023-07-01T20:00:00+00:00,2023-07-03T07:00:00+00:00,1.09062,1.08844,1.09313,1.08659,52.6716,0.11497,
EURUSD,sell,2023-07-01T20:00:00+00:00,2023-07-03T08:00:00+00:00,1.09062,1.08928,1.08890,1.08659,17.5572,0.02363,
EURUSD,buy,2023-07-03T08:00:00+00:00,2023-07-03T13:00:00+00:00,1.08895,1.09112,1.08644,1.09297,53.2617,0.11592,
EURUSD,buy,2023-07-03T08:00:00+00:00,2023-07-03T14:00:00+00:00,1.08895,1.09004,1.09042,1.09297,17.7539,0.01946,
EURUSD,sell,2023-07-05T01:00:00+00:00,2023-07-05T07:00:00+00:00,1.08736,1.09024,1.08987,1.08334,71.6987,-0.20640,
EURUSD,buy,2023-07-07T23:00:00+00:00,2023-07-10T17:00:00+00:00,1.09679,1.09898,1.09427,1.10085,52.6380,0.11539,
EURUSD,buy,2023-07-07T23:00:00+00:00,2023-07-10T18:00:00+00:00,1.09679,1.09875,1.09913,1.10085,17.5460,0.03441,
EURUSD,sell,2023-07-11T17:00:00+00:00,2023-07-12T01:00:00+00:00,1.10034,1.10325,1.10287,1.09627,70.5961,-0.20561,
EURUSD,sell,2023-07-23T17:00:00+00:00,2023-07-24T07:00:00+00:00,1.11211,1.10988,1.11466,1.10799,51.6938,0.11506,
EURUSD,sell,2023-07-23T17:00:00+00:00,2023-07-24T07:00:00+00:00,1.11211,1.11249,1.11211,1.10799,17.2313,-0.00661,
EURUSD,buy,2023-07-27T08:00:00+00:00,2023-07-27T12:00:00+00:00,1.11422,1.11128,1.11166,1.11835,69.3221,-0.20418,
EURUSD,buy,2023-07-29T02:00:00+00:00,2023-07-31T13:00:00+00:00,1.10158,1.10378,1.09905,1.10566,51.8930,0.11425,
EURUSD,buy,2023-07-29T02:00:00+00:00,2023-07-31T13:00:00+00:00,1.10158,1.10120,1.10158,1.10566,17.2977,-0.00658,
EURUSD,sell,2023-07-30T23:00:00+00:00,2023-07-31T19:00:00+00:00,1.10205,1.09984,1.10458,1.09797,51.8398,0.11434,
EURUSD,sell,2023-07-30T23:00:00+00:00,2023-07-31T20:00:00+00:00,1.10205,1.10014,1.09976,1.09797,17.2799,0.03299,
EURUSD,sell,2023-08-03T16:00:00+00:00,2023-08-04T12:00:00+00:00,1.09518,1.09808,1.09770,1.09113,70.7171,-0.20501,
EURUSD,sell,2023-08-06T12:00:00+00:00,2023-08-07T06:00:00+00:00,1.09996,1.09776,1.10249,1.09589,52.1087,0.11471,
EURUSD,sell,2023-08-06T12:00:00+00:00,2023-08-07T07:00:00+00:00,1.09996,1.09900,1.09862,1.09589,17.3696,0.01668,
EURUSD,sell,2023-08-08T21:00:00+00:00,2023-08-09T05:00:00+00:00,1.09507,1.09797,1.09759,1.09102,70.3882,-0.20404,
EURUSD,buy,2023-08-10T05:00:00+00:00,2023-08-10T07:00:00+00:00,1.09884,1.10104,1.09631,1.10290,51.9452,0.11408,
EURUSD,buy,2023-08-10T05:00:00+00:00,2023-08-10T08:00:00+00:00,1.09884,1.10043,1.10081,1.10290,17.3151,0.02753,
EURUSD,sell,2023-08-11T13:00:00+00:00,2023-08-14T01:00:00+00:00,1.09593,1.09374,1.09845,1.09187,52.5362,0.11523,
EURUSD,sell,2023-08-11T13:00:00+00:00,2023-08-14T02:00:00+00:00,1.09593,1.09417,1.09379,1.09187,17.5121,0.03087,
EURUSD,buy,2023-08-13T15:00:00+00:00,2023-08-14T12:00:00+00:00,1.09466,1.09176,1.09214,1.09871,70.1718,-0.20312,
EURUSD,buy,2023-08-14T16:00:00+00:00,2023-08-14T18:00:00+00:00,1.09316,1.09027,1.09064,1.09720,70.0073,-0.20237,
EURUSD,sell,2023-08-16T05:00:00+00:00,2023-08-16T16:00:00+00:00,1.09126,1.08908,1.09377,1.08722,51.8699,0.11329,
EURUSD,sell,2023-08-16T05:00:00+00:00,2023-08-16T17:00:00+00:00,1.09126,1.08956,1.08918,1.08722,17.2900,0.02949,
EURUSD,sell,2023-08-20T03:00:00+00:00,2023-08-21T08:00:00+00:00,1.08645,1.08933,1.08895,1.08243,70.1228,-0.20169,
EURUSD,buy,2023-08-18T11:00:00+00:00,2023-08-21T09:00:00+00:00,1.08662,1.08879,1.08412,1.09064,52.6158,0.11427,
EURUSD,buy,2023-08-18T11:00:00+00:00,2023-08-21T10:00:00+00:00,1.08662,1.08880,1.08918,1.09064,17.5386,0.03836,
EURUSD,buy,2023-08-22T23:00:00+00:00,2023-08-23T07:00:00+00:00,1.08497,1.08210,1.08247,1.08898,70.0350,-0.20096,
EURUSD,buy,2023-08-26T09:00:00+00:00,2023-08-28T06:00:00+00:00,1.07938,1.08154,1.07690,1.08338,52.0995,0.11239,
EURUSD,buy,2023-08-26T09:00:00+00:00,2023-08-28T07:00:00+00:00,1.07938,1.08063,1.08100,1.08338,17.3665,0.02157,
EURUSD,buy,2023-09-07T07:00:00+00:00,2023-09-07T12:00:00+00:00,1.07187,1.06904,1.06941,1.07584,70.5779,-0.20011,
EURUSD,sell,2023-09-09T17:00:00+00:00,2023-09-10T21:00:00+00:00,1.06942,1.07225,1.07188,1.06546,69.7620,-0.19756,
EURUSD,sell,2023-09-10T21:00:00+00:00,2023-09-11T04:00:00+00:00,1.07118,1.07402,1.07364,1.06721,68.7255,-0.19494,
EURUSD,sell,2023-09-12T15:00:00+00:00,2023-09-12T20:00:00+00:00,1.07221,1.07505,1.07468,1.06824,67.7507,-0.19236,
EURUSD,sell,2023-09-14T21:00:00+00:00,2023-09-15T06:00:00+00:00,1.06388,1.06670,1.06633,1.05994,67.3772,-0.18984,
EURUSD,sell,2023-09-15T23:00:00+00:00,2023-09-18T15:00:00+00:00,1.06544,1.06826,1.06789,1.06150,66.3880,-0.18732,
EURUSD,sell,2023-09-17T01:00:00+00:00,2023-09-18T15:00:00+00:00,1.06544,1.06826,1.06789,1.06150,66.3880,-0.18732,
EURUSD,sell,2023-09-21T00:00:00+00:00,2023-09-21T06:00:00+00:00,1.06280,1.06562,1.06525,1.05887,64.7908,-0.18237,
EURUSD,sell,2023-09-26T07:00:00+00:00,2023-09-26T12:00:00+00:00,1.05817,1.06098,1.06061,1.05426,64.2128,-0.17997,
EURUSD,sell,2023-09-30T12:00:00+00:00,2023-10-02T07:00:00+00:00,1.05662,1.05942,1.05905,1.05271,63.4556,-0.17759,
EURUSD,buy,2023-10-03T17:00:00+00:00,2023-10-04T09:00:00+00:00,1.04722,1.04932,1.04482,1.05110,47.4115,0.09923,
EURUSD,buy,2023-10-03T17:00:00+00:00,2023-10-04T10:00:00+00:00,1.04722,1.04919,1.04955,1.05110,15.8038,0.03099,
EURUSD,buy,2023-10-07T17:00:00+00:00,2023-10-08T21:00:00+00:00,1.05860,1.05580,1.05616,1.06251,63.1514,-0.17688,
EURUSD,buy,2023-10-09T00:00:00+00:00,2023-10-09T03:00:00+00:00,1.05768,1.05488,1.05525,1.06159,62.3700,-0.17454,
EURUSD,sell,2023-10-11T01:00:00+00:00,2023-10-11T13:00:00+00:00,1.06048,1.06329,1.06292,1.05656,61.3450,-0.17230,
EURUSD,buy,2023-10-12T12:00:00+00:00,2023-10-12T13:00:00+00:00,1.05848,1.05568,1.05604,1.06239,60.6839,-0.16995,
EURUSD,buy,2023-10-18T02:00:00+00:00,2023-10-18T10:00:00+00:00,1.05786,1.05506,1.05542,1.06177,59.9160,-0.16770,
EURUSD,buy,2023-10-23T15:00:00+00:00,2023-10-23T18:00:00+00:00,1.06485,1.06698,1.06240,1.06879,44.0511,0.09375,
EURUSD,buy,2023-10-23T15:00:00+00:00,2023-10-23T19:00:00+00:00,1.06485,1.06619,1.06656,1.06879,14.6837,0.01969,
EURUSD,sell,2023-10-30T00:00:00+00:00,2023-10-30T09:00:00+00:00,1.05592,1.05872,1.05835,1.05202,59.7328,-0.16707,
EURUSD,buy,2023-11-08T03:00:00+00:00,2023-11-08T09:00:00+00:00,1.06930,1.06647,1.06684,1.07326,58.2395,-0.16474,
EURUSD,sell,2023-11-09T20:00:00+00:00,2023-11-10T10:00:00+00:00,1.06606,1.06888,1.06851,1.06211,57.6091,-0.16264,
EURUSD,buy,2023-11-11T12:00:00+00:00,2023-11-14T09:00:00+00:00,1.06880,1.07094,1.06634,1.07275,42.5511,0.09089,
EURUSD,buy,2023-11-11T12:00:00+00:00,2023-11-14T10:00:00+00:00,1.06880,1.07111,1.07148,1.07275,14.1837,0.03274,
EURUSD,buy,2023-11-14T01:00:00+00:00,2023-11-14T10:00:00+00:00,1.07019,1.07233,1.06773,1.07415,42.4958,0.09089,
EURUSD,buy,2023-11-14T01:00:00+00:00,2023-11-14T11:00:00+00:00,1.07019,1.07112,1.07149,1.07415,14.1653,0.01314,
EURUSD,buy,2023-11-17T06:00:00+00:00,2023-11-17T08:00:00+00:00,1.08544,1.08256,1.08294,1.08945,56.9143,-0.16338,
EURUSD,sell,2023-11-18T13:00:00+00:00,2023-11-20T04:00:00+00:00,1.09105,1.09394,1.09356,1.08701,55.8388,-0.16128,
EURUSD,buy,2023-11-24T02:00:00+00:00,2023-11-24T12:00:00+00:00,1.08987,1.09205,1.08736,1.09390,41.3948,0.09017,
EURUSD,buy,2023-11-24T02:00:00+00:00,2023-11-24T13:00:00+00:00,1.08987,1.09083,1.09121,1.09390,13.7983,0.01333,
EURUSD,buy,2023-11-28T04:00:00+00:00,2023-11-28T14:00:00+00:00,1.09557,1.09776,1.09305,1.09962,41.5337,0.09094,
EURUSD,buy,2023-11-28T04:00:00+00:00,2023-11-28T15:00:00+00:00,1.09557,1.09641,1.09679,1.09962,13.8446,0.01166,
EURUSD,buy,2023-11-29T05:00:00+00:00,2023-11-29T08:00:00+00:00,1.10053,1.09762,1.09800,1.10460,55.5949,-0.16177,
EURUSD,sell,2023-12-02T10:00:00+00:00,2023-12-04T07:00:00+00:00,1.08755,1.08538,1.09006,1.08353,41.6107,0.09057,
EURUSD,buy,2023-12-03T19:00:00+00:00,2023-12-04T07:00:00+00:00,1.08821,1.08533,1.08570,1.09223,55.4810,-0.15966,
EURUSD,sell,2023-12-02T10:00:00+00:00,2023-12-04T08:00:00+00:00,1.08755,1.08728,1.08690,1.08353,13.8702,0.00385,
EURUSD,sell,2023-12-07T08:00:00+00:00,2023-12-07T17:00:00+00:00,1.07769,1.08054,1.08017,1.07370,55.6863,-0.15890,
EURUSD,buy,2023-12-08T11:00:00+00:00,2023-12-08T13:00:00+00:00,1.07859,1.07574,1.07611,1.08258,54.9361,-0.15672,
EURUSD,buy,2023-12-14T16:00:00+00:00,2023-12-15T08:00:00+00:00,1.09994,1.09703,1.09741,1.10401,53.1573,-0.15460,
EURUSD,sell,2023-12-17T10:00:00+00:00,2023-12-18T05:00:00+00:00,1.08889,1.09178,1.09140,1.08486,52.9547,-0.15265,
EURUSD,buy,2023-12-20T01:00:00+00:00,2023-12-20T10:00:00+00:00,1.09731,1.09441,1.09479,1.10137,51.8843,-0.15054,
EURUSD,sell,2023-12-21T19:00:00+00:00,2023-12-22T11:00:00+00:00,1.09958,1.10249,1.10211,1.09551,51.0618,-0.14861,
EURUSD,sell,2023-12-26T06:00:00+00:00,2023-12-27T07:00:00+00:00,1.10203,1.10495,1.10456,1.09795,50.2742,-0.14664,
EURUSD,buy,2023-12-29T17:00:00+00:00,2023-12-29T19:00:00+00:00,1.10672,1.10380,1.10418,1.11082,49.4284,-0.14462,
EURUSD,buy,2023-12-31T20:00:00+00:00,2024-01-02T07:00:00+00:00,1.10407,1.10115,1.10153,1.10815,48.8919,-0.14272,
EURUSD,sell,2024-01-02T15:00:00+00:00,2024-01-03T08:00:00+00:00,1.09402,1.09692,1.09654,1.08997,48.6594,-0.14092,
EURUSD,buy,2024-01-06T10:00:00+00:00,2024-01-08T15:00:00+00:00,1.09425,1.09644,1.09173,1.09830,36.0258,0.07879,
EURUSD,buy,2024-01-06T10:00:00+00:00,2024-01-08T16:00:00+00:00,1.09425,1.09645,1.09683,1.09830,12.0086,0.02645,
EURUSD,buy,2024-01-11T10:00:00+00:00,2024-01-11T13:00:00+00:00,1.09722,1.09941,1.09470,1.10128,36.2880,0.07958,
EURUSD,buy,2024-01-11T10:00:00+00:00,2024-01-11T13:00:00+00:00,1.09722,1.09684,1.09722,1.10128,12.0960,-0.00459,
EURUSD,sell,2024-01-12T23:00:00+00:00,2024-01-16T00:00:00+00:00,1.09450,1.09231,1.09702,1.09045,36.6132,0.08020,
EURUSD,sell,2024-01-12T23:00:00+00:00,2024-01-16T00:00:00+00:00,1.09450,1.09488,1.09450,1.09045,12.2044,-0.00462,
EURUSD,sell,2024-01-16T01:00:00+00:00,2024-01-16T08:00:00+00:00,1.09242,1.09024,1.09494,1.08838,36.9423,0.08077,
EURUSD,sell,2024-01-16T01:00:00+00:00,2024-01-16T09:00:00+00:00,1.09242,1.09083,1.09045,1.08838,12.3141,0.01964,
EURUSD,buy,2024-01-19T13:00:00+00:00,2024-01-22T02:00:00+00:00,1.08838,1.09055,1.08587,1.09240,37.4479,0.08146,
EURUSD,buy,2024-01-19T13:00:00+00:00,2024-01-22T03:00:00+00:00,1.08838,1.08975,1.09013,1.09240,12.4826,0.01718,
EURUSD,buy,2024-01-21T07:00:00+00:00,2024-01-23T10:00:00+00:00,1.08993,1.08704,1.08742,1.09396,49.8595,-0.14371,
EURUSD,buy,2024-01-24T06:00:00+00:00,2024-01-24T09:00:00+00:00,1.08666,1.08883,1.08416,1.09068,37.3516,0.08112,
EURUSD,buy,2024-01-24T06:00:00+00:00,2024-01-24T09:00:00+00:00,1.08666,1.09035,1.08666,1.09068,12.4505,0.04597,
EURUSD,sell,2024-01-26T07:00:00+00:00,2024-01-26T08:00:00+00:00,1.08162,1.08448,1.08410,1.07761,50.5916,-0.14488,
EURUSD,sell,2024-01-30T12:00:00+00:00,2024-01-31T02:00:00+00:00,1.08443,1.08226,1.08693,1.08042,37.3442,0.08105,
EURUSD,sell,2024-01-30T12:00:00+00:00,2024-01-31T03:00:00+00:00,1.08443,1.08224,1.08187,1.08042,12.4481,0.02726,
EURUSD,sell,2024-02-03T01:00:00+00:00,2024-02-05T09:00:00+00:00,1.07817,1.07601,1.08065,1.07418,37.9379,0.08186,
EURUSD,sell,2024-02-04T17:00:00+00:00,2024-02-05T09:00:00+00:00,1.07817,1.07601,1.08065,1.07418,37.9379,0.08186,
EURUSD,sell,2024-02-03T01:00:00+00:00,2024-02-05T10:00:00+00:00,1.07817,1.07597,1.07560,1.07418,12.6460,0.02774,
EURUSD,sell,2024-02-04T17:00:00+00:00,2024-02-05T10:00:00+00:00,1.07817,1.07597,1.07560,1.07418,12.6460,0.02774,
EURUSD,buy,2024-02-07T01:00:00+00:00,2024-02-08T13:00:00+00:00,1.07666,1.07382,1.07419,1.08065,51.7032,-0.14724,
EURUSD,buy,2024-02-11T07:00:00+00:00,2024-02-12T15:00:00+00:00,1.07853,1.07568,1.07605,1.08252,50.9307,-0.14529,
EURUSD,buy,2024-02-15T14:00:00+00:00,2024-02-16T13:00:00+00:00,1.07791,1.07506,1.07543,1.08190,50.2859,-0.14337,
EURUSD,sell,2024-02-16T18:00:00+00:00,2024-02-20T10:00:00+00:00,1.07818,1.08103,1.08066,1.07419,49.5788,-0.14154,
EURUSD,sell,2024-02-21T10:00:00+00:00,2024-02-21T19:00:00+00:00,1.07979,1.08264,1.08227,1.07579,48.8497,-0.13966,
EURUSD,sell,2024-02-22T10:00:00+00:00,2024-02-22T13:00:00+00:00,1.08533,1.08316,1.08783,1.08132,35.9676,0.07813,
EURUSD,sell,2024-02-22T10:00:00+00:00,2024-02-22T14:00:00+00:00,1.08533,1.08283,1.08246,1.08132,11.9892,0.02997,
EURUSD,sell,2024-02-27T04:00:00+00:00,2024-02-28T06:00:00+00:00,1.08501,1.08284,1.08751,1.08100,36.3517,0.07894,
EURUSD,sell,2024-02-27T04:00:00+00:00,2024-02-28T07:00:00+00:00,1.08501,1.08285,1.08248,1.08100,12.1172,0.02617,
EURUSD,buy,2024-02-28T09:00:00+00:00,2024-02-28T13:00:00+00:00,1.08032,1.08248,1.07784,1.08432,36.8964,0.07967,
EURUSD,buy,2024-02-28T09:00:00+00:00,2024-02-28T14:00:00+00:00,1.08032,1.08176,1.08213,1.08432,12.2988,0.01760,
EURUSD,sell,2024-02-29T22:00:00+00:00,2024-03-01T15:00:00+00:00,1.08015,1.08301,1.08263,1.07615,49.6239,-0.14192,
EURUSD,sell,2024-03-04T11:00:00+00:00,2024-03-06T10:00:00+00:00,1.08529,1.08817,1.08779,1.08128,48.7349,-0.14003,
EURUSD,sell,2024-03-08T13:00:00+00:00,2024-03-11T12:00:00+00:00,1.09549,1.09330,1.09801,1.09144,35.7317,0.07834,
EURUSD,sell,2024-03-08T13:00:00+00:00,2024-03-11T13:00:00+00:00,1.09549,1.09354,1.09316,1.09144,11.9106,0.02326,
EURUSD,sell,2024-03-11T01:00:00+00:00,2024-03-12T12:00:00+00:00,1.09372,1.09153,1.09624,1.08967,35.7895,0.07834,
EURUSD,sell,2024-03-11T01:00:00+00:00,2024-03-12T12:00:00+00:00,1.09372,1.09410,1.09372,1.08967,11.9298,-0.00451,
EURUSD,sell,2024-03-12T16:00:00+00:00,2024-03-13T11:00:00+00:00,1.09143,1.09432,1.09394,1.08739,48.6229,-0.14048,
EURUSD,sell,2024-03-16T04:00:00+00:00,2024-03-19T07:00:00+00:00,1.08836,1.08619,1.09087,1.08434,36.0861,0.07860,
EURUSD,sell,2024-03-16T04:00:00+00:00,2024-03-19T08:00:00+00:00,1.08836,1.08599,1.08561,1.08434,12.0287,0.02860,
EURUSD,sell,2024-03-23T07:00:00+00:00,2024-03-25T11:00:00+00:00,1.08033,1.08319,1.08281,1.07633,48.9689,-0.14007,
EURUSD,sell,2024-03-24T18:00:00+00:00,2024-03-25T11:00:00+00:00,1.08033,1.08319,1.08281,1.07633,48.9689,-0.14007,
EURUSD,buy,2024-03-26T12:00:00+00:00,2024-03-26T15:00:00+00:00,1.08552,1.08264,1.08302,1.08953,47.4733,-0.13629,
EURUSD,buy,2024-03-28T06:00:00+00:00,2024-03-28T08:00:00+00:00,1.08210,1.07924,1.07962,1.08611,46.9930,-0.13449,
EURUSD,buy,2024-03-31T01:00:00+00:00,2024-04-01T14:00:00+00:00,1.07930,1.07645,1.07682,1.08330,46.4917,-0.13272,
EURUSD,sell,2024-04-02T09:00:00+00:00,2024-04-02T13:00:00+00:00,1.07388,1.07672,1.07635,1.06990,46.0808,-0.13103,
EURUSD,sell,2024-04-03T14:00:00+00:00,2024-04-04T04:00:00+00:00,1.08196,1.08482,1.08444,1.07795,45.1314,-0.12928,
EURUSD,sell,2024-04-06T03:00:00+00:00,2024-04-08T15:00:00+00:00,1.08319,1.08606,1.08569,1.07919,44.4832,-0.12757,
EURUSD,buy,2024-04-08T14:00:00+00:00,2024-04-09T12:00:00+00:00,1.08565,1.08782,1.08315,1.08966,33.3071,0.07227,
EURUSD,buy,2024-04-08T14:00:00+00:00,2024-04-09T13:00:00+00:00,1.08565,1.08722,1.08760,1.08966,11.1024,0.01752,
EURUSD,buy,2024-04-11T00:00:00+00:00,2024-04-11T12:00:00+00:00,1.07458,1.07174,1.07211,1.07856,44.6908,-0.12703,
EURUSD,sell,2024-04-13T03:00:00+00:00,2024-04-15T06:00:00+00:00,1.06353,1.06635,1.06598,1.05959,44.5311,-0.12543,
EURUSD,buy,2024-04-14T11:00:00+00:00,2024-04-16T01:00:00+00:00,1.06417,1.06135,1.06172,1.06811,44.5311,-0.12537,
EURUSD,sell,2024-04-16T22:00:00+00:00,2024-04-17T08:00:00+00:00,1.06162,1.06443,1.06406,1.05769,43.4303,-0.12211,
EURUSD,sell,2024-04-20T16:00:00+00:00,2024-04-22T13:00:00+00:00,1.06494,1.06281,1.06739,1.06100,32.0413,0.06829,
EURUSD,sell,2024-04-20T16:00:00+00:00,2024-04-22T14:00:00+00:00,1.06494,1.06445,1.06408,1.06100,10.6804,0.00525,
EURUSD,buy,2024-04-25T01:00:00+00:00,2024-04-25T12:00:00+00:00,1.07102,1.07316,1.06856,1.07498,32.1361,0.06879,
EURUSD,buy,2024-04-25T01:00:00+00:00,2024-04-25T12:00:00+00:00,1.07102,1.07065,1.07102,1.07498,10.7120,-0.00398,
EURUSD,sell,2024-04-26T03:00:00+00:00,2024-04-26T08:00:00+00:00,1.07199,1.07483,1.07445,1.06802,43.0860,-0.12231,
EURUSD,sell,2024-04-28T06:00:00+00:00,2024-04-29T01:00:00+00:00,1.06879,1.07162,1.07125,1.06483,42.6430,-0.12069,
EURUSD,buy,2024-04-27T03:00:00+00:00,2024-04-29T02:00:00+00:00,1.06943,1.07157,1.06697,1.07339,31.9822,0.06836,
EURUSD,buy,2024-04-27T03:00:00+00:00,2024-04-29T03:00:00+00:00,1.06943,1.07109,1.07146,1.07339,10.6607,0.01767,
EURUSD,buy,2024-04-29T12:00:00+00:00,2024-04-30T09:00:00+00:00,1.07065,1.07279,1.06819,1.07461,31.8243,0.06810,
EURUSD,buy,2024-04-29T12:00:00+00:00,2024-04-30T10:00:00+00:00,1.07065,1.07189,1.07226,1.07461,10.6081,0.01312,
EURUSD,buy,2024-05-01T04:00:00+00:00,2024-05-01T12:00:00+00:00,1.06589,1.06802,1.06344,1.06983,32.2523,0.06871,
EURUSD,buy,2024-05-01T04:00:00+00:00,2024-05-01T13:00:00+00:00,1.06589,1.06711,1.06748,1.06983,10.7508,0.01312,
EURUSD,buy,2024-05-02T13:00:00+00:00,2024-05-02T16:00:00+00:00,1.06900,1.07114,1.06654,1.07295,32.4456,0.06932,
EURUSD,buy,2024-05-02T13:00:00+00:00,2024-05-02T17:00:00+00:00,1.06900,1.07102,1.07139,1.07295,10.8152,0.02183,
EURUSD,buy,2024-05-05T22:00:00+00:00,2024-05-06T12:00:00+00:00,1.07655,1.07870,1.07408,1.08053,32.5356,0.07000,
EURUSD,buy,2024-05-05T22:00:00+00:00,2024-05-06T13:00:00+00:00,1.07655,1.07774,1.07811,1.08053,10.8452,0.01284,
EURUSD,buy,2024-05-07T01:00:00+00:00,2024-05-08T01:00:00+00:00,1.07687,1.07402,1.07440,1.08086,43.7526,-0.12462,
EURUSD,buy,2024-05-10T10:00:00+00:00,2024-05-13T13:00:00+00:00,1.07816,1.08032,1.07568,1.08215,32.3416,0.06969,
EURUSD,buy,2024-05-10T10:00:00+00:00,2024-05-13T14:00:00+00:00,1.07816,1.07931,1.07968,1.08215,10.7805,0.01232,
EURUSD,sell,2024-05-25T23:00:00+00:00,2024-05-28T00:00:00+00:00,1.08427,1.08715,1.08677,1.08026,43.2314,-0.12410,
EURUSD,buy,2024-05-29T12:00:00+00:00,2024-05-29T14:00:00+00:00,1.08494,1.08207,1.08244,1.08895,42.6590,-0.12240,
EURUSD,sell,2024-05-31T18:00:00+00:00,2024-06-03T14:00:00+00:00,1.08392,1.08679,1.08642,1.07991,42.1087,-0.12084,
EURUSD,buy,2024-06-02T12:00:00+00:00,2024-06-03T14:00:00+00:00,1.08483,1.08699,1.08233,1.08884,31.5742,0.06846,
EURUSD,buy,2024-06-02T12:00:00+00:00,2024-06-03T15:00:00+00:00,1.08483,1.08658,1.08696,1.08884,10.5247,0.01851,
EURUSD,sell,2024-06-05T04:00:00+00:00,2024-06-07T12:00:00+00:00,1.08772,1.08555,1.09023,1.08370,31.3544,0.06826,
EURUSD,sell,2024-06-05T04:00:00+00:00,2024-06-07T12:00:00+00:00,1.08772,1.08810,1.08772,1.08370,10.4515,-0.00393,
EURUSD,buy,2024-06-12T02:00:00+00:00,2024-06-12T12:00:00+00:00,1.07450,1.07665,1.07203,1.07848,31.9839,0.06869,
EURUSD,buy,2024-06-12T02:00:00+00:00,2024-06-12T12:00:00+00:00,1.07450,1.07815,1.07450,1.07848,10.6613,0.03892,
EURUSD,sell,2024-06-14T03:00:00+00:00,2024-06-14T07:00:00+00:00,1.07369,1.07154,1.07616,1.06971,32.3647,0.06955,
EURUSD,sell,2024-06-14T03:00:00+00:00,2024-06-14T08:00:00+00:00,1.07369,1.07154,1.07117,1.06971,10.7882,0.02316,
EURUSD,buy,2024-06-15T09:00:00+00:00,2024-06-17T18:00:00+00:00,1.07057,1.07271,1.06811,1.07453,32.8032,0.07019,
EURUSD,buy,2024-06-15T09:00:00+00:00,2024-06-17T19:00:00+00:00,1.07057,1.07265,1.07302,1.07453,10.9344,0.02271,
EURUSD,buy,2024-06-20T07:00:00+00:00,2024-06-20T20:00:00+00:00,1.07279,1.06995,1.07033,1.07676,44.0801,-0.12509,
EURUSD,sell,2024-06-27T02:00:00+00:00,2024-06-27T12:00:00+00:00,1.06860,1.07143,1.07106,1.06464,43.6414,-0.12350,
EURUSD,sell,2024-06-29T00:00:00+00:00,2024-06-30T21:00:00+00:00,1.07087,1.07370,1.07333,1.06691,42.9725,-0.12186,
EURUSD,buy,2024-07-05T00:00:00+00:00,2024-07-08T12:00:00+00:00,1.08181,1.08398,1.07933,1.08582,31.4999,0.06811,
EURUSD,buy,2024-07-05T00:00:00+00:00,2024-07-08T13:00:00+00:00,1.08181,1.08345,1.08383,1.08582,10.5000,0.01722,
EURUSD,sell,2024-07-12T20:00:00+00:00,2024-07-16T12:00:00+00:00,1.09021,1.08803,1.09272,1.08618,31.5319,0.06880,
EURUSD,sell,2024-07-12T20:00:00+00:00,2024-07-16T12:00:00+00:00,1.09021,1.09059,1.09021,1.08618,10.5106,-0.00396,
EURUSD,buy,2024-07-16T14:00:00+00:00,2024-07-17T02:00:00+00:00,1.08818,1.09035,1.08567,1.09220,31.8334,0.06923,
EURUSD,buy,2024-07-16T14:00:00+00:00,2024-07-17T03:00:00+00:00,1.08818,1.08970,1.09008,1.09220,10.6111,0.01620,
EURUSD,sell,2024-07-19T23:00:00+00:00,2024-07-21T22:00:00+00:00,1.08746,1.09034,1.08997,1.08344,42.8395,-0.12333,
EURUSD,buy,2024-07-22T00:00:00+00:00,2024-07-23T08:00:00+00:00,1.08971,1.08683,1.08720,1.09374,42.2109,-0.12164,
EURUSD,buy,2024-07-25T08:00:00+00:00,2024-07-29T11:00:00+00:00,1.08493,1.08206,1.08243,1.08894,41.8362,-0.12004,
EURUSD,sell,2024-07-27T05:00:00+00:00,2024-07-29T11:00:00+00:00,1.08514,1.08297,1.08764,1.08113,31.3520,0.06809,
EURUSD,sell,2024-07-27T05:00:00+00:00,2024-07-29T12:00:00+00:00,1.08514,1.08252,1.08215,1.08113,10.4507,0.02738,
EURUSD,buy,2024-07-30T11:00:00+00:00,2024-07-30T12:00:00+00:00,1.08274,1.07988,1.08026,1.08675,41.8069,-0.11972,
EURUSD,buy,2024-08-04T01:00:00+00:00,2024-08-05T04:00:00+00:00,1.09131,1.09349,1.08880,1.09534,30.6977,0.06695,
EURUSD,buy,2024-08-04T01:00:00+00:00,2024-08-05T05:00:00+00:00,1.09131,1.09238,1.09276,1.09534,10.2326,0.01100,
EURUSD,sell,2024-08-08T10:00:00+00:00,2024-08-08T12:00:00+00:00,1.09219,1.09001,1.09471,1.08815,30.9220,0.06759,
EURUSD,sell,2024-08-08T10:00:00+00:00,2024-08-08T12:00:00+00:00,1.09219,1.09257,1.09219,1.08815,10.3073,-0.00389,
EURUSD,buy,2024-08-14T09:00:00+00:00,2024-08-15T01:00:00+00:00,1.10289,1.09997,1.10035,1.10697,41.1427,-0.11997,
EURUSD,buy,2024-08-16T07:00:00+00:00,2024-08-16T18:00:00+00:00,1.09883,1.10103,1.09630,1.10289,30.5615,0.06712,
EURUSD,buy,2024-08-16T07:00:00+00:00,2024-08-16T19:00:00+00:00,1.09883,1.10142,1.10180,1.10289,10.1872,0.02638,
EURUSD,sell,2024-08-17T10:00:00+00:00,2024-08-19T05:00:00+00:00,1.10178,1.10470,1.10431,1.09770,41.0394,-0.11968,
EURUSD,buy,2024-08-18T17:00:00+00:00,2024-08-19T06:00:00+00:00,1.10244,1.10464,1.09991,1.10652,30.7796,0.06782,
EURUSD,buy,2024-08-18T17:00:00+00:00,2024-08-19T07:00:00+00:00,1.10244,1.10369,1.10407,1.10652,10.2599,0.01281,
EURUSD,buy,2024-08-19T18:00:00+00:00,2024-08-20T14:00:00+00:00,1.10848,1.11070,1.10593,1.11258,30.4797,0.06753,
EURUSD,buy,2024-08-19T18:00:00+00:00,2024-08-20T15:00:00+00:00,1.10848,1.10958,1.10996,1.11258,10.1599,0.01112,
EURUSD,sell,2024-08-24T08:00:00+00:00,2024-08-26T12:00:00+00:00,1.11876,1.11653,1.12134,1.11462,30.4450,0.06817,
EURUSD,sell,2024-08-24T08:00:00+00:00,2024-08-26T13:00:00+00:00,1.11876,1.11663,1.11625,1.11462,10.1483,0.02161,
EURUSD,buy,2024-09-04T15:00:00+00:00,2024-09-05T12:00:00+00:00,1.10842,1.11064,1.10587,1.11252,31.0513,0.06879,
EURUSD,buy,2024-09-04T15:00:00+00:00,2024-09-05T13:00:00+00:00,1.10842,1.10867,1.10905,1.11252,10.3504,0.00253,
EURUSD,sell,2024-09-07T17:00:00+00:00,2024-09-09T08:00:00+00:00,1.10792,1.10570,1.11047,1.10382,31.2882,0.06938,
EURUSD,sell,2024-09-07T17:00:00+00:00,2024-09-09T09:00:00+00:00,1.10792,1.10629,1.10591,1.10382,10.4294,0.01696,
EURUSD,sell,2024-09-12T20:00:00+00:00,2024-09-13T09:00:00+00:00,1.10708,1.11001,1.10962,1.10298,42.1390,-0.12346,
EURUSD,buy,2024-09-16T00:00:00+00:00,2024-09-16T07:00:00+00:00,1.10928,1.11150,1.10673,1.11339,31.1428,0.06904,
EURUSD,buy,2024-09-16T00:00:00+00:00,2024-09-16T08:00:00+00:00,1.10928,1.11100,1.11138,1.11339,10.3809,0.01779,
EURUSD,sell,2024-09-17T20:00:00+00:00,2024-09-18T09:00:00+00:00,1.11101,1.11395,1.11356,1.10689,41.8252,-0.12297,
EURUSD,buy,2024-09-20T02:00:00+00:00,2024-09-20T14:00:00+00:00,1.11647,1.11352,1.11391,1.12060,41.0944,-0.12128,
EURUSD,sell,2024-09-21T03:00:00+00:00,2024-09-23T07:00:00+00:00,1.11593,1.11369,1.11849,1.11179,30.4101,0.06792,
EURUSD,sell,2024-09-21T03:00:00+00:00,2024-09-23T07:00:00+00:00,1.11593,1.11631,1.11593,1.11179,10.1367,-0.00390,
EURUSD,sell,2024-09-25T05:00:00+00:00,2024-09-25T14:00:00+00:00,1.11922,1.11698,1.12180,1.11508,30.5349,0.06840,
EURUSD,sell,2024-09-25T05:00:00+00:00,2024-09-25T14:00:00+00:00,1.11922,1.11961,1.11922,1.11508,10.1783,-0.00393,
EURUSD,sell,2024-10-02T23:00:00+00:00,2024-10-03T14:00:00+00:00,1.10425,1.10204,1.10679,1.10016,31.1678,0.06888,
EURUSD,sell,2024-10-02T23:00:00+00:00,2024-10-03T15:00:00+00:00,1.10425,1.10278,1.10240,1.10016,10.3893,0.01525,
EURUSD,sell,2024-10-06T17:00:00+00:00,2024-10-08T08:00:00+00:00,1.09706,1.09996,1.09958,1.09300,42.2127,-0.12258,
EURUSD,buy,2024-10-10T22:00:00+00:00,2024-10-14T11:00:00+00:00,1.09370,1.09081,1.09118,1.09774,41.8074,-0.12091,
EURUSD,buy,2024-10-13T12:00:00+00:00,2024-10-14T11:00:00+00:00,1.09386,1.09097,1.09134,1.09790,41.8012,-0.12091,
EURUSD,buy,2024-10-15T21:00:00+00:00,2024-10-16T15:00:00+00:00,1.08952,1.08664,1.08701,1.09355,40.8577,-0.11772,
EURUSD,buy,2024-10-17T13:00:00+00:00,2024-10-18T13:00:00+00:00,1.08362,1.08579,1.08113,1.08763,30.4024,0.06584,
EURUSD,buy,2024-10-17T13:00:00+00:00,2024-10-18T14:00:00+00:00,1.08362,1.08511,1.08549,1.08763,10.1341,0.01509,
EURUSD,buy,2024-10-18T14:00:00+00:00,2024-10-21T14:00:00+00:00,1.08604,1.08316,1.08354,1.09005,40.8193,-0.11724,
EURUSD,buy,2024-10-21T06:00:00+00:00,2024-10-21T15:00:00+00:00,1.08555,1.08267,1.08305,1.08956,40.8377,-0.11724,
EURUSD,sell,2024-10-26T03:00:00+00:00,2024-10-28T08:00:00+00:00,1.07913,1.08198,1.08161,1.07513,39.9699,-0.11420,
EURUSD,buy,2024-10-27T18:00:00+00:00,2024-10-28T12:00:00+00:00,1.07977,1.08193,1.07729,1.08377,29.9774,0.06469,
EURUSD,buy,2024-10-27T18:00:00+00:00,2024-10-28T13:00:00+00:00,1.07977,1.08103,1.08140,1.08377,9.9925,0.01251,
EURUSD,sell,2024-11-03T22:00:00+00:00,2024-11-04T03:00:00+00:00,1.08773,1.09061,1.09024,1.08371,39.4836,-0.11370,
EURUSD,buy,2024-11-11T13:00:00+00:00,2024-11-12T07:00:00+00:00,1.06512,1.06230,1.06267,1.06906,39.8122,-0.11218,
EURUSD,sell,2024-11-17T08:00:00+00:00,2024-11-18T09:00:00+00:00,1.05362,1.05641,1.05605,1.04972,39.6902,-0.11077,
EURUSD,buy,2024-11-19T11:00:00+00:00,2024-11-19T13:00:00+00:00,1.05651,1.05862,1.05408,1.06041,29.3109,0.06189,
EURUSD,buy,2024-11-19T11:00:00+00:00,2024-11-19T14:00:00+00:00,1.05651,1.05681,1.05718,1.06041,9.7703,0.00299,
EURUSD,buy,2024-11-21T00:00:00+00:00,2024-11-21T08:00:00+00:00,1.05488,1.05209,1.05245,1.05878,39.4493,-0.11011,
EURUSD,sell,2024-11-23T10:00:00+00:00,2024-11-24T22:00:00+00:00,1.04162,1.04438,1.04401,1.03776,39.3991,-0.10873,
EURUSD,sell,2024-11-30T03:00:00+00:00,2024-12-01T23:00:00+00:00,1.05716,1.05505,1.05959,1.05325,28.7292,0.06078,
EURUSD,sell,2024-11-30T03:00:00+00:00,2024-12-02T00:00:00+00:00,1.05716,1.05500,1.05463,1.05325,9.5764,0.02075,
EURUSD,buy,2024-12-04T10:00:00+00:00,2024-12-04T14:00:00+00:00,1.05023,1.04746,1.04782,1.05412,38.9697,-0.10830,
EURUSD,buy,2024-12-08T07:00:00+00:00,2024-12-09T03:00:00+00:00,1.05705,1.05425,1.05462,1.06096,38.2061,-0.10686,
EURUSD,buy,2024-12-10T08:00:00+00:00,2024-12-10T13:00:00+00:00,1.05409,1.05130,1.05166,1.05799,37.8064,-0.10545,
EURUSD,buy,2024-12-12T18:00:00+00:00,2024-12-13T02:00:00+00:00,1.04854,1.04577,1.04613,1.05242,37.5033,-0.10406,
EURUSD,sell,2024-12-15T00:00:00+00:00,2024-12-16T02:00:00+00:00,1.04985,1.05264,1.05227,1.04597,36.9385,-0.10273,
EURUSD,sell,2024-12-17T01:00:00+00:00,2024-12-17T08:00:00+00:00,1.05182,1.04972,1.05424,1.04793,27.2859,0.05744,
EURUSD,sell,2024-12-17T01:00:00+00:00,2024-12-17T09:00:00+00:00,1.05182,1.04926,1.04890,1.04793,9.0953,0.02328,
EURUSD,sell,2024-12-20T00:00:00+00:00,2024-12-20T08:00:00+00:00,1.03620,1.03894,1.03858,1.03236,37.3192,-0.10246,
EURUSD,sell,2024-12-21T00:00:00+00:00,2024-12-23T10:00:00+00:00,1.04223,1.04014,1.04463,1.03837,27.4589,0.05728,
EURUSD,buy,2024-12-22T09:00:00+00:00,2024-12-23T10:00:00+00:00,1.04285,1.04009,1.04045,1.04671,36.6119,-0.10105,
EURUSD,sell,2024-12-21T00:00:00+00:00,2024-12-23T11:00:00+00:00,1.04223,1.04047,1.04011,1.03837,9.1530,0.01607,
EURUSD,sell,2024-12-26T00:00:00+00:00,2024-12-26T16:00:00+00:00,1.03934,1.04209,1.04173,1.03549,36.5804,-0.10073,
EURUSD,buy,2024-12-27T04:00:00+00:00,2024-12-27T11:00:00+00:00,1.04121,1.04329,1.03882,1.04506,27.0395,0.05627,
EURUSD,buy,2024-12-27T04:00:00+00:00,2024-12-27T12:00:00+00:00,1.04121,1.04245,1.04281,1.04506,9.0132,0.01113,
EURUSD,buy,2024-12-29T20:00:00+00:00,2024-12-30T11:00:00+00:00,1.04256,1.04465,1.04017,1.04642,27.2469,0.05677,
EURUSD,buy,2024-12-29T20:00:00+00:00,2024-12-30T12:00:00+00:00,1.04256,1.04354,1.04390,1.04642,9.0823,0.00885,
EURUSD,buy,2024-12-31T12:00:00+00:00,2024-12-31T15:00:00+00:00,1.03958,1.03683,1.03719,1.04343,36.7491,-0.10111,
EURUSD,buy,2025-01-06T01:00:00+00:00,2025-01-06T08:00:00+00:00,1.03154,1.03360,1.02917,1.03535,27.4091,0.05651,
EURUSD,buy,2025-01-06T01:00:00+00:00,2025-01-06T09:00:00+00:00,1.03154,1.03365,1.03401,1.03535,9.1364,0.01928,
EURUSD,buy,2025-01-10T12:00:00+00:00,2025-01-10T13:00:00+00:00,1.03086,1.02813,1.02849,1.03467,36.9372,-0.10079,
EURUSD,sell,2025-01-12T01:00:00+00:00,2025-01-13T03:00:00+00:00,1.02369,1.02164,1.02605,1.01990,27.5110,0.05636,
EURUSD,sell,2025-01-12T01:00:00+00:00,2025-01-13T03:00:00+00:00,1.02369,1.02405,1.02369,1.01990,9.1703,-0.00327,
EURUSD,sell,2025-01-13T08:00:00+00:00,2025-01-13T09:00:00+00:00,1.02184,1.01980,1.02419,1.01806,27.7556,0.05676,
EURUSD,sell,2025-01-13T08:00:00+00:00,2025-01-13T09:00:00+00:00,1.02184,1.02220,1.02184,1.01806,9.2519,-0.00330,
EURUSD,buy,2025-01-18T02:00:00+00:00,2025-01-20T03:00:00+00:00,1.02741,1.02946,1.02505,1.03121,27.8170,0.05712,
EURUSD,buy,2025-01-18T02:00:00+00:00,2025-01-20T04:00:00+00:00,1.02741,1.02982,1.03018,1.03121,9.2723,0.02237,
EURUSD,sell,2025-01-21T18:00:00+00:00,2025-01-21T23:00:00+00:00,1.04258,1.04049,1.04498,1.03872,27.6817,0.05776,
EURUSD,sell,2025-01-21T18:00:00+00:00,2025-01-21T23:00:00+00:00,1.04258,1.04294,1.04258,1.03872,9.2272,-0.00335,
EURUSD,sell,2025-01-23T22:00:00+00:00,2025-01-24T02:00:00+00:00,1.04132,1.04408,1.04371,1.03746,37.2147,-0.10267,
EURUSD,buy,2025-02-05T05:00:00+00:00,2025-02-05T07:00:00+00:00,1.03808,1.04016,1.03569,1.04192,27.6439,0.05735,
EURUSD,buy,2025-02-05T05:00:00+00:00,2025-02-05T08:00:00+00:00,1.03808,1.03863,1.03899,1.04192,9.2146,0.00504,
EURUSD,buy,2025-02-10T17:00:00+00:00,2025-02-11T15:00:00+00:00,1.03154,1.03360,1.02917,1.03535,28.0461,0.05782,
EURUSD,buy,2025-02-10T17:00:00+00:00,2025-02-11T16:00:00+00:00,1.03154,1.03352,1.03388,1.03535,9.3487,0.01851,
EURUSD,sell,2025-02-16T06:00:00+00:00,2025-02-18T01:00:00+00:00,1.04882,1.04672,1.05123,1.04493,27.8404,0.05844,
EURUSD,sell,2025-02-16T06:00:00+00:00,2025-02-18T02:00:00+00:00,1.04882,1.04741,1.04705,1.04493,9.2801,0.01300,
EURUSD,buy,2025-02-17T08:00:00+00:00,2025-02-18T05:00:00+00:00,1.04774,1.04497,1.04534,1.05162,37.1808,-0.10309,
EURUSD,sell,2025-02-21T15:00:00+00:00,2025-02-23T22:00:00+00:00,1.04508,1.04785,1.04748,1.04121,37.1020,-0.10272,
EURUSD,sell,2025-02-24T07:00:00+00:00,2025-02-24T12:00:00+00:00,1.04878,1.04668,1.05119,1.04489,27.3612,0.05743,
EURUSD,sell,2025-02-24T07:00:00+00:00,2025-02-24T13:00:00+00:00,1.04878,1.04760,1.04724,1.04489,9.1204,0.01068,
EURUSD,buy,2025-03-01T14:00:00+00:00,2025-03-02T22:00:00+00:00,1.03778,1.03986,1.03540,1.04162,27.9138,0.05790,
EURUSD,buy,2025-03-01T14:00:00+00:00,2025-03-02T23:00:00+00:00,1.03778,1.03961,1.03997,1.04162,9.3046,0.01700,
EURUSD,sell,2025-03-05T08:00:00+00:00,2025-03-05T09:00:00+00:00,1.06945,1.07228,1.07191,1.06549,36.4447,-0.10321,
EURUSD,sell,2025-03-14T15:00:00+00:00,2025-03-17T04:00:00+00:00,1.08682,1.08970,1.08932,1.08280,35.3874,-0.10182,
EURUSD,buy,2025-03-15T21:00:00+00:00,2025-03-17T10:00:00+00:00,1.08798,1.09015,1.08547,1.09200,26.5283,0.05768,
EURUSD,buy,2025-03-15T21:00:00+00:00,2025-03-17T11:00:00+00:00,1.08798,1.08925,1.08963,1.09200,8.8428,0.01129,
EURUSD,buy,2025-03-18T16:00:00+00:00,2025-03-19T07:00:00+00:00,1.09418,1.09128,1.09166,1.09823,35.0205,-0.10133,
EURUSD,buy,2025-03-22T04:00:00+00:00,2025-03-24T06:00:00+00:00,1.08153,1.08370,1.07905,1.08553,26.2210,0.05668,
EURUSD,buy,2025-03-22T04:00:00+00:00,2025-03-24T07:00:00+00:00,1.08153,1.08292,1.08329,1.08553,8.7403,0.01207,
EURUSD,sell,2025-03-24T06:00:00+00:00,2025-03-24T13:00:00+00:00,1.08363,1.08147,1.08613,1.07962,26.3506,0.05715,
EURUSD,sell,2025-03-24T06:00:00+00:00,2025-03-24T13:00:00+00:00,1.08363,1.07995,1.08363,1.07962,8.7835,0.03238,
EURUSD,buy,2025-03-27T17:00:00+00:00,2025-03-28T10:00:00+00:00,1.07927,1.07642,1.07679,1.08327,35.7680,-0.10210,
EURUSD,sell,2025-03-29T06:00:00+00:00,2025-03-31T01:00:00+00:00,1.08205,1.08491,1.08453,1.07804,35.1834,-0.10079,
EURUSD,buy,2025-03-30T17:00:00+00:00,2025-03-31T12:00:00+00:00,1.08269,1.07983,1.08021,1.08670,35.1834,-0.10075,
EURUSD,buy,2025-04-03T23:00:00+00:00,2025-04-04T02:00:00+00:00,1.10483,1.10704,1.10229,1.10892,25.1745,0.05559,
EURUSD,buy,2025-04-03T23:00:00+00:00,2025-04-04T03:00:00+00:00,1.10483,1.10566,1.10604,1.10892,8.3915,0.00694,
EURUSD,sell,2025-04-05T04:00:00+00:00,2025-04-06T21:00:00+00:00,1.09540,1.09321,1.09792,1.09135,25.5900,0.05610,
EURUSD,sell,2025-04-05T04:00:00+00:00,2025-04-06T21:00:00+00:00,1.09540,1.09167,1.09540,1.09135,8.5300,0.03179,
