symbol,side,entry_time,exit_time,entry_price,exit_price,stop,target,size,pnl,confluence
EURUSD,sell,2007-01-03T18:00:00+00:00,2007-01-04T07:00:00+00:00,1.31478,1.31825,1.31780,1.30991,38017.8988,-131.93147,
EURUSD,sell,2007-01-08T03:00:00+00:00,2007-01-08T08:00:00+00:00,1.29908,1.30251,1.30207,1.29427,37969.5897,-130.21354,
EURUSD,buy,2007-01-08T05:00:00+00:00,2007-01-08T13:00:00+00:00,1.30106,1.29763,1.29807,1.30587,37934.5589,-130.15145,
EURUSD,buy,2007-01-07T21:00:00+00:00,2007-01-08T14:00:00+00:00,1.30034,1.29691,1.29735,1.30515,37955.5696,-130.15250,
EURUSD,sell,2007-01-10T00:00:00+00:00,2007-01-10T07:00:00+00:00,1.29634,1.29976,1.29932,1.29154,36544.0417,-125.06435,
EURUSD,sell,2007-01-15T01:00:00+00:00,2007-01-15T07:00:00+00:00,1.29147,1.29488,1.29444,1.28669,36197.7563,-123.42082,
EURUSD,buy,2007-01-13T06:00:00+00:00,2007-01-16T07:00:00+00:00,1.29254,1.29512,1.28957,1.29732,27142.2243,70.11629,
EURUSD,buy,2007-01-15T03:00:00+00:00,2007-01-16T07:00:00+00:00,1.29357,1.29615,1.29059,1.29835,27120.6059,70.11629,
EURUSD,buy,2007-01-13T06:00:00+00:00,2007-01-16T08:00:00+00:00,1.29254,1.29475,1.29519,1.29732,9047.4081,20.02927,
EURUSD,buy,2007-01-15T03:00:00+00:00,2007-01-16T08:00:00+00:00,1.29357,1.29475,1.29519,1.29835,9040.2020,10.69912,
EURUSD,sell,2007-01-17T02:00:00+00:00,2007-01-18T02:00:00+00:00,1.29205,1.29546,1.29502,1.28727,36365.4284,-124.04737,
EURUSD,buy,2007-01-18T03:00:00+00:00,2007-01-18T09:00:00+00:00,1.29735,1.29393,1.29437,1.30215,35760.4687,-122.34739,
EURUSD,sell,2007-01-20T03:00:00+00:00,2007-01-22T03:00:00+00:00,1.29446,1.29788,1.29744,1.28967,35346.3031,-120.79252,
EURUSD,buy,2007-01-21T23:00:00+00:00,2007-01-22T12:00:00+00:00,1.29629,1.29287,1.29331,1.30108,35317.6638,-120.73511,
EURUSD,sell,2007-01-22T23:00:00+00:00,2007-01-23T07:00:00+00:00,1.29427,1.29769,1.29725,1.28948,34418.7063,-117.60555,
EURUSD,buy,2007-01-23T11:00:00+00:00,2007-01-24T08:00:00+00:00,1.30296,1.29952,1.29996,1.30778,33758.2584,-115.98951,
EURUSD,sell,2007-01-24T22:00:00+00:00,2007-01-25T07:00:00+00:00,1.29577,1.29919,1.29875,1.29098,33477.7705,-114.52105,
EURUSD,sell,2007-01-29T00:00:00+00:00,2007-01-29T14:00:00+00:00,1.28980,1.29321,1.29277,1.28503,33188.8651,-113.01748,
EURUSD,buy,2007-01-28T00:00:00+00:00,2007-01-29T17:00:00+00:00,1.29193,1.29451,1.28896,1.29671,24865.6305,64.20486,
EURUSD,buy,2007-01-28T00:00:00+00:00,2007-01-29T18:00:00+00:00,1.29193,1.29412,1.29456,1.29671,8288.5435,18.18660,
EURUSD,buy,2007-01-29T17:00:00+00:00,2007-01-31T09:00:00+00:00,1.29549,1.29207,1.29251,1.30028,32874.5879,-112.31498,
EURUSD,sell,2007-01-31T14:00:00+00:00,2007-01-31T15:00:00+00:00,1.29572,1.29914,1.29870,1.29093,32485.8514,-111.12366,
EURUSD,buy,2007-01-31T16:00:00+00:00,2007-01-31T19:00:00+00:00,1.29989,1.30249,1.29690,1.30470,23980.1569,62.30012,
EURUSD,buy,2007-01-31T16:00:00+00:00,2007-01-31T19:00:00+00:00,1.29989,1.29945,1.29989,1.30470,7993.3856,-3.51671,
EURUSD,sell,2007-02-02T15:00:00+00:00,2007-02-05T02:00:00+00:00,1.29688,1.29429,1.29986,1.29208,24191.3031,62.78978,
EURUSD,sell,2007-02-02T15:00:00+00:00,2007-02-05T03:00:00+00:00,1.29688,1.29497,1.29453,1.29208,8063.7677,15.42151,
EURUSD,buy,2007-02-04T17:00:00+00:00,2007-02-05T03:00:00+00:00,1.29619,1.29277,1.29321,1.30098,32291.6620,-110.38219,
EURUSD,buy,2007-02-04T21:00:00+00:00,2007-02-05T03:00:00+00:00,1.29619,1.29277,1.29321,1.30098,32291.6620,-110.38219,
EURUSD,sell,2007-02-04T19:00:00+00:00,2007-02-05T12:00:00+00:00,1.29541,1.29282,1.29839,1.29062,24218.7465,62.78978,
EURUSD,sell,2007-02-04T22:00:00+00:00,2007-02-05T12:00:00+00:00,1.29492,1.29233,1.29790,1.29013,24227.9082,62.78978,
EURUSD,sell,2007-02-04T19:00:00+00:00,2007-02-05T13:00:00+00:00,1.29541,1.29377,1.29333,1.29062,8072.9155,13.26579,
EURUSD,sell,2007-02-04T22:00:00+00:00,2007-02-05T13:00:00+00:00,1.29492,1.29377,1.29333,1.29013,8075.9694,9.31477,
EURUSD,buy,2007-02-06T19:00:00+00:00,2007-02-07T15:00:00+00:00,1.29820,1.30079,1.29521,1.30300,24197.4389,62.78286,
EURUSD,buy,2007-02-06T19:00:00+00:00,2007-02-07T16:00:00+00:00,1.29820,1.30055,1.30099,1.30300,8065.8130,18.95769,
EURUSD,sell,2007-02-09T19:00:00+00:00,2007-02-12T07:00:00+00:00,1.30003,1.30346,1.30302,1.29522,32512.7832,-111.58021,
EURUSD,buy,2007-02-11T07:00:00+00:00,2007-02-12T09:00:00+00:00,1.30086,1.29743,1.29787,1.30567,32511.5332,-111.52843,
EURUSD,sell,2007-02-12T11:00:00+00:00,2007-02-13T07:00:00+00:00,1.29509,1.29851,1.29807,1.29030,31775.6587,-108.64226,
EURUSD,buy,2007-02-13T18:00:00+00:00,2007-02-14T07:00:00+00:00,1.30302,1.30563,1.30002,1.30784,23388.1757,60.90852,
EURUSD,buy,2007-02-13T18:00:00+00:00,2007-02-14T07:00:00+00:00,1.30302,1.30258,1.30302,1.30784,7796.0586,-3.43721,
EURUSD,sell,2007-02-16T14:00:00+00:00,2007-02-18T22:00:00+00:00,1.31151,1.31497,1.31452,1.30665,31182.9222,-107.94724,
EURUSD,buy,2007-02-17T09:00:00+00:00,2007-02-20T02:00:00+00:00,1.31395,1.31658,1.31093,1.31881,23357.6363,61.33938,
EURUSD,buy,2007-02-17T09:00:00+00:00,2007-02-20T03:00:00+00:00,1.31395,1.31649,1.31694,1.31881,7785.8788,19.78287,
EURUSD,sell,2007-02-20T23:00:00+00:00,2007-02-21T13:00:00+00:00,1.31421,1.31158,1.31723,1.30934,23262.6373,61.18598,
EURUSD,sell,2007-02-20T23:00:00+00:00,2007-02-21T13:00:00+00:00,1.31421,1.31465,1.31421,1.30934,7754.2124,-3.44502,
EURUSD,buy,2007-02-23T12:00:00+00:00,2007-02-23T14:00:00+00:00,1.31296,1.31559,1.30994,1.31782,23463.5803,61.57116,
EURUSD,buy,2007-02-23T12:00:00+00:00,2007-02-23T14:00:00+00:00,1.31296,1.31252,1.31296,1.31782,7821.1934,-3.47163,
EURUSD,sell,2007-02-25T15:00:00+00:00,2007-02-26T00:00:00+00:00,1.31588,1.31935,1.31890,1.31100,31417.5307,-109.11644,
EURUSD,buy,2007-02-25T22:00:00+00:00,2007-02-27T08:00:00+00:00,1.31792,1.32055,1.31488,1.32279,23540.7924,62.00674,
EURUSD,buy,2007-02-25T22:00:00+00:00,2007-02-27T08:00:00+00:00,1.31792,1.31747,1.31792,1.32279,7846.9308,-3.49471,
EURUSD,sell,2007-03-01T15:00:00+00:00,2007-03-01T18:00:00+00:00,1.31582,1.31929,1.31884,1.31095,31226.7276,-108.44889,
EURUSD,buy,2007-03-03T08:00:00+00:00,2007-03-05T01:00:00+00:00,1.31922,1.31574,1.31618,1.32410,30753.7698,-106.96548,
EURUSD,sell,2007-03-04T17:00:00+00:00,2007-03-05T01:00:00+00:00,1.31842,1.31579,1.32146,1.31354,23065.3273,60.86176,
EURUSD,sell,2007-03-04T17:00:00+00:00,2007-03-05T01:00:00+00:00,1.31842,1.31394,1.31842,1.31354,7688.4424,34.48705,
EURUSD,buy,2007-03-04T21:00:00+00:00,2007-03-05T01:00:00+00:00,1.31922,1.31574,1.31618,1.32410,30753.7698,-106.96548,
EURUSD,sell,2007-03-05T00:00:00+00:00,2007-03-05T01:00:00+00:00,1.31686,1.31423,1.31989,1.31199,23092.6431,60.86176,
EURUSD,sell,2007-03-05T00:00:00+00:00,2007-03-05T01:00:00+00:00,1.31686,1.31731,1.31686,1.31199,7697.5477,-3.42598,
EURUSD,buy,2007-03-07T01:00:00+00:00,2007-03-07T18:00:00+00:00,1.31255,1.31518,1.30954,1.31741,23007.6485,60.35588,
EURUSD,buy,2007-03-07T01:00:00+00:00,2007-03-07T19:00:00+00:00,1.31255,1.31489,1.31533,1.31741,7669.2162,17.88283,
EURUSD,sell,2007-03-09T00:00:00+00:00,2007-03-09T13:00:00+00:00,1.31357,1.31094,1.31659,1.30870,23199.4211,60.99000,
EURUSD,sell,2007-03-09T00:00:00+00:00,2007-03-09T13:00:00+00:00,1.31357,1.31401,1.31357,1.30870,7733.1404,-3.43417,
EURUSD,sell,2007-03-11T22:00:00+00:00,2007-03-12T08:00:00+00:00,1.31070,1.31416,1.31371,1.30585,31219.7695,-108.00903,
EURUSD,buy,2007-03-11T14:00:00+00:00,2007-03-12T09:00:00+00:00,1.31165,1.31427,1.30864,1.31651,23411.7915,61.37395,
EURUSD,buy,2007-03-11T14:00:00+00:00,2007-03-12T09:00:00+00:00,1.31165,1.31611,1.31165,1.31651,7803.9305,34.77986,
EURUSD,buy,2007-03-11T23:00:00+00:00,2007-03-12T09:00:00+00:00,1.31281,1.31544,1.30980,1.31767,23391.0986,61.37395,
EURUSD,buy,2007-03-11T23:00:00+00:00,2007-03-12T10:00:00+00:00,1.31281,1.31603,1.31647,1.31767,7797.0329,25.03899,
EURUSD,buy,2007-03-18T15:00:00+00:00,2007-03-19T07:00:00+00:00,1.33143,1.32792,1.32837,1.33635,31032.1451,-108.91862,
EURUSD,buy,2007-03-18T21:00:00+00:00,2007-03-19T07:00:00+00:00,1.33169,1.32818,1.32863,1.33662,31026.0846,-108.91832,
EURUSD,sell,2007-03-18T05:00:00+00:00,2007-03-20T10:00:00+00:00,1.33063,1.32797,1.33369,1.32571,23274.1088,61.98124,
EURUSD,sell,2007-03-18T20:00:00+00:00,2007-03-20T10:00:00+00:00,1.33063,1.32797,1.33369,1.32571,23274.1088,61.98124,
EURUSD,sell,2007-03-18T05:00:00+00:00,2007-03-20T11:00:00+00:00,1.33063,1.32897,1.32852,1.32571,7758.0363,12.89479,
EURUSD,sell,2007-03-18T20:00:00+00:00,2007-03-20T11:00:00+00:00,1.33063,1.32897,1.32852,1.32571,7758.0363,12.89479,
EURUSD,buy,2007-03-20T23:00:00+00:00,2007-03-21T13:00:00+00:00,1.33175,1.32824,1.32869,1.33668,30768.9876,-108.02057,
EURUSD,sell,2007-03-19T05:00:00+00:00,2007-03-21T18:00:00+00:00,1.32941,1.33292,1.33247,1.32449,31060.6148,-108.97054,
EURUSD,sell,2007-03-23T03:00:00+00:00,2007-03-23T18:00:00+00:00,1.33124,1.32858,1.33430,1.32631,22460.6516,59.84233,
EURUSD,sell,2007-03-23T03:00:00+00:00,2007-03-23T19:00:00+00:00,1.33124,1.32952,1.32907,1.32631,7486.8839,12.89071,
EURUSD,buy,2007-03-25T20:00:00+00:00,2007-03-26T07:00:00+00:00,1.32852,1.32502,1.32546,1.33343,30300.7268,-106.12224,
EURUSD,sell,2007-03-25T22:00:00+00:00,2007-03-26T13:00:00+00:00,1.32596,1.32946,1.32901,1.32105,30340.9341,-106.17345,
EURUSD,buy,2007-03-26T17:00:00+00:00,2007-03-27T18:00:00+00:00,1.33371,1.33019,1.33064,1.33864,29386.6564,-103.31734,
EURUSD,sell,2007-03-28T21:00:00+00:00,2007-03-29T08:00:00+00:00,1.33093,1.33444,1.33399,1.32600,29042.3382,-102.00459,
EURUSD,buy,2007-03-30T00:00:00+00:00,2007-03-30T12:00:00+00:00,1.33284,1.32933,1.32978,1.33777,28635.3706,-100.61122,
EURUSD,sell,2007-03-30T12:00:00+00:00,2007-03-30T15:00:00+00:00,1.33085,1.33436,1.33391,1.32593,28283.0852,-99.33200,
EURUSD,buy,2007-03-30T16:00:00+00:00,2007-04-02T00:00:00+00:00,1.33740,1.33388,1.33433,1.34235,27789.9754,-97.97030,
EURUSD,buy,2007-04-01T21:00:00+00:00,2007-04-02T00:00:00+00:00,1.33790,1.33437,1.33482,1.34285,27779.5866,-97.96978,
EURUSD,sell,2007-04-02T02:00:00+00:00,2007-04-02T12:00:00+00:00,1.33430,1.33782,1.33737,1.32936,27103.8411,-95.43360,
EURUSD,buy,2007-04-02T12:00:00+00:00,2007-04-03T17:00:00+00:00,1.33792,1.33439,1.33484,1.34287,26689.9401,-94.12833,
EURUSD,sell,2007-04-01T15:00:00+00:00,2007-04-03T23:00:00+00:00,1.33495,1.33228,1.33802,1.33001,20868.2352,55.75453,
EURUSD,sell,2007-04-01T15:00:00+00:00,2007-04-04T00:00:00+00:00,1.33495,1.33334,1.33289,1.33001,6956.0784,11.19590,
EURUSD,sell,2007-04-03T19:00:00+00:00,2007-04-04T07:00:00+00:00,1.33252,1.33604,1.33559,1.32759,26428.9583,-92.93497,
EURUSD,buy,2007-04-04T21:00:00+00:00,2007-04-05T13:00:00+00:00,1.33730,1.33997,1.33423,1.34225,19689.8222,52.62611,
EURUSD,buy,2007-04-04T21:00:00+00:00,2007-04-05T13:00:00+00:00,1.33730,1.34184,1.33730,1.34225,6563.2741,29.82257,
EURUSD,buy,2007-04-08T11:00:00+00:00,2007-04-09T04:00:00+00:00,1.33875,1.33522,1.33567,1.34370,26532.6767,-93.63095,
EURUSD,sell,2007-04-06T22:00:00+00:00,2007-04-09T16:00:00+00:00,1.33740,1.33472,1.34048,1.33245,19907.6886,53.28579,
EURUSD,sell,2007-04-06T22:00:00+00:00,2007-04-09T17:00:00+00:00,1.33740,1.33585,1.33540,1.33245,6635.8962,10.27253,
EURUSD,sell,2007-04-08T22:00:00+00:00,2007-04-10T02:00:00+00:00,1.33680,1.34033,1.33987,1.33185,26555.4949,-93.67550,
EURUSD,buy,2007-04-10T06:00:00+00:00,2007-04-12T01:00:00+00:00,1.34260,1.34529,1.33952,1.34757,19496.6848,52.31649,
EURUSD,buy,2007-04-10T06:00:00+00:00,2007-04-12T02:00:00+00:00,1.34260,1.34455,1.34500,1.34757,6498.8949,12.63291,
EURUSD,sell,2007-04-15T01:00:00+00:00,2007-04-15T21:00:00+00:00,1.35192,1.35549,1.35503,1.34692,26040.9916,-92.88521,
EURUSD,buy,2007-04-15T21:00:00+00:00,2007-04-16T01:00:00+00:00,1.35701,1.35343,1.35389,1.36203,25616.6800,-91.61373,
EURUSD,sell,2007-04-17T07:00:00+00:00,2007-04-17T12:00:00+00:00,1.35359,1.35717,1.35671,1.34858,25327.5624,-90.45048,
EURUSD,buy,2007-04-17T18:00:00+00:00,2007-04-18T07:00:00+00:00,1.35691,1.35962,1.35379,1.36193,18710.6158,50.74210,
EURUSD,buy,2007-04-17T18:00:00+00:00,2007-04-18T08:00:00+00:00,1.35691,1.35824,1.35870,1.36193,6236.8719,8.32906,
EURUSD,buy,2007-04-22T21:00:00+00:00,2007-04-23T06:00:00+00:00,1.36071,1.35712,1.35758,1.36574,25094.9224,-89.98911,
EURUSD,sell,2007-04-20T23:00:00+00:00,2007-04-23T10:00:00+00:00,1.35839,1.35567,1.36152,1.35336,18841.9688,51.22490,
EURUSD,sell,2007-04-20T23:00:00+00:00,2007-04-23T11:00:00+00:00,1.35839,1.35716,1.35670,1.35336,6280.6563,7.75871,
EURUSD,sell,2007-04-23T10:00:00+00:00,2007-04-23T15:00:00+00:00,1.35489,1.35847,1.35801,1.34988,25044.4934,-89.52425,
EURUSD,buy,2007-04-24T17:00:00+00:00,2007-04-25T10:00:00+00:00,1.36251,1.36523,1.35938,1.36755,18464.4891,50.28134,
EURUSD,buy,2007-04-24T17:00:00+00:00,2007-04-25T11:00:00+00:00,1.36251,1.36414,1.36460,1.36755,6154.8297,10.04471,
EURUSD,sell,2007-04-26T14:00:00+00:00,2007-04-27T10:00:00+00:00,1.36009,1.36368,1.36322,1.35506,24869.9776,-89.23674,
EURUSD,buy,2007-04-27T19:00:00+00:00,2007-04-29T23:00:00+00:00,1.36541,1.36181,1.36227,1.37046,24461.1141,-88.01515,
EURUSD,sell,2007-04-29T21:00:00+00:00,2007-04-30T07:00:00+00:00,1.36309,1.36036,1.36623,1.35805,18366.0180,50.10366,
EURUSD,sell,2007-04-29T21:00:00+00:00,2007-04-30T08:00:00+00:00,1.36309,1.36078,1.36032,1.35805,6122.0060,14.15921,
EURUSD,buy,2007-05-01T05:00:00+00:00,2007-05-01T14:00:00+00:00,1.36521,1.36161,1.36207,1.37026,24377.6813,-87.70227,
EURUSD,sell,2007-05-01T18:00:00+00:00,2007-05-02T03:00:00+00:00,1.36138,1.35866,1.36451,1.35634,18082.1647,49.26743,
EURUSD,sell,2007-05-01T18:00:00+00:00,2007-05-02T03:00:00+00:00,1.36138,1.35675,1.36138,1.35634,6027.3882,27.91718,
EURUSD,buy,2007-05-03T11:00:00+00:00,2007-05-03T13:00:00+00:00,1.36133,1.35774,1.35820,1.36636,24408.5406,-87.56711,
EURUSD,sell,2007-05-03T19:00:00+00:00,2007-05-04T12:00:00+00:00,1.35499,1.35857,1.35811,1.34998,24184.9163,-86.45789,
EURUSD,sell,2007-05-06T09:00:00+00:00,2007-05-07T02:00:00+00:00,1.35785,1.36143,1.36098,1.35283,23815.7246,-85.31521,
EURUSD,buy,2007-05-04T23:00:00+00:00,2007-05-07T12:00:00+00:00,1.35934,1.36205,1.35621,1.36437,17852.9869,48.50300,
EURUSD,buy,2007-05-04T23:00:00+00:00,2007-05-07T13:00:00+00:00,1.35934,1.36104,1.36150,1.36437,5950.9956,10.13982,
EURUSD,buy,2007-05-06T22:00:00+00:00,2007-05-08T10:00:00+00:00,1.35991,1.35632,1.35678,1.36494,23794.0022,-85.27459,
EURUSD,sell,2007-05-08T11:00:00+00:00,2007-05-08T14:00:00+00:00,1.35519,1.35248,1.35831,1.35018,17587.1631,47.70091,
EURUSD,sell,2007-05-08T11:00:00+00:00,2007-05-08T14:00:00+00:00,1.35519,1.35565,1.35519,1.35018,5862.3877,-2.67661,
EURUSD,sell,2007-05-13T15:00:00+00:00,2007-05-14T03:00:00+00:00,1.35165,1.35522,1.35476,1.34665,23677.4497,-84.43810,
EURUSD,buy,2007-05-12T01:00:00+00:00,2007-05-14T11:00:00+00:00,1.35247,1.35517,1.34936,1.35747,17758.0873,48.00127,
EURUSD,buy,2007-05-12T01:00:00+00:00,2007-05-14T12:00:00+00:00,1.35247,1.35442,1.35488,1.35747,5919.3624,11.58972,
EURUSD,buy,2007-05-13T21:00:00+00:00,2007-05-15T14:00:00+00:00,1.35329,1.35599,1.35017,1.35829,17747.3238,48.00127,
EURUSD,buy,2007-05-13T21:00:00+00:00,2007-05-15T14:00:00+00:00,1.35329,1.35788,1.35329,1.35829,5915.7746,27.20173,
EURUSD,sell,2007-05-16T22:00:00+00:00,2007-05-17T12:00:00+00:00,1.35171,1.34901,1.35482,1.34671,17896.9574,48.41654,
EURUSD,sell,2007-05-16T22:00:00+00:00,2007-05-17T12:00:00+00:00,1.35171,1.35217,1.35171,1.34671,5965.6525,-2.71753,
EURUSD,buy,2007-05-20T21:00:00+00:00,2007-05-21T09:00:00+00:00,1.35206,1.34849,1.34895,1.35706,24039.9564,-85.66552,
EURUSD,buy,2007-05-19T06:00:00+00:00,2007-05-21T10:00:00+00:00,1.35099,1.34742,1.34788,1.35598,24059.0021,-85.66647,
EURUSD,sell,2007-05-20T16:00:00+00:00,2007-05-21T10:00:00+00:00,1.35017,1.34747,1.35328,1.34518,18044.2516,48.75942,
EURUSD,sell,2007-05-20T16:00:00+00:00,2007-05-21T10:00:00+00:00,1.35017,1.34558,1.35017,1.34518,6014.7505,27.62931,
EURUSD,sell,2007-05-21T11:00:00+00:00,2007-05-22T06:00:00+00:00,1.34411,1.34765,1.34720,1.33913,23814.5427,-84.45941,
EURUSD,buy,2007-05-23T16:00:00+00:00,2007-05-24T06:00:00+00:00,1.34739,1.34384,1.34430,1.35238,23457.1851,-83.30469,
EURUSD,sell,2007-05-24T10:00:00+00:00,2007-05-25T14:00:00+00:00,1.34346,1.34700,1.34655,1.33848,23201.8739,-82.24733,
EURUSD,buy,2007-05-28T04:00:00+00:00,2007-05-29T02:00:00+00:00,1.34584,1.34230,1.34275,1.35082,22868.9749,-81.12361,
EURUSD,sell,2007-05-29T02:00:00+00:00,2007-05-29T07:00:00+00:00,1.34183,1.34537,1.34491,1.33686,22621.4699,-80.09399,
EURUSD,buy,2007-05-25T22:00:00+00:00,2007-05-29T08:00:00+00:00,1.34420,1.34689,1.34111,1.34918,17172.6635,46.13525,
EURUSD,sell,2007-05-28T00:00:00+00:00,2007-05-29T08:00:00+00:00,1.34442,1.34796,1.34751,1.33944,22879.5182,-81.16175,
EURUSD,buy,2007-05-25T22:00:00+00:00,2007-05-29T09:00:00+00:00,1.34420,1.34727,1.34772,1.34918,5724.2212,17.53077,
EURUSD,buy,2007-05-29T11:00:00+00:00,2007-05-29T16:00:00+00:00,1.35034,1.34679,1.34724,1.35534,22130.8110,-78.76398,
EURUSD,sell,2007-05-30T08:00:00+00:00,2007-05-31T12:00:00+00:00,1.34347,1.34701,1.34656,1.33849,21937.7224,-77.76667,
EURUSD,buy,2007-05-31T17:00:00+00:00,2007-06-01T12:00:00+00:00,1.34559,1.34205,1.34250,1.35057,21627.1409,-76.70437,
EURUSD,sell,2007-06-03T16:00:00+00:00,2007-06-04T09:00:00+00:00,1.34366,1.34720,1.34675,1.33868,21359.9779,-75.72918,
EURUSD,sell,2007-06-01T19:00:00+00:00,2007-06-04T11:00:00+00:00,1.34404,1.34758,1.34713,1.33906,21353.9406,-75.72888,
EURUSD,buy,2007-06-03T02:00:00+00:00,2007-06-04T11:00:00+00:00,1.34446,1.34715,1.34137,1.34944,16019.9834,43.04684,
EURUSD,buy,2007-06-03T02:00:00+00:00,2007-06-04T12:00:00+00:00,1.34446,1.34661,1.34706,1.34944,5339.9945,11.44189,
EURUSD,buy,2007-06-04T00:00:00+00:00,2007-06-04T12:00:00+00:00,1.34490,1.34759,1.34181,1.34988,16014.7407,43.04684,
EURUSD,buy,2007-06-04T00:00:00+00:00,2007-06-04T13:00:00+00:00,1.34490,1.34767,1.34812,1.34988,5338.2469,14.74546,
EURUSD,sell,2007-06-06T22:00:00+00:00,2007-06-07T14:00:00+00:00,1.34886,1.34616,1.35196,1.34386,15849.3582,42.78649,
EURUSD,sell,2007-06-06T22:00:00+00:00,2007-06-07T15:00:00+00:00,1.34886,1.34683,1.34638,1.34386,5283.1194,10.67873,
EURUSD,buy,2007-06-10T07:00:00+00:00,2007-06-11T06:00:00+00:00,1.33724,1.33372,1.33417,1.34219,21528.7790,-75.88823,
EURUSD,sell,2007-06-10T19:00:00+00:00,2007-06-11T07:00:00+00:00,1.33644,1.33376,1.33951,1.33149,16146.5842,43.18764,
EURUSD,sell,2007-06-10T19:00:00+00:00,2007-06-11T08:00:00+00:00,1.33644,1.33553,1.33508,1.33149,5382.1947,4.88923,
EURUSD,buy,2007-06-14T11:00:00+00:00,2007-06-14T12:00:00+00:00,1.33115,1.32764,1.32809,1.33607,21522.8075,-75.52647,
EURUSD,sell,2007-06-17T14:00:00+00:00,2007-06-18T06:00:00+00:00,1.33701,1.34054,1.34008,1.33206,21133.2678,-74.55993,
EURUSD,buy,2007-06-17T23:00:00+00:00,2007-06-19T00:00:00+00:00,1.33895,1.34163,1.33587,1.34390,15836.4520,42.37923,
EURUSD,buy,2007-06-17T23:00:00+00:00,2007-06-19T01:00:00+00:00,1.33895,1.34101,1.34146,1.34390,5278.8173,10.85331,
EURUSD,sell,2007-06-21T00:00:00+00:00,2007-06-22T06:00:00+00:00,1.33812,1.34165,1.34120,1.33317,21036.0747,-74.27775,
EURUSD,buy,2007-06-22T12:00:00+00:00,2007-06-22T14:00:00+00:00,1.34645,1.34290,1.34336,1.35143,20642.4858,-73.25827,
EURUSD,buy,2007-06-25T00:00:00+00:00,2007-06-25T07:00:00+00:00,1.34745,1.34390,1.34436,1.35244,20355.2404,-72.29177,
EURUSD,sell,2007-06-25T07:00:00+00:00,2007-06-25T19:00:00+00:00,1.34392,1.34746,1.34701,1.33894,20127.6986,-71.37390,
EURUSD,sell,2007-06-24T17:00:00+00:00,2007-06-27T06:00:00+00:00,1.34589,1.34319,1.34898,1.34090,15275.0484,41.14533,
EURUSD,sell,2007-06-24T17:00:00+00:00,2007-06-27T07:00:00+00:00,1.34589,1.34364,1.34319,1.34090,5091.6828,11.42136,
EURUSD,buy,2007-06-28T07:00:00+00:00,2007-06-29T09:00:00+00:00,1.34540,1.34809,1.34231,1.35038,15035.7054,40.43027,
EURUSD,sell,2007-06-29T07:00:00+00:00,2007-06-29T09:00:00+00:00,1.34409,1.34763,1.34718,1.33911,20055.2118,-71.12572,
EURUSD,buy,2007-06-28T07:00:00+00:00,2007-06-29T10:00:00+00:00,1.34540,1.34793,1.34838,1.35038,5011.9018,12.64002,
EURUSD,buy,2007-06-29T12:00:00+00:00,2007-07-01T21:00:00+00:00,1.35141,1.35411,1.34830,1.35640,14918.8127,40.29491,
EURUSD,buy,2007-06-29T12:00:00+00:00,2007-07-01T22:00:00+00:00,1.35141,1.35329,1.35375,1.35640,4972.9376,9.39184,
EURUSD,sell,2007-07-01T23:00:00+00:00,2007-07-02T07:00:00+00:00,1.35302,1.35659,1.35614,1.34802,20039.5945,-71.53624,
EURUSD,buy,2007-07-02T09:00:00+00:00,2007-07-02T14:00:00+00:00,1.35883,1.36154,1.35570,1.36385,14777.0059,40.13110,
EURUSD,buy,2007-07-02T09:00:00+00:00,2007-07-02T15:00:00+00:00,1.35883,1.36132,1.36178,1.36385,4925.6686,12.28440,
EURUSD,sell,2007-07-04T10:00:00+00:00,2007-07-05T07:00:00+00:00,1.36047,1.36406,1.36360,1.35544,19859.6383,-71.27862,
EURUSD,buy,2007-07-04T17:00:00+00:00,2007-07-05T08:00:00+00:00,1.36148,1.36420,1.35835,1.36651,14892.6495,40.52407,
EURUSD,buy,2007-07-04T17:00:00+00:00,2007-07-05T09:00:00+00:00,1.36148,1.36351,1.36397,1.36651,4964.2165,10.08978,
EURUSD,sell,2007-07-05T22:00:00+00:00,2007-07-06T14:00:00+00:00,1.35924,1.36283,1.36237,1.35421,19801.6113,-71.00701,
EURUSD,buy,2007-07-07T00:00:00+00:00,2007-07-10T05:00:00+00:00,1.36267,1.35908,1.35954,1.36771,19503.0506,-70.03631,
EURUSD,buy,2007-07-08T21:00:00+00:00,2007-07-10T05:00:00+00:00,1.36366,1.36007,1.36052,1.36870,19488.8874,-70.03560,
EURUSD,sell,2007-07-08T14:00:00+00:00,2007-07-10T08:00:00+00:00,1.36185,1.36544,1.36498,1.35681,19503.0506,-70.06877,
EURUSD,sell,2007-07-10T04:00:00+00:00,2007-07-10T08:00:00+00:00,1.36035,1.36394,1.36348,1.35532,19524.5493,-70.06985,
EURUSD,buy,2007-07-10T11:00:00+00:00,2007-07-10T13:00:00+00:00,1.36586,1.36859,1.36272,1.37091,13823.5599,37.73604,
EURUSD,buy,2007-07-10T11:00:00+00:00,2007-07-10T13:00:00+00:00,1.36586,1.36540,1.36586,1.37091,4607.8533,-2.11843,
EURUSD,sell,2007-07-15T22:00:00+00:00,2007-07-16T09:00:00+00:00,1.37675,1.38038,1.37991,1.37165,18404.0062,-66.83336,
EURUSD,sell,2007-07-15T12:00:00+00:00,2007-07-18T00:00:00+00:00,1.37802,1.38165,1.38119,1.37292,18387.0499,-66.83251,
EURUSD,buy,2007-07-15T15:00:00+00:00,2007-07-18T00:00:00+00:00,1.37884,1.38160,1.37567,1.38394,13790.2874,38.00306,
EURUSD,sell,2007-07-15T16:00:00+00:00,2007-07-18T00:00:00+00:00,1.37802,1.38165,1.38119,1.37292,18387.0499,-66.83251,
EURUSD,buy,2007-07-15T17:00:00+00:00,2007-07-18T00:00:00+00:00,1.37884,1.38160,1.37567,1.38394,13790.2874,38.00306,
EURUSD,buy,2007-07-16T19:00:00+00:00,2007-07-18T00:00:00+00:00,1.37809,1.38085,1.37492,1.38319,13615.8765,37.50201,
EURUSD,sell,2007-07-16T21:00:00+00:00,2007-07-18T00:00:00+00:00,1.37681,1.38044,1.37997,1.37171,18160.5658,-65.95215,
EURUSD,buy,2007-07-17T21:00:00+00:00,2007-07-18T00:00:00+00:00,1.37849,1.38125,1.37532,1.38359,13611.9244,37.50201,
EURUSD,buy,2007-07-15T15:00:00+00:00,2007-07-18T01:00:00+00:00,1.37884,1.37984,1.38030,1.38394,4596.7625,4.56181,
EURUSD,buy,2007-07-15T17:00:00+00:00,2007-07-18T01:00:00+00:00,1.37884,1.37984,1.38030,1.38394,4596.7625,4.56181,
EURUSD,buy,2007-07-16T19:00:00+00:00,2007-07-18T01:00:00+00:00,1.37809,1.37984,1.38030,1.38319,4538.6255,7.90910,
EURUSD,buy,2007-07-17T21:00:00+00:00,2007-07-18T01:00:00+00:00,1.37849,1.37984,1.38030,1.38359,4537.3081,6.09134,
EURUSD,sell,2007-07-20T10:00:00+00:00,2007-07-20T14:00:00+00:00,1.37834,1.38197,1.38151,1.37323,18047.9997,-65.61517,
EURUSD,buy,2007-07-20T20:00:00+00:00,2007-07-23T09:00:00+00:00,1.38292,1.37928,1.37974,1.38804,17761.6102,-64.71765,
EURUSD,sell,2007-07-23T08:00:00+00:00,2007-07-24T12:00:00+00:00,1.38091,1.38455,1.38408,1.37579,17776.9117,-64.74842,
EURUSD,buy,2007-07-24T18:00:00+00:00,2007-07-25T01:00:00+00:00,1.38307,1.37943,1.37989,1.38819,17291.5058,-63.01148,
EURUSD,sell,2007-07-25T08:00:00+00:00,2007-07-25T15:00:00+00:00,1.37273,1.36998,1.37589,1.36765,12886.4587,35.40363,
EURUSD,sell,2007-07-25T08:00:00+00:00,2007-07-25T16:00:00+00:00,1.37273,1.37190,1.37144,1.36765,4295.4862,3.55070,
EURUSD,buy,2007-07-27T04:00:00+00:00,2007-07-27T06:00:00+00:00,1.37472,1.37110,1.37156,1.37981,17309.0406,-62.69969,
EURUSD,sell,2007-07-27T13:00:00+00:00,2007-07-29T21:00:00+00:00,1.36491,1.36218,1.36805,1.35986,12895.0479,35.22547,
EURUSD,sell,2007-07-27T13:00:00+00:00,2007-07-29T22:00:00+00:00,1.36491,1.36267,1.36221,1.35986,4298.3493,9.63572,
EURUSD,sell,2007-07-29T21:00:00+00:00,2007-07-29T23:00:00+00:00,1.36080,1.36439,1.36393,1.35577,17374.7008,-62.37479,
EURUSD,buy,2007-07-29T20:00:00+00:00,2007-07-30T07:00:00+00:00,1.36363,1.36635,1.36049,1.36867,12914.9124,35.19800,
EURUSD,buy,2007-07-29T20:00:00+00:00,2007-07-30T08:00:00+00:00,1.36363,1.36466,1.36512,1.36867,4304.9708,4.44063,
EURUSD,buy,2007-07-30T07:00:00+00:00,2007-07-30T19:00:00+00:00,1.36686,1.36959,1.36372,1.37192,12932.9162,35.33058,
EURUSD,buy,2007-07-30T07:00:00+00:00,2007-07-30T20:00:00+00:00,1.36686,1.36825,1.36871,1.37192,4310.9721,5.98995,
EURUSD,sell,2007-08-01T04:00:00+00:00,2007-08-01T12:00:00+00:00,1.36514,1.36874,1.36828,1.36009,17422.8091,-62.74414,
EURUSD,buy,2007-08-02T18:00:00+00:00,2007-08-03T13:00:00+00:00,1.36942,1.37216,1.36627,1.37449,12862.2123,35.20326,
EURUSD,buy,2007-08-02T18:00:00+00:00,2007-08-03T13:00:00+00:00,1.36942,1.37407,1.36942,1.37449,4287.4041,19.94925,
EURUSD,sell,2007-08-07T08:00:00+00:00,2007-08-07T15:00:00+00:00,1.37816,1.37540,1.38133,1.37306,12923.0428,35.64453,
EURUSD,sell,2007-08-07T08:00:00+00:00,2007-08-07T16:00:00+00:00,1.37816,1.37594,1.37548,1.37306,4307.6809,9.53621,
EURUSD,buy,2007-08-08T21:00:00+00:00,2007-08-09T07:00:00+00:00,1.37986,1.37623,1.37669,1.38497,17383.4953,-63.20165,
EURUSD,sell,2007-08-09T16:00:00+00:00,2007-08-10T00:00:00+00:00,1.36854,1.36580,1.37169,1.36347,12964.4916,35.50932,
EURUSD,sell,2007-08-09T16:00:00+00:00,2007-08-10T01:00:00+00:00,1.36854,1.36710,1.36664,1.36347,4321.4972,6.21997,
EURUSD,buy,2007-08-11T08:00:00+00:00,2007-08-13T07:00:00+00:00,1.36971,1.36610,1.36656,1.37478,17433.9449,-62.92509,
EURUSD,buy,2007-08-13T02:00:00+00:00,2007-08-13T07:00:00+00:00,1.37085,1.36724,1.36770,1.37592,17419.4425,-62.92437,
EURUSD,sell,2007-08-12T21:00:00+00:00,2007-08-13T09:00:00+00:00,1.36792,1.36518,1.37107,1.36286,13084.7278,35.82242,
EURUSD,sell,2007-08-12T21:00:00+00:00,2007-08-13T10:00:00+00:00,1.36792,1.36626,1.36580,1.36286,4361.5759,7.23911,
EURUSD,sell,2007-08-13T07:00:00+00:00,2007-08-13T14:00:00+00:00,1.36605,1.36332,1.36919,1.36099,12757.2634,34.87818,
EURUSD,sell,2007-08-13T07:00:00+00:00,2007-08-13T14:00:00+00:00,1.36605,1.36140,1.36605,1.36099,4252.4211,19.76357,
EURUSD,buy,2007-08-17T13:00:00+00:00,2007-08-17T14:00:00+00:00,1.34928,1.35198,1.34618,1.35428,13195.1525,35.58347,
EURUSD,buy,2007-08-17T13:00:00+00:00,2007-08-17T14:00:00+00:00,1.34928,1.34883,1.34928,1.35428,4398.3842,-2.00025,
EURUSD,sell,2007-08-19T09:00:00+00:00,2007-08-20T03:00:00+00:00,1.34674,1.35029,1.34983,1.34175,17740.9073,-63.04031,
EURUSD,sell,2007-08-21T03:00:00+00:00,2007-08-21T10:00:00+00:00,1.34679,1.35034,1.34988,1.34180,17506.2792,-62.20887,
EURUSD,buy,2007-08-19T21:00:00+00:00,2007-08-21T11:00:00+00:00,1.34807,1.35077,1.34497,1.35306,13300.4478,35.83525,
EURUSD,buy,2007-08-19T21:00:00+00:00,2007-08-21T12:00:00+00:00,1.34807,1.34907,1.34952,1.35306,4433.4826,4.39295,
EURUSD,buy,2007-08-22T15:00:00+00:00,2007-08-23T09:00:00+00:00,1.35348,1.35618,1.35036,1.35848,13011.7331,35.19784,
EURUSD,buy,2007-08-22T15:00:00+00:00,2007-08-23T10:00:00+00:00,1.35348,1.35535,1.35581,1.35848,4337.2444,8.14253,
EURUSD,sell,2007-08-26T22:00:00+00:00,2007-08-27T14:00:00+00:00,1.36666,1.36392,1.36980,1.36160,12997.3682,35.55048,
EURUSD,sell,2007-08-26T22:00:00+00:00,2007-08-27T15:00:00+00:00,1.36666,1.36524,1.36478,1.36160,4332.4561,6.15395,
EURUSD,buy,2007-08-29T21:00:00+00:00,2007-08-30T00:00:00+00:00,1.36769,1.36409,1.36455,1.37275,17479.6713,-62.99835,
EURUSD,buy,2007-09-02T15:00:00+00:00,2007-09-04T07:00:00+00:00,1.36325,1.35966,1.36011,1.36829,17305.4894,-62.17086,
EURUSD,sell,2007-09-01T02:00:00+00:00,2007-09-04T08:00:00+00:00,1.36243,1.35970,1.36557,1.35739,12979.1171,35.39072,
EURUSD,sell,2007-09-01T02:00:00+00:00,2007-09-04T09:00:00+00:00,1.36243,1.36085,1.36039,1.35739,4326.3724,6.84872,
EURUSD,sell,2007-09-03T22:00:00+00:00,2007-09-04T10:00:00+00:00,1.36069,1.35797,1.36382,1.35566,12995.7093,35.39072,
EURUSD,sell,2007-09-03T22:00:00+00:00,2007-09-04T11:00:00+00:00,1.36069,1.35935,1.35889,1.35566,4331.9031,5.82203,
EURUSD,buy,2007-09-05T16:00:00+00:00,2007-09-05T20:00:00+00:00,1.36695,1.36335,1.36381,1.37201,17336.4993,-62.44900,
EURUSD,sell,2007-09-09T13:00:00+00:00,2007-09-10T07:00:00+00:00,1.37606,1.37969,1.37922,1.37096,16984.5872,-61.64833,
EURUSD,buy,2007-09-09T21:00:00+00:00,2007-09-11T10:00:00+00:00,1.37826,1.38102,1.37509,1.38336,12725.6821,35.05449,
EURUSD,buy,2007-09-09T21:00:00+00:00,2007-09-11T11:00:00+00:00,1.37826,1.38038,1.38084,1.38336,4241.8940,8.96061,
EURUSD,buy,2007-09-15T17:00:00+00:00,2007-09-18T05:00:00+00:00,1.38767,1.38401,1.38448,1.39280,16789.0493,-61.38081,
EURUSD,sell,2007-09-14T03:00:00+00:00,2007-09-18T06:00:00+00:00,1.38661,1.38384,1.38980,1.38148,12593.7842,34.94954,
EURUSD,sell,2007-09-16T19:00:00+00:00,2007-09-18T06:00:00+00:00,1.38683,1.38406,1.39002,1.38170,12591.7870,34.94954,
EURUSD,sell,2007-09-14T03:00:00+00:00,2007-09-18T07:00:00+00:00,1.38661,1.38604,1.38557,1.38148,4197.9281,2.42726,
EURUSD,sell,2007-09-16T19:00:00+00:00,2007-09-18T07:00:00+00:00,1.38683,1.38604,1.38557,1.38170,4197.2623,3.35000,
EURUSD,buy,2007-09-18T18:00:00+00:00,2007-09-19T10:00:00+00:00,1.39748,1.39380,1.39427,1.40265,16722.3214,-61.56327,
EURUSD,sell,2007-09-23T22:00:00+00:00,2007-09-24T01:00:00+00:00,1.40817,1.41188,1.41141,1.40296,16366.9130,-60.77353,
EURUSD,buy,2007-09-23T23:00:00+00:00,2007-09-24T06:00:00+00:00,1.40943,1.41225,1.40619,1.41465,12271.5257,34.56792,
EURUSD,buy,2007-09-23T23:00:00+00:00,2007-09-24T07:00:00+00:00,1.40943,1.41033,1.41080,1.41465,4090.5086,3.65721,
EURUSD,sell,2007-09-25T01:00:00+00:00,2007-09-25T12:00:00+00:00,1.40728,1.41099,1.41052,1.40207,16297.1712,-60.47684,
EURUSD,buy,2007-09-25T18:00:00+00:00,2007-09-26T08:00:00+00:00,1.41467,1.41095,1.41142,1.41991,16007.8796,-59.64834,
EURUSD,sell,2007-10-01T01:00:00+00:00,2007-10-01T07:00:00+00:00,1.42600,1.42315,1.42928,1.42072,11746.5817,33.52442,
EURUSD,sell,2007-10-01T01:00:00+00:00,2007-10-01T08:00:00+00:00,1.42600,1.42387,1.42339,1.42072,3915.5272,8.35980,
EURUSD,buy,2007-10-05T07:00:00+00:00,2007-10-05T12:00:00+00:00,1.41147,1.40776,1.40823,1.41669,15981.2361,-59.41613,
EURUSD,buy,2007-10-07T21:00:00+00:00,2007-10-08T06:00:00+00:00,1.41540,1.41168,1.41215,1.42064,15726.8954,-58.63119,
EURUSD,sell,2007-10-07T11:00:00+00:00,2007-10-08T07:00:00+00:00,1.41251,1.40968,1.41576,1.40728,11812.2850,33.39288,
EURUSD,sell,2007-10-07T11:00:00+00:00,2007-10-08T08:00:00+00:00,1.41251,1.41190,1.41143,1.40728,3937.4283,2.37300,
EURUSD,sell,2007-10-08T09:00:00+00:00,2007-10-08T15:00:00+00:00,1.40855,1.40573,1.41179,1.40333,11784.6278,33.22133,
EURUSD,sell,2007-10-08T09:00:00+00:00,2007-10-08T16:00:00+00:00,1.40855,1.40617,1.40570,1.40333,3928.2093,9.33179,
EURUSD,buy,2007-10-10T01:00:00+00:00,2007-10-10T08:00:00+00:00,1.41028,1.41310,1.40704,1.41550,11890.3729,33.51445,
EURUSD,buy,2007-10-10T01:00:00+00:00,2007-10-10T09:00:00+00:00,1.41028,1.41225,1.41272,1.41550,3963.4576,7.78122,
EURUSD,sell,2007-10-12T20:00:00+00:00,2007-10-15T07:00:00+00:00,1.41720,1.42094,1.42047,1.41196,15912.5864,-59.46062,
EURUSD,buy,2007-10-15T07:00:00+00:00,2007-10-16T07:00:00+00:00,1.42168,1.41793,1.41841,1.42694,15662.8720,-58.64778,
EURUSD,sell,2007-10-16T14:00:00+00:00,2007-10-17T06:00:00+00:00,1.41514,1.41887,1.41839,1.40990,15518.6766,-57.90515,
EURUSD,buy,2007-10-17T18:00:00+00:00,2007-10-18T01:00:00+00:00,1.41868,1.42151,1.41541,1.42392,11463.8245,32.50446,
EURUSD,buy,2007-10-17T18:00:00+00:00,2007-10-18T02:00:00+00:00,1.41868,1.42146,1.42194,1.42392,3821.2748,10.65355,
EURUSD,sell,2007-10-22T11:00:00+00:00,2007-10-22T12:00:00+00:00,1.41567,1.41940,1.41892,1.41043,15460.7985,-57.71050,
EURUSD,buy,2007-10-23T23:00:00+00:00,2007-10-24T07:00:00+00:00,1.42588,1.42212,1.42260,1.43115,15156.8485,-56.91851,
EURUSD,sell,2007-10-28T20:00:00+00:00,2007-10-28T21:00:00+00:00,1.43851,1.44230,1.44182,1.43318,14816.9744,-56.18778,
EURUSD,buy,2007-10-28T21:00:00+00:00,2007-10-29T14:00:00+00:00,1.44102,1.43723,1.43771,1.44635,14604.9870,-55.42088,
EURUSD,sell,2007-10-30T15:00:00+00:00,2007-10-31T06:00:00+00:00,1.44180,1.44560,1.44511,1.43646,14396.2432,-54.71549,
EURUSD,buy,2007-10-30T21:00:00+00:00,2007-10-31T18:00:00+00:00,1.44426,1.44715,1.44094,1.44961,10785.2173,31.13189,
EURUSD,buy,2007-10-30T21:00:00+00:00,2007-10-31T18:00:00+00:00,1.44426,1.44378,1.44426,1.44961,3595.0724,-1.73737,
EURUSD,sell,2007-11-01T17:00:00+00:00,2007-11-02T07:00:00+00:00,1.44315,1.44695,1.44647,1.43781,14295.0782,-54.38118,
EURUSD,buy,2007-11-02T15:00:00+00:00,2007-11-02T16:00:00+00:00,1.44844,1.45134,1.44511,1.45380,10547.6739,30.53436,
EURUSD,buy,2007-11-02T15:00:00+00:00,2007-11-02T16:00:00+00:00,1.44844,1.44796,1.44844,1.45380,3515.8913,-1.70351,
EURUSD,buy,2007-11-04T22:00:00+00:00,2007-11-05T03:00:00+00:00,1.45215,1.44832,1.44881,1.45752,14127.0208,-54.01551,
EURUSD,sell,2007-11-04T14:00:00+00:00,2007-11-05T08:00:00+00:00,1.44934,1.44643,1.45267,1.44397,10609.4436,30.77450,
EURUSD,sell,2007-11-04T14:00:00+00:00,2007-11-05T09:00:00+00:00,1.44934,1.44805,1.44757,1.44397,3536.4812,4.52946,
EURUSD,sell,2007-11-05T05:00:00+00:00,2007-11-05T10:00:00+00:00,1.44809,1.44519,1.45142,1.44273,10478.7610,30.36923,
EURUSD,sell,2007-11-05T05:00:00+00:00,2007-11-05T11:00:00+00:00,1.44809,1.44787,1.44739,1.44273,3492.9203,0.73775,
EURUSD,buy,2007-11-06T12:00:00+00:00,2007-11-07T02:00:00+00:00,1.45406,1.45696,1.45071,1.45943,10613.3211,30.84344,
EURUSD,buy,2007-11-06T12:00:00+00:00,2007-11-07T02:00:00+00:00,1.45406,1.45900,1.45406,1.45943,3537.7737,17.47860,
EURUSD,sell,2007-11-10T04:00:00+00:00,2007-11-11T22:00:00+00:00,1.46681,1.46387,1.47018,1.46138,10638.2304,31.23006,
EURUSD,sell,2007-11-10T04:00:00+00:00,2007-11-11T22:00:00+00:00,1.46681,1.46730,1.46681,1.46138,3546.0768,-1.73778,
EURUSD,buy,2007-11-11T12:00:00+00:00,2007-11-11T22:00:00+00:00,1.46769,1.46383,1.46432,1.47312,14184.3071,-54.80752,
EURUSD,sell,2007-11-11T22:00:00+00:00,2007-11-12T08:00:00+00:00,1.46415,1.46122,1.46752,1.45873,10592.7334,31.04012,
EURUSD,sell,2007-11-11T22:00:00+00:00,2007-11-12T08:00:00+00:00,1.46415,1.46464,1.46415,1.45873,3530.9111,-1.72753,
EURUSD,buy,2007-11-13T21:00:00+00:00,2007-11-14T01:00:00+00:00,1.46045,1.46337,1.45709,1.46585,10701.2511,31.23568,
EURUSD,buy,2007-11-13T21:00:00+00:00,2007-11-14T02:00:00+00:00,1.46045,1.46339,1.46388,1.46585,3567.0837,10.49739,
EURUSD,sell,2007-11-15T18:00:00+00:00,2007-11-16T07:00:00+00:00,1.46109,1.46494,1.46445,1.45568,14396.2674,-55.43815,
EURUSD,buy,2007-11-17T00:00:00+00:00,2007-11-19T08:00:00+00:00,1.46628,1.46242,1.46291,1.47170,14164.8379,-54.68037,
EURUSD,sell,2007-11-19T11:00:00+00:00,2007-11-19T13:00:00+00:00,1.46313,1.46699,1.46650,1.45772,14000.0028,-53.98646,
EURUSD,buy,2007-11-20T07:00:00+00:00,2007-11-20T09:00:00+00:00,1.47369,1.47664,1.47030,1.47914,10293.5950,30.31825,
EURUSD,buy,2007-11-20T07:00:00+00:00,2007-11-20T09:00:00+00:00,1.47369,1.47320,1.47369,1.47914,3431.1983,-1.68847,
EURUSD,buy,2007-11-25T07:00:00+00:00,2007-11-26T02:00:00+00:00,1.48403,1.48012,1.48061,1.48951,13725.7180,-53.61818,
EURUSD,sell,2007-11-23T22:00:00+00:00,2007-11-26T07:00:00+00:00,1.48313,1.48704,1.48655,1.47765,13725.7180,-53.64303,
EURUSD,sell,2007-11-25T22:00:00+00:00,2007-11-26T07:00:00+00:00,1.48213,1.48603,1.48554,1.47664,13735.0686,-53.64350,
EURUSD,buy,2007-11-26T14:00:00+00:00,2007-11-26T21:00:00+00:00,1.48483,1.48779,1.48141,1.49032,9882.2457,29.32657,
EURUSD,buy,2007-11-26T14:00:00+00:00,2007-11-26T22:00:00+00:00,1.48483,1.48616,1.48666,1.49032,3294.0819,4.40980,
EURUSD,sell,2007-11-27T23:00:00+00:00,2007-11-28T07:00:00+00:00,1.48288,1.47991,1.48629,1.47739,9974.5970,29.60258,
EURUSD,sell,2007-11-27T23:00:00+00:00,2007-11-28T07:00:00+00:00,1.48288,1.47783,1.48288,1.47739,3324.8657,16.77417,
EURUSD,buy,2007-12-02T20:00:00+00:00,2007-12-03T05:00:00+00:00,1.46357,1.46649,1.46020,1.46898,10231.1018,29.92719,
EURUSD,buy,2007-12-02T20:00:00+00:00,2007-12-03T06:00:00+00:00,1.46357,1.46560,1.46609,1.46898,3410.3673,6.92731,
EURUSD,sell,2007-12-05T20:00:00+00:00,2007-12-06T07:00:00+00:00,1.46021,1.45729,1.46357,1.45481,10343.0914,30.22706,
EURUSD,sell,2007-12-05T20:00:00+00:00,2007-12-06T08:00:00+00:00,1.46021,1.45876,1.45827,1.45481,3447.6971,5.01402,
EURUSD,buy,2007-12-07T10:00:00+00:00,2007-12-10T09:00:00+00:00,1.46391,1.46683,1.46054,1.46932,10413.4628,30.46769,
EURUSD,buy,2007-12-07T10:00:00+00:00,2007-12-10T10:00:00+00:00,1.46391,1.46532,1.46581,1.46932,3471.1543,4.89860,
EURUSD,sell,2007-12-09T22:00:00+00:00,2007-12-10T11:00:00+00:00,1.46490,1.46876,1.46827,1.45948,13866.8982,-53.53702,
EURUSD,buy,2007-12-10T12:00:00+00:00,2007-12-11T10:00:00+00:00,1.47218,1.46831,1.46880,1.47763,13744.8645,-53.26995,
EURUSD,sell,2007-12-12T00:00:00+00:00,2007-12-12T06:00:00+00:00,1.46589,1.46975,1.46926,1.46046,13613.9322,-52.59542,
EURUSD,buy,2007-12-12T23:00:00+00:00,2007-12-13T10:00:00+00:00,1.47154,1.46767,1.46816,1.47698,13391.0272,-51.87633,
EURUSD,sell,2007-12-13T19:00:00+00:00,2007-12-14T06:00:00+00:00,1.46167,1.46552,1.46503,1.45626,13295.9616,-51.22107,
EURUSD,buy,2007-12-16T19:00:00+00:00,2007-12-16T22:00:00+00:00,1.44325,1.43945,1.43993,1.44859,13296.2206,-50.53164,
EURUSD,sell,2007-12-16T22:00:00+00:00,2007-12-17T00:00:00+00:00,1.43974,1.44353,1.44305,1.43441,13145.2501,-49.89045,
EURUSD,buy,2007-12-17T04:00:00+00:00,2007-12-17T07:00:00+00:00,1.44454,1.44074,1.44122,1.44989,12936.6479,-49.20848,
EURUSD,sell,2007-12-17T07:00:00+00:00,2007-12-17T08:00:00+00:00,1.44100,1.43811,1.44431,1.43566,9592.5055,27.66464,
EURUSD,sell,2007-12-17T07:00:00+00:00,2007-12-17T08:00:00+00:00,1.44100,1.44148,1.44100,1.43566,3197.5018,-1.54220,
EURUSD,buy,2007-12-18T21:00:00+00:00,2007-12-19T07:00:00+00:00,1.44152,1.43773,1.43821,1.44685,12883.6592,-48.90578,
EURUSD,sell,2007-12-19T17:00:00+00:00,2007-12-19T20:00:00+00:00,1.43538,1.43916,1.43868,1.43007,12760.7298,-48.28638,
EURUSD,buy,2007-12-21T16:00:00+00:00,2007-12-24T10:00:00+00:00,1.43613,1.43900,1.43283,1.44144,9445.1582,27.11025,
EURUSD,buy,2007-12-21T16:00:00+00:00,2007-12-24T11:00:00+00:00,1.43613,1.43834,1.43882,1.44144,3148.3861,6.95056,
EURUSD,sell,2007-12-23T22:00:00+00:00,2007-12-24T11:00:00+00:00,1.43675,1.44054,1.44005,1.43143,12580.5756,-47.64950,
EURUSD,buy,2007-12-24T02:00:00+00:00,2007-12-26T09:00:00+00:00,1.43892,1.44180,1.43561,1.44424,9426.8390,27.11025,
EURUSD,buy,2007-12-24T02:00:00+00:00,2007-12-26T10:00:00+00:00,1.43892,1.44109,1.44157,1.44424,3142.2797,6.80617,
EURUSD,buy,2007-12-30T23:00:00+00:00,2007-12-31T08:00:00+00:00,1.47356,1.46968,1.47017,1.47901,12342.6403,-47.87973,
EURUSD,sell,2007-12-30T22:00:00+00:00,2007-12-31T14:00:00+00:00,1.47163,1.46868,1.47501,1.46618,9263.5830,27.28392,
EURUSD,sell,2007-12-30T22:00:00+00:00,2007-12-31T14:00:00+00:00,1.47163,1.47212,1.47163,1.46618,3087.8610,-1.51769,
EURUSD,sell,2007-12-31T15:00:00+00:00,2007-12-31T16:00:00+00:00,1.46145,1.45853,1.46481,1.45604,9271.3659,27.11801,
EURUSD,sell,2007-12-31T15:00:00+00:00,2007-12-31T16:00:00+00:00,1.46145,1.46194,1.46145,1.45604,3090.4553,-1.50953,
EURUSD,buy,2008-01-02T10:00:00+00:00,2008-01-02T14:00:00+00:00,1.46814,1.46428,1.46476,1.47357,12400.1261,-47.92803,
EURUSD,sell,2008-01-05T15:00:00+00:00,2008-01-07T02:00:00+00:00,1.47353,1.47058,1.47692,1.46807,9138.5976,26.95054,
EURUSD,sell,2008-01-05T15:00:00+00:00,2008-01-07T02:00:00+00:00,1.47353,1.47402,1.47353,1.46807,3046.1992,-1.49895,
EURUSD,buy,2008-01-06T22:00:00+00:00,2008-01-07T02:00:00+00:00,1.47491,1.47103,1.47152,1.48037,12180.6649,-47.29414,
EURUSD,sell,2008-01-07T02:00:00+00:00,2008-01-07T07:00:00+00:00,1.47045,1.46751,1.47383,1.46501,9102.0465,26.78666,
EURUSD,sell,2008-01-07T02:00:00+00:00,2008-01-07T07:00:00+00:00,1.47045,1.47094,1.47045,1.46501,3034.0155,-1.49016,
EURUSD,buy,2008-01-08T20:00:00+00:00,2008-01-09T12:00:00+00:00,1.47112,1.46725,1.46774,1.47656,12223.7976,-47.34119,
EURUSD,sell,2008-01-09T17:00:00+00:00,2008-01-10T09:00:00+00:00,1.46559,1.46945,1.46896,1.46017,12101.1090,-46.74141,
EURUSD,buy,2008-01-10T19:00:00+00:00,2008-01-11T10:00:00+00:00,1.47961,1.47572,1.47621,1.48509,11835.6117,-46.09899,
EURUSD,sell,2008-01-12T13:00:00+00:00,2008-01-13T22:00:00+00:00,1.47673,1.48062,1.48012,1.47126,11695.5982,-45.51393,
EURUSD,buy,2008-01-13T22:00:00+00:00,2008-01-14T06:00:00+00:00,1.48108,1.48404,1.47768,1.48656,8635.8688,25.56325,
EURUSD,buy,2008-01-13T22:00:00+00:00,2008-01-14T06:00:00+00:00,1.48108,1.48059,1.48108,1.48656,2878.6229,-1.42293,
EURUSD,sell,2008-01-15T22:00:00+00:00,2008-01-15T23:00:00+00:00,1.47712,1.48101,1.48052,1.47165,11620.1838,-45.23223,
EURUSD,buy,2008-01-20T21:00:00+00:00,2008-01-20T23:00:00+00:00,1.46212,1.45827,1.45876,1.46753,11591.7010,-44.62197,
EURUSD,sell,2008-01-20T22:00:00+00:00,2008-01-21T00:00:00+00:00,1.45913,1.45621,1.46249,1.45373,8706.3438,25.42495,
EURUSD,sell,2008-01-20T22:00:00+00:00,2008-01-21T00:00:00+00:00,1.45913,1.45962,1.45913,1.45373,2902.1146,-1.41552,
EURUSD,buy,2008-01-22T20:00:00+00:00,2008-01-22T22:00:00+00:00,1.46219,1.46511,1.45883,1.46760,8640.4796,25.25059,
EURUSD,buy,2008-01-22T20:00:00+00:00,2008-01-22T22:00:00+00:00,1.46219,1.46716,1.46219,1.46760,2880.1599,14.30920,
EURUSD,sell,2008-01-26T02:00:00+00:00,2008-01-28T08:00:00+00:00,1.46763,1.47150,1.47101,1.46220,11605.7775,-44.88973,
EURUSD,sell,2008-01-28T01:00:00+00:00,2008-01-28T08:00:00+00:00,1.46718,1.47105,1.47056,1.46175,11609.3360,-44.88991,
EURUSD,buy,2008-01-27T15:00:00+00:00,2008-01-28T09:00:00+00:00,1.46851,1.47145,1.46513,1.47394,8704.3331,25.54717,
EURUSD,buy,2008-01-27T15:00:00+00:00,2008-01-28T10:00:00+00:00,1.46851,1.46861,1.46910,1.47394,2901.4444,0.28685,
EURUSD,buy,2008-01-28T09:00:00+00:00,2008-01-28T13:00:00+00:00,1.46997,1.47291,1.46659,1.47541,8531.7745,25.06562,
EURUSD,buy,2008-01-28T09:00:00+00:00,2008-01-28T13:00:00+00:00,1.46997,1.47497,1.46997,1.47541,2843.9248,14.20438,
EURUSD,sell,2008-02-04T01:00:00+00:00,2008-02-04T04:00:00+00:00,1.47886,1.48275,1.48226,1.47338,11434.2700,-44.56029,
EURUSD,sell,2008-02-03T22:00:00+00:00,2008-02-04T06:00:00+00:00,1.47924,1.48313,1.48264,1.47376,11431.3336,-44.56015,
EURUSD,sell,2008-02-01T21:00:00+00:00,2008-02-04T07:00:00+00:00,1.47951,1.48340,1.48291,1.47403,11429.2481,-44.56004,
EURUSD,buy,2008-02-03T20:00:00+00:00,2008-02-04T07:00:00+00:00,1.48039,1.48335,1.47699,1.48587,8571.9360,25.36218,
EURUSD,buy,2008-02-04T00:00:00+00:00,2008-02-04T07:00:00+00:00,1.48062,1.48358,1.47722,1.48610,8570.6041,25.36218,
EURUSD,buy,2008-02-03T20:00:00+00:00,2008-02-04T08:00:00+00:00,1.48039,1.48082,1.48131,1.48587,2857.3120,1.20475,
EURUSD,buy,2008-02-04T00:00:00+00:00,2008-02-04T08:00:00+00:00,1.48062,1.48082,1.48131,1.48610,2856.8680,0.54728,
EURUSD,buy,2008-02-04T03:00:00+00:00,2008-02-04T08:00:00+00:00,1.48109,1.48405,1.47769,1.48657,8567.8835,25.36218,
EURUSD,buy,2008-02-04T03:00:00+00:00,2008-02-04T09:00:00+00:00,1.48109,1.48082,1.48131,1.48657,2855.9612,-0.79559,
EURUSD,sell,2008-02-05T10:00:00+00:00,2008-02-05T14:00:00+00:00,1.46751,1.46457,1.47089,1.46208,8497.3235,24.95702,
EURUSD,sell,2008-02-05T10:00:00+00:00,2008-02-05T14:00:00+00:00,1.46751,1.46800,1.46751,1.46208,2832.4412,-1.38865,
EURUSD,buy,2008-02-09T10:00:00+00:00,2008-02-11T00:00:00+00:00,1.45074,1.45363,1.44740,1.45610,8661.6751,25.11426,
EURUSD,sell,2008-02-10T16:00:00+00:00,2008-02-11T00:00:00+00:00,1.44986,1.45369,1.45320,1.44450,11548.9002,-44.13603,
EURUSD,buy,2008-02-09T10:00:00+00:00,2008-02-11T01:00:00+00:00,1.45074,1.45177,1.45226,1.45610,2887.2250,3.00054,
EURUSD,buy,2008-02-10T22:00:00+00:00,2008-02-11T06:00:00+00:00,1.45267,1.45557,1.44933,1.45804,8650.1639,25.11426,
EURUSD,buy,2008-02-10T22:00:00+00:00,2008-02-11T07:00:00+00:00,1.45267,1.45402,1.45451,1.45804,2883.3880,3.91562,
EURUSD,sell,2008-02-12T04:00:00+00:00,2008-02-12T06:00:00+00:00,1.45089,1.45472,1.45423,1.44552,11585.5203,-44.30701,
EURUSD,buy,2008-02-12T15:00:00+00:00,2008-02-13T01:00:00+00:00,1.45939,1.45555,1.45603,1.46479,11373.1643,-43.70001,
EURUSD,sell,2008-02-17T22:00:00+00:00,2008-02-18T08:00:00+00:00,1.46652,1.46358,1.46989,1.46109,8371.5872,24.57115,
EURUSD,sell,2008-02-17T22:00:00+00:00,2008-02-18T08:00:00+00:00,1.46652,1.46701,1.46652,1.46109,2790.5291,-1.36728,
EURUSD,buy,2008-02-19T10:00:00+00:00,2008-02-20T02:00:00+00:00,1.47446,1.47058,1.47107,1.47992,11187.3634,-43.42434,
EURUSD,sell,2008-02-20T17:00:00+00:00,2008-02-20T19:00:00+00:00,1.46869,1.47256,1.47207,1.46325,11076.8112,-42.87429,
EURUSD,buy,2008-02-21T11:00:00+00:00,2008-02-21T13:00:00+00:00,1.47110,1.47404,1.46772,1.47654,8189.6415,24.07896,
EURUSD,buy,2008-02-21T11:00:00+00:00,2008-02-21T14:00:00+00:00,1.47110,1.47234,1.47283,1.47654,2729.8805,3.37677,
EURUSD,buy,2008-02-24T22:00:00+00:00,2008-02-25T07:00:00+00:00,1.48383,1.47992,1.48041,1.48931,10918.4315,-42.64612,
EURUSD,buy,2008-02-24T16:00:00+00:00,2008-02-25T08:00:00+00:00,1.48279,1.47889,1.47939,1.48828,10926.0181,-42.64649,
EURUSD,sell,2008-02-25T04:00:00+00:00,2008-02-25T14:00:00+00:00,1.48056,1.48446,1.48396,1.47508,10935.9777,-42.66676,
EURUSD,sell,2008-02-24T08:00:00+00:00,2008-02-26T07:00:00+00:00,1.48191,1.47894,1.48531,1.47642,8194.5136,24.30375,
EURUSD,sell,2008-02-24T08:00:00+00:00,2008-02-26T07:00:00+00:00,1.48191,1.48240,1.48191,1.47642,2731.5045,-1.35097,
EURUSD,sell,2008-02-24T18:00:00+00:00,2008-02-26T07:00:00+00:00,1.48191,1.47894,1.48531,1.47642,8194.5136,24.30375,
EURUSD,sell,2008-02-24T18:00:00+00:00,2008-02-26T07:00:00+00:00,1.48191,1.48240,1.48191,1.47642,2731.5045,-1.35097,
EURUSD,buy,2008-02-26T06:00:00+00:00,2008-02-26T07:00:00+00:00,1.48167,1.47777,1.47827,1.48715,10502.3434,-40.96223,
EURUSD,sell,2008-02-26T08:00:00+00:00,2008-02-26T09:00:00+00:00,1.47921,1.48310,1.48261,1.47373,10530.2624,-41.04689,
EURUSD,buy,2008-02-26T09:00:00+00:00,2008-02-26T12:00:00+00:00,1.48520,1.48816,1.48178,1.49069,7766.8976,23.05481,
EURUSD,buy,2008-02-26T09:00:00+00:00,2008-02-26T13:00:00+00:00,1.48520,1.48635,1.48685,1.49069,2588.9659,2.99941,
EURUSD,sell,2008-03-01T12:00:00+00:00,2008-03-02T22:00:00+00:00,1.51716,1.52116,1.52066,1.51155,10217.4058,-40.83629,
EURUSD,buy,2008-03-02T22:00:00+00:00,2008-03-03T08:00:00+00:00,1.52112,1.51711,1.51762,1.52674,10062.7083,-40.27889,
EURUSD,sell,2008-03-05T11:00:00+00:00,2008-03-05T13:00:00+00:00,1.51868,1.52268,1.52218,1.51306,9940.2053,-39.76768,
EURUSD,buy,2008-03-05T16:00:00+00:00,2008-03-06T08:00:00+00:00,1.52808,1.53113,1.52456,1.53373,7316.1479,22.34387,
EURUSD,buy,2008-03-05T16:00:00+00:00,2008-03-06T08:00:00+00:00,1.52808,1.53327,1.52808,1.53373,2438.7160,12.66200,
EURUSD,sell,2008-03-08T06:00:00+00:00,2008-03-09T22:00:00+00:00,1.53494,1.53898,1.53847,1.52926,9819.4310,-39.69973,
EURUSD,buy,2008-03-09T14:00:00+00:00,2008-03-09T22:00:00+00:00,1.53586,1.53893,1.53233,1.54154,7364.5733,22.60631,
EURUSD,buy,2008-03-09T14:00:00+00:00,2008-03-09T22:00:00+00:00,1.53586,1.53535,1.53586,1.54154,2454.8578,-1.25380,
EURUSD,sell,2008-03-10T23:00:00+00:00,2008-03-11T04:00:00+00:00,1.53306,1.53710,1.53659,1.52739,9771.6484,-39.45877,
EURUSD,buy,2008-03-11T11:00:00+00:00,2008-03-11T12:00:00+00:00,1.54821,1.54414,1.54465,1.55394,9554.3366,-38.91678,
EURUSD,sell,2008-03-11T15:00:00+00:00,2008-03-12T02:00:00+00:00,1.53233,1.53637,1.53586,1.52666,9520.6392,-38.42710,
EURUSD,buy,2008-03-12T11:00:00+00:00,2008-03-12T14:00:00+00:00,1.54634,1.54943,1.54279,1.55206,6986.7996,21.59308,
EURUSD,buy,2008-03-12T11:00:00+00:00,2008-03-12T14:00:00+00:00,1.54634,1.54583,1.54634,1.55206,2328.9332,-1.19681,
EURUSD,sell,2008-03-18T20:00:00+00:00,2008-03-18T23:00:00+00:00,1.56180,1.56591,1.56539,1.55602,9283.2778,-38.18077,
EURUSD,buy,2008-03-23T19:00:00+00:00,2008-03-24T00:00:00+00:00,1.54351,1.53945,1.53996,1.54922,9275.1904,-37.66645,
EURUSD,sell,2008-03-23T21:00:00+00:00,2008-03-24T01:00:00+00:00,1.54159,1.53850,1.54513,1.53588,6960.9039,21.47650,
EURUSD,sell,2008-03-23T21:00:00+00:00,2008-03-24T01:00:00+00:00,1.54159,1.53634,1.54159,1.53588,2320.3013,12.16956,
EURUSD,buy,2008-03-25T02:00:00+00:00,2008-03-25T10:00:00+00:00,1.55494,1.55804,1.55136,1.56069,6895.5885,21.42961,
EURUSD,buy,2008-03-25T02:00:00+00:00,2008-03-25T10:00:00+00:00,1.55494,1.55442,1.55494,1.56069,2298.5295,-1.18711,
EURUSD,sell,2008-03-28T13:00:00+00:00,2008-03-28T19:00:00+00:00,1.57669,1.58084,1.58031,1.57085,9126.0196,-37.88738,
EURUSD,buy,2008-03-29T03:00:00+00:00,2008-03-31T14:00:00+00:00,1.58000,1.58316,1.57637,1.58585,6744.2956,21.29733,
EURUSD,buy,2008-03-29T03:00:00+00:00,2008-03-31T14:00:00+00:00,1.58000,1.58537,1.58000,1.58585,2248.0985,12.06893,
EURUSD,sell,2008-04-01T00:00:00+00:00,2008-04-01T05:00:00+00:00,1.57668,1.57352,1.58030,1.57084,6833.8082,21.56429,
EURUSD,sell,2008-04-01T00:00:00+00:00,2008-04-01T05:00:00+00:00,1.57668,1.57720,1.57668,1.57084,2277.9361,-1.19140,
EURUSD,buy,2008-04-03T02:00:00+00:00,2008-04-03T07:00:00+00:00,1.56402,1.55990,1.56042,1.56980,9256.1491,-38.08236,
EURUSD,sell,2008-04-03T19:00:00+00:00,2008-04-04T07:00:00+00:00,1.56558,1.56970,1.56918,1.55979,9119.7856,-37.59800,
EURUSD,buy,2008-04-03T23:00:00+00:00,2008-04-04T07:00:00+00:00,1.56646,1.56959,1.56286,1.57225,6840.1012,21.41471,
EURUSD,buy,2008-04-03T23:00:00+00:00,2008-04-04T07:00:00+00:00,1.56646,1.56594,1.56646,1.57225,2280.0337,-1.18544,
EURUSD,sell,2008-04-04T00:00:00+00:00,2008-04-04T07:00:00+00:00,1.56476,1.56888,1.56836,1.55897,9124.5633,-37.59824,
EURUSD,buy,2008-04-04T01:00:00+00:00,2008-04-04T07:00:00+00:00,1.56576,1.56889,1.56216,1.57155,6843.1601,21.41471,
EURUSD,buy,2008-04-04T01:00:00+00:00,2008-04-04T07:00:00+00:00,1.56576,1.56524,1.56576,1.57155,2281.0534,-1.18549,
EURUSD,sell,2008-04-06T14:00:00+00:00,2008-04-07T01:00:00+00:00,1.57219,1.56904,1.57581,1.56637,6728.2588,21.17078,
EURUSD,buy,2008-04-06T17:00:00+00:00,2008-04-07T01:00:00+00:00,1.57313,1.56899,1.56951,1.57895,8971.0118,-37.12166,
EURUSD,sell,2008-04-06T18:00:00+00:00,2008-04-07T01:00:00+00:00,1.57219,1.56904,1.57581,1.56637,6728.2588,21.17078,
EURUSD,sell,2008-04-06T14:00:00+00:00,2008-04-07T02:00:00+00:00,1.57219,1.56825,1.56773,1.56637,2242.7529,8.83167,
EURUSD,sell,2008-04-06T18:00:00+00:00,2008-04-07T02:00:00+00:00,1.57219,1.56825,1.56773,1.56637,2242.7529,8.83167,
EURUSD,buy,2008-04-08T03:00:00+00:00,2008-04-08T11:00:00+00:00,1.57551,1.57137,1.57189,1.58134,9030.0992,-37.42203,
EURUSD,sell,2008-04-09T03:00:00+00:00,2008-04-09T06:00:00+00:00,1.56945,1.57358,1.57306,1.56364,8940.3647,-36.94828,
EURUSD,buy,2008-04-09T16:00:00+00:00,2008-04-09T19:00:00+00:00,1.58554,1.58137,1.58189,1.59140,8738.4174,-36.44086,
EURUSD,sell,2008-04-11T04:00:00+00:00,2008-04-11T06:00:00+00:00,1.57573,1.57988,1.57935,1.56990,8671.9399,-35.98058,
EURUSD,buy,2008-04-11T21:00:00+00:00,2008-04-13T21:00:00+00:00,1.58138,1.57722,1.57775,1.58723,8532.3065,-35.48930,
EURUSD,sell,2008-04-12T19:00:00+00:00,2008-04-13T21:00:00+00:00,1.57845,1.57529,1.58208,1.57260,6407.2952,20.24110,
EURUSD,sell,2008-04-12T19:00:00+00:00,2008-04-13T21:00:00+00:00,1.57845,1.57308,1.57845,1.57260,2135.7651,11.46953,
EURUSD,buy,2008-04-14T19:00:00+00:00,2008-04-15T07:00:00+00:00,1.58144,1.58460,1.57781,1.58729,6390.0242,20.19699,
EURUSD,buy,2008-04-14T19:00:00+00:00,2008-04-15T08:00:00+00:00,1.58144,1.58339,1.58392,1.58729,2130.0081,4.15468,
EURUSD,sell,2008-04-16T03:00:00+00:00,2008-04-16T05:00:00+00:00,1.57790,1.58205,1.58153,1.57206,8611.2089,-35.77720,
EURUSD,buy,2008-04-16T12:00:00+00:00,2008-04-17T00:00:00+00:00,1.59606,1.59186,1.59239,1.60196,8406.2146,-35.28539,
EURUSD,sell,2008-04-18T02:00:00+00:00,2008-04-18T06:00:00+00:00,1.58803,1.59221,1.59169,1.58216,8332.5638,-34.83923,
EURUSD,sell,2008-04-20T22:00:00+00:00,2008-04-21T01:00:00+00:00,1.57921,1.58336,1.58284,1.57336,8268.8676,-34.38303,
EURUSD,buy,2008-04-21T04:00:00+00:00,2008-04-21T06:00:00+00:00,1.58374,1.57958,1.58010,1.58960,8141.5359,-33.91387,
EURUSD,buy,2008-04-20T07:00:00+00:00,2008-04-21T07:00:00+00:00,1.58186,1.58503,1.57823,1.58772,6194.9447,19.58561,
EURUSD,buy,2008-04-20T07:00:00+00:00,2008-04-21T07:00:00+00:00,1.58186,1.58134,1.58186,1.58772,2064.9816,-1.08317,
EURUSD,sell,2008-04-23T20:00:00+00:00,2008-04-24T01:00:00+00:00,1.58819,1.58501,1.59185,1.58232,6049.0185,19.22728,
EURUSD,sell,2008-04-23T20:00:00+00:00,2008-04-24T02:00:00+00:00,1.58819,1.58627,1.58574,1.58232,2016.3395,3.88682,
EURUSD,buy,2008-04-27T03:00:00+00:00,2008-04-27T22:00:00+00:00,1.56339,1.55928,1.55979,1.56917,8272.1847,-34.02051,
EURUSD,sell,2008-04-27T21:00:00+00:00,2008-04-28T03:00:00+00:00,1.56053,1.56464,1.56412,1.55476,8282.3593,-34.03678,
EURUSD,buy,2008-04-28T06:00:00+00:00,2008-04-28T07:00:00+00:00,1.56676,1.56264,1.56316,1.57256,8037.1301,-33.12422,
EURUSD,sell,2008-04-29T09:00:00+00:00,2008-04-29T13:00:00+00:00,1.55600,1.56010,1.55958,1.55024,7981.4293,-32.70607,
EURUSD,buy,2008-05-01T02:00:00+00:00,2008-05-01T07:00:00+00:00,1.56432,1.56020,1.56072,1.57011,7839.1949,-32.25873,
EURUSD,sell,2008-05-01T15:00:00+00:00,2008-05-02T08:00:00+00:00,1.54507,1.54914,1.54862,1.53935,7827.7557,-31.85365,
EURUSD,buy,2008-05-04T11:00:00+00:00,2008-05-05T02:00:00+00:00,1.54273,1.54582,1.53919,1.54844,5805.7748,17.90116,
EURUSD,buy,2008-05-04T11:00:00+00:00,2008-05-05T03:00:00+00:00,1.54273,1.54546,1.54597,1.54844,1935.2583,5.27076,
EURUSD,sell,2008-05-07T11:00:00+00:00,2008-05-07T13:00:00+00:00,1.54299,1.53990,1.54654,1.53728,5857.6352,18.08899,
EURUSD,sell,2008-05-07T11:00:00+00:00,2008-05-07T14:00:00+00:00,1.54299,1.54133,1.54082,1.53728,1952.5451,3.23088,
EURUSD,buy,2008-05-09T05:00:00+00:00,2008-05-09T07:00:00+00:00,1.54401,1.54710,1.54046,1.54972,5909.0516,18.23472,
EURUSD,buy,2008-05-09T05:00:00+00:00,2008-05-09T07:00:00+00:00,1.54401,1.54350,1.54401,1.54972,1969.6839,-1.01082,
EURUSD,sell,2008-05-11T21:00:00+00:00,2008-05-12T02:00:00+00:00,1.54524,1.54214,1.54879,1.53952,5942.6190,18.37818,
EURUSD,sell,2008-05-11T21:00:00+00:00,2008-05-12T03:00:00+00:00,1.54524,1.54210,1.54159,1.53952,1980.8730,6.20766,
EURUSD,buy,2008-05-12T23:00:00+00:00,2008-05-13T08:00:00+00:00,1.55348,1.54939,1.54990,1.55922,7965.3516,-32.55343,
EURUSD,sell,2008-05-14T01:00:00+00:00,2008-05-14T07:00:00+00:00,1.54486,1.54176,1.54841,1.53914,5924.7455,18.31840,
EURUSD,sell,2008-05-14T01:00:00+00:00,2008-05-14T07:00:00+00:00,1.54486,1.54537,1.54486,1.53914,1974.9152,-1.01406,
EURUSD,buy,2008-05-15T07:00:00+00:00,2008-05-15T09:00:00+00:00,1.55231,1.54822,1.54874,1.55805,7922.2247,-32.35308,
EURUSD,sell,2008-05-16T09:00:00+00:00,2008-05-16T12:00:00+00:00,1.54724,1.55131,1.55080,1.54151,7838.8963,-31.94322,
EURUSD,buy,2008-05-16T14:00:00+00:00,2008-05-16T15:00:00+00:00,1.55543,1.55854,1.55185,1.56118,5774.6873,17.95181,
EURUSD,buy,2008-05-16T14:00:00+00:00,2008-05-16T15:00:00+00:00,1.55543,1.55491,1.55543,1.56118,1924.8958,-0.99443,
EURUSD,buy,2008-05-18T21:00:00+00:00,2008-05-19T01:00:00+00:00,1.55984,1.55573,1.55625,1.56561,7732.1807,-31.72832,
EURUSD,sell,2008-05-18T15:00:00+00:00,2008-05-19T08:00:00+00:00,1.55677,1.56087,1.56035,1.55101,7742.7568,-31.74355,
EURUSD,sell,2008-05-19T15:00:00+00:00,2008-05-20T06:00:00+00:00,1.55086,1.55495,1.55443,1.54512,7567.6815,-30.90947,
EURUSD,buy,2008-05-20T14:00:00+00:00,2008-05-20T15:00:00+00:00,1.56415,1.56728,1.56055,1.56993,5556.8070,17.37136,
EURUSD,buy,2008-05-20T14:00:00+00:00,2008-05-20T15:00:00+00:00,1.56415,1.56363,1.56415,1.56993,1852.2690,-0.96175,
EURUSD,sell,2008-05-23T01:00:00+00:00,2008-05-23T11:00:00+00:00,1.57187,1.57601,1.57548,1.56605,7420.4511,-30.71356,
EURUSD,sell,2008-05-26T11:00:00+00:00,2008-05-26T14:00:00+00:00,1.57458,1.57872,1.57820,1.56875,7310.1833,-30.30868,
EURUSD,buy,2008-05-23T22:00:00+00:00,2008-05-27T00:00:00+00:00,1.57625,1.57940,1.57263,1.58208,5480.0976,17.26412,
EURUSD,sell,2008-05-25T11:00:00+00:00,2008-05-27T00:00:00+00:00,1.57573,1.57988,1.57935,1.56990,7304.8498,-30.30841,
EURUSD,sell,2008-05-26T20:00:00+00:00,2008-05-27T00:00:00+00:00,1.57630,1.58045,1.57992,1.57046,7206.0991,-29.90937,
EURUSD,buy,2008-05-23T22:00:00+00:00,2008-05-27T01:00:00+00:00,1.57625,1.57774,1.57826,1.58208,1826.6992,2.71046,
EURUSD,buy,2008-05-25T20:00:00+00:00,2008-05-27T05:00:00+00:00,1.57667,1.57982,1.57305,1.58250,5478.6373,17.26412,
EURUSD,buy,2008-05-26T14:00:00+00:00,2008-05-27T05:00:00+00:00,1.57783,1.58099,1.57421,1.58367,5402.5528,17.03689,
EURUSD,buy,2008-05-26T22:00:00+00:00,2008-05-27T05:00:00+00:00,1.57788,1.58104,1.57426,1.58372,5402.3815,17.03689,
EURUSD,buy,2008-05-25T20:00:00+00:00,2008-05-27T06:00:00+00:00,1.57667,1.57762,1.57814,1.58250,1826.2124,1.72342,
EURUSD,buy,2008-05-26T14:00:00+00:00,2008-05-27T06:00:00+00:00,1.57783,1.57762,1.57814,1.58367,1800.8509,-0.39013,
EURUSD,buy,2008-05-26T22:00:00+00:00,2008-05-27T06:00:00+00:00,1.57788,1.57762,1.57814,1.58372,1800.7938,-0.48018,
EURUSD,sell,2008-05-27T15:00:00+00:00,2008-05-27T20:00:00+00:00,1.57238,1.56923,1.57600,1.56656,5446.5301,17.13983,
EURUSD,sell,2008-05-27T15:00:00+00:00,2008-05-27T21:00:00+00:00,1.57238,1.56970,1.56918,1.56656,1815.5100,4.86080,
EURUSD,buy,2008-05-31T04:00:00+00:00,2008-06-02T05:00:00+00:00,1.55551,1.55141,1.55193,1.56126,7415.9527,-30.34724,
EURUSD,buy,2008-06-01T17:00:00+00:00,2008-06-02T05:00:00+00:00,1.55551,1.55141,1.55193,1.56126,7415.9527,-30.34724,
EURUSD,buy,2008-06-01T19:00:00+00:00,2008-06-02T05:00:00+00:00,1.55551,1.55141,1.55193,1.56126,7415.9527,-30.34724,
EURUSD,sell,2008-06-02T02:00:00+00:00,2008-06-02T09:00:00+00:00,1.55280,1.55689,1.55638,1.54706,7424.4034,-30.36172,
EURUSD,sell,2008-06-01T16:00:00+00:00,2008-06-02T12:00:00+00:00,1.55457,1.55146,1.55815,1.54882,5561.9645,17.30490,
EURUSD,sell,2008-06-01T18:00:00+00:00,2008-06-02T12:00:00+00:00,1.55457,1.55146,1.55815,1.54882,5561.9645,17.30490,
EURUSD,sell,2008-06-01T16:00:00+00:00,2008-06-02T13:00:00+00:00,1.55457,1.55219,1.55167,1.54882,1853.9882,4.42727,
EURUSD,sell,2008-06-01T18:00:00+00:00,2008-06-02T13:00:00+00:00,1.55457,1.55219,1.55167,1.54882,1853.9882,4.42727,
EURUSD,buy,2008-06-03T09:00:00+00:00,2008-06-03T13:00:00+00:00,1.55968,1.55557,1.55609,1.56545,7146.1879,-29.32078,
EURUSD,sell,2008-06-03T16:00:00+00:00,2008-06-03T17:00:00+00:00,1.54314,1.54720,1.54669,1.53743,7123.4801,-28.95197,
EURUSD,buy,2008-06-05T17:00:00+00:00,2008-06-06T05:00:00+00:00,1.55761,1.56072,1.55403,1.56337,5226.4299,16.27022,
EURUSD,buy,2008-06-05T17:00:00+00:00,2008-06-06T05:00:00+00:00,1.55761,1.55709,1.55761,1.56337,1742.1433,-0.90115,
EURUSD,sell,2008-06-09T14:00:00+00:00,2008-06-09T16:00:00+00:00,1.57215,1.56900,1.57577,1.56633,5211.6322,16.39823,
EURUSD,sell,2008-06-09T14:00:00+00:00,2008-06-09T16:00:00+00:00,1.57215,1.57267,1.57215,1.56633,1737.2107,-0.90623,
EURUSD,buy,2008-06-11T23:00:00+00:00,2008-06-12T01:00:00+00:00,1.55627,1.55217,1.55269,1.56202,7073.7558,-28.96089,
EURUSD,sell,2008-06-12T13:00:00+00:00,2008-06-12T14:00:00+00:00,1.54044,1.54450,1.54398,1.53474,7048.1828,-28.59645,
EURUSD,buy,2008-06-15T03:00:00+00:00,2008-06-16T05:00:00+00:00,1.53819,1.54127,1.53465,1.54388,5227.2973,16.07007,
EURUSD,buy,2008-06-15T03:00:00+00:00,2008-06-16T06:00:00+00:00,1.53819,1.53843,1.53894,1.54388,1742.4324,0.41298,
EURUSD,sell,2008-06-18T18:00:00+00:00,2008-06-19T00:00:00+00:00,1.55218,1.55627,1.55576,1.54644,6955.8354,-28.43432,
EURUSD,buy,2008-06-18T22:00:00+00:00,2008-06-19T00:00:00+00:00,1.55396,1.55706,1.55038,1.55970,5214.0557,16.19365,
EURUSD,buy,2008-06-18T22:00:00+00:00,2008-06-19T01:00:00+00:00,1.55396,1.55429,1.55481,1.55970,1738.0186,0.58662,
EURUSD,sell,2008-06-19T22:00:00+00:00,2008-06-20T05:00:00+00:00,1.55001,1.55410,1.55358,1.54428,6927.9885,-28.28139,
EURUSD,buy,2008-06-20T10:00:00+00:00,2008-06-20T14:00:00+00:00,1.56134,1.56446,1.55775,1.56711,5093.4578,15.89425,
EURUSD,buy,2008-06-20T10:00:00+00:00,2008-06-20T15:00:00+00:00,1.56134,1.56163,1.56215,1.56711,1697.8193,0.49765,
EURUSD,buy,2008-06-22T19:00:00+00:00,2008-06-23T06:00:00+00:00,1.56151,1.55740,1.55792,1.56728,6843.0407,-28.10952,
EURUSD,buy,2008-06-23T03:00:00+00:00,2008-06-23T06:00:00+00:00,1.56194,1.55783,1.55835,1.56772,6841.1562,-28.10942,
EURUSD,sell,2008-06-22T10:00:00+00:00,2008-06-23T07:00:00+00:00,1.56057,1.55745,1.56416,1.55480,5132.2805,16.02964,
EURUSD,sell,2008-06-22T10:00:00+00:00,2008-06-23T07:00:00+00:00,1.56057,1.55526,1.56057,1.55480,1710.7602,9.08313,
EURUSD,sell,2008-06-23T02:00:00+00:00,2008-06-23T07:00:00+00:00,1.55979,1.55667,1.56338,1.55402,5134.8462,16.02964,
EURUSD,sell,2008-06-23T02:00:00+00:00,2008-06-23T07:00:00+00:00,1.55979,1.55449,1.55979,1.55402,1711.6154,9.08313,
EURUSD,sell,2008-06-23T04:00:00+00:00,2008-06-23T07:00:00+00:00,1.55993,1.55681,1.56352,1.55416,5134.3855,16.02964,
EURUSD,sell,2008-06-23T04:00:00+00:00,2008-06-23T07:00:00+00:00,1.55993,1.55462,1.55993,1.55416,1711.4618,9.08313,
EURUSD,buy,2008-06-24T19:00:00+00:00,2008-06-25T07:00:00+00:00,1.55746,1.55336,1.55388,1.56322,6922.2390,-28.36197,
EURUSD,sell,2008-06-29T18:00:00+00:00,2008-06-30T07:00:00+00:00,1.57785,1.58200,1.58148,1.57201,6738.8407,-27.99715,
EURUSD,buy,2008-06-30T00:00:00+00:00,2008-06-30T08:00:00+00:00,1.57922,1.58238,1.57559,1.58506,5052.7540,15.94785,
EURUSD,buy,2008-06-30T00:00:00+00:00,2008-06-30T09:00:00+00:00,1.57922,1.57962,1.58014,1.58506,1684.2513,0.66081,
EURUSD,sell,2008-06-30T16:00:00+00:00,2008-07-01T00:00:00+00:00,1.57290,1.57704,1.57652,1.56708,6723.8505,-27.84831,
EURUSD,buy,2008-07-01T21:00:00+00:00,2008-07-02T06:00:00+00:00,1.57948,1.58264,1.57585,1.58533,4958.7383,15.65369,
EURUSD,buy,2008-07-01T21:00:00+00:00,2008-07-02T07:00:00+00:00,1.57948,1.58032,1.58084,1.58533,1652.9128,1.37532,
EURUSD,sell,2008-07-03T18:00:00+00:00,2008-07-04T11:00:00+00:00,1.56911,1.56597,1.57272,1.56330,5029.2155,15.79367,
EURUSD,sell,2008-07-03T18:00:00+00:00,2008-07-04T12:00:00+00:00,1.56911,1.56888,1.56836,1.56330,1676.4052,0.38323,
EURUSD,buy,2008-07-05T13:00:00+00:00,2008-07-07T00:00:00+00:00,1.57088,1.56675,1.56727,1.57669,6753.5820,-27.90654,
EURUSD,sell,2008-07-06T21:00:00+00:00,2008-07-07T00:00:00+00:00,1.56877,1.56563,1.57238,1.56296,5068.9630,15.91504,
EURUSD,sell,2008-07-06T21:00:00+00:00,2008-07-07T00:00:00+00:00,1.56877,1.56929,1.56877,1.56296,1689.6543,-0.87971,
EURUSD,buy,2008-07-08T03:00:00+00:00,2008-07-08T12:00:00+00:00,1.57073,1.56660,1.56712,1.57654,6713.2428,-27.73723,
EURUSD,sell,2008-07-09T01:00:00+00:00,2008-07-09T04:00:00+00:00,1.56515,1.56927,1.56875,1.55936,6644.5565,-27.38598,
EURUSD,buy,2008-07-09T18:00:00+00:00,2008-07-10T07:00:00+00:00,1.57465,1.57051,1.57103,1.58048,6521.4401,-27.01121,
EURUSD,sell,2008-07-13T23:00:00+00:00,2008-07-14T08:00:00+00:00,1.58942,1.58624,1.59308,1.58354,4779.0103,15.20222,
EURUSD,sell,2008-07-13T23:00:00+00:00,2008-07-14T09:00:00+00:00,1.58942,1.58807,1.58754,1.58354,1593.0034,2.16131,
EURUSD,buy,2008-07-15T08:00:00+00:00,2008-07-15T09:00:00+00:00,1.59770,1.60089,1.59403,1.60361,4797.8749,15.32055,
EURUSD,buy,2008-07-15T08:00:00+00:00,2008-07-15T09:00:00+00:00,1.59770,1.59717,1.59770,1.60361,1599.2916,-0.84650,
EURUSD,sell,2008-07-16T08:00:00+00:00,2008-07-16T12:00:00+00:00,1.59244,1.58926,1.59611,1.58655,4844.9008,15.44110,
EURUSD,sell,2008-07-16T08:00:00+00:00,2008-07-16T13:00:00+00:00,1.59244,1.59137,1.59084,1.58655,1614.9669,1.73586,
EURUSD,sell,2008-07-20T21:00:00+00:00,2008-07-21T01:00:00+00:00,1.58335,1.58752,1.58700,1.57749,6551.1685,-27.31132,
EURUSD,buy,2008-07-18T14:00:00+00:00,2008-07-21T08:00:00+00:00,1.58565,1.58881,1.58200,1.59151,4909.2230,15.55784,
EURUSD,sell,2008-07-19T01:00:00+00:00,2008-07-21T08:00:00+00:00,1.58416,1.58834,1.58781,1.57830,6547.8199,-27.31115,
EURUSD,buy,2008-07-19T16:00:00+00:00,2008-07-21T08:00:00+00:00,1.58512,1.58828,1.58147,1.59098,4910.8649,15.55784,
EURUSD,sell,2008-07-19T21:00:00+00:00,2008-07-21T08:00:00+00:00,1.58416,1.58834,1.58781,1.57830,6547.8199,-27.31115,
EURUSD,buy,2008-07-19T22:00:00+00:00,2008-07-21T08:00:00+00:00,1.58512,1.58828,1.58147,1.59098,4910.8649,15.55784,
EURUSD,sell,2008-07-20T02:00:00+00:00,2008-07-21T08:00:00+00:00,1.58416,1.58834,1.58781,1.57830,6547.8199,-27.31115,
EURUSD,buy,2008-07-20T08:00:00+00:00,2008-07-21T08:00:00+00:00,1.58512,1.58828,1.58147,1.59098,4910.8649,15.55784,
EURUSD,buy,2008-07-18T14:00:00+00:00,2008-07-21T09:00:00+00:00,1.58565,1.58683,1.58736,1.59151,1636.4077,1.94447,
EURUSD,buy,2008-07-19T16:00:00+00:00,2008-07-21T09:00:00+00:00,1.58512,1.58683,1.58736,1.59098,1636.9550,2.81297,
EURUSD,buy,2008-07-19T22:00:00+00:00,2008-07-21T09:00:00+00:00,1.58512,1.58683,1.58736,1.59098,1636.9550,2.81297,
EURUSD,buy,2008-07-20T08:00:00+00:00,2008-07-21T09:00:00+00:00,1.58512,1.58683,1.58736,1.59098,1636.9550,2.81297,
EURUSD,buy,2008-07-21T02:00:00+00:00,2008-07-21T13:00:00+00:00,1.58723,1.58305,1.58358,1.59310,6453.0523,-26.93880,
EURUSD,sell,2008-07-22T20:00:00+00:00,2008-07-23T08:00:00+00:00,1.57791,1.57475,1.58154,1.57207,4779.3115,15.09302,
EURUSD,sell,2008-07-22T20:00:00+00:00,2008-07-23T09:00:00+00:00,1.57791,1.57513,1.57461,1.57207,1593.1038,4.41941,
EURUSD,buy,2008-07-25T12:00:00+00:00,2008-07-25T14:00:00+00:00,1.57053,1.56640,1.56692,1.57634,6468.3230,-26.72193,
EURUSD,sell,2008-07-27T21:00:00+00:00,2008-07-28T04:00:00+00:00,1.56876,1.57289,1.57237,1.56295,6386.6008,-26.38276,
EURUSD,buy,2008-07-28T10:00:00+00:00,2008-07-28T14:00:00+00:00,1.57623,1.57209,1.57261,1.58206,6276.4201,-26.02214,
EURUSD,sell,2008-07-29T15:00:00+00:00,2008-07-30T12:00:00+00:00,1.55816,1.55504,1.56175,1.55240,4696.4423,14.64574,
EURUSD,sell,2008-07-29T15:00:00+00:00,2008-07-30T12:00:00+00:00,1.55816,1.55868,1.55816,1.55240,1565.4808,-0.81008,
EURUSD,buy,2008-07-31T12:00:00+00:00,2008-07-31T13:00:00+00:00,1.56808,1.56396,1.56447,1.57388,6270.1816,-25.86344,
EURUSD,sell,2008-08-01T08:00:00+00:00,2008-08-01T12:00:00+00:00,1.55591,1.55280,1.55949,1.55015,4674.2516,14.55550,
EURUSD,sell,2008-08-01T08:00:00+00:00,2008-08-01T12:00:00+00:00,1.55591,1.55643,1.55591,1.55015,1558.0839,-0.80520,
EURUSD,buy,2008-08-03T00:00:00+00:00,2008-08-04T14:00:00+00:00,1.55672,1.55983,1.55314,1.56248,4707.7753,14.64724,
EURUSD,buy,2008-08-03T00:00:00+00:00,2008-08-04T14:00:00+00:00,1.55672,1.56201,1.55672,1.56248,1569.2584,8.30041,
EURUSD,sell,2008-08-05T04:00:00+00:00,2008-08-05T08:00:00+00:00,1.55278,1.54968,1.55636,1.54704,4772.2703,14.83084,
EURUSD,sell,2008-08-05T04:00:00+00:00,2008-08-05T09:00:00+00:00,1.55278,1.55109,1.55057,1.54704,1590.7568,2.70244,
EURUSD,buy,2008-08-10T20:00:00+00:00,2008-08-10T21:00:00+00:00,1.50107,1.49712,1.49762,1.50662,6644.6124,-26.25085,
EURUSD,sell,2008-08-10T21:00:00+00:00,2008-08-11T01:00:00+00:00,1.49358,1.49752,1.49702,1.48805,6586.0686,-25.91874,
EURUSD,buy,2008-08-13T12:00:00+00:00,2008-08-13T13:00:00+00:00,1.49282,1.48889,1.48939,1.49834,6506.5569,-25.56590,
EURUSD,sell,2008-08-14T03:00:00+00:00,2008-08-14T12:00:00+00:00,1.48732,1.49124,1.49075,1.48182,6440.7542,-25.24202,
EURUSD,buy,2008-08-17T08:00:00+00:00,2008-08-18T03:00:00+00:00,1.47030,1.47324,1.46692,1.47574,4825.0262,14.17869,
EURUSD,buy,2008-08-17T08:00:00+00:00,2008-08-18T03:00:00+00:00,1.47030,1.46981,1.47030,1.47574,1608.3421,-0.78982,
EURUSD,sell,2008-08-19T02:00:00+00:00,2008-08-19T06:00:00+00:00,1.46853,1.46559,1.47191,1.46309,4862.1288,14.29021,
EURUSD,sell,2008-08-19T02:00:00+00:00,2008-08-19T06:00:00+00:00,1.46853,1.46353,1.46853,1.46309,1620.7096,8.09749,
EURUSD,buy,2008-08-19T22:00:00+00:00,2008-08-20T06:00:00+00:00,1.47771,1.47382,1.47432,1.48318,6522.1886,-25.37132,
EURUSD,sell,2008-08-22T22:00:00+00:00,2008-08-25T00:00:00+00:00,1.47865,1.47569,1.48205,1.47317,4821.2974,14.26783,
EURUSD,sell,2008-08-22T22:00:00+00:00,2008-08-25T00:00:00+00:00,1.47865,1.47362,1.47865,1.47317,1607.0991,8.08480,
EURUSD,buy,2008-08-27T14:00:00+00:00,2008-08-27T15:00:00+00:00,1.47121,1.46734,1.46783,1.47665,6540.7509,-25.33301,
EURUSD,sell,2008-08-29T02:00:00+00:00,2008-08-29T13:00:00+00:00,1.47367,1.47072,1.47706,1.46821,4830.0034,14.24547,
EURUSD,sell,2008-08-29T02:00:00+00:00,2008-08-29T13:00:00+00:00,1.47367,1.47416,1.47367,1.46821,1610.0011,-0.79231,
EURUSD,buy,2008-08-31T16:00:00+00:00,2008-08-31T21:00:00+00:00,1.46739,1.47032,1.46402,1.47282,4887.9687,14.33522,
EURUSD,sell,2008-08-31T19:00:00+00:00,2008-08-31T21:00:00+00:00,1.46651,1.47037,1.46988,1.46108,6517.2916,-25.18911,
EURUSD,buy,2008-08-31T16:00:00+00:00,2008-08-31T22:00:00+00:00,1.46739,1.46844,1.46893,1.47282,1629.3229,1.70957,
EURUSD,buy,2008-08-31T21:00:00+00:00,2008-09-01T00:00:00+00:00,1.47011,1.46624,1.46673,1.47555,6468.3034,-25.03392,
EURUSD,sell,2008-09-01T02:00:00+00:00,2008-09-01T10:00:00+00:00,1.46277,1.46663,1.46614,1.45736,6417.1580,-24.73968,
EURUSD,buy,2008-09-04T07:00:00+00:00,2008-09-04T08:00:00+00:00,1.45404,1.45021,1.45069,1.45941,6374.4850,-24.40454,
EURUSD,sell,2008-09-04T16:00:00+00:00,2008-09-04T18:00:00+00:00,1.43610,1.43322,1.43940,1.43078,4773.9668,13.72124,
EURUSD,sell,2008-09-04T16:00:00+00:00,2008-09-04T19:00:00+00:00,1.43610,1.43420,1.43372,1.43078,1591.3223,3.02178,
EURUSD,buy,2008-09-07T08:00:00+00:00,2008-09-07T21:00:00+00:00,1.42638,1.42923,1.42310,1.43165,4853.4190,13.83607,
EURUSD,buy,2008-09-07T08:00:00+00:00,2008-09-07T21:00:00+00:00,1.42638,1.43122,1.42638,1.43165,1617.8063,7.84073,
EURUSD,sell,2008-09-07T11:00:00+00:00,2008-09-07T21:00:00+00:00,1.42552,1.42928,1.42880,1.42025,6471.2253,-24.32107,
EURUSD,buy,2008-09-07T15:00:00+00:00,2008-09-07T21:00:00+00:00,1.42638,1.42923,1.42310,1.43165,4853.4190,13.83607,
EURUSD,buy,2008-09-07T15:00:00+00:00,2008-09-07T21:00:00+00:00,1.42638,1.43122,1.42638,1.43165,1617.8063,7.84073,
EURUSD,sell,2008-09-07T20:00:00+00:00,2008-09-07T21:00:00+00:00,1.42552,1.42928,1.42880,1.42025,6471.2253,-24.32107,
EURUSD,buy,2008-09-07T21:00:00+00:00,2008-09-07T22:00:00+00:00,1.43788,1.43409,1.43458,1.44320,6401.0581,-24.23756,
EURUSD,sell,2008-09-08T18:00:00+00:00,2008-09-08T19:00:00+00:00,1.41012,1.41384,1.41336,1.40490,6437.2603,-23.93544,
EURUSD,buy,2008-09-10T10:00:00+00:00,2008-09-10T11:00:00+00:00,1.40988,1.41270,1.40664,1.41510,4767.9622,13.43526,
EURUSD,buy,2008-09-10T10:00:00+00:00,2008-09-10T11:00:00+00:00,1.40988,1.40941,1.40988,1.41510,1589.3207,-0.75167,
EURUSD,sell,2008-09-10T11:00:00+00:00,2008-09-10T12:00:00+00:00,1.41202,1.40919,1.41526,1.40679,4791.5773,13.54091,
EURUSD,sell,2008-09-10T11:00:00+00:00,2008-09-10T12:00:00+00:00,1.41202,1.41249,1.41202,1.40679,1597.1924,-0.75646,
EURUSD,buy,2008-09-12T10:00:00+00:00,2008-09-12T11:00:00+00:00,1.40974,1.40603,1.40650,1.41496,6448.2702,-23.94482,
EURUSD,sell,2008-09-14T19:00:00+00:00,2008-09-14T21:00:00+00:00,1.42135,1.42510,1.42462,1.41609,6307.5526,-23.63753,
EURUSD,buy,2008-09-14T21:00:00+00:00,2008-09-14T22:00:00+00:00,1.42930,1.43216,1.42601,1.43459,4645.1555,13.26947,
EURUSD,buy,2008-09-14T21:00:00+00:00,2008-09-14T22:00:00+00:00,1.42930,1.42882,1.42930,1.43459,1548.3852,-0.74133,
EURUSD,sell,2008-09-15T23:00:00+00:00,2008-09-16T00:00:00+00:00,1.42382,1.42097,1.42710,1.41855,4693.2097,13.37382,
EURUSD,sell,2008-09-15T23:00:00+00:00,2008-09-16T00:00:00+00:00,1.42382,1.42430,1.42382,1.41855,1564.4032,-0.74647,
EURUSD,buy,2008-09-17T18:00:00+00:00,2008-09-17T19:00:00+00:00,1.43768,1.43390,1.43438,1.44300,6244.9413,-23.64318,
EURUSD,sell,2008-09-19T08:00:00+00:00,2008-09-19T09:00:00+00:00,1.41939,1.42314,1.42266,1.41414,6238.3443,-23.34637,
EURUSD,sell,2008-09-21T19:00:00+00:00,2008-09-21T21:00:00+00:00,1.44600,1.44981,1.44932,1.44064,6042.8739,-23.03302,
EURUSD,buy,2008-09-20T00:00:00+00:00,2008-09-21T22:00:00+00:00,1.44686,1.44305,1.44354,1.45222,6042.8739,-23.02235,
EURUSD,buy,2008-09-21T21:00:00+00:00,2008-09-21T22:00:00+00:00,1.44949,1.44568,1.44616,1.45486,5952.4306,-22.71847,
EURUSD,sell,2008-09-24T06:00:00+00:00,2008-09-24T07:00:00+00:00,1.46813,1.46519,1.47151,1.46270,4288.2148,12.60000,
EURUSD,sell,2008-09-24T06:00:00+00:00,2008-09-24T07:00:00+00:00,1.46813,1.46862,1.46813,1.46270,1429.4049,-0.70106,
EURUSD,buy,2008-09-25T14:00:00+00:00,2008-09-25T15:00:00+00:00,1.46715,1.46329,1.46378,1.47258,5765.4339,-22.26928,
EURUSD,sell,2008-09-25T22:00:00+00:00,2008-09-26T00:00:00+00:00,1.46341,1.46727,1.46678,1.45799,5700.6341,-21.98679,
EURUSD,buy,2008-10-05T20:00:00+00:00,2008-10-05T21:00:00+00:00,1.37862,1.37499,1.37545,1.38372,5975.0976,-21.70457,
EURUSD,sell,2008-10-05T21:00:00+00:00,2008-10-05T22:00:00+00:00,1.36244,1.36604,1.36558,1.35740,5962.8106,-21.43179,
EURUSD,buy,2008-10-07T20:00:00+00:00,2008-10-07T21:00:00+00:00,1.35911,1.36182,1.35598,1.36413,4426.6159,12.02419,
EURUSD,buy,2008-10-07T20:00:00+00:00,2008-10-07T21:00:00+00:00,1.35911,1.35865,1.35911,1.36413,1475.5386,-0.67538,
EURUSD,sell,2008-10-10T03:00:00+00:00,2008-10-10T04:00:00+00:00,1.35403,1.35132,1.35715,1.34902,4471.9597,12.11873,
EURUSD,sell,2008-10-10T03:00:00+00:00,2008-10-10T04:00:00+00:00,1.35403,1.35449,1.35403,1.34902,1490.6532,-0.68007,
EURUSD,buy,2008-10-12T21:00:00+00:00,2008-10-12T22:00:00+00:00,1.35654,1.35925,1.35342,1.36155,4498.0172,12.19503,
EURUSD,buy,2008-10-12T21:00:00+00:00,2008-10-12T22:00:00+00:00,1.35654,1.35608,1.35654,1.36155,1499.3391,-0.68512,
EURUSD,sell,2008-10-15T07:00:00+00:00,2008-10-15T09:00:00+00:00,1.35860,1.36219,1.36173,1.35357,6026.9935,-21.60229,
EURUSD,buy,2008-10-17T17:00:00+00:00,2008-10-17T18:00:00+00:00,1.34767,1.34412,1.34458,1.35266,5999.3416,-21.31013,
EURUSD,sell,2008-10-17T19:00:00+00:00,2008-10-19T21:00:00+00:00,1.33961,1.34314,1.34269,1.33465,5952.3304,-21.04057,
EURUSD,buy,2008-10-19T23:00:00+00:00,2008-10-20T04:00:00+00:00,1.34458,1.34727,1.34149,1.34956,4391.6995,11.80186,
EURUSD,buy,2008-10-19T23:00:00+00:00,2008-10-20T05:00:00+00:00,1.34458,1.34555,1.34600,1.34956,1463.8998,1.40968,
EURUSD,sell,2008-10-20T21:00:00+00:00,2008-10-21T06:00:00+00:00,1.33243,1.32976,1.33550,1.32750,4466.2694,11.91020,
EURUSD,sell,2008-10-20T21:00:00+00:00,2008-10-21T06:00:00+00:00,1.33243,1.33288,1.33243,1.32750,1488.7565,-0.66956,
EURUSD,buy,2008-10-24T02:00:00+00:00,2008-10-24T04:00:00+00:00,1.27837,1.28093,1.27543,1.28310,4690.9055,11.98518,
EURUSD,buy,2008-10-24T02:00:00+00:00,2008-10-24T04:00:00+00:00,1.27837,1.27794,1.27837,1.28310,1563.6352,-0.67783,
EURUSD,sell,2008-10-24T08:00:00+00:00,2008-10-24T09:00:00+00:00,1.25477,1.25226,1.25766,1.25013,4810.0489,12.07937,
EURUSD,sell,2008-10-24T08:00:00+00:00,2008-10-24T09:00:00+00:00,1.25477,1.25520,1.25477,1.25013,1603.3496,-0.68374,
EURUSD,buy,2008-10-26T18:00:00+00:00,2008-10-26T21:00:00+00:00,1.26238,1.25905,1.25948,1.26705,6423.7364,-21.39379,
EURUSD,sell,2008-10-26T21:00:00+00:00,2008-10-26T22:00:00+00:00,1.25265,1.25596,1.25554,1.24802,6384.3534,-21.12356,
EURUSD,buy,2008-10-28T20:00:00+00:00,2008-10-28T21:00:00+00:00,1.26843,1.27097,1.26551,1.27312,4669.0796,11.83663,
EURUSD,buy,2008-10-28T20:00:00+00:00,2008-10-28T21:00:00+00:00,1.26843,1.26800,1.26843,1.27312,1556.3599,-0.67003,
EURUSD,sell,2008-10-31T04:00:00+00:00,2008-10-31T05:00:00+00:00,1.28198,1.27941,1.28492,1.27723,4649.6313,11.92965,
EURUSD,sell,2008-10-31T04:00:00+00:00,2008-10-31T05:00:00+00:00,1.28198,1.28241,1.28198,1.27723,1549.8771,-0.67359,
EURUSD,buy,2008-11-02T06:00:00+00:00,2008-11-02T22:00:00+00:00,1.27338,1.27593,1.27045,1.27809,4716.9767,12.00474,
EURUSD,sell,2008-11-02T17:00:00+00:00,2008-11-02T22:00:00+00:00,1.27262,1.27598,1.27555,1.26791,6289.3023,-21.13570,
EURUSD,buy,2008-11-02T20:00:00+00:00,2008-11-02T22:00:00+00:00,1.27338,1.27593,1.27045,1.27809,4716.9767,12.00474,
EURUSD,buy,2008-11-02T06:00:00+00:00,2008-11-02T23:00:00+00:00,1.27338,1.27587,1.27630,1.27809,1572.3256,3.90758,
EURUSD,buy,2008-11-02T20:00:00+00:00,2008-11-02T23:00:00+00:00,1.27338,1.27587,1.27630,1.27809,1572.3256,3.90758,
EURUSD,sell,2008-11-04T00:00:00+00:00,2008-11-04T01:00:00+00:00,1.25872,1.25620,1.26162,1.25406,4800.8855,12.09430,
EURUSD,sell,2008-11-04T00:00:00+00:00,2008-11-04T01:00:00+00:00,1.25872,1.25915,1.25872,1.25406,1600.2952,-0.68434,
EURUSD,buy,2008-11-04T20:00:00+00:00,2008-11-04T21:00:00+00:00,1.30014,1.30274,1.29715,1.30495,4683.6563,12.17042,
EURUSD,buy,2008-11-04T20:00:00+00:00,2008-11-04T21:00:00+00:00,1.30014,1.29970,1.30014,1.30495,1561.2188,-0.68698,
EURUSD,sell,2008-11-06T12:00:00+00:00,2008-11-06T13:00:00+00:00,1.27687,1.28024,1.27980,1.27214,6399.8384,-21.57790,
EURUSD,buy,2008-11-09T22:00:00+00:00,2008-11-10T00:00:00+00:00,1.28138,1.28395,1.27844,1.28612,4722.6605,12.09474,
EURUSD,buy,2008-11-09T22:00:00+00:00,2008-11-10T00:00:00+00:00,1.28138,1.28574,1.28138,1.28612,1574.2202,6.85394,
EURUSD,sell,2008-11-11T06:00:00+00:00,2008-11-11T07:00:00+00:00,1.27102,1.27437,1.27394,1.26631,6418.9457,-21.54466,
EURUSD,buy,2008-11-13T21:00:00+00:00,2008-11-13T22:00:00+00:00,1.27723,1.27386,1.27430,1.28196,6307.1811,-21.24908,
EURUSD,sell,2008-11-15T09:00:00+00:00,2008-11-16T22:00:00+00:00,1.25889,1.25637,1.26179,1.25423,4733.1463,11.92527,
EURUSD,sell,2008-11-15T09:00:00+00:00,2008-11-16T22:00:00+00:00,1.25889,1.25461,1.25889,1.25423,1577.7154,6.75740,
EURUSD,buy,2008-11-17T13:00:00+00:00,2008-11-17T14:00:00+00:00,1.26468,1.26721,1.26177,1.26936,4769.7296,12.05603,
EURUSD,buy,2008-11-17T13:00:00+00:00,2008-11-17T14:00:00+00:00,1.26468,1.26425,1.26468,1.26936,1589.9099,-0.68269,
EURUSD,sell,2008-11-19T01:00:00+00:00,2008-11-19T07:00:00+00:00,1.26152,1.26485,1.26442,1.25685,6416.7992,-21.37893,
EURUSD,buy,2008-11-21T18:00:00+00:00,2008-11-21T19:00:00+00:00,1.25203,1.24872,1.24915,1.25666,6383.9446,-21.08951,
EURUSD,sell,2008-11-23T21:00:00+00:00,2008-11-23T23:00:00+00:00,1.25782,1.26114,1.26072,1.25317,6266.9025,-20.81921,
EURUSD,buy,2008-11-23T22:00:00+00:00,2008-11-23T23:00:00+00:00,1.26103,1.26355,1.25813,1.26569,4691.0423,11.82291,
EURUSD,buy,2008-11-23T22:00:00+00:00,2008-11-23T23:00:00+00:00,1.26103,1.26060,1.26103,1.26569,1563.6808,-0.66971,
EURUSD,sell,2008-11-26T21:00:00+00:00,2008-11-27T00:00:00+00:00,1.28746,1.29086,1.29043,1.28270,6085.0927,-20.68443,
EURUSD,buy,2008-11-30T22:00:00+00:00,2008-12-01T00:00:00+00:00,1.26965,1.26630,1.26673,1.27435,6092.6867,-20.40639,
EURUSD,sell,2008-11-30T23:00:00+00:00,2008-12-01T01:00:00+00:00,1.26638,1.26385,1.26929,1.26169,4578.5692,11.60442,
EURUSD,sell,2008-11-30T23:00:00+00:00,2008-12-01T01:00:00+00:00,1.26638,1.26681,1.26638,1.26169,1526.1897,-0.65615,
EURUSD,buy,2008-12-02T19:00:00+00:00,2008-12-03T03:00:00+00:00,1.27003,1.27257,1.26711,1.27473,4540.2122,11.52446,
EURUSD,buy,2008-12-02T19:00:00+00:00,2008-12-03T04:00:00+00:00,1.27003,1.27057,1.27100,1.27473,1513.4041,0.81394,
EURUSD,sell,2008-12-04T00:00:00+00:00,2008-12-04T01:00:00+00:00,1.26797,1.27132,1.27089,1.26328,6108.4605,-20.45409,
EURUSD,buy,2008-12-04T18:00:00+00:00,2008-12-04T19:00:00+00:00,1.28263,1.27925,1.27969,1.28738,5962.4842,-20.17148,
EURUSD,sell,2008-12-05T23:00:00+00:00,2008-12-08T00:00:00+00:00,1.27160,1.27496,1.27452,1.26689,5931.3338,-19.91698,
EURUSD,buy,2008-12-07T03:00:00+00:00,2008-12-08T00:00:00+00:00,1.27205,1.27459,1.26913,1.27676,4449.5848,11.31239,
EURUSD,sell,2008-12-07T21:00:00+00:00,2008-12-08T00:00:00+00:00,1.27129,1.27465,1.27421,1.26658,5932.7797,-19.91705,
EURUSD,buy,2008-12-07T23:00:00+00:00,2008-12-08T00:00:00+00:00,1.27328,1.27583,1.27035,1.27799,4445.2852,11.31239,
EURUSD,buy,2008-12-07T23:00:00+00:00,2008-12-08T00:00:00+00:00,1.27328,1.27285,1.27328,1.27799,1481.7617,-0.64008,
EURUSD,buy,2008-12-07T03:00:00+00:00,2008-12-08T01:00:00+00:00,1.27205,1.27482,1.27525,1.27676,1483.1949,4.10243,
EURUSD,sell,2008-12-14T10:00:00+00:00,2008-12-14T22:00:00+00:00,1.33535,1.33887,1.33842,1.33041,5596.7086,-19.72149,
EURUSD,buy,2008-12-14T22:00:00+00:00,2008-12-14T23:00:00+00:00,1.33960,1.34228,1.33652,1.34456,4131.4942,11.06148,
EURUSD,buy,2008-12-14T22:00:00+00:00,2008-12-14T23:00:00+00:00,1.33960,1.33915,1.33960,1.34456,1377.1647,-0.62229,
EURUSD,sell,2008-12-19T07:00:00+00:00,2008-12-19T08:00:00+00:00,1.42642,1.42357,1.42970,1.42114,3905.1365,11.14843,
EURUSD,sell,2008-12-19T07:00:00+00:00,2008-12-19T08:00:00+00:00,1.42642,1.42690,1.42642,1.42114,1301.7122,-0.62214,
EURUSD,buy,2008-12-21T14:00:00+00:00,2008-12-21T23:00:00+00:00,1.39113,1.39391,1.38793,1.39627,4035.0020,11.21866,
EURUSD,buy,2008-12-21T14:00:00+00:00,2008-12-21T23:00:00+00:00,1.39113,1.39585,1.39113,1.39627,1345.0007,6.35748,
EURUSD,sell,2008-12-21T20:00:00+00:00,2008-12-21T23:00:00+00:00,1.39029,1.39396,1.39349,1.38515,5380.0026,-19.72683,
EURUSD,buy,2008-12-21T22:00:00+00:00,2008-12-21T23:00:00+00:00,1.39262,1.39540,1.38942,1.39777,4030.6835,11.21866,
EURUSD,buy,2008-12-21T22:00:00+00:00,2008-12-21T23:00:00+00:00,1.39262,1.39215,1.39262,1.39777,1343.5612,-0.62848,
EURUSD,sell,2008-12-23T21:00:00+00:00,2008-12-24T00:00:00+00:00,1.39188,1.39555,1.39508,1.38673,5404.1664,-19.83778,
EURUSD,buy,2008-12-24T16:00:00+00:00,2008-12-24T19:00:00+00:00,1.39672,1.39951,1.39351,1.40189,3988.2360,11.13320,
EURUSD,buy,2008-12-24T16:00:00+00:00,2008-12-24T20:00:00+00:00,1.39672,1.39902,1.39949,1.40189,1329.4120,3.05935,
EURUSD,sell,2008-12-27T10:00:00+00:00,2008-12-28T22:00:00+00:00,1.40173,1.40543,1.40495,1.39654,5346.0719,-19.76147,
EURUSD,buy,2008-12-28T22:00:00+00:00,2008-12-28T23:00:00+00:00,1.40787,1.41069,1.40464,1.41308,3941.8029,11.09145,
EURUSD,buy,2008-12-28T22:00:00+00:00,2008-12-28T23:00:00+00:00,1.40787,1.40740,1.40787,1.41308,1313.9343,-0.62063,
EURUSD,sell,2008-12-30T08:00:00+00:00,2008-12-30T09:00:00+00:00,1.41448,1.41821,1.41773,1.40924,5265.0657,-19.63661,
EURUSD,buy,2009-01-01T23:00:00+00:00,2009-01-02T01:00:00+00:00,1.40016,1.39647,1.39694,1.40534,5251.9457,-19.37164,
EURUSD,sell,2009-01-02T07:00:00+00:00,2009-01-02T08:00:00+00:00,1.38928,1.39295,1.39248,1.38414,5220.1916,-19.12714,
EURUSD,buy,2009-01-03T23:00:00+00:00,2009-01-04T22:00:00+00:00,1.39204,1.38837,1.38884,1.39719,5144.2668,-18.86589,
EURUSD,sell,2009-01-04T22:00:00+00:00,2009-01-04T23:00:00+00:00,1.38798,1.39164,1.39118,1.38285,5088.2563,-18.62652,
EURUSD,buy,2009-01-04T23:00:00+00:00,2009-01-05T00:00:00+00:00,1.39617,1.39249,1.39296,1.40133,4994.7358,-18.37113,
EURUSD,sell,2009-01-05T02:00:00+00:00,2009-01-05T03:00:00+00:00,1.38528,1.38894,1.38847,1.38016,4964.6726,-18.13926,
EURUSD,buy,2009-01-07T12:00:00+00:00,2009-01-07T13:00:00+00:00,1.36001,1.36273,1.35688,1.36504,3744.9529,10.17930,
EURUSD,buy,2009-01-07T12:00:00+00:00,2009-01-07T13:00:00+00:00,1.36001,1.35955,1.36001,1.36504,1248.3176,-0.57171,
EURUSD,sell,2009-01-09T17:00:00+00:00,2009-01-09T18:00:00+00:00,1.34700,1.34430,1.35009,1.34201,3805.6007,10.25933,
EURUSD,sell,2009-01-09T17:00:00+00:00,2009-01-09T18:00:00+00:00,1.34700,1.34745,1.34700,1.34201,1268.5336,-0.57606,
EURUSD,buy,2009-01-16T10:00:00+00:00,2009-01-16T11:00:00+00:00,1.32670,1.32935,1.32365,1.33161,3893.5223,10.32393,
EURUSD,buy,2009-01-16T10:00:00+00:00,2009-01-16T11:00:00+00:00,1.32670,1.32625,1.32670,1.33161,1297.8408,-0.58143,
EURUSD,sell,2009-01-18T12:00:00+00:00,2009-01-18T22:00:00+00:00,1.32653,1.33003,1.32958,1.32162,5225.6090,-18.29396,
EURUSD,buy,2009-01-18T13:00:00+00:00,2009-01-18T22:00:00+00:00,1.32733,1.32998,1.32428,1.33224,3919.2068,10.39697,
EURUSD,buy,2009-01-18T13:00:00+00:00,2009-01-18T22:00:00+00:00,1.32733,1.33184,1.32733,1.33224,1306.4023,5.89183,
EURUSD,sell,2009-01-18T19:00:00+00:00,2009-01-18T22:00:00+00:00,1.32653,1.33003,1.32958,1.32162,5225.6090,-18.29396,
EURUSD,buy,2009-01-18T22:00:00+00:00,2009-01-19T00:00:00+00:00,1.33540,1.33188,1.33233,1.34034,5117.9938,-18.01628,
EURUSD,sell,2009-01-19T18:00:00+00:00,2009-01-19T20:00:00+00:00,1.31421,1.31158,1.31723,1.30934,3846.6684,10.11760,
EURUSD,sell,2009-01-19T18:00:00+00:00,2009-01-19T21:00:00+00:00,1.31421,1.31159,1.31115,1.30934,1282.2228,3.34950,
EURUSD,buy,2009-01-22T03:00:00+00:00,2009-01-22T04:00:00+00:00,1.30234,1.30494,1.29935,1.30716,3922.8326,10.21068,
EURUSD,buy,2009-01-22T03:00:00+00:00,2009-01-22T04:00:00+00:00,1.30234,1.30190,1.30234,1.30716,1307.6109,-0.57625,
EURUSD,sell,2009-01-23T08:00:00+00:00,2009-01-23T09:00:00+00:00,1.28436,1.28179,1.28732,1.27961,4003.4723,10.29093,
EURUSD,sell,2009-01-23T08:00:00+00:00,2009-01-23T09:00:00+00:00,1.28436,1.28480,1.28436,1.27961,1334.4908,-0.58094,
EURUSD,buy,2009-01-24T09:00:00+00:00,2009-01-25T22:00:00+00:00,1.29797,1.29455,1.29498,1.30277,5322.5990,-18.21880,
EURUSD,sell,2009-01-25T19:00:00+00:00,2009-01-25T22:00:00+00:00,1.29719,1.29459,1.30018,1.29239,3991.9493,10.36379,
EURUSD,sell,2009-01-25T19:00:00+00:00,2009-01-25T22:00:00+00:00,1.29719,1.29278,1.29719,1.29239,1330.6498,5.87260,
EURUSD,buy,2009-01-25T21:00:00+00:00,2009-01-25T22:00:00+00:00,1.29797,1.29455,1.29498,1.30277,5322.5990,-18.21880,
EURUSD,sell,2009-01-25T22:00:00+00:00,2009-01-25T23:00:00+00:00,1.29136,1.28878,1.29433,1.28658,3951.3211,10.21222,
EURUSD,sell,2009-01-25T22:00:00+00:00,2009-01-25T23:00:00+00:00,1.29136,1.29180,1.29136,1.28658,1317.1070,-0.57613,
EURUSD,buy,2009-01-26T17:00:00+00:00,2009-01-26T18:00:00+00:00,1.31544,1.31198,1.31242,1.32031,5211.7200,-18.07594,
EURUSD,sell,2009-01-29T03:00:00+00:00,2009-01-29T04:00:00+00:00,1.30861,1.31206,1.31162,1.30376,5166.7629,-17.84703,
EURUSD,buy,2009-02-01T11:00:00+00:00,2009-02-01T22:00:00+00:00,1.28265,1.27927,1.27971,1.28740,5204.8769,-17.60871,
EURUSD,sell,2009-02-01T22:00:00+00:00,2009-02-01T23:00:00+00:00,1.27472,1.27808,1.27765,1.27000,5165.0960,-17.38592,
EURUSD,buy,2009-02-03T02:00:00+00:00,2009-02-03T03:00:00+00:00,1.28604,1.28861,1.28308,1.29079,3791.3221,9.74482,
EURUSD,buy,2009-02-03T02:00:00+00:00,2009-02-03T03:00:00+00:00,1.28604,1.28560,1.28604,1.29079,1263.7740,-0.55075,
EURUSD,sell,2009-02-04T22:00:00+00:00,2009-02-05T01:00:00+00:00,1.28301,1.28045,1.28597,1.27827,3824.8333,9.82141,
EURUSD,sell,2009-02-04T22:00:00+00:00,2009-02-05T01:00:00+00:00,1.28301,1.28345,1.28301,1.27827,1274.9444,-0.55450,
EURUSD,buy,2009-02-06T20:00:00+00:00,2009-02-08T22:00:00+00:00,1.29284,1.29542,1.28987,1.29762,3824.9387,9.88323,
EURUSD,buy,2009-02-06T20:00:00+00:00,2009-02-08T23:00:00+00:00,1.29284,1.29536,1.29580,1.29762,1274.9796,3.21746,
EURUSD,sell,2009-02-10T10:00:00+00:00,2009-02-10T12:00:00+00:00,1.29641,1.29983,1.29939,1.29161,5133.3226,-17.56866,
EURUSD,buy,2009-02-12T00:00:00+00:00,2009-02-12T02:00:00+00:00,1.28979,1.29236,1.28682,1.29456,3820.9920,9.84973,
EURUSD,buy,2009-02-12T00:00:00+00:00,2009-02-12T03:00:00+00:00,1.28979,1.29011,1.29055,1.29456,1273.6640,0.41525,
EURUSD,sell,2009-02-12T03:00:00+00:00,2009-02-12T04:00:00+00:00,1.28901,1.29242,1.29198,1.28424,5134.4613,-17.47375,
EURUSD,buy,2009-02-13T12:00:00+00:00,2009-02-13T15:00:00+00:00,1.28419,1.28675,1.28123,1.28894,3816.6025,9.79569,
EURUSD,buy,2009-02-13T12:00:00+00:00,2009-02-13T15:00:00+00:00,1.28419,1.28855,1.28419,1.28894,1272.2008,5.55109,
EURUSD,sell,2009-02-14T06:00:00+00:00,2009-02-15T22:00:00+00:00,1.28563,1.28306,1.28859,1.28088,3854.7648,9.91848,
EURUSD,sell,2009-02-14T06:00:00+00:00,2009-02-15T22:00:00+00:00,1.28563,1.28126,1.28563,1.28088,1284.9216,5.62026,
EURUSD,buy,2009-02-14T07:00:00+00:00,2009-02-15T22:00:00+00:00,1.28641,1.28301,1.28345,1.29116,5139.6864,-17.43826,
EURUSD,sell,2009-02-14T14:00:00+00:00,2009-02-15T22:00:00+00:00,1.28563,1.28306,1.28859,1.28088,3854.7648,9.91848,
EURUSD,sell,2009-02-14T14:00:00+00:00,2009-02-15T22:00:00+00:00,1.28563,1.28126,1.28563,1.28088,1284.9216,5.62026,
EURUSD,buy,2009-02-19T12:00:00+00:00,2009-02-19T14:00:00+00:00,1.27078,1.27332,1.26786,1.27548,3942.4211,10.01300,
EURUSD,buy,2009-02-19T12:00:00+00:00,2009-02-19T14:00:00+00:00,1.27078,1.27510,1.27078,1.27548,1314.1404,5.67424,
EURUSD,sell,2009-02-22T18:00:00+00:00,2009-02-23T00:00:00+00:00,1.28144,1.27887,1.28438,1.27669,3953.1907,10.13851,
EURUSD,sell,2009-02-22T18:00:00+00:00,2009-02-23T00:00:00+00:00,1.28144,1.28187,1.28144,1.27669,1317.7302,-0.57248,
EURUSD,buy,2009-02-23T01:00:00+00:00,2009-02-23T05:00:00+00:00,1.29164,1.28823,1.28867,1.29641,5269.4691,-17.95024,
EURUSD,sell,2009-02-23T21:00:00+00:00,2009-02-24T01:00:00+00:00,1.26892,1.27227,1.27184,1.26422,5289.8848,-17.72617,
EURUSD,buy,2009-02-25T01:00:00+00:00,2009-02-25T03:00:00+00:00,1.28619,1.28279,1.28323,1.29094,5153.0719,-17.48073,
EURUSD,sell,2009-02-26T00:00:00+00:00,2009-02-26T06:00:00+00:00,1.27352,1.27097,1.27645,1.26880,3849.4483,9.81145,
EURUSD,sell,2009-02-26T00:00:00+00:00,2009-02-26T06:00:00+00:00,1.27352,1.26919,1.27352,1.26880,1283.1494,5.55962,
EURUSD,buy,2009-03-03T18:00:00+00:00,2009-03-03T22:00:00+00:00,1.25718,1.25386,1.25429,1.26183,5263.5833,-17.45884,
EURUSD,sell,2009-03-04T01:00:00+00:00,2009-03-04T06:00:00+00:00,1.24823,1.25152,1.25110,1.24361,5228.2375,-17.23815,
EURUSD,buy,2009-03-05T01:00:00+00:00,2009-03-05T06:00:00+00:00,1.26118,1.25785,1.25828,1.26584,5109.2851,-17.00017,
EURUSD,sell,2009-03-06T00:00:00+00:00,2009-03-06T05:00:00+00:00,1.25552,1.25884,1.25841,1.25088,5061.5382,-16.78461,
EURUSD,buy,2009-03-06T10:00:00+00:00,2009-03-06T12:00:00+00:00,1.26818,1.26483,1.26526,1.27287,4947.8330,-16.55300,
EURUSD,sell,2009-03-08T04:00:00+00:00,2009-03-08T23:00:00+00:00,1.26544,1.26878,1.26835,1.26076,4890.1880,-16.34255,
EURUSD,buy,2009-03-08T16:00:00+00:00,2009-03-08T23:00:00+00:00,1.26620,1.26873,1.26329,1.27088,3667.6410,9.28153,
EURUSD,buy,2009-03-08T16:00:00+00:00,2009-03-08T23:00:00+00:00,1.26620,1.27050,1.26620,1.27088,1222.5470,5.25973,
EURUSD,sell,2009-03-09T11:00:00+00:00,2009-03-09T13:00:00+00:00,1.25782,1.26114,1.26072,1.25317,4912.6460,-16.32025,
EURUSD,buy,2009-03-10T10:00:00+00:00,2009-03-10T12:00:00+00:00,1.27008,1.27262,1.26716,1.27478,3602.9121,9.14567,
EURUSD,buy,2009-03-10T10:00:00+00:00,2009-03-10T12:00:00+00:00,1.27008,1.27440,1.27008,1.27478,1200.9707,5.18274,
EURUSD,sell,2009-03-15T21:00:00+00:00,2009-03-15T22:00:00+00:00,1.28888,1.28630,1.29185,1.28411,3589.8989,9.26031,
EURUSD,sell,2009-03-15T21:00:00+00:00,2009-03-15T22:00:00+00:00,1.28888,1.28932,1.28888,1.28411,1196.6330,-0.52255,
EURUSD,buy,2009-03-16T12:00:00+00:00,2009-03-16T14:00:00+00:00,1.30419,1.30075,1.30119,1.30902,4766.6980,-16.39307,
EURUSD,sell,2009-03-21T03:00:00+00:00,2009-03-22T21:00:00+00:00,1.35741,1.36099,1.36054,1.35239,4516.6925,-16.17501,
EURUSD,buy,2009-03-22T11:00:00+00:00,2009-03-22T21:00:00+00:00,1.35823,1.36094,1.35510,1.36325,3387.5194,9.19570,
EURUSD,buy,2009-03-22T11:00:00+00:00,2009-03-22T21:00:00+00:00,1.35823,1.36284,1.35823,1.36325,1129.1731,5.21109,
EURUSD,sell,2009-03-22T13:00:00+00:00,2009-03-22T21:00:00+00:00,1.35741,1.36099,1.36054,1.35239,4516.6925,-16.17501,
EURUSD,buy,2009-03-22T14:00:00+00:00,2009-03-22T21:00:00+00:00,1.35823,1.36094,1.35510,1.36325,3387.5194,9.19570,
EURUSD,buy,2009-03-22T14:00:00+00:00,2009-03-22T21:00:00+00:00,1.35823,1.36284,1.35823,1.36325,1129.1731,5.21109,
EURUSD,sell,2009-03-24T14:00:00+00:00,2009-03-24T16:00:00+00:00,1.35364,1.35722,1.35676,1.34863,4516.2093,-16.12900,
EURUSD,buy,2009-03-26T02:00:00+00:00,2009-03-26T06:00:00+00:00,1.35616,1.35887,1.35304,1.36117,3338.2970,9.04826,
EURUSD,buy,2009-03-26T02:00:00+00:00,2009-03-26T06:00:00+00:00,1.35616,1.35570,1.35616,1.36117,1112.7657,-0.50835,
EURUSD,sell,2009-03-27T08:00:00+00:00,2009-03-27T09:00:00+00:00,1.35389,1.35118,1.35701,1.34888,3365.5179,9.11940,
EURUSD,sell,2009-03-27T08:00:00+00:00,2009-03-27T09:00:00+00:00,1.35389,1.35435,1.35389,1.34888,1121.8393,-0.51176,
EURUSD,buy,2009-03-31T12:00:00+00:00,2009-03-31T13:00:00+00:00,1.33330,1.32979,1.33023,1.33823,4591.6918,-16.13854,
EURUSD,sell,2009-04-01T14:00:00+00:00,2009-04-01T18:00:00+00:00,1.32240,1.31976,1.32545,1.31751,3424.3121,9.06289,
EURUSD,sell,2009-04-01T14:00:00+00:00,2009-04-01T18:00:00+00:00,1.32240,1.32285,1.32240,1.31751,1141.4374,-0.50992,
EURUSD,buy,2009-04-02T09:00:00+00:00,2009-04-02T10:00:00+00:00,1.33035,1.33301,1.32729,1.33527,3430.0189,9.11995,
EURUSD,buy,2009-04-02T09:00:00+00:00,2009-04-02T10:00:00+00:00,1.33035,1.32990,1.33035,1.33527,1143.3396,-0.51346,
EURUSD,sell,2009-04-05T19:00:00+00:00,2009-04-05T21:00:00+00:00,1.34769,1.35124,1.35079,1.34270,4543.7401,-16.15689,
EURUSD,buy,2009-04-05T21:00:00+00:00,2009-04-05T22:00:00+00:00,1.35191,1.35461,1.34880,1.35691,3354.3763,9.06334,
EURUSD,buy,2009-04-05T21:00:00+00:00,2009-04-05T22:00:00+00:00,1.35191,1.35145,1.35191,1.35691,1118.1254,-0.50937,
EURUSD,sell,2009-04-06T20:00:00+00:00,2009-04-06T23:00:00+00:00,1.34115,1.33846,1.34423,1.33618,3403.1657,9.13460,
EURUSD,sell,2009-04-06T20:00:00+00:00,2009-04-06T23:00:00+00:00,1.34115,1.33658,1.34115,1.33618,1134.3886,5.17608,
EURUSD,buy,2009-04-09T06:00:00+00:00,2009-04-09T07:00:00+00:00,1.33190,1.32839,1.32884,1.33683,4625.5422,-16.24068,
EURUSD,sell,2009-04-09T20:00:00+00:00,2009-04-09T23:00:00+00:00,1.31640,1.31377,1.31943,1.31153,3461.6339,9.12011,
EURUSD,sell,2009-04-09T20:00:00+00:00,2009-04-09T23:00:00+00:00,1.31640,1.31685,1.31640,1.31153,1153.8780,-0.51340,
EURUSD,buy,2009-04-11T09:00:00+00:00,2009-04-12T23:00:00+00:00,1.31900,1.31552,1.31596,1.32387,4641.8471,-16.14227,
EURUSD,sell,2009-04-12T22:00:00+00:00,2009-04-13T00:00:00+00:00,1.31730,1.31467,1.32034,1.31243,3483.7631,9.18469,
EURUSD,sell,2009-04-12T22:00:00+00:00,2009-04-13T01:00:00+00:00,1.31730,1.31609,1.31565,1.31243,1161.2544,1.40509,
EURUSD,buy,2009-04-13T12:00:00+00:00,2009-04-13T14:00:00+00:00,1.32850,1.33115,1.32544,1.33341,3440.8048,9.13590,
EURUSD,buy,2009-04-13T12:00:00+00:00,2009-04-13T14:00:00+00:00,1.32850,1.32805,1.32850,1.33341,1146.9349,-0.51444,
EURUSD,sell,2009-04-15T01:00:00+00:00,2009-04-15T07:00:00+00:00,1.32390,1.32125,1.32695,1.31900,3475.0912,9.20772,
EURUSD,sell,2009-04-15T01:00:00+00:00,2009-04-15T08:00:00+00:00,1.32390,1.32365,1.32320,1.31900,1158.3637,0.29623,
EURUSD,buy,2009-04-19T14:00:00+00:00,2009-04-19T23:00:00+00:00,1.30440,1.30096,1.30140,1.30923,4741.9914,-16.31069,
EURUSD,sell,2009-04-19T21:00:00+00:00,2009-04-19T23:00:00+00:00,1.30391,1.30130,1.30691,1.29908,3555.7028,9.27902,
EURUSD,sell,2009-04-19T21:00:00+00:00,2009-04-19T23:00:00+00:00,1.30391,1.30435,1.30391,1.29908,1185.2343,-0.52291,
EURUSD,buy,2009-04-19T22:00:00+00:00,2009-04-19T23:00:00+00:00,1.30479,1.30135,1.30179,1.30962,4740.5736,-16.31062,
EURUSD,sell,2009-04-19T23:00:00+00:00,2009-04-20T00:00:00+00:00,1.30031,1.29771,1.30330,1.29550,3496.7392,9.09996,
EURUSD,sell,2009-04-19T23:00:00+00:00,2009-04-20T00:00:00+00:00,1.30031,1.30075,1.30031,1.29550,1165.5797,-0.51298,
EURUSD,buy,2009-04-22T07:00:00+00:00,2009-04-22T11:00:00+00:00,1.29299,1.29557,1.29001,1.29777,3543.5632,9.15725,
EURUSD,buy,2009-04-22T07:00:00+00:00,2009-04-22T12:00:00+00:00,1.29299,1.29316,1.29360,1.29777,1181.1877,0.20571,
EURUSD,sell,2009-04-26T07:00:00+00:00,2009-04-27T00:00:00+00:00,1.32360,1.32095,1.32665,1.31870,3486.0430,9.23464,
EURUSD,sell,2009-04-26T07:00:00+00:00,2009-04-27T00:00:00+00:00,1.32360,1.31910,1.32360,1.31870,1162.0143,5.23277,
EURUSD,buy,2009-04-26T20:00:00+00:00,2009-04-27T00:00:00+00:00,1.32440,1.32091,1.32135,1.32930,4648.0573,-16.22911,
EURUSD,sell,2009-04-26T22:00:00+00:00,2009-04-27T00:00:00+00:00,1.32200,1.31936,1.32504,1.31711,3490.2608,9.23464,
EURUSD,sell,2009-04-26T22:00:00+00:00,2009-04-27T01:00:00+00:00,1.32200,1.32070,1.32025,1.31711,1163.4203,1.52081,
EURUSD,buy,2009-04-29T02:00:00+00:00,2009-04-29T03:00:00+00:00,1.31629,1.31893,1.31327,1.32116,3533.1313,9.29487,
EURUSD,buy,2009-04-29T02:00:00+00:00,2009-04-29T03:00:00+00:00,1.31629,1.31585,1.31629,1.32116,1177.7104,-0.52393,
EURUSD,sell,2009-05-01T02:00:00+00:00,2009-05-01T06:00:00+00:00,1.32460,1.32810,1.32765,1.31970,4711.5859,-16.47081,
EURUSD,buy,2009-05-01T23:00:00+00:00,2009-05-04T00:00:00+00:00,1.32745,1.33010,1.32440,1.33236,3481.6872,9.23714,
EURUSD,buy,2009-05-01T23:00:00+00:00,2009-05-04T00:00:00+00:00,1.32745,1.33196,1.32745,1.33236,1160.5624,5.23457,
EURUSD,sell,2009-05-02T02:00:00+00:00,2009-05-04T00:00:00+00:00,1.32677,1.33027,1.32982,1.32186,4641.8298,-16.25315,
EURUSD,buy,2009-05-02T04:00:00+00:00,2009-05-04T00:00:00+00:00,1.32757,1.33022,1.32452,1.33248,3481.3724,9.23714,
EURUSD,buy,2009-05-02T04:00:00+00:00,2009-05-04T01:00:00+00:00,1.32757,1.33080,1.33125,1.33248,1160.4575,3.75117,
EURUSD,sell,2009-05-06T02:00:00+00:00,2009-05-06T06:00:00+00:00,1.32700,1.33050,1.33005,1.32209,4683.2392,-16.40094,
EURUSD,buy,2009-05-07T13:00:00+00:00,2009-05-07T14:00:00+00:00,1.34340,1.33986,1.34031,1.34837,4567.7788,-16.17441,
EURUSD,buy,2009-05-10T21:00:00+00:00,2009-05-10T22:00:00+00:00,1.36571,1.36211,1.36257,1.37076,4433.9375,-15.95750,
EURUSD,sell,2009-05-10T19:00:00+00:00,2009-05-11T02:00:00+00:00,1.36293,1.36653,1.36607,1.35789,4440.3120,-15.96522,
EURUSD,sell,2009-05-10T22:00:00+00:00,2009-05-11T02:00:00+00:00,1.36144,1.36503,1.36457,1.35640,4386.5825,-15.75503,
EURUSD,buy,2009-05-11T02:00:00+00:00,2009-05-11T05:00:00+00:00,1.36661,1.36301,1.36347,1.37166,4256.5262,-15.32897,
EURUSD,sell,2009-05-11T08:00:00+00:00,2009-05-11T11:00:00+00:00,1.35989,1.35717,1.36302,1.35486,3163.9829,8.61129,
EURUSD,sell,2009-05-11T08:00:00+00:00,2009-05-11T12:00:00+00:00,1.35989,1.35956,1.35910,1.35486,1054.6610,0.35243,
EURUSD,buy,2009-05-12T15:00:00+00:00,2009-05-12T16:00:00+00:00,1.36411,1.36051,1.36097,1.36915,4240.9914,-15.24546,
EURUSD,sell,2009-05-13T22:00:00+00:00,2009-05-13T23:00:00+00:00,1.35854,1.35582,1.36167,1.35351,3149.7917,8.56416,
EURUSD,sell,2009-05-13T22:00:00+00:00,2009-05-13T23:00:00+00:00,1.35854,1.35900,1.35854,1.35351,1049.9306,-0.48042,
EURUSD,buy,2009-05-15T04:00:00+00:00,2009-05-15T06:00:00+00:00,1.36421,1.36061,1.36107,1.36926,4214.4239,-15.15105,
EURUSD,buy,2009-05-17T18:00:00+00:00,2009-05-17T22:00:00+00:00,1.34979,1.34624,1.34669,1.35479,4203.2889,-14.95358,
EURUSD,sell,2009-05-15T17:00:00+00:00,2009-05-17T23:00:00+00:00,1.34800,1.34530,1.35110,1.34301,3154.7812,8.51113,
EURUSD,sell,2009-05-15T17:00:00+00:00,2009-05-17T23:00:00+00:00,1.34800,1.34845,1.34800,1.34301,1051.5937,-0.47786,
EURUSD,sell,2009-05-17T21:00:00+00:00,2009-05-17T23:00:00+00:00,1.34785,1.34515,1.35095,1.34286,3155.1322,8.51113,
EURUSD,sell,2009-05-17T21:00:00+00:00,2009-05-17T23:00:00+00:00,1.34785,1.34830,1.34785,1.34286,1051.7107,-0.47786,
EURUSD,buy,2009-05-18T21:00:00+00:00,2009-05-19T06:00:00+00:00,1.35601,1.35872,1.35289,1.36102,3141.1040,8.51284,
EURUSD,buy,2009-05-18T21:00:00+00:00,2009-05-19T06:00:00+00:00,1.35601,1.35555,1.35601,1.36102,1047.0347,-0.47827,
EURUSD,sell,2009-05-24T11:00:00+00:00,2009-05-24T21:00:00+00:00,1.39912,1.40281,1.40234,1.39394,4085.3521,-15.07356,
EURUSD,buy,2009-05-24T21:00:00+00:00,2009-05-25T00:00:00+00:00,1.40327,1.39957,1.40004,1.40846,4021.9880,-14.86749,
EURUSD,buy,2009-05-25T21:00:00+00:00,2009-05-26T00:00:00+00:00,1.40182,1.39813,1.39860,1.40701,3973.1044,-14.67182,
EURUSD,sell,2009-05-25T19:00:00+00:00,2009-05-26T01:00:00+00:00,1.40068,1.39788,1.40390,1.39550,2980.4663,8.35512,
EURUSD,sell,2009-05-25T19:00:00+00:00,2009-05-26T01:00:00+00:00,1.40068,1.39591,1.40068,1.39550,993.4888,4.73439,
EURUSD,sell,2009-05-26T01:00:00+00:00,2009-05-26T05:00:00+00:00,1.39608,1.39976,1.39929,1.39091,3981.3798,-14.65846,
EURUSD,buy,2009-05-26T05:00:00+00:00,2009-05-26T06:00:00+00:00,1.40012,1.39643,1.39690,1.40530,3919.9147,-14.45808,
EURUSD,sell,2009-05-26T06:00:00+00:00,2009-05-26T08:00:00+00:00,1.39413,1.39134,1.39734,1.38897,2911.9147,8.12479,
EURUSD,sell,2009-05-26T06:00:00+00:00,2009-05-26T08:00:00+00:00,1.39413,1.39460,1.39413,1.38897,970.6382,-0.45451,
EURUSD,buy,2009-05-27T08:00:00+00:00,2009-05-27T10:00:00+00:00,1.39707,1.39339,1.39386,1.40224,3904.1748,-14.36907,
EURUSD,sell,2009-05-27T11:00:00+00:00,2009-05-27T12:00:00+00:00,1.39003,1.39370,1.39323,1.38489,3869.9129,-14.18718,
EURUSD,buy,2009-05-29T01:00:00+00:00,2009-05-29T09:00:00+00:00,1.39987,1.40267,1.39665,1.40505,2845.7525,7.96187,
EURUSD,buy,2009-05-29T01:00:00+00:00,2009-05-29T09:00:00+00:00,1.39987,1.40463,1.39987,1.40505,948.5842,4.51189,
EURUSD,sell,2009-05-31T21:00:00+00:00,2009-06-01T02:00:00+00:00,1.41275,1.41647,1.41600,1.40752,3801.6327,-14.16148,
EURUSD,buy,2009-06-01T09:00:00+00:00,2009-06-01T11:00:00+00:00,1.42433,1.42058,1.42105,1.42960,3723.2572,-13.96695,
EURUSD,sell,2009-06-02T09:00:00+00:00,2009-06-02T10:00:00+00:00,1.41583,1.41956,1.41908,1.41058,3694.0591,-13.79035,
EURUSD,buy,2009-06-02T10:00:00+00:00,2009-06-02T11:00:00+00:00,1.42358,1.42642,1.42030,1.42884,2720.7740,7.74112,
EURUSD,buy,2009-06-02T10:00:00+00:00,2009-06-02T11:00:00+00:00,1.42358,1.42310,1.42358,1.42884,906.9247,-0.43266,
EURUSD,sell,2009-06-03T21:00:00+00:00,2009-06-04T00:00:00+00:00,1.41408,1.41780,1.41733,1.40884,3675.7170,-13.70515,
EURUSD,buy,2009-06-05T07:00:00+00:00,2009-06-05T12:00:00+00:00,1.41918,1.42201,1.41591,1.42443,2712.3045,7.69316,
EURUSD,buy,2009-06-05T07:00:00+00:00,2009-06-05T12:00:00+00:00,1.41918,1.41870,1.41918,1.42443,904.1015,-0.43012,
EURUSD,sell,2009-06-05T14:00:00+00:00,2009-06-05T15:00:00+00:00,1.40033,1.40402,1.40355,1.39515,3688.8033,-13.62203,
EURUSD,buy,2009-06-08T01:00:00+00:00,2009-06-08T05:00:00+00:00,1.39957,1.39588,1.39635,1.40475,3644.3420,-13.43645,
EURUSD,sell,2009-06-08T08:00:00+00:00,2009-06-08T09:00:00+00:00,1.38668,1.38391,1.38987,1.38155,2720.6756,7.55064,
EURUSD,sell,2009-06-08T08:00:00+00:00,2009-06-08T09:00:00+00:00,1.38668,1.38715,1.38668,1.38155,906.8919,-0.42263,
EURUSD,buy,2009-06-09T16:00:00+00:00,2009-06-09T18:00:00+00:00,1.40307,1.40588,1.39984,1.40826,2709.5706,7.59819,
EURUSD,buy,2009-06-09T16:00:00+00:00,2009-06-09T18:00:00+00:00,1.40307,1.40260,1.40307,1.40826,903.1902,-0.42532,
EURUSD,sell,2009-06-11T05:00:00+00:00,2009-06-11T07:00:00+00:00,1.40268,1.39987,1.40591,1.39749,2727.8722,7.65794,
EURUSD,sell,2009-06-11T05:00:00+00:00,2009-06-11T08:00:00+00:00,1.40268,1.40297,1.40250,1.39749,909.2907,-0.26524,
EURUSD,buy,2009-06-11T20:00:00+00:00,2009-06-12T04:00:00+00:00,1.41117,1.40746,1.40793,1.41639,3643.6412,-13.54374,
EURUSD,buy,2009-06-14T10:00:00+00:00,2009-06-14T21:00:00+00:00,1.40161,1.39792,1.39839,1.40679,3620.1715,-13.36654,
EURUSD,buy,2009-06-14T19:00:00+00:00,2009-06-14T21:00:00+00:00,1.40161,1.39792,1.39839,1.40679,3620.1715,-13.36654,
EURUSD,sell,2009-06-12T20:00:00+00:00,2009-06-14T22:00:00+00:00,1.40108,1.39828,1.40430,1.39589,2714.5280,7.61179,
EURUSD,sell,2009-06-14T15:00:00+00:00,2009-06-14T22:00:00+00:00,1.40077,1.39797,1.40399,1.39559,2715.1286,7.61179,
EURUSD,sell,2009-06-12T20:00:00+00:00,2009-06-14T23:00:00+00:00,1.40108,1.39928,1.39881,1.39589,904.8427,1.62862,
EURUSD,sell,2009-06-14T15:00:00+00:00,2009-06-14T23:00:00+00:00,1.40077,1.39928,1.39881,1.39559,905.0429,1.34850,
EURUSD,sell,2009-06-14T21:00:00+00:00,2009-06-15T03:00:00+00:00,1.39821,1.39541,1.40143,1.39304,2648.4217,7.41121,
EURUSD,sell,2009-06-14T21:00:00+00:00,2009-06-15T04:00:00+00:00,1.39821,1.39667,1.39620,1.39304,882.8072,1.36088,
EURUSD,buy,2009-06-17T00:00:00+00:00,2009-06-17T04:00:00+00:00,1.38388,1.38664,1.38069,1.38899,2750.5747,7.60765,
EURUSD,buy,2009-06-17T00:00:00+00:00,2009-06-17T05:00:00+00:00,1.38388,1.38536,1.38583,1.38899,916.8582,1.36541,
EURUSD,sell,2009-06-19T10:00:00+00:00,2009-06-19T15:00:00+00:00,1.39270,1.39638,1.39591,1.38755,3674.2075,-13.49523,
EURUSD,buy,2009-06-19T22:00:00+00:00,2009-06-22T00:00:00+00:00,1.39422,1.39055,1.39101,1.39938,3624.0033,-13.31107,
EURUSD,buy,2009-06-21T21:00:00+00:00,2009-06-22T00:00:00+00:00,1.39517,1.39149,1.39196,1.40033,3621.5349,-13.31094,
EURUSD,sell,2009-06-21T08:00:00+00:00,2009-06-22T01:00:00+00:00,1.39332,1.39053,1.39653,1.38817,2718.1195,7.57966,
EURUSD,sell,2009-06-21T08:00:00+00:00,2009-06-22T02:00:00+00:00,1.39332,1.39152,1.39105,1.38817,906.0398,1.63499,
EURUSD,sell,2009-06-22T00:00:00+00:00,2009-06-22T06:00:00+00:00,1.38988,1.38710,1.39308,1.38474,2653.0384,7.37992,
EURUSD,sell,2009-06-22T00:00:00+00:00,2009-06-22T06:00:00+00:00,1.38988,1.39035,1.38988,1.38474,884.3461,-0.41297,
EURUSD,buy,2009-06-23T15:00:00+00:00,2009-06-23T16:00:00+00:00,1.40377,1.40658,1.40054,1.40896,2671.6075,7.49548,
EURUSD,buy,2009-06-23T15:00:00+00:00,2009-06-23T16:00:00+00:00,1.40377,1.40330,1.40377,1.40896,890.5358,-0.41955,
EURUSD,sell,2009-06-25T02:00:00+00:00,2009-06-25T11:00:00+00:00,1.39548,1.39269,1.39869,1.39032,2704.8750,7.55442,
EURUSD,sell,2009-06-25T02:00:00+00:00,2009-06-25T11:00:00+00:00,1.39548,1.39595,1.39548,1.39032,901.6250,-0.42256,
EURUSD,buy,2009-06-26T07:00:00+00:00,2009-06-26T09:00:00+00:00,1.40407,1.40688,1.40084,1.40926,2708.9941,7.60199,
EURUSD,buy,2009-06-26T07:00:00+00:00,2009-06-26T09:00:00+00:00,1.40407,1.40360,1.40407,1.40926,902.9980,-0.42550,
EURUSD,sell,2009-06-28T00:00:00+00:00,2009-06-30T00:00:00+00:00,1.40511,1.40881,1.40834,1.39991,3632.6903,-13.45998,
EURUSD,buy,2009-06-28T21:00:00+00:00,2009-06-30T00:00:00+00:00,1.40643,1.40924,1.40320,1.41163,2723.5876,7.65580,
EURUSD,buy,2009-06-28T21:00:00+00:00,2009-06-30T01:00:00+00:00,1.40643,1.40930,1.40977,1.41163,907.8625,2.60128,
EURUSD,sell,2009-07-01T05:00:00+00:00,2009-07-01T06:00:00+00:00,1.40213,1.40583,1.40536,1.39694,3628.9905,-13.41814,
EURUSD,buy,2009-07-01T20:00:00+00:00,2009-07-02T02:00:00+00:00,1.41436,1.41064,1.41111,1.41960,3552.3077,-13.23370,
EURUSD,sell,2009-07-02T16:00:00+00:00,2009-07-02T21:00:00+00:00,1.40057,1.39777,1.40379,1.39539,2653.4352,7.43777,
EURUSD,sell,2009-07-02T16:00:00+00:00,2009-07-02T21:00:00+00:00,1.40057,1.39580,1.40057,1.39539,884.4784,4.21458,
EURUSD,buy,2009-07-06T04:00:00+00:00,2009-07-06T06:00:00+00:00,1.39827,1.39459,1.39505,1.40344,3587.5403,-13.21491,
EURUSD,sell,2009-07-06T06:00:00+00:00,2009-07-06T10:00:00+00:00,1.39314,1.39035,1.39635,1.38799,2663.3776,7.42605,
EURUSD,sell,2009-07-06T06:00:00+00:00,2009-07-06T10:00:00+00:00,1.39314,1.38840,1.39314,1.38799,887.7925,4.20794,
EURUSD,buy,2009-07-07T07:00:00+00:00,2009-07-07T08:00:00+00:00,1.39310,1.39588,1.38989,1.39825,2696.3868,7.50748,
EURUSD,buy,2009-07-07T07:00:00+00:00,2009-07-07T08:00:00+00:00,1.39310,1.39263,1.39310,1.39825,898.7956,-0.42056,
EURUSD,sell,2009-07-08T00:00:00+00:00,2009-07-08T06:00:00+00:00,1.38965,1.38687,1.39285,1.38451,2720.5680,7.56651,
EURUSD,sell,2009-07-08T00:00:00+00:00,2009-07-08T06:00:00+00:00,1.38965,1.39012,1.38965,1.38451,906.8560,-0.42342,
EURUSD,buy,2009-07-09T13:00:00+00:00,2009-07-09T15:00:00+00:00,1.39629,1.39908,1.39308,1.40145,2728.4536,7.61416,
EURUSD,buy,2009-07-09T13:00:00+00:00,2009-07-09T15:00:00+00:00,1.39629,1.39582,1.39629,1.40145,909.4845,-0.42643,
EURUSD,sell,2009-07-12T11:00:00+00:00,2009-07-12T22:00:00+00:00,1.39270,1.39638,1.39591,1.38755,3670.9166,-13.48314,
EURUSD,sell,2009-07-10T18:00:00+00:00,2009-07-12T23:00:00+00:00,1.39420,1.39788,1.39741,1.38904,3666.9683,-13.48294,
EURUSD,buy,2009-07-12T06:00:00+00:00,2009-07-12T23:00:00+00:00,1.39354,1.39632,1.39033,1.39869,2753.1875,7.66805,
EURUSD,buy,2009-07-12T06:00:00+00:00,2009-07-13T00:00:00+00:00,1.39354,1.39541,1.39588,1.39869,917.7292,1.71920,
EURUSD,buy,2009-07-12T21:00:00+00:00,2009-07-13T04:00:00+00:00,1.39494,1.39126,1.39173,1.40010,3667.2313,-13.47671,
EURUSD,sell,2009-07-17T22:00:00+00:00,2009-07-19T22:00:00+00:00,1.40944,1.41315,1.41268,1.40422,3517.1929,-13.07164,
EURUSD,buy,2009-07-19T21:00:00+00:00,2009-07-20T01:00:00+00:00,1.41216,1.41499,1.40892,1.41739,2634.3818,7.43522,
EURUSD,buy,2009-07-19T21:00:00+00:00,2009-07-20T01:00:00+00:00,1.41216,1.41696,1.41216,1.41739,878.1273,4.21345,
EURUSD,sell,2009-07-22T03:00:00+00:00,2009-07-22T13:00:00+00:00,1.41892,1.41608,1.42219,1.41367,2616.4978,7.43035,
EURUSD,sell,2009-07-22T03:00:00+00:00,2009-07-22T13:00:00+00:00,1.41892,1.41940,1.41892,1.41367,872.1659,-0.41488,
EURUSD,buy,2009-07-23T00:00:00+00:00,2009-07-23T06:00:00+00:00,1.42264,1.42548,1.41937,1.42790,2629.7341,7.47715,
EURUSD,buy,2009-07-23T00:00:00+00:00,2009-07-23T07:00:00+00:00,1.42264,1.42266,1.42314,1.42790,876.5780,0.02315,
EURUSD,sell,2009-07-24T01:00:00+00:00,2009-07-24T05:00:00+00:00,1.41459,1.41832,1.41784,1.40935,3550.6559,-13.24356,
EURUSD,sell,2009-07-26T03:00:00+00:00,2009-07-26T21:00:00+00:00,1.41975,1.42350,1.42302,1.41450,3491.1038,-13.06837,
EURUSD,buy,2009-07-26T21:00:00+00:00,2009-07-26T23:00:00+00:00,1.42325,1.41950,1.41997,1.42851,3438.7020,-12.88985,
EURUSD,buy,2009-07-24T23:00:00+00:00,2009-07-27T00:00:00+00:00,1.42049,1.41674,1.41722,1.42574,3491.3988,-13.06233,
EURUSD,sell,2009-07-28T18:00:00+00:00,2009-07-28T23:00:00+00:00,1.41722,1.41439,1.42049,1.41198,2519.7826,7.14713,
EURUSD,sell,2009-07-28T18:00:00+00:00,2009-07-29T00:00:00+00:00,1.41722,1.41714,1.41666,1.41198,839.9275,0.07533,
EURUSD,buy,2009-07-31T05:00:00+00:00,2009-07-31T07:00:00+00:00,1.41302,1.40930,1.40977,1.41825,3397.2854,-12.64435,
EURUSD,sell,2009-08-02T16:00:00+00:00,2009-08-02T23:00:00+00:00,1.42497,1.42873,1.42825,1.41970,3322.4243,-12.48205,
EURUSD,buy,2009-08-02T17:00:00+00:00,2009-08-02T23:00:00+00:00,1.42583,1.42868,1.42255,1.43110,2491.8183,7.10091,
EURUSD,buy,2009-08-02T17:00:00+00:00,2009-08-02T23:00:00+00:00,1.42583,1.42535,1.42583,1.43110,830.6061,-0.39681,
EURUSD,sell,2009-08-02T18:00:00+00:00,2009-08-02T23:00:00+00:00,1.42497,1.42873,1.42825,1.41970,3322.4243,-12.48205,
EURUSD,buy,2009-08-02T23:00:00+00:00,2009-08-03T00:00:00+00:00,1.42916,1.42539,1.42587,1.43444,3250.7777,-12.23536,
EURUSD,sell,2009-08-03T03:00:00+00:00,2009-08-03T08:00:00+00:00,1.42299,1.42674,1.42627,1.41773,3219.9258,-12.08039,
EURUSD,buy,2009-08-03T11:00:00+00:00,2009-08-03T14:00:00+00:00,1.43213,1.43499,1.42884,1.43743,2369.3362,6.78171,
EURUSD,buy,2009-08-03T11:00:00+00:00,2009-08-03T14:00:00+00:00,1.43213,1.43700,1.43213,1.43743,789.7787,3.84311,
EURUSD,sell,2009-08-05T14:00:00+00:00,2009-08-05T16:00:00+00:00,1.43801,1.44180,1.44132,1.43269,3181.2443,-12.05953,
EURUSD,buy,2009-08-06T01:00:00+00:00,2009-08-06T02:00:00+00:00,1.44201,1.43822,1.43870,1.44735,3132.4875,-11.89477,
EURUSD,sell,2009-08-06T14:00:00+00:00,2009-08-06T18:00:00+00:00,1.43593,1.43306,1.43923,1.43061,2326.8492,6.68699,
EURUSD,sell,2009-08-06T14:00:00+00:00,2009-08-06T19:00:00+00:00,1.43593,1.43559,1.43511,1.43061,775.6164,0.26258,
EURUSD,buy,2009-08-09T15:00:00+00:00,2009-08-10T13:00:00+00:00,1.41918,1.41544,1.41591,1.42443,3165.4663,-11.83215,
EURUSD,sell,2009-08-10T16:00:00+00:00,2009-08-10T18:00:00+00:00,1.41346,1.41063,1.41671,1.40822,2350.8950,6.65036,
EURUSD,sell,2009-08-10T16:00:00+00:00,2009-08-10T18:00:00+00:00,1.41346,1.41393,1.41346,1.40822,783.6317,-0.37148,
EURUSD,buy,2009-08-12T14:00:00+00:00,2009-08-12T18:00:00+00:00,1.42159,1.41784,1.41832,1.42684,3140.5605,-11.75872,
EURUSD,buy,2009-08-16T16:00:00+00:00,2009-08-16T21:00:00+00:00,1.42067,1.41692,1.41740,1.42592,3101.1980,-11.60393,
EURUSD,sell,2009-08-14T20:00:00+00:00,2009-08-17T00:00:00+00:00,1.41968,1.41684,1.42295,1.41443,2326.1114,6.60924,
EURUSD,sell,2009-08-14T20:00:00+00:00,2009-08-17T01:00:00+00:00,1.41968,1.41618,1.41571,1.41443,775.3705,2.71321,
EURUSD,sell,2009-08-16T21:00:00+00:00,2009-08-17T01:00:00+00:00,1.41822,1.41539,1.42149,1.41298,2297.8320,6.52218,
EURUSD,sell,2009-08-16T21:00:00+00:00,2009-08-17T02:00:00+00:00,1.41822,1.41618,1.41571,1.41298,765.9440,1.56228,
EURUSD,buy,2009-08-18T21:00:00+00:00,2009-08-19T06:00:00+00:00,1.41326,1.40954,1.41001,1.41849,3137.9776,-11.68119,
EURUSD,sell,2009-08-23T10:00:00+00:00,2009-08-24T00:00:00+00:00,1.43163,1.43540,1.43492,1.42633,3055.0776,-11.53057,
EURUSD,buy,2009-08-23T21:00:00+00:00,2009-08-24T06:00:00+00:00,1.43475,1.43097,1.43145,1.44006,3050.2638,-11.52498,
EURUSD,sell,2009-08-24T18:00:00+00:00,2009-08-25T11:00:00+00:00,1.42822,1.43199,1.43151,1.42294,2981.6796,-11.22710,
EURUSD,buy,2009-08-26T03:00:00+00:00,2009-08-26T07:00:00+00:00,1.43037,1.43323,1.42708,1.43566,2204.7994,6.30300,
EURUSD,buy,2009-08-26T03:00:00+00:00,2009-08-26T07:00:00+00:00,1.43037,1.42989,1.43037,1.43566,734.9331,-0.35210,
EURUSD,sell,2009-08-26T12:00:00+00:00,2009-08-26T13:00:00+00:00,1.42723,1.42438,1.43052,1.42195,2223.9516,6.35257,
EURUSD,sell,2009-08-26T12:00:00+00:00,2009-08-26T13:00:00+00:00,1.42723,1.42771,1.42723,1.42195,741.3172,-0.35449,
EURUSD,buy,2009-08-27T21:00:00+00:00,2009-08-28T13:00:00+00:00,1.43502,1.43789,1.43172,1.44033,2228.8873,6.39258,
EURUSD,buy,2009-08-27T21:00:00+00:00,2009-08-28T14:00:00+00:00,1.43502,1.43457,1.43505,1.44033,742.9624,-0.33498,
EURUSD,buy,2009-08-31T00:00:00+00:00,2009-08-31T03:00:00+00:00,1.43150,1.42773,1.42821,1.43679,3000.3242,-11.31095,
EURUSD,sell,2009-08-29T07:00:00+00:00,2009-08-31T06:00:00+00:00,1.42923,1.42637,1.43252,1.42394,2252.4625,6.44302,
EURUSD,sell,2009-08-29T07:00:00+00:00,2009-08-31T07:00:00+00:00,1.42923,1.42894,1.42846,1.42394,750.8208,0.21965,
EURUSD,sell,2009-08-31T04:00:00+00:00,2009-08-31T14:00:00+00:00,1.42754,1.43131,1.43083,1.42226,2967.2327,-11.16746,
EURUSD,buy,2009-08-31T16:00:00+00:00,2009-09-01T06:00:00+00:00,1.43437,1.43724,1.43107,1.43968,2204.3785,6.31943,
EURUSD,buy,2009-08-31T16:00:00+00:00,2009-09-01T07:00:00+00:00,1.43437,1.43457,1.43505,1.43968,734.7928,0.14646,
EURUSD,sell,2009-09-01T19:00:00+00:00,2009-09-02T06:00:00+00:00,1.42126,1.42501,1.42453,1.41600,2987.2369,-11.19396,
EURUSD,buy,2009-09-03T06:00:00+00:00,2009-09-03T11:00:00+00:00,1.43059,1.43345,1.42730,1.43588,2197.8074,6.28398,
EURUSD,buy,2009-09-03T06:00:00+00:00,2009-09-03T11:00:00+00:00,1.43059,1.43011,1.43059,1.43588,732.6025,-0.35104,
EURUSD,sell,2009-09-04T07:00:00+00:00,2009-09-04T12:00:00+00:00,1.42664,1.42379,1.42992,1.42136,2218.1566,6.33340,
EURUSD,sell,2009-09-04T07:00:00+00:00,2009-09-04T12:00:00+00:00,1.42664,1.42712,1.42664,1.42136,739.3855,-0.35343,
EURUSD,sell,2009-09-06T16:00:00+00:00,2009-09-07T00:00:00+00:00,1.42880,1.43257,1.43209,1.42351,2973.9927,-11.20265,
EURUSD,buy,2009-09-04T22:00:00+00:00,2009-09-07T03:00:00+00:00,1.42971,1.43257,1.42642,1.43500,2230.4165,6.37329,
EURUSD,buy,2009-09-04T22:00:00+00:00,2009-09-07T04:00:00+00:00,1.42971,1.43186,1.43234,1.43500,743.4722,1.59960,
EURUSD,buy,2009-09-06T21:00:00+00:00,2009-09-07T07:00:00+00:00,1.43090,1.43376,1.42761,1.43619,2228.5610,6.37329,
EURUSD,buy,2009-09-06T21:00:00+00:00,2009-09-07T07:00:00+00:00,1.43090,1.43576,1.43090,1.43619,742.8537,3.61167,
EURUSD,sell,2009-09-12T06:00:00+00:00,2009-09-13T21:00:00+00:00,1.45591,1.45975,1.45926,1.45052,2941.8035,-11.28887,
EURUSD,buy,2009-09-13T21:00:00+00:00,2009-09-14T00:00:00+00:00,1.46028,1.45643,1.45692,1.46568,2896.1059,-11.13464,
EURUSD,sell,2009-09-14T02:00:00+00:00,2009-09-14T08:00:00+00:00,1.45376,1.45760,1.45711,1.44838,2869.0538,-10.99366,
EURUSD,buy,2009-09-14T16:00:00+00:00,2009-09-15T07:00:00+00:00,1.46246,1.45861,1.45910,1.46787,2816.1104,-10.84304,
EURUSD,buy,2009-09-19T18:00:00+00:00,2009-09-20T21:00:00+00:00,1.47189,1.46802,1.46851,1.47734,2761.2182,-10.69937,
EURUSD,sell,2009-09-18T13:00:00+00:00,2009-09-21T05:00:00+00:00,1.47041,1.46747,1.47379,1.46497,2071.7584,6.09687,
EURUSD,sell,2009-09-18T13:00:00+00:00,2009-09-21T06:00:00+00:00,1.47041,1.46780,1.46731,1.46497,690.5861,1.80142,
EURUSD,sell,2009-09-20T21:00:00+00:00,2009-09-21T06:00:00+00:00,1.46840,1.46546,1.47178,1.46296,2047.2776,6.01659,
EURUSD,sell,2009-09-20T21:00:00+00:00,2009-09-21T07:00:00+00:00,1.46840,1.46736,1.46687,1.46296,682.4259,0.70923,
EURUSD,buy,2009-09-22T08:00:00+00:00,2009-09-22T23:00:00+00:00,1.47878,1.48174,1.47538,1.48425,2071.2175,6.12154,
EURUSD,buy,2009-09-22T08:00:00+00:00,2009-09-23T00:00:00+00:00,1.47878,1.47870,1.47919,1.48425,690.4058,-0.06023,
EURUSD,sell,2009-09-24T00:00:00+00:00,2009-09-24T03:00:00+00:00,1.47456,1.47161,1.47795,1.46910,2091.3177,6.17179,
EURUSD,sell,2009-09-24T00:00:00+00:00,2009-09-24T04:00:00+00:00,1.47456,1.47299,1.47250,1.46910,697.1059,1.09148,
EURUSD,buy,2009-09-26T11:00:00+00:00,2009-09-28T00:00:00+00:00,1.46959,1.46572,1.46621,1.47503,2824.2461,-10.92671,
EURUSD,sell,2009-09-28T00:00:00+00:00,2009-09-28T01:00:00+00:00,1.46381,1.46088,1.46718,1.45839,2097.2892,6.14431,
EURUSD,sell,2009-09-28T00:00:00+00:00,2009-09-28T01:00:00+00:00,1.46381,1.46430,1.46381,1.45839,699.0964,-0.34197,
EURUSD,buy,2009-09-30T11:00:00+00:00,2009-09-30T12:00:00+00:00,1.46453,1.46067,1.46116,1.46995,2816.5067,-10.85972,
EURUSD,sell,2009-10-01T14:00:00+00:00,2009-10-01T15:00:00+00:00,1.45520,1.45229,1.45855,1.44982,2096.6657,6.10636,
EURUSD,sell,2009-10-01T14:00:00+00:00,2009-10-01T15:00:00+00:00,1.45520,1.45569,1.45520,1.44982,698.8886,-0.34006,
EURUSD,buy,2009-10-03T00:00:00+00:00,2009-10-04T21:00:00+00:00,1.45747,1.46038,1.45412,1.46286,2109.5064,6.14483,
EURUSD,sell,2009-10-04T09:00:00+00:00,2009-10-04T21:00:00+00:00,1.45659,1.46043,1.45994,1.45120,2812.6752,-10.79833,
EURUSD,buy,2009-10-03T00:00:00+00:00,2009-10-04T22:00:00+00:00,1.45747,1.45724,1.45773,1.46286,703.1688,-0.15780,
EURUSD,buy,2009-10-04T21:00:00+00:00,2009-10-05T00:00:00+00:00,1.45925,1.46216,1.45589,1.46465,2094.9702,6.10994,
EURUSD,buy,2009-10-04T21:00:00+00:00,2009-10-05T01:00:00+00:00,1.45925,1.46125,1.46174,1.46465,698.3234,1.39934,
EURUSD,sell,2009-10-07T17:00:00+00:00,2009-10-07T23:00:00+00:00,1.46695,1.47082,1.47032,1.46152,2802.0104,-10.83288,
EURUSD,buy,2009-10-08T08:00:00+00:00,2009-10-08T13:00:00+00:00,1.47730,1.47341,1.47391,1.48277,2747.3678,-10.68433,
EURUSD,sell,2009-10-09T16:00:00+00:00,2009-10-11T22:00:00+00:00,1.46996,1.47383,1.47334,1.46452,2723.1066,-10.54914,
EURUSD,buy,2009-10-11T01:00:00+00:00,2009-10-12T00:00:00+00:00,1.47329,1.46941,1.46990,1.47874,2718.5769,-10.54403,
EURUSD,sell,2009-10-11T21:00:00+00:00,2009-10-12T01:00:00+00:00,1.47131,1.46836,1.47469,1.46586,2040.4566,6.00843,
EURUSD,sell,2009-10-11T21:00:00+00:00,2009-10-12T02:00:00+00:00,1.47131,1.47070,1.47021,1.46586,680.1522,0.41312,
EURUSD,buy,2009-10-12T14:00:00+00:00,2009-10-12T18:00:00+00:00,1.48118,1.47729,1.47778,1.48666,2654.5497,-10.35014,
EURUSD,sell,2009-10-16T13:00:00+00:00,2009-10-18T22:00:00+00:00,1.48778,1.49170,1.49121,1.48228,2606.4164,-10.21795,
EURUSD,buy,2009-10-18T01:00:00+00:00,2009-10-19T00:00:00+00:00,1.49100,1.48707,1.48757,1.49651,2602.3596,-10.21301,
EURUSD,sell,2009-10-18T21:00:00+00:00,2009-10-19T00:00:00+00:00,1.48877,1.48579,1.49220,1.48326,1953.5128,5.82069,
EURUSD,sell,2009-10-18T21:00:00+00:00,2009-10-19T00:00:00+00:00,1.48877,1.48927,1.48877,1.48326,651.1709,-0.32340,
EURUSD,buy,2009-10-19T16:00:00+00:00,2009-10-20T01:00:00+00:00,1.49500,1.49799,1.49156,1.50053,1909.0757,5.70419,
EURUSD,buy,2009-10-19T16:00:00+00:00,2009-10-20T02:00:00+00:00,1.49500,1.49706,1.49756,1.50053,636.3586,1.31241,
EURUSD,sell,2009-10-21T03:00:00+00:00,2009-10-21T07:00:00+00:00,1.49142,1.49535,1.49485,1.48590,2573.5230,-10.11336,
EURUSD,buy,2009-10-21T19:00:00+00:00,2009-10-22T06:00:00+00:00,1.50013,1.49618,1.49668,1.50568,2526.4023,-9.97488,
EURUSD,sell,2009-10-24T06:00:00+00:00,2009-10-26T01:00:00+00:00,1.49906,1.50301,1.50251,1.49351,2493.4283,-9.84815,
EURUSD,buy,2009-10-26T00:00:00+00:00,2009-10-26T02:00:00+00:00,1.50106,1.50406,1.49761,1.50661,1868.7004,5.60619,
EURUSD,buy,2009-10-26T00:00:00+00:00,2009-10-26T03:00:00+00:00,1.50106,1.50278,1.50328,1.50661,622.9001,1.07067,
EURUSD,sell,2009-10-26T19:00:00+00:00,2009-10-27T05:00:00+00:00,1.48587,1.48979,1.48929,1.48037,2504.8874,-9.80748,
EURUSD,buy,2009-10-29T21:00:00+00:00,2009-10-30T08:00:00+00:00,1.48406,1.48015,1.48064,1.48954,2476.4101,-9.67405,
EURUSD,buy,2009-11-01T15:00:00+00:00,2009-11-01T22:00:00+00:00,1.47339,1.46951,1.47000,1.47884,2461.4933,-9.54757,
EURUSD,sell,2009-11-01T23:00:00+00:00,2009-11-02T00:00:00+00:00,1.46991,1.47378,1.47329,1.46447,2433.3789,-9.42644,
EURUSD,sell,2009-10-30T23:00:00+00:00,2009-11-02T02:00:00+00:00,1.47133,1.47521,1.47471,1.46588,2463.4668,-9.55209,
EURUSD,buy,2009-11-02T03:00:00+00:00,2009-11-02T07:00:00+00:00,1.47668,1.47280,1.47329,1.48214,2359.3901,-9.17171,
EURUSD,sell,2009-11-03T12:00:00+00:00,2009-11-03T15:00:00+00:00,1.46479,1.46865,1.46816,1.45937,2345.8211,-9.05602,
EURUSD,buy,2009-11-04T15:00:00+00:00,2009-11-04T19:00:00+00:00,1.48363,1.48660,1.48022,1.48912,1715.1650,5.08585,
EURUSD,buy,2009-11-04T15:00:00+00:00,2009-11-04T19:00:00+00:00,1.48363,1.48314,1.48363,1.48912,571.7217,-0.28305,
EURUSD,sell,2009-11-07T03:00:00+00:00,2009-11-08T22:00:00+00:00,1.48409,1.48801,1.48751,1.47860,2300.9831,-8.99848,
EURUSD,buy,2009-11-08T16:00:00+00:00,2009-11-08T22:00:00+00:00,1.48499,1.48795,1.48157,1.49048,1725.7373,5.12185,
EURUSD,buy,2009-11-08T16:00:00+00:00,2009-11-08T23:00:00+00:00,1.48499,1.48603,1.48653,1.49048,575.2458,0.60326,
EURUSD,sell,2009-11-11T05:00:00+00:00,2009-11-11T08:00:00+00:00,1.49821,1.50216,1.50166,1.49267,2268.3828,-8.95428,
EURUSD,buy,2009-11-11T10:00:00+00:00,2009-11-11T13:00:00+00:00,1.50450,1.50054,1.50104,1.51007,2230.4864,-8.83186,
EURUSD,sell,2009-11-12T08:00:00+00:00,2009-11-12T09:00:00+00:00,1.49601,1.49302,1.49945,1.49047,1659.2177,4.96784,
EURUSD,sell,2009-11-12T08:00:00+00:00,2009-11-12T09:00:00+00:00,1.49601,1.49651,1.49601,1.49047,553.0726,-0.27588,
EURUSD,buy,2009-11-14T07:00:00+00:00,2009-11-15T23:00:00+00:00,1.49036,1.49334,1.48693,1.49587,1678.3213,4.99915,
EURUSD,sell,2009-11-15T16:00:00+00:00,2009-11-15T23:00:00+00:00,1.48946,1.49339,1.49289,1.48395,2237.7618,-8.78249,
EURUSD,buy,2009-11-15T22:00:00+00:00,2009-11-15T23:00:00+00:00,1.49227,1.49525,1.48884,1.49779,1676.1725,4.99915,
EURUSD,buy,2009-11-15T22:00:00+00:00,2009-11-15T23:00:00+00:00,1.49227,1.49177,1.49227,1.49779,558.7242,-0.27806,
EURUSD,buy,2009-11-14T07:00:00+00:00,2009-11-16T00:00:00+00:00,1.49036,1.49312,1.49362,1.49587,559.4404,1.54683,
EURUSD,sell,2009-11-17T15:00:00+00:00,2009-11-17T20:00:00+00:00,1.48340,1.48731,1.48682,1.47791,2255.2728,-8.81567,
EURUSD,buy,2009-11-18T19:00:00+00:00,2009-11-19T04:00:00+00:00,1.49436,1.49042,1.49092,1.49989,2210.5804,-8.69478,
EURUSD,sell,2009-11-19T16:00:00+00:00,2009-11-20T00:00:00+00:00,1.48986,1.49379,1.49329,1.48435,2186.7492,-8.58455,
EURUSD,buy,2009-11-22T09:00:00+00:00,2009-11-23T00:00:00+00:00,1.48640,1.48937,1.48298,1.49189,1623.2098,4.82214,
EURUSD,sell,2009-11-22T21:00:00+00:00,2009-11-23T00:00:00+00:00,1.48550,1.48942,1.48892,1.48001,2164.2797,-8.47181,
EURUSD,buy,2009-11-22T09:00:00+00:00,2009-11-23T01:00:00+00:00,1.48640,1.48782,1.48832,1.49189,541.0699,0.77250,
EURUSD,buy,2009-11-23T00:00:00+00:00,2009-11-23T03:00:00+00:00,1.49034,1.49332,1.48691,1.49585,1609.7312,4.79477,
EURUSD,buy,2009-11-23T00:00:00+00:00,2009-11-23T04:00:00+00:00,1.49034,1.49234,1.49284,1.49585,536.5771,1.07594,
EURUSD,sell,2009-11-25T00:00:00+00:00,2009-11-25T03:00:00+00:00,1.49567,1.49961,1.49911,1.49014,2159.5723,-8.51050,
EURUSD,buy,2009-11-25T03:00:00+00:00,2009-11-25T08:00:00+00:00,1.49950,1.50250,1.49605,1.50505,1595.2237,4.78077,
EURUSD,buy,2009-11-25T03:00:00+00:00,2009-11-25T09:00:00+00:00,1.49950,1.49993,1.50043,1.50505,531.7412,0.22874,
EURUSD,sell,2009-11-26T23:00:00+00:00,2009-11-27T00:00:00+00:00,1.49637,1.50031,1.49981,1.49083,2146.8676,-8.46434,
EURUSD,buy,2009-11-28T10:00:00+00:00,2009-11-30T01:00:00+00:00,1.49898,1.50198,1.49553,1.50452,1587.1317,4.75487,
EURUSD,buy,2009-11-28T10:00:00+00:00,2009-11-30T01:00:00+00:00,1.49898,1.50407,1.49898,1.50452,529.0439,2.69453,
EURUSD,sell,2009-12-01T07:00:00+00:00,2009-12-01T08:00:00+00:00,1.50222,1.50618,1.50568,1.49666,2135.1326,-8.45055,
EURUSD,buy,2009-12-01T09:00:00+00:00,2009-12-01T14:00:00+00:00,1.50652,1.50953,1.50306,1.51209,1576.6931,4.74737,
EURUSD,buy,2009-12-01T09:00:00+00:00,2009-12-01T15:00:00+00:00,1.50652,1.50673,1.50723,1.51209,525.5644,0.10828,
EURUSD,sell,2009-12-03T04:00:00+00:00,2009-12-03T07:00:00+00:00,1.50802,1.51199,1.51149,1.50244,2115.0073,-8.40280,
EURUSD,buy,2009-12-03T13:00:00+00:00,2009-12-03T21:00:00+00:00,1.50919,1.50522,1.50572,1.51477,2086.7818,-8.28829,
EURUSD,sell,2009-12-04T05:00:00+00:00,2009-12-04T07:00:00+00:00,1.50452,1.50848,1.50798,1.49895,2064.4728,-8.18324,
EURUSD,buy,2009-12-06T17:00:00+00:00,2009-12-07T00:00:00+00:00,1.48592,1.48889,1.48250,1.49141,1548.0219,4.59729,
EURUSD,buy,2009-12-06T17:00:00+00:00,2009-12-07T00:00:00+00:00,1.48592,1.48542,1.48592,1.49141,516.0073,-0.25582,
EURUSD,sell,2009-12-07T12:00:00+00:00,2009-12-07T14:00:00+00:00,1.47870,1.48259,1.48210,1.47322,2087.5379,-8.13444,
EURUSD,buy,2009-12-10T14:00:00+00:00,2009-12-10T15:00:00+00:00,1.47460,1.47072,1.47121,1.48006,2066.9999,-8.02392,
EURUSD,sell,2009-12-10T21:00:00+00:00,2009-12-11T09:00:00+00:00,1.47255,1.47643,1.47594,1.46710,2041.4049,-7.92202,
EURUSD,buy,2009-12-11T04:00:00+00:00,2009-12-11T09:00:00+00:00,1.47286,1.47581,1.46948,1.47831,1531.6464,4.50869,
EURUSD,buy,2009-12-11T04:00:00+00:00,2009-12-11T10:00:00+00:00,1.47286,1.47416,1.47465,1.47831,510.5488,0.66162,
EURUSD,sell,2009-12-11T09:00:00+00:00,2009-12-11T13:00:00+00:00,1.47481,1.47186,1.47820,1.46935,1520.0317,4.48660,
EURUSD,sell,2009-12-11T09:00:00+00:00,2009-12-11T13:00:00+00:00,1.47481,1.47530,1.47481,1.46935,506.6772,-0.24952,
EURUSD,buy,2009-12-11T10:00:00+00:00,2009-12-11T13:00:00+00:00,1.47589,1.47201,1.47250,1.48135,2028.6763,-7.88195,
EURUSD,sell,2009-12-11T16:00:00+00:00,2009-12-11T20:00:00+00:00,1.45927,1.46312,1.46263,1.45387,2038.0666,-7.83868,
EURUSD,buy,2009-12-13T23:00:00+00:00,2009-12-14T04:00:00+00:00,1.46261,1.46553,1.45925,1.46802,1505.8745,4.40197,
EURUSD,buy,2009-12-13T23:00:00+00:00,2009-12-14T04:00:00+00:00,1.46261,1.46212,1.46261,1.46802,501.9582,-0.24534,
EURUSD,sell,2009-12-15T11:00:00+00:00,2009-12-15T16:00:00+00:00,1.45429,1.45138,1.45764,1.44891,1524.2910,4.43659,
EURUSD,sell,2009-12-15T11:00:00+00:00,2009-12-15T16:00:00+00:00,1.45429,1.45478,1.45429,1.44891,508.0970,-0.24709,
EURUSD,buy,2009-12-20T10:00:00+00:00,2009-12-20T22:00:00+00:00,1.43407,1.43029,1.43077,1.43937,2076.8975,-7.84359,
EURUSD,sell,2009-12-20T22:00:00+00:00,2009-12-20T23:00:00+00:00,1.43034,1.43411,1.43363,1.42505,2053.6532,-7.74407,
EURUSD,buy,2009-12-23T20:00:00+00:00,2009-12-24T07:00:00+00:00,1.43278,1.43564,1.42949,1.43808,1518.2664,4.34768,
EURUSD,buy,2009-12-23T20:00:00+00:00,2009-12-24T08:00:00+00:00,1.43278,1.43502,1.43550,1.43808,506.0888,1.13347,
EURUSD,sell,2009-12-26T09:00:00+00:00,2009-12-28T11:00:00+00:00,1.43729,1.44108,1.44060,1.43197,2035.8560,-7.71376,
EURUSD,buy,2009-12-28T03:00:00+00:00,2009-12-29T00:00:00+00:00,1.43938,1.43559,1.43607,1.44471,2034.1157,-7.71010,
EURUSD,sell,2009-12-30T02:00:00+00:00,2009-12-30T06:00:00+00:00,1.43061,1.43438,1.43390,1.42532,1991.4688,-7.51098,
EURUSD,buy,2009-12-31T10:00:00+00:00,2009-12-31T13:00:00+00:00,1.44079,1.43700,1.43748,1.44612,1952.5096,-7.40793,
EURUSD,buy,2010-01-02T14:00:00+00:00,2010-01-03T22:00:00+00:00,1.43378,1.43000,1.43048,1.43908,1936.2173,-7.31084,
EURUSD,sell,2010-01-03T19:00:00+00:00,2010-01-03T22:00:00+00:00,1.43292,1.43005,1.43622,1.42762,1452.1630,4.16454,
EURUSD,sell,2010-01-03T19:00:00+00:00,2010-01-03T22:00:00+00:00,1.43292,1.43340,1.43292,1.42762,484.0543,-0.23229,
EURUSD,sell,2010-01-01T05:00:00+00:00,2010-01-04T00:00:00+00:00,1.43260,1.42973,1.43590,1.42730,1452.4872,4.16454,
EURUSD,sell,2010-01-01T05:00:00+00:00,2010-01-04T01:00:00+00:00,1.43260,1.42933,1.42885,1.42730,484.1624,1.58390,
EURUSD,buy,2010-01-04T14:00:00+00:00,2010-01-05T05:00:00+00:00,1.44297,1.44586,1.43965,1.44831,1449.0723,4.17906,
EURUSD,buy,2010-01-04T14:00:00+00:00,2010-01-05T05:00:00+00:00,1.44297,1.44249,1.44297,1.44831,483.0241,-0.23324,
EURUSD,sell,2010-01-06T03:00:00+00:00,2010-01-06T06:00:00+00:00,1.43489,1.43202,1.43819,1.42958,1466.6705,4.21193,
EURUSD,sell,2010-01-06T03:00:00+00:00,2010-01-06T06:00:00+00:00,1.43489,1.43537,1.43489,1.42958,488.8902,-0.23490,
EURUSD,buy,2010-01-07T04:00:00+00:00,2010-01-07T06:00:00+00:00,1.44030,1.43651,1.43699,1.44563,1963.1914,-7.44596,
EURUSD,sell,2010-01-07T17:00:00+00:00,2010-01-08T05:00:00+00:00,1.43179,1.42892,1.43508,1.42649,1460.7623,4.18590,
EURUSD,sell,2010-01-07T17:00:00+00:00,2010-01-08T06:00:00+00:00,1.43179,1.43209,1.43161,1.42649,486.9208,-0.14567,
EURUSD,buy,2010-01-08T23:00:00+00:00,2010-01-10T23:00:00+00:00,1.44126,1.44414,1.43795,1.44659,1462.5486,4.21292,
EURUSD,buy,2010-01-08T23:00:00+00:00,2010-01-10T23:00:00+00:00,1.44126,1.44078,1.44126,1.44659,487.5162,-0.23516,
EURUSD,sell,2010-01-10T18:00:00+00:00,2010-01-10T23:00:00+00:00,1.44040,1.44419,1.44371,1.43507,1950.0648,-7.40447,
EURUSD,buy,2010-01-10T22:00:00+00:00,2010-01-10T23:00:00+00:00,1.44127,1.44415,1.43796,1.44660,1462.5384,4.21292,
EURUSD,buy,2010-01-10T22:00:00+00:00,2010-01-10T23:00:00+00:00,1.44127,1.44079,1.44127,1.44660,487.5128,-0.23516,
EURUSD,sell,2010-01-12T20:00:00+00:00,2010-01-13T10:00:00+00:00,1.44840,1.45221,1.45173,1.44303,1941.1988,-7.41119,
EURUSD,buy,2010-01-13T17:00:00+00:00,2010-01-14T02:00:00+00:00,1.45066,1.45355,1.44732,1.45602,1435.3397,4.16149,
EURUSD,buy,2010-01-13T17:00:00+00:00,2010-01-14T03:00:00+00:00,1.45066,1.45267,1.45316,1.45602,478.4466,0.96598,
EURUSD,sell,2010-01-14T22:00:00+00:00,2010-01-15T01:00:00+00:00,1.44920,1.44629,1.45253,1.44383,1449.1880,4.20321,
EURUSD,sell,2010-01-14T22:00:00+00:00,2010-01-15T01:00:00+00:00,1.44920,1.44426,1.44920,1.44383,483.0627,2.38173,
EURUSD,buy,2010-01-17T08:00:00+00:00,2010-01-17T22:00:00+00:00,1.43892,1.43513,1.43561,1.44424,1970.1028,-7.46511,
EURUSD,sell,2010-01-17T22:00:00+00:00,2010-01-18T00:00:00+00:00,1.43406,1.43784,1.43736,1.42875,1949.5763,-7.37047,
EURUSD,buy,2010-01-18T22:00:00+00:00,2010-01-19T09:00:00+00:00,1.43909,1.43530,1.43578,1.44441,1918.3097,-7.26970,
EURUSD,sell,2010-01-19T12:00:00+00:00,2010-01-19T14:00:00+00:00,1.42660,1.43036,1.42988,1.42132,1908.4721,-7.17805,
EURUSD,buy,2010-01-22T09:00:00+00:00,2010-01-22T11:00:00+00:00,1.41643,1.41270,1.41318,1.42167,1897.9786,-7.08091,
EURUSD,sell,2010-01-24T15:00:00+00:00,2010-01-24T23:00:00+00:00,1.41319,1.41691,1.41644,1.40796,1876.1555,-6.99102,
EURUSD,sell,2010-01-24T21:00:00+00:00,2010-01-24T23:00:00+00:00,1.41319,1.41691,1.41644,1.40796,1876.1555,-6.99102,
EURUSD,buy,2010-01-24T20:00:00+00:00,2010-01-25T10:00:00+00:00,1.41403,1.41686,1.41078,1.41926,1407.1166,3.97668,
EURUSD,buy,2010-01-24T22:00:00+00:00,2010-01-25T10:00:00+00:00,1.41537,1.41820,1.41212,1.42061,1405.7840,3.97668,
EURUSD,buy,2010-01-24T22:00:00+00:00,2010-01-25T10:00:00+00:00,1.41537,1.41490,1.41537,1.42061,468.5947,-0.22239,
EURUSD,buy,2010-01-24T20:00:00+00:00,2010-01-25T11:00:00+00:00,1.41403,1.41649,1.41697,1.41926,469.0389,1.15423,
EURUSD,sell,2010-01-26T06:00:00+00:00,2010-01-26T14:00:00+00:00,1.40845,1.40563,1.41169,1.40323,1398.2843,3.94154,
EURUSD,sell,2010-01-26T06:00:00+00:00,2010-01-26T15:00:00+00:00,1.40845,1.40797,1.40750,1.40323,466.0948,0.22143,
EURUSD,buy,2010-01-31T22:00:00+00:00,2010-02-01T07:00:00+00:00,1.38659,1.38936,1.38340,1.39171,1432.4448,3.96968,
EURUSD,buy,2010-01-31T22:00:00+00:00,2010-02-01T08:00:00+00:00,1.38659,1.38738,1.38785,1.39171,477.4816,0.38094,
EURUSD,sell,2010-02-04T00:00:00+00:00,2010-02-04T08:00:00+00:00,1.38756,1.38479,1.39076,1.38243,1442.3312,4.00542,
EURUSD,sell,2010-02-04T00:00:00+00:00,2010-02-04T09:00:00+00:00,1.38756,1.38557,1.38510,1.38243,480.7771,0.96062,
EURUSD,buy,2010-02-07T04:00:00+00:00,2010-02-07T22:00:00+00:00,1.36804,1.36444,1.36489,1.37310,1969.8792,-7.10142,
EURUSD,sell,2010-02-07T22:00:00+00:00,2010-02-08T08:00:00+00:00,1.36503,1.36863,1.36817,1.35998,1947.0345,-7.01123,
EURUSD,buy,2010-02-09T00:00:00+00:00,2010-02-09T04:00:00+00:00,1.36553,1.36826,1.36239,1.37058,1441.3583,3.93372,
EURUSD,buy,2010-02-09T00:00:00+00:00,2010-02-09T05:00:00+00:00,1.36553,1.36809,1.36855,1.37058,480.4528,1.22992,
EURUSD,sell,2010-02-11T05:00:00+00:00,2010-02-11T09:00:00+00:00,1.37795,1.37519,1.38112,1.37285,1441.5615,3.97553,
EURUSD,sell,2010-02-11T05:00:00+00:00,2010-02-11T10:00:00+00:00,1.37795,1.37687,1.37641,1.37285,480.5205,0.51586,
EURUSD,buy,2010-02-13T23:00:00+00:00,2010-02-14T22:00:00+00:00,1.36346,1.35987,1.36032,1.36850,1960.1466,-7.04300,
EURUSD,sell,2010-02-14T22:00:00+00:00,2010-02-15T06:00:00+00:00,1.36081,1.35809,1.36394,1.35578,1452.6837,3.95639,
EURUSD,sell,2010-02-14T22:00:00+00:00,2010-02-15T07:00:00+00:00,1.36081,1.36012,1.35966,1.35578,484.2279,0.33592,
EURUSD,buy,2010-02-16T10:00:00+00:00,2010-02-16T15:00:00+00:00,1.36488,1.36761,1.36174,1.36993,1461.0202,3.98548,
EURUSD,buy,2010-02-16T10:00:00+00:00,2010-02-16T15:00:00+00:00,1.36488,1.36442,1.36488,1.36993,487.0067,-0.22375,
EURUSD,sell,2010-02-17T23:00:00+00:00,2010-02-18T00:00:00+00:00,1.36024,1.35752,1.36337,1.35521,1475.4895,4.01682,
EURUSD,sell,2010-02-17T23:00:00+00:00,2010-02-18T00:00:00+00:00,1.36024,1.36070,1.36024,1.35521,491.8298,-0.22530,
EURUSD,buy,2010-02-20T02:00:00+00:00,2010-02-22T00:00:00+00:00,1.36123,1.36395,1.35810,1.36626,1485.7534,4.04211,
EURUSD,buy,2010-02-20T02:00:00+00:00,2010-02-22T01:00:00+00:00,1.36123,1.36187,1.36233,1.36626,495.2511,0.31848,
EURUSD,sell,2010-02-22T21:00:00+00:00,2010-02-23T04:00:00+00:00,1.35891,1.36250,1.36204,1.35388,1999.2302,-7.16737,
EURUSD,buy,2010-02-26T04:00:00+00:00,2010-02-26T07:00:00+00:00,1.35888,1.35530,1.35575,1.36390,1974.1008,-7.06963,
EURUSD,sell,2010-02-28T22:00:00+00:00,2010-03-01T00:00:00+00:00,1.36139,1.36498,1.36452,1.35635,1943.3166,-6.97945,
EURUSD,buy,2010-03-01T00:00:00+00:00,2010-03-01T02:00:00+00:00,1.36367,1.36008,1.36053,1.36871,1915.6370,-6.88412,
EURUSD,sell,2010-03-01T01:00:00+00:00,2010-03-01T09:00:00+00:00,1.36093,1.36452,1.36406,1.35589,1918.3388,-6.88744,
EURUSD,buy,2010-03-03T01:00:00+00:00,2010-03-03T07:00:00+00:00,1.36406,1.36046,1.36092,1.36910,1864.5939,-6.70258,
EURUSD,sell,2010-03-04T19:00:00+00:00,2010-03-05T09:00:00+00:00,1.35706,1.36064,1.36018,1.35204,1848.3949,-6.61772,
EURUSD,buy,2010-03-06T07:00:00+00:00,2010-03-08T00:00:00+00:00,1.36263,1.36535,1.35950,1.36767,1363.2446,3.71263,
EURUSD,buy,2010-03-06T07:00:00+00:00,2010-03-08T01:00:00+00:00,1.36263,1.36432,1.36478,1.36767,454.4149,0.76883,
EURUSD,sell,2010-03-09T04:00:00+00:00,2010-03-09T08:00:00+00:00,1.36141,1.35869,1.36454,1.35637,1375.9855,3.74915,
EURUSD,sell,2010-03-09T04:00:00+00:00,2010-03-09T08:00:00+00:00,1.36141,1.36187,1.36141,1.35637,458.6618,-0.21027,
EURUSD,buy,2010-03-10T18:00:00+00:00,2010-03-11T13:00:00+00:00,1.36460,1.36733,1.36146,1.36965,1383.3230,3.77276,
EURUSD,buy,2010-03-10T18:00:00+00:00,2010-03-11T13:00:00+00:00,1.36460,1.36414,1.36460,1.36965,461.1077,-0.21182,
EURUSD,sell,2010-03-14T22:00:00+00:00,2010-03-15T09:00:00+00:00,1.37539,1.37263,1.37855,1.37030,1381.3555,3.80242,
EURUSD,sell,2010-03-14T22:00:00+00:00,2010-03-15T10:00:00+00:00,1.37539,1.37260,1.37214,1.37030,460.4518,1.28264,
EURUSD,buy,2010-03-16T20:00:00+00:00,2010-03-17T07:00:00+00:00,1.37682,1.37957,1.37366,1.38192,1394.5974,3.83758,
EURUSD,buy,2010-03-16T20:00:00+00:00,2010-03-17T08:00:00+00:00,1.37682,1.37798,1.37844,1.38192,464.8658,0.53625,
EURUSD,sell,2010-03-18T05:00:00+00:00,2010-03-18T15:00:00+00:00,1.36675,1.36401,1.36989,1.36169,1416.0301,3.87339,
EURUSD,sell,2010-03-18T05:00:00+00:00,2010-03-18T15:00:00+00:00,1.36675,1.36721,1.36675,1.36169,472.0100,-0.21714,
EURUSD,buy,2010-03-21T21:00:00+00:00,2010-03-22T05:00:00+00:00,1.35346,1.34989,1.35034,1.35846,1921.2403,-6.85326,
EURUSD,sell,2010-03-21T22:00:00+00:00,2010-03-22T09:00:00+00:00,1.35111,1.35468,1.35422,1.34611,1923.4152,-6.85655,
EURUSD,buy,2010-03-22T22:00:00+00:00,2010-03-23T05:00:00+00:00,1.35616,1.35258,1.35304,1.36117,1866.8524,-6.67236,
EURUSD,sell,2010-03-23T18:00:00+00:00,2010-03-23T19:00:00+00:00,1.34826,1.35181,1.35136,1.34327,1851.9296,-6.58794,
EURUSD,buy,2010-03-26T14:00:00+00:00,2010-03-28T21:00:00+00:00,1.33946,1.34214,1.33638,1.34442,1380.4555,3.69558,
EURUSD,buy,2010-03-26T14:00:00+00:00,2010-03-28T21:00:00+00:00,1.33946,1.34401,1.33946,1.34442,460.1518,2.09424,
EURUSD,sell,2010-03-28T19:00:00+00:00,2010-03-28T21:00:00+00:00,1.34032,1.34385,1.34340,1.33536,1838.3284,-6.50160,
EURUSD,buy,2010-03-28T21:00:00+00:00,2010-03-28T22:00:00+00:00,1.34855,1.34500,1.34545,1.35354,1825.5570,-6.48870,
EURUSD,sell,2010-03-30T21:00:00+00:00,2010-03-31T04:00:00+00:00,1.34153,1.33884,1.34461,1.33656,1357.3815,3.64444,
EURUSD,sell,2010-03-30T21:00:00+00:00,2010-03-31T05:00:00+00:00,1.34153,1.34157,1.34112,1.33656,452.4605,-0.02033,
EURUSD,buy,2010-03-31T19:00:00+00:00,2010-04-01T00:00:00+00:00,1.35088,1.35358,1.34777,1.35587,1358.8612,3.66877,
EURUSD,buy,2010-03-31T19:00:00+00:00,2010-04-01T00:00:00+00:00,1.35088,1.35547,1.35088,1.35587,452.9537,2.07905,
EURUSD,sell,2010-04-02T20:00:00+00:00,2010-04-05T00:00:00+00:00,1.34971,1.35328,1.35282,1.34472,1833.5710,-6.52960,
EURUSD,sell,2010-04-04T21:00:00+00:00,2010-04-05T00:00:00+00:00,1.34875,1.35230,1.35185,1.34375,1834.8893,-6.52966,
EURUSD,buy,2010-04-04T11:00:00+00:00,2010-04-05T01:00:00+00:00,1.35055,1.35324,1.34744,1.35554,1375.1579,3.71186,
EURUSD,buy,2010-04-04T11:00:00+00:00,2010-04-05T02:00:00+00:00,1.35055,1.35165,1.35211,1.35554,458.3860,0.50851,
EURUSD,buy,2010-04-05T01:00:00+00:00,2010-04-05T04:00:00+00:00,1.35342,1.34985,1.35030,1.35842,1795.1116,-6.40316,
EURUSD,sell,2010-04-05T08:00:00+00:00,2010-04-05T13:00:00+00:00,1.34826,1.35181,1.35136,1.34327,1779.0478,-6.32868,
EURUSD,buy,2010-04-09T05:00:00+00:00,2010-04-09T06:00:00+00:00,1.33524,1.33791,1.33217,1.34018,1330.3208,3.55015,
EURUSD,buy,2010-04-09T05:00:00+00:00,2010-04-09T06:00:00+00:00,1.33524,1.33479,1.33524,1.34018,443.4403,-0.19980,
EURUSD,sell,2010-04-13T14:00:00+00:00,2010-04-13T17:00:00+00:00,1.35569,1.35927,1.35881,1.35068,1758.3062,-6.28891,
EURUSD,buy,2010-04-14T03:00:00+00:00,2010-04-14T06:00:00+00:00,1.36634,1.36274,1.36320,1.37139,1722.6318,-6.20248,
EURUSD,sell,2010-04-15T12:00:00+00:00,2010-04-15T15:00:00+00:00,1.35469,1.35827,1.35781,1.34968,1713.5134,-6.12425,
EURUSD,buy,2010-04-18T13:00:00+00:00,2010-04-18T21:00:00+00:00,1.35059,1.34703,1.34748,1.35558,1697.0780,-6.04099,
EURUSD,sell,2010-04-18T20:00:00+00:00,2010-04-18T21:00:00+00:00,1.34977,1.34707,1.35288,1.34478,1272.8085,3.43838,
EURUSD,sell,2010-04-18T20:00:00+00:00,2010-04-18T22:00:00+00:00,1.34977,1.35011,1.34966,1.34478,424.2695,-0.14424,
EURUSD,buy,2010-04-20T09:00:00+00:00,2010-04-20T12:00:00+00:00,1.35047,1.34691,1.34736,1.35546,1687.0558,-6.00479,
EURUSD,sell,2010-04-20T20:00:00+00:00,2010-04-21T04:00:00+00:00,1.34292,1.34023,1.34601,1.33795,1254.8774,3.37272,
EURUSD,sell,2010-04-20T20:00:00+00:00,2010-04-21T05:00:00+00:00,1.34292,1.34246,1.34201,1.33795,418.2925,0.19007,
EURUSD,buy,2010-04-23T23:00:00+00:00,2010-04-25T21:00:00+00:00,1.33858,1.33505,1.33550,1.34353,1692.9087,-5.97334,
EURUSD,sell,2010-04-25T21:00:00+00:00,2010-04-25T23:00:00+00:00,1.33403,1.33755,1.33710,1.32909,1675.2844,-5.89756,
EURUSD,buy,2010-04-29T11:00:00+00:00,2010-04-29T13:00:00+00:00,1.32630,1.32280,1.32325,1.33120,1663.8223,-5.81760,
EURUSD,sell,2010-05-02T03:00:00+00:00,2010-05-02T21:00:00+00:00,1.32850,1.33201,1.33156,1.32358,1638.1774,-5.74337,
EURUSD,buy,2010-05-02T21:00:00+00:00,2010-05-03T00:00:00+00:00,1.33348,1.32996,1.33041,1.33841,1611.4990,-5.66473,
EURUSD,sell,2010-05-03T01:00:00+00:00,2010-05-03T06:00:00+00:00,1.32190,1.32539,1.32494,1.31701,1603.2167,-5.59328,
EURUSD,buy,2010-05-08T01:00:00+00:00,2010-05-09T21:00:00+00:00,1.27553,1.27808,1.27260,1.28025,1230.4241,3.13673,
EURUSD,buy,2010-05-08T01:00:00+00:00,2010-05-09T21:00:00+00:00,1.27553,1.27987,1.27553,1.28025,410.1414,1.77754,
EURUSD,sell,2010-05-11T05:00:00+00:00,2010-05-11T06:00:00+00:00,1.27219,1.26964,1.27512,1.26748,1247.4000,3.17605,
EURUSD,sell,2010-05-11T05:00:00+00:00,2010-05-11T06:00:00+00:00,1.27219,1.27262,1.27219,1.26748,415.8000,-0.17949,
EURUSD,buy,2010-05-16T22:00:00+00:00,2010-05-17T00:00:00+00:00,1.23727,1.23401,1.23443,1.24185,1723.2769,-5.62681,
EURUSD,sell,2010-05-16T23:00:00+00:00,2010-05-17T02:00:00+00:00,1.23516,1.23269,1.23800,1.23059,1293.8908,3.19853,
EURUSD,sell,2010-05-16T23:00:00+00:00,2010-05-17T02:00:00+00:00,1.23516,1.23096,1.23516,1.23059,431.2969,1.81243,
EURUSD,buy,2010-05-18T03:00:00+00:00,2010-05-18T06:00:00+00:00,1.23368,1.23615,1.23084,1.23824,1294.3473,3.19142,
EURUSD,buy,2010-05-18T03:00:00+00:00,2010-05-18T06:00:00+00:00,1.23368,1.23787,1.23368,1.23824,431.4491,1.80854,
EURUSD,sell,2010-05-18T21:00:00+00:00,2010-05-19T02:00:00+00:00,1.21676,1.21998,1.21956,1.21226,1769.2783,-5.68873,
EURUSD,buy,2010-05-20T00:00:00+00:00,2010-05-20T01:00:00+00:00,1.23562,1.23236,1.23278,1.24019,1720.2979,-5.60971,
EURUSD,sell,2010-05-23T18:00:00+00:00,2010-05-23T21:00:00+00:00,1.25689,1.25438,1.25978,1.25224,1250.8945,3.14665,
EURUSD,buy,2010-05-23T19:00:00+00:00,2010-05-23T21:00:00+00:00,1.25765,1.25433,1.25476,1.26230,1667.8593,-5.53418,
EURUSD,sell,2010-05-23T18:00:00+00:00,2010-05-23T22:00:00+00:00,1.25689,1.25644,1.25601,1.25224,416.9648,0.19014,
EURUSD,sell,2010-05-23T21:00:00+00:00,2010-05-23T23:00:00+00:00,1.25424,1.25173,1.25713,1.24960,1246.4004,3.12874,
EURUSD,sell,2010-05-23T21:00:00+00:00,2010-05-23T23:00:00+00:00,1.25424,1.25467,1.25424,1.24960,415.4668,-0.17711,
EURUSD,buy,2010-05-26T13:00:00+00:00,2010-05-26T14:00:00+00:00,1.22718,1.22394,1.22436,1.23172,1712.3440,-5.54620,
EURUSD,sell,2010-05-26T15:00:00+00:00,2010-05-26T18:00:00+00:00,1.22188,1.21944,1.22469,1.21736,1272.0329,3.11070,
EURUSD,sell,2010-05-26T15:00:00+00:00,2010-05-26T18:00:00+00:00,1.22188,1.22230,1.22188,1.21736,424.0110,-0.17663,
EURUSD,buy,2010-05-27T19:00:00+00:00,2010-05-28T00:00:00+00:00,1.23623,1.23297,1.23339,1.24080,1689.2366,-5.51110,
EURUSD,sell,2010-05-29T05:00:00+00:00,2010-05-31T00:00:00+00:00,1.22752,1.23076,1.23035,1.22298,1677.7598,-5.44142,
EURUSD,buy,2010-05-30T18:00:00+00:00,2010-05-31T00:00:00+00:00,1.22826,1.23071,1.22543,1.23280,1258.3198,3.08895,
EURUSD,buy,2010-05-30T18:00:00+00:00,2010-05-31T01:00:00+00:00,1.22826,1.22909,1.22951,1.23280,419.4399,0.34931,
EURUSD,sell,2010-06-01T04:00:00+00:00,2010-06-01T05:00:00+00:00,1.22626,1.22950,1.22908,1.22172,1671.3179,-5.41505,
EURUSD,buy,2010-06-03T01:00:00+00:00,2010-06-03T07:00:00+00:00,1.22974,1.23220,1.22691,1.23429,1234.1769,3.03334,
EURUSD,buy,2010-06-03T01:00:00+00:00,2010-06-03T07:00:00+00:00,1.22974,1.22932,1.22974,1.23429,411.3923,-0.17233,
EURUSD,sell,2010-06-03T22:00:00+00:00,2010-06-04T08:00:00+00:00,1.21656,1.21978,1.21936,1.21206,1674.1459,-5.38198,
EURUSD,buy,2010-06-06T19:00:00+00:00,2010-06-06T21:00:00+00:00,1.19686,1.19370,1.19411,1.20129,1680.2411,-5.30984,
EURUSD,sell,2010-06-06T21:00:00+00:00,2010-06-07T00:00:00+00:00,1.19386,1.19147,1.19661,1.18944,1245.9132,2.97695,
EURUSD,sell,2010-06-06T21:00:00+00:00,2010-06-07T00:00:00+00:00,1.19386,1.19427,1.19386,1.18944,415.3044,-0.16952,
EURUSD,buy,2010-06-08T15:00:00+00:00,2010-06-08T16:00:00+00:00,1.19954,1.19637,1.19678,1.20398,1666.0522,-5.27661,
EURUSD,sell,2010-06-12T09:00:00+00:00,2010-06-13T22:00:00+00:00,1.21063,1.21383,1.21341,1.20615,1628.0179,-5.20854,
EURUSD,buy,2010-06-12T12:00:00+00:00,2010-06-13T22:00:00+00:00,1.21135,1.21377,1.20857,1.21583,1221.0134,2.95612,
EURUSD,buy,2010-06-12T12:00:00+00:00,2010-06-13T22:00:00+00:00,1.21135,1.21094,1.21135,1.21583,407.0045,-0.16825,
EURUSD,sell,2010-06-17T07:00:00+00:00,2010-06-17T08:00:00+00:00,1.22733,1.23057,1.23016,1.22279,1596.0007,-5.17547,
EURUSD,buy,2010-06-17T15:00:00+00:00,2010-06-17T18:00:00+00:00,1.23681,1.23928,1.23397,1.24139,1172.8426,2.89917,
EURUSD,buy,2010-06-17T15:00:00+00:00,2010-06-17T19:00:00+00:00,1.23681,1.23686,1.23728,1.24139,390.9475,0.01873,
EURUSD,sell,2010-06-21T19:00:00+00:00,2010-06-22T01:00:00+00:00,1.23119,1.23444,1.23402,1.22663,1581.8329,-5.14540,
EURUSD,buy,2010-06-24T01:00:00+00:00,2010-06-24T07:00:00+00:00,1.23352,1.23026,1.23068,1.23808,1558.9305,-5.07500,
EURUSD,sell,2010-06-28T09:00:00+00:00,2010-06-28T12:00:00+00:00,1.23545,1.23298,1.23829,1.23088,1151.2721,2.84664,
EURUSD,sell,2010-06-28T09:00:00+00:00,2010-06-28T13:00:00+00:00,1.23545,1.23473,1.23431,1.23088,383.7574,0.27590,
EURUSD,buy,2010-06-30T17:00:00+00:00,2010-06-30T18:00:00+00:00,1.22676,1.22352,1.22394,1.23130,1559.5633,-5.04965,
EURUSD,sell,2010-07-04T09:00:00+00:00,2010-07-05T10:00:00+00:00,1.25465,1.25214,1.25754,1.25001,1127.8921,2.83218,
EURUSD,sell,2010-07-04T09:00:00+00:00,2010-07-05T11:00:00+00:00,1.25465,1.25388,1.25345,1.25001,375.9640,0.29229,
EURUSD,buy,2010-07-06T10:00:00+00:00,2010-07-06T14:00:00+00:00,1.25825,1.26076,1.25535,1.26290,1134.6604,2.85340,
EURUSD,buy,2010-07-06T10:00:00+00:00,2010-07-06T14:00:00+00:00,1.25825,1.25782,1.25825,1.26290,378.2201,-0.16167,
EURUSD,sell,2010-07-09T20:00:00+00:00,2010-07-12T00:00:00+00:00,1.26338,1.26085,1.26629,1.25870,1137.3593,2.87582,
EURUSD,sell,2010-07-09T20:00:00+00:00,2010-07-12T00:00:00+00:00,1.26338,1.26381,1.26338,1.25870,379.1198,-0.16265,
EURUSD,buy,2010-07-11T11:00:00+00:00,2010-07-12T00:00:00+00:00,1.26429,1.26095,1.26138,1.26897,1516.2991,-5.05745,
EURUSD,sell,2010-07-11T16:00:00+00:00,2010-07-12T00:00:00+00:00,1.26353,1.26100,1.26644,1.25885,1137.2243,2.87582,
EURUSD,sell,2010-07-11T16:00:00+00:00,2010-07-12T00:00:00+00:00,1.26353,1.26396,1.26353,1.25885,379.0748,-0.16265,
EURUSD,buy,2010-07-11T19:00:00+00:00,2010-07-12T00:00:00+00:00,1.26429,1.26095,1.26138,1.26897,1516.2991,-5.05745,
EURUSD,sell,2010-07-12T00:00:00+00:00,2010-07-12T06:00:00+00:00,1.26054,1.25802,1.26344,1.25588,1125.9771,2.84064,
EURUSD,sell,2010-07-12T00:00:00+00:00,2010-07-12T07:00:00+00:00,1.26054,1.26040,1.25997,1.25588,375.3257,0.05394,
EURUSD,buy,2010-07-13T16:00:00+00:00,2010-07-14T13:00:00+00:00,1.27100,1.26765,1.26808,1.27570,1501.2322,-5.03338,
EURUSD,sell,2010-07-17T16:00:00+00:00,2010-07-18T21:00:00+00:00,1.29234,1.28976,1.29532,1.28756,1092.0660,2.82459,
EURUSD,sell,2010-07-17T16:00:00+00:00,2010-07-18T22:00:00+00:00,1.29234,1.29210,1.29166,1.28756,364.0220,0.08906,
EURUSD,buy,2010-07-19T16:00:00+00:00,2010-07-19T22:00:00+00:00,1.29615,1.29273,1.29317,1.30094,1463.9262,-5.00397,
EURUSD,sell,2010-07-20T18:00:00+00:00,2010-07-21T09:00:00+00:00,1.28890,1.28632,1.29187,1.28413,1088.9000,2.80891,
EURUSD,sell,2010-07-20T18:00:00+00:00,2010-07-21T09:00:00+00:00,1.28890,1.28452,1.28890,1.28413,362.9667,1.59166,
EURUSD,buy,2010-07-22T20:00:00+00:00,2010-07-23T05:00:00+00:00,1.28959,1.28619,1.28662,1.29436,1469.0351,-4.99638,
EURUSD,sell,2010-07-25T18:00:00+00:00,2010-07-26T00:00:00+00:00,1.28980,1.29321,1.29277,1.28503,1448.5449,-4.93271,
EURUSD,buy,2010-07-26T01:00:00+00:00,2010-07-26T05:00:00+00:00,1.29339,1.28998,1.29041,1.29817,1426.3222,-4.86520,
EURUSD,sell,2010-07-29T02:00:00+00:00,2010-07-29T06:00:00+00:00,1.29927,1.30270,1.30226,1.29446,1400.2959,-4.80289,
EURUSD,buy,2010-07-29T03:00:00+00:00,2010-07-29T06:00:00+00:00,1.30117,1.30377,1.29818,1.30598,1049.3177,2.72880,
EURUSD,buy,2010-07-29T03:00:00+00:00,2010-07-29T06:00:00+00:00,1.30117,1.30073,1.30117,1.30598,349.7726,-0.15402,
EURUSD,sell,2010-07-30T21:00:00+00:00,2010-08-02T00:00:00+00:00,1.30445,1.30789,1.30745,1.29962,1386.1991,-4.77321,
EURUSD,sell,2010-08-01T16:00:00+00:00,2010-08-02T00:00:00+00:00,1.30448,1.30792,1.30748,1.29965,1386.1672,-4.77321,
EURUSD,buy,2010-07-31T22:00:00+00:00,2010-08-02T01:00:00+00:00,1.30526,1.30787,1.30226,1.31009,1039.6254,2.71209,
EURUSD,buy,2010-08-01T17:00:00+00:00,2010-08-02T01:00:00+00:00,1.30526,1.30787,1.30226,1.31009,1039.6254,2.71209,
EURUSD,buy,2010-07-31T22:00:00+00:00,2010-08-02T02:00:00+00:00,1.30526,1.30643,1.30687,1.31009,346.5418,0.40424,
EURUSD,buy,2010-08-01T17:00:00+00:00,2010-08-02T02:00:00+00:00,1.30526,1.30643,1.30687,1.31009,346.5418,0.40424,
EURUSD,sell,2010-08-04T18:00:00+00:00,2010-08-05T06:00:00+00:00,1.31665,1.31402,1.31968,1.31178,1020.5759,2.68935,
EURUSD,sell,2010-08-04T18:00:00+00:00,2010-08-05T06:00:00+00:00,1.31665,1.31710,1.31665,1.31178,340.1920,-0.15139,
EURUSD,buy,2010-08-06T02:00:00+00:00,2010-08-06T10:00:00+00:00,1.31860,1.31512,1.31556,1.32347,1369.2073,-4.76007,
EURUSD,sell,2010-08-08T14:00:00+00:00,2010-08-09T11:00:00+00:00,1.32768,1.32502,1.33074,1.32277,1005.8253,2.67267,
EURUSD,buy,2010-08-08T15:00:00+00:00,2010-08-09T11:00:00+00:00,1.32848,1.32498,1.32542,1.33339,1341.1005,-4.69680,
EURUSD,sell,2010-08-08T14:00:00+00:00,2010-08-09T12:00:00+00:00,1.32768,1.32628,1.32583,1.32277,335.2751,0.47066,
EURUSD,sell,2010-08-09T11:00:00+00:00,2010-08-09T23:00:00+00:00,1.32386,1.32121,1.32691,1.31896,1002.9949,2.65749,
EURUSD,sell,2010-08-09T11:00:00+00:00,2010-08-10T00:00:00+00:00,1.32386,1.32222,1.32177,1.31896,334.3316,0.55037,
EURUSD,buy,2010-08-15T19:00:00+00:00,2010-08-16T03:00:00+00:00,1.27543,1.27798,1.27250,1.28015,1052.5238,2.68299,
EURUSD,buy,2010-08-15T19:00:00+00:00,2010-08-16T04:00:00+00:00,1.27543,1.27670,1.27713,1.28015,350.8413,0.44359,
EURUSD,sell,2010-08-19T00:00:00+00:00,2010-08-19T07:00:00+00:00,1.28013,1.27756,1.28307,1.27539,1057.1922,2.70855,
EURUSD,sell,2010-08-19T00:00:00+00:00,2010-08-19T07:00:00+00:00,1.28013,1.28056,1.28013,1.27539,352.3974,-0.15296,
EURUSD,buy,2010-08-22T10:00:00+00:00,2010-08-23T07:00:00+00:00,1.27086,1.26751,1.26794,1.27556,1430.7754,-4.79663,
EURUSD,buy,2010-08-23T01:00:00+00:00,2010-08-23T07:00:00+00:00,1.27206,1.26871,1.26914,1.27677,1429.4253,-4.79657,
EURUSD,sell,2010-08-22T16:00:00+00:00,2010-08-23T14:00:00+00:00,1.27010,1.26756,1.27302,1.26540,1073.0816,2.72772,
EURUSD,sell,2010-08-22T16:00:00+00:00,2010-08-23T14:00:00+00:00,1.27010,1.27053,1.27010,1.26540,357.6939,-0.15418,
EURUSD,sell,2010-08-23T15:00:00+00:00,2010-08-23T23:00:00+00:00,1.26566,1.26313,1.26857,1.26098,1056.0527,2.67505,
EURUSD,sell,2010-08-23T15:00:00+00:00,2010-08-24T00:00:00+00:00,1.26566,1.26468,1.26425,1.26098,352.0176,0.34529,
EURUSD,buy,2010-08-25T08:00:00+00:00,2010-08-25T09:00:00+00:00,1.26944,1.26609,1.26652,1.27414,1416.6194,-4.74395,
EURUSD,sell,2010-08-29T22:00:00+00:00,2010-08-30T07:00:00+00:00,1.27466,1.27211,1.27759,1.26994,1043.5292,2.66212,
EURUSD,sell,2010-08-29T22:00:00+00:00,2010-08-30T08:00:00+00:00,1.27466,1.27397,1.27354,1.26994,347.8431,0.23842,
EURUSD,buy,2010-09-01T03:00:00+00:00,2010-09-01T08:00:00+00:00,1.27050,1.27304,1.26758,1.27520,1056.1352,2.68179,
EURUSD,buy,2010-09-01T03:00:00+00:00,2010-09-01T08:00:00+00:00,1.27050,1.27482,1.27050,1.27520,352.0451,1.51974,
EURUSD,sell,2010-09-05T20:00:00+00:00,2010-09-06T23:00:00+00:00,1.28901,1.28643,1.29198,1.28424,1052.5626,2.71541,
EURUSD,sell,2010-09-05T20:00:00+00:00,2010-09-06T23:00:00+00:00,1.28901,1.28463,1.28901,1.28424,350.8542,1.53867,
EURUSD,buy,2010-09-09T08:00:00+00:00,2010-09-09T13:00:00+00:00,1.27295,1.27550,1.27002,1.27766,1079.0188,2.74518,
EURUSD,buy,2010-09-09T08:00:00+00:00,2010-09-09T14:00:00+00:00,1.27295,1.27277,1.27320,1.27766,359.6729,-0.06608,
EURUSD,sell,2010-09-09T22:00:00+00:00,2010-09-10T01:00:00+00:00,1.26836,1.26582,1.27128,1.26367,1090.1947,2.76743,
EURUSD,sell,2010-09-09T22:00:00+00:00,2010-09-10T01:00:00+00:00,1.26836,1.26879,1.26836,1.26367,363.3982,-0.15645,
EURUSD,buy,2010-09-10T22:00:00+00:00,2010-09-12T21:00:00+00:00,1.26839,1.27093,1.26547,1.27308,1098.5440,2.78484,
EURUSD,buy,2010-09-10T22:00:00+00:00,2010-09-12T21:00:00+00:00,1.26839,1.26796,1.26839,1.27308,366.1813,-0.15764,
EURUSD,sell,2010-09-11T04:00:00+00:00,2010-09-12T21:00:00+00:00,1.26669,1.27004,1.26960,1.26200,1465.8120,-4.90337,
EURUSD,buy,2010-09-12T21:00:00+00:00,2010-09-12T23:00:00+00:00,1.27103,1.27357,1.26811,1.27573,1089.5440,2.76778,
EURUSD,buy,2010-09-12T21:00:00+00:00,2010-09-12T23:00:00+00:00,1.27103,1.27535,1.27103,1.27573,363.1813,1.56847,
EURUSD,sell,2010-09-19T22:00:00+00:00,2010-09-20T01:00:00+00:00,1.30353,1.30697,1.30653,1.29870,1432.2863,-4.92848,
EURUSD,sell,2010-09-18T03:00:00+00:00,2010-09-20T02:00:00+00:00,1.30468,1.30812,1.30768,1.29985,1431.0242,-4.92842,
EURUSD,buy,2010-09-19T12:00:00+00:00,2010-09-20T06:00:00+00:00,1.30546,1.30807,1.30246,1.31029,1073.2681,2.80029,
EURUSD,buy,2010-09-19T12:00:00+00:00,2010-09-20T06:00:00+00:00,1.30546,1.30990,1.30546,1.31029,357.7560,1.58689,
EURUSD,buy,2010-09-20T01:00:00+00:00,2010-09-20T07:00:00+00:00,1.30755,1.31017,1.30455,1.31239,1057.4132,2.76334,
EURUSD,buy,2010-09-20T01:00:00+00:00,2010-09-20T08:00:00+00:00,1.30755,1.30855,1.30899,1.31239,352.4711,0.35077,
EURUSD,sell,2010-09-23T22:00:00+00:00,2010-09-24T03:00:00+00:00,1.33122,1.33473,1.33428,1.32629,1393.6473,-4.89592,
EURUSD,sell,2010-09-26T20:00:00+00:00,2010-09-27T01:00:00+00:00,1.34823,1.34553,1.35133,1.34324,1018.4386,2.74806,
EURUSD,sell,2010-09-26T20:00:00+00:00,2010-09-27T02:00:00+00:00,1.34823,1.34731,1.34686,1.34324,339.4795,0.30938,
EURUSD,buy,2010-09-24T16:00:00+00:00,2010-09-27T08:00:00+00:00,1.34749,1.34394,1.34440,1.35248,1359.4705,-4.82831,
EURUSD,buy,2010-09-28T18:00:00+00:00,2010-09-29T06:00:00+00:00,1.35687,1.35958,1.35375,1.36189,1007.6641,2.73265,
EURUSD,buy,2010-09-28T18:00:00+00:00,2010-09-29T06:00:00+00:00,1.35687,1.36148,1.35687,1.36189,335.8880,1.54856,
EURUSD,sell,2010-10-03T21:00:00+00:00,2010-10-04T01:00:00+00:00,1.37812,1.37536,1.38129,1.37302,1003.1777,2.76690,
EURUSD,sell,2010-10-03T21:00:00+00:00,2010-10-04T02:00:00+00:00,1.37812,1.37639,1.37593,1.37302,334.3926,0.57637,
EURUSD,buy,2010-10-05T17:00:00+00:00,2010-10-05T19:00:00+00:00,1.38591,1.38225,1.38272,1.39103,1342.9163,-4.90356,
EURUSD,sell,2010-10-08T09:00:00+00:00,2010-10-08T10:00:00+00:00,1.39024,1.38746,1.39344,1.38510,990.2201,2.75519,
EURUSD,sell,2010-10-08T09:00:00+00:00,2010-10-08T10:00:00+00:00,1.39024,1.39071,1.39024,1.38510,330.0734,-0.15417,
EURUSD,buy,2010-10-09T08:00:00+00:00,2010-10-10T21:00:00+00:00,1.39440,1.39719,1.39119,1.39956,994.8588,2.77254,
EURUSD,buy,2010-10-09T08:00:00+00:00,2010-10-10T21:00:00+00:00,1.39440,1.39914,1.39440,1.39956,331.6196,1.57117,
EURUSD,sell,2010-10-11T17:00:00+00:00,2010-10-12T01:00:00+00:00,1.38784,1.38507,1.39104,1.38271,1010.6912,2.80730,
EURUSD,sell,2010-10-11T17:00:00+00:00,2010-10-12T02:00:00+00:00,1.38784,1.38720,1.38673,1.38271,336.8971,0.21814,
EURUSD,buy,2010-10-13T05:00:00+00:00,2010-10-13T08:00:00+00:00,1.39664,1.39943,1.39343,1.40180,1013.0550,2.82779,
EURUSD,buy,2010-10-13T05:00:00+00:00,2010-10-13T08:00:00+00:00,1.39664,1.39617,1.39664,1.40180,337.6850,-0.15837,
EURUSD,sell,2010-10-15T18:00:00+00:00,2010-10-17T21:00:00+00:00,1.39573,1.39941,1.39894,1.39057,1360.3676,-5.00730,
EURUSD,buy,2010-10-17T18:00:00+00:00,2010-10-17T23:00:00+00:00,1.39797,1.39429,1.39475,1.40314,1359.0049,-5.00491,
EURUSD,sell,2010-10-17T22:00:00+00:00,2010-10-18T00:00:00+00:00,1.39584,1.39305,1.39905,1.39067,1006.7470,2.81246,
EURUSD,sell,2010-10-17T22:00:00+00:00,2010-10-18T01:00:00+00:00,1.39584,1.39445,1.39398,1.39067,335.5823,0.46744,
EURUSD,buy,2010-10-19T05:00:00+00:00,2010-10-19T09:00:00+00:00,1.39086,1.39364,1.38766,1.39600,1006.3086,2.79733,
EURUSD,buy,2010-10-19T05:00:00+00:00,2010-10-19T10:00:00+00:00,1.39086,1.39041,1.39088,1.39600,335.4362,-0.14906,
EURUSD,sell,2010-10-19T12:00:00+00:00,2010-10-19T13:00:00+00:00,1.38411,1.38134,1.38730,1.37899,1017.7770,2.81938,
EURUSD,sell,2010-10-19T12:00:00+00:00,2010-10-19T13:00:00+00:00,1.38411,1.38458,1.38411,1.37899,339.2590,-0.15784,
EURUSD,buy,2010-10-20T20:00:00+00:00,2010-10-21T01:00:00+00:00,1.39655,1.39287,1.39334,1.40171,1355.2927,-4.98624,
EURUSD,sell,2010-10-22T08:00:00+00:00,2010-10-22T09:00:00+00:00,1.38781,1.39147,1.39101,1.38268,1345.0463,-4.92320,
EURUSD,buy,2010-10-23T10:00:00+00:00,2010-10-25T00:00:00+00:00,1.39567,1.39846,1.39246,1.40083,990.4771,2.76285,
EURUSD,buy,2010-10-23T10:00:00+00:00,2010-10-25T00:00:00+00:00,1.39567,1.39520,1.39567,1.40083,330.1590,-0.15474,
EURUSD,sell,2010-10-24T21:00:00+00:00,2010-10-25T00:00:00+00:00,1.39446,1.39814,1.39767,1.38930,1320.9865,-4.85798,
EURUSD,buy,2010-10-25T00:00:00+00:00,2010-10-25T05:00:00+00:00,1.40203,1.40483,1.39881,1.40722,979.9632,2.74598,
EURUSD,buy,2010-10-25T00:00:00+00:00,2010-10-25T06:00:00+00:00,1.40203,1.40345,1.40392,1.40722,326.6544,0.46331,
EURUSD,sell,2010-10-26T05:00:00+00:00,2010-10-26T09:00:00+00:00,1.39656,1.39377,1.39977,1.39139,991.8259,2.77220,
EURUSD,sell,2010-10-26T05:00:00+00:00,2010-10-26T10:00:00+00:00,1.39656,1.39560,1.39513,1.39139,330.6086,0.31816,
EURUSD,buy,2010-10-28T15:00:00+00:00,2010-10-29T01:00:00+00:00,1.39312,1.38945,1.38991,1.39827,1337.5935,-4.90919,
EURUSD,sell,2010-11-01T19:00:00+00:00,2010-11-01T23:00:00+00:00,1.38809,1.39175,1.39129,1.38296,1323.9520,-4.84695,
EURUSD,buy,2010-11-02T16:00:00+00:00,2010-11-03T01:00:00+00:00,1.40415,1.40045,1.40092,1.40934,1292.3324,-4.78013,
EURUSD,sell,2010-11-05T16:00:00+00:00,2010-11-07T23:00:00+00:00,1.40389,1.40759,1.40712,1.39869,1274.7791,-4.71931,
EURUSD,buy,2010-11-07T22:00:00+00:00,2010-11-08T01:00:00+00:00,1.40588,1.40218,1.40265,1.41108,1273.7361,-4.71707,
EURUSD,sell,2010-11-08T02:00:00+00:00,2010-11-08T09:00:00+00:00,1.39475,1.39196,1.39796,1.38959,936.9843,2.61552,
EURUSD,sell,2010-11-08T02:00:00+00:00,2010-11-08T09:00:00+00:00,1.39475,1.39522,1.39475,1.38959,312.3281,-0.14631,
EURUSD,buy,2010-11-13T03:00:00+00:00,2010-11-15T00:00:00+00:00,1.36936,1.37210,1.36621,1.37443,961.6947,2.63200,
EURUSD,buy,2010-11-13T03:00:00+00:00,2010-11-15T00:00:00+00:00,1.36936,1.36890,1.36936,1.37443,320.5649,-0.14771,
EURUSD,sell,2010-11-14T09:00:00+00:00,2010-11-15T00:00:00+00:00,1.36854,1.37215,1.37169,1.36347,1282.2596,-4.62909,
EURUSD,buy,2010-11-14T16:00:00+00:00,2010-11-15T00:00:00+00:00,1.36936,1.37210,1.36621,1.37443,961.6947,2.63200,
EURUSD,buy,2010-11-14T16:00:00+00:00,2010-11-15T00:00:00+00:00,1.36936,1.36890,1.36936,1.37443,320.5649,-0.14771,
EURUSD,sell,2010-11-14T19:00:00+00:00,2010-11-15T00:00:00+00:00,1.36854,1.37215,1.37169,1.36347,1282.2596,-4.62909,
EURUSD,buy,2010-11-15T00:00:00+00:00,2010-11-15T01:00:00+00:00,1.37119,1.37393,1.36804,1.37626,948.6758,2.59984,
EURUSD,buy,2010-11-15T00:00:00+00:00,2010-11-15T01:00:00+00:00,1.37119,1.37073,1.37119,1.37626,316.2253,-0.14589,
EURUSD,sell,2010-11-15T08:00:00+00:00,2010-11-15T14:00:00+00:00,1.36304,1.36664,1.36618,1.35800,1280.7003,-4.60515,
EURUSD,buy,2010-11-18T05:00:00+00:00,2010-11-18T08:00:00+00:00,1.35992,1.36264,1.35679,1.36495,950.6064,2.58371,
EURUSD,buy,2010-11-18T05:00:00+00:00,2010-11-18T08:00:00+00:00,1.35992,1.35946,1.35992,1.36495,316.8688,-0.14511,
EURUSD,sell,2010-11-21T05:00:00+00:00,2010-11-21T22:00:00+00:00,1.36673,1.37034,1.36987,1.36167,1269.3200,-4.57641,
EURUSD,buy,2010-11-21T12:00:00+00:00,2010-11-21T22:00:00+00:00,1.36755,1.37028,1.36441,1.37261,951.9900,2.60199,
EURUSD,buy,2010-11-21T12:00:00+00:00,2010-11-21T22:00:00+00:00,1.36755,1.37220,1.36755,1.37261,317.3300,1.47452,
EURUSD,sell,2010-11-21T19:00:00+00:00,2010-11-21T22:00:00+00:00,1.36673,1.37034,1.36987,1.36167,1269.3200,-4.57641,
EURUSD,buy,2010-11-21T22:00:00+00:00,2010-11-22T07:00:00+00:00,1.37405,1.37680,1.37089,1.37913,933.6271,2.56393,
EURUSD,buy,2010-11-21T22:00:00+00:00,2010-11-22T07:00:00+00:00,1.37405,1.37359,1.37405,1.37913,311.2090,-0.14384,
EURUSD,sell,2010-11-22T22:00:00+00:00,2010-11-23T00:00:00+00:00,1.36195,1.35923,1.36508,1.35691,948.0188,2.58409,
EURUSD,sell,2010-11-22T22:00:00+00:00,2010-11-23T01:00:00+00:00,1.36195,1.35973,1.35927,1.35691,316.0063,0.70264,
EURUSD,buy,2010-11-28T11:00:00+00:00,2010-11-28T22:00:00+00:00,1.32416,1.32680,1.32111,1.32906,984.9732,2.60672,
EURUSD,sell,2010-11-28T13:00:00+00:00,2010-11-28T22:00:00+00:00,1.32336,1.32686,1.32641,1.31846,1313.2975,-4.58680,
EURUSD,buy,2010-11-28T11:00:00+00:00,2010-11-28T23:00:00+00:00,1.32416,1.32608,1.32653,1.32906,328.3244,0.63200,
EURUSD,buy,2010-11-28T22:00:00+00:00,2010-11-28T23:00:00+00:00,1.32798,1.32448,1.32492,1.33289,1302.0611,-4.55838,
EURUSD,sell,2010-11-29T01:00:00+00:00,2010-11-29T02:00:00+00:00,1.32065,1.32414,1.32369,1.31577,1293.6365,-4.50902,
EURUSD,buy,2010-11-29T07:00:00+00:00,2010-11-29T08:00:00+00:00,1.33008,1.32657,1.32702,1.33500,1268.2851,-4.44706,
EURUSD,sell,2010-11-29T11:00:00+00:00,2010-11-29T13:00:00+00:00,1.31623,1.31359,1.31925,1.31135,947.9831,2.49724,
EURUSD,sell,2010-11-29T11:00:00+00:00,2010-11-29T13:00:00+00:00,1.31623,1.31667,1.31623,1.31135,315.9944,-0.14058,
EURUSD,buy,2010-12-01T18:00:00+00:00,2010-12-02T04:00:00+00:00,1.31297,1.30951,1.30995,1.31783,1276.8451,-4.42032,
EURUSD,buy,2010-12-05T23:00:00+00:00,2010-12-06T00:00:00+00:00,1.34168,1.33815,1.33860,1.34665,1233.0459,-4.36068,
EURUSD,sell,2010-12-05T18:00:00+00:00,2010-12-06T01:00:00+00:00,1.33913,1.33645,1.34221,1.33417,925.9926,2.48176,
EURUSD,sell,2010-12-05T18:00:00+00:00,2010-12-06T02:00:00+00:00,1.33913,1.33651,1.33606,1.33417,308.6642,0.80787,
EURUSD,sell,2010-12-06T00:00:00+00:00,2010-12-06T03:00:00+00:00,1.33700,1.33432,1.34007,1.33205,915.2402,2.44904,
EURUSD,sell,2010-12-06T00:00:00+00:00,2010-12-06T04:00:00+00:00,1.33700,1.33605,1.33560,1.33205,305.0801,0.28924,
EURUSD,buy,2010-12-07T18:00:00+00:00,2010-12-07T20:00:00+00:00,1.33069,1.32718,1.32763,1.33561,1249.4989,-4.38317,
EURUSD,sell,2010-12-08T02:00:00+00:00,2010-12-08T07:00:00+00:00,1.32227,1.31963,1.32532,1.31738,930.0960,2.46138,
EURUSD,sell,2010-12-08T02:00:00+00:00,2010-12-08T07:00:00+00:00,1.32227,1.32272,1.32227,1.31738,310.0320,-0.13849,
EURUSD,buy,2010-12-09T13:00:00+00:00,2010-12-09T15:00:00+00:00,1.32502,1.32152,1.32197,1.32992,1247.0705,-4.35627,
EURUSD,sell,2010-12-09T23:00:00+00:00,2010-12-10T06:00:00+00:00,1.32363,1.32713,1.32668,1.31873,1231.1754,-4.30085,
EURUSD,buy,2010-12-13T15:00:00+00:00,2010-12-13T18:00:00+00:00,1.33897,1.34165,1.33589,1.34392,901.3027,2.41197,
EURUSD,buy,2010-12-13T15:00:00+00:00,2010-12-13T18:00:00+00:00,1.33897,1.33852,1.33897,1.34392,300.4342,-0.13570,
EURUSD,sell,2010-12-15T08:00:00+00:00,2010-12-15T09:00:00+00:00,1.33318,1.33051,1.33625,1.32825,911.0760,2.43093,
EURUSD,sell,2010-12-15T08:00:00+00:00,2010-12-15T09:00:00+00:00,1.33318,1.33363,1.33318,1.32825,303.6920,-0.13665,
EURUSD,buy,2010-12-17T10:00:00+00:00,2010-12-17T11:00:00+00:00,1.33130,1.32779,1.32824,1.33622,1225.8334,-4.30209,
EURUSD,buy,2010-12-19T14:00:00+00:00,2010-12-19T23:00:00+00:00,1.31890,1.31542,1.31586,1.32377,1221.0476,-4.24594,
EURUSD,sell,2010-12-18T00:00:00+00:00,2010-12-20T00:00:00+00:00,1.31810,1.31547,1.32114,1.31323,915.7857,2.41587,
EURUSD,sell,2010-12-18T00:00:00+00:00,2010-12-20T00:00:00+00:00,1.31810,1.31362,1.31810,1.31323,305.2619,1.36894,
EURUSD,sell,2010-12-19T21:00:00+00:00,2010-12-20T00:00:00+00:00,1.31810,1.31547,1.32114,1.31323,915.7857,2.41587,
EURUSD,sell,2010-12-19T21:00:00+00:00,2010-12-20T00:00:00+00:00,1.31810,1.31362,1.31810,1.31323,305.2619,1.36894,
EURUSD,buy,2010-12-21T18:00:00+00:00,2010-12-22T00:00:00+00:00,1.30867,1.31129,1.30566,1.31351,932.4665,2.43890,
EURUSD,sell,2010-12-21T21:00:00+00:00,2010-12-22T00:00:00+00:00,1.30963,1.31308,1.31264,1.30478,1241.6372,-4.29216,
EURUSD,buy,2010-12-21T18:00:00+00:00,2010-12-22T01:00:00+00:00,1.30867,1.31134,1.31178,1.31351,310.8222,0.82803,
EURUSD,buy,2010-12-24T08:00:00+00:00,2010-12-24T10:00:00+00:00,1.31419,1.31073,1.31117,1.31906,1234.1631,-4.27647,
EURUSD,sell,2010-12-25T17:00:00+00:00,2010-12-26T23:00:00+00:00,1.31145,1.30882,1.31446,1.30659,914.7807,2.40103,
EURUSD,buy,2010-12-26T09:00:00+00:00,2010-12-26T23:00:00+00:00,1.31223,1.30877,1.30922,1.31709,1219.7075,-4.22017,
EURUSD,sell,2010-12-26T22:00:00+00:00,2010-12-26T23:00:00+00:00,1.31084,1.30821,1.31385,1.30599,915.2062,2.40103,
EURUSD,sell,2010-12-26T22:00:00+00:00,2010-12-26T23:00:00+00:00,1.31084,1.31128,1.31084,1.30599,305.0687,-0.13523,
EURUSD,sell,2010-12-25T17:00:00+00:00,2010-12-27T00:00:00+00:00,1.31145,1.31120,1.31076,1.30659,304.9269,0.07416,
EURUSD,buy,2010-12-27T07:00:00+00:00,2010-12-27T13:00:00+00:00,1.31576,1.31230,1.31274,1.32063,1218.4140,-4.22687,
EURUSD,sell,2010-12-29T01:00:00+00:00,2010-12-29T07:00:00+00:00,1.31238,1.31584,1.31540,1.30752,1204.7281,-4.17318,
EURUSD,buy,2010-12-30T01:00:00+00:00,2010-12-30T13:00:00+00:00,1.32527,1.32792,1.32222,1.33017,883.4820,2.34008,
EURUSD,buy,2010-12-30T01:00:00+00:00,2010-12-30T14:00:00+00:00,1.32527,1.32788,1.32833,1.33017,294.4940,0.76982,
EURUSD,sell,2011-01-02T22:00:00+00:00,2011-01-03T01:00:00+00:00,1.33392,1.33125,1.33699,1.32898,885.9651,2.36524,
EURUSD,sell,2011-01-02T22:00:00+00:00,2011-01-03T01:00:00+00:00,1.33392,1.32938,1.33392,1.32898,295.3217,1.34026,
EURUSD,buy,2011-01-04T06:00:00+00:00,2011-01-04T09:00:00+00:00,1.33481,1.33748,1.33174,1.33975,896.3186,2.39118,
EURUSD,buy,2011-01-04T06:00:00+00:00,2011-01-04T09:00:00+00:00,1.33481,1.33935,1.33481,1.33975,298.7729,1.35505,
EURUSD,sell,2011-01-05T03:00:00+00:00,2011-01-05T08:00:00+00:00,1.32805,1.32539,1.33111,1.32314,910.9149,2.42115,
EURUSD,sell,2011-01-05T03:00:00+00:00,2011-01-05T09:00:00+00:00,1.32805,1.32779,1.32734,1.32314,303.6383,0.07993,
EURUSD,buy,2011-01-10T02:00:00+00:00,2011-01-10T07:00:00+00:00,1.29217,1.28876,1.28920,1.29695,1258.7117,-4.28949,
EURUSD,sell,2011-01-10T05:00:00+00:00,2011-01-10T08:00:00+00:00,1.28925,1.29266,1.29222,1.28448,1260.8004,-4.29158,
EURUSD,buy,2011-01-10T10:00:00+00:00,2011-01-10T12:00:00+00:00,1.29148,1.28807,1.28851,1.29625,1226.1525,-4.17633,
EURUSD,sell,2011-01-10T12:00:00+00:00,2011-01-10T13:00:00+00:00,1.28890,1.29231,1.29187,1.28413,1211.6682,-4.12324,
EURUSD,buy,2011-01-10T13:00:00+00:00,2011-01-10T17:00:00+00:00,1.29222,1.29480,1.28925,1.29700,894.9952,2.31146,
EURUSD,buy,2011-01-10T13:00:00+00:00,2011-01-10T18:00:00+00:00,1.29222,1.29356,1.29400,1.29700,298.3317,0.40104,
EURUSD,sell,2011-01-16T22:00:00+00:00,2011-01-17T02:00:00+00:00,1.33659,1.33391,1.33966,1.33164,872.3726,2.33362,
EURUSD,sell,2011-01-16T22:00:00+00:00,2011-01-17T03:00:00+00:00,1.33659,1.33484,1.33439,1.33164,290.7909,0.50847,
EURUSD,buy,2011-01-18T15:00:00+00:00,2011-01-18T17:00:00+00:00,1.33942,1.33589,1.33634,1.34438,1172.0126,-4.13795,
EURUSD,sell,2011-01-23T22:00:00+00:00,2011-01-24T08:00:00+00:00,1.36026,1.35754,1.36339,1.35523,853.6192,2.32389,
EURUSD,sell,2011-01-23T22:00:00+00:00,2011-01-24T09:00:00+00:00,1.36026,1.35823,1.35777,1.35523,284.5397,0.57888,
EURUSD,buy,2011-01-25T00:00:00+00:00,2011-01-25T01:00:00+00:00,1.36483,1.36756,1.36169,1.36988,859.2511,2.34384,
EURUSD,buy,2011-01-25T00:00:00+00:00,2011-01-25T01:00:00+00:00,1.36483,1.36437,1.36483,1.36988,286.4170,-0.13159,
EURUSD,sell,2011-01-28T16:00:00+00:00,2011-01-31T07:00:00+00:00,1.36001,1.36360,1.36314,1.35498,1157.1675,-4.15183,
EURUSD,buy,2011-01-31T10:00:00+00:00,2011-01-31T11:00:00+00:00,1.36447,1.36720,1.36133,1.36952,854.1457,2.32930,
EURUSD,buy,2011-01-31T10:00:00+00:00,2011-01-31T11:00:00+00:00,1.36447,1.36401,1.36447,1.36952,284.7152,-0.13078,
EURUSD,sell,2011-02-03T06:00:00+00:00,2011-02-03T11:00:00+00:00,1.37990,1.37713,1.38307,1.37479,850.0630,2.34762,
EURUSD,sell,2011-02-03T06:00:00+00:00,2011-02-03T12:00:00+00:00,1.37990,1.37768,1.37722,1.37479,283.3543,0.62699,
EURUSD,buy,2011-02-06T15:00:00+00:00,2011-02-07T02:00:00+00:00,1.35805,1.36076,1.35492,1.36307,872.4737,2.36809,
EURUSD,sell,2011-02-06T16:00:00+00:00,2011-02-07T02:00:00+00:00,1.35723,1.36081,1.36036,1.35221,1163.2983,-4.16541,
EURUSD,buy,2011-02-06T15:00:00+00:00,2011-02-07T03:00:00+00:00,1.35805,1.36062,1.36108,1.36307,290.8246,0.74870,
EURUSD,buy,2011-02-07T01:00:00+00:00,2011-02-07T10:00:00+00:00,1.36003,1.35644,1.35690,1.36506,1161.6042,-4.16340,
EURUSD,sell,2011-02-07T17:00:00+00:00,2011-02-07T18:00:00+00:00,1.35407,1.35765,1.35719,1.34906,1146.7723,-4.09682,
EURUSD,buy,2011-02-07T18:00:00+00:00,2011-02-08T02:00:00+00:00,1.35779,1.36050,1.35467,1.36281,846.9235,2.29830,
EURUSD,sell,2011-02-07T22:00:00+00:00,2011-02-08T02:00:00+00:00,1.35732,1.36090,1.36045,1.35230,1128.9403,-4.04265,
EURUSD,buy,2011-02-07T18:00:00+00:00,2011-02-08T03:00:00+00:00,1.35779,1.36003,1.36049,1.36281,282.3078,0.63368,
EURUSD,buy,2011-02-08T08:00:00+00:00,2011-02-08T09:00:00+00:00,1.36245,1.35886,1.35932,1.36749,1121.2906,-4.02596,
EURUSD,sell,2011-02-10T18:00:00+00:00,2011-02-11T01:00:00+00:00,1.36168,1.35896,1.36481,1.35664,829.8531,2.26155,
EURUSD,sell,2011-02-10T18:00:00+00:00,2011-02-11T01:00:00+00:00,1.36168,1.36214,1.36168,1.35664,276.6177,-0.12683,
EURUSD,buy,2011-02-13T07:00:00+00:00,2011-02-13T22:00:00+00:00,1.35426,1.35069,1.35114,1.35927,1121.0891,-4.00137,
EURUSD,buy,2011-02-13T17:00:00+00:00,2011-02-13T22:00:00+00:00,1.35426,1.35069,1.35114,1.35927,1121.0891,-4.00137,
EURUSD,sell,2011-02-13T15:00:00+00:00,2011-02-13T23:00:00+00:00,1.35344,1.35074,1.35656,1.34843,840.8168,2.27757,
EURUSD,sell,2011-02-13T18:00:00+00:00,2011-02-13T23:00:00+00:00,1.35344,1.35074,1.35656,1.34843,840.8168,2.27757,
EURUSD,sell,2011-02-13T15:00:00+00:00,2011-02-14T00:00:00+00:00,1.35344,1.35296,1.35250,1.34843,280.2723,0.13680,
EURUSD,sell,2011-02-13T18:00:00+00:00,2011-02-14T00:00:00+00:00,1.35344,1.35296,1.35250,1.34843,280.2723,0.13680,
EURUSD,buy,2011-02-15T17:00:00+00:00,2011-02-15T19:00:00+00:00,1.35216,1.34859,1.34905,1.35716,1111.0904,-3.95962,
EURUSD,buy,2011-02-20T23:00:00+00:00,2011-02-21T01:00:00+00:00,1.37158,1.36797,1.36843,1.37665,1080.9150,-3.90665,
EURUSD,buy,2011-02-20T20:00:00+00:00,2011-02-21T09:00:00+00:00,1.36945,1.36584,1.36630,1.37452,1082.5968,-3.90673,
EURUSD,sell,2011-02-21T03:00:00+00:00,2011-02-21T09:00:00+00:00,1.36690,1.37051,1.37004,1.36184,1069.6807,-3.85710,
EURUSD,sell,2011-02-20T19:00:00+00:00,2011-02-21T14:00:00+00:00,1.36863,1.36589,1.37178,1.36356,811.9476,2.22404,
EURUSD,sell,2011-02-20T22:00:00+00:00,2011-02-21T14:00:00+00:00,1.36857,1.36583,1.37172,1.36350,811.9832,2.22404,
EURUSD,sell,2011-02-20T19:00:00+00:00,2011-02-21T15:00:00+00:00,1.36863,1.36729,1.36683,1.36356,270.6492,0.36246,
EURUSD,sell,2011-02-20T22:00:00+00:00,2011-02-21T15:00:00+00:00,1.36857,1.36729,1.36683,1.36350,270.6611,0.34624,
EURUSD,buy,2011-02-23T03:00:00+00:00,2011-02-23T07:00:00+00:00,1.36987,1.37261,1.36672,1.37494,793.8621,2.17348,
EURUSD,buy,2011-02-23T03:00:00+00:00,2011-02-23T08:00:00+00:00,1.36987,1.37071,1.37117,1.37494,264.6207,0.22171,
EURUSD,sell,2011-02-25T22:00:00+00:00,2011-02-28T00:00:00+00:00,1.37488,1.37213,1.37804,1.36979,797.0278,2.19314,
EURUSD,buy,2011-02-27T11:00:00+00:00,2011-02-28T00:00:00+00:00,1.37614,1.37252,1.37298,1.38123,1062.3638,-3.85219,
EURUSD,sell,2011-02-27T22:00:00+00:00,2011-02-28T00:00:00+00:00,1.37437,1.37162,1.37753,1.36928,797.3234,2.19314,
EURUSD,sell,2011-02-25T22:00:00+00:00,2011-02-28T01:00:00+00:00,1.37488,1.37387,1.37341,1.36979,265.6759,0.26710,
EURUSD,sell,2011-02-27T22:00:00+00:00,2011-02-28T01:00:00+00:00,1.37437,1.37387,1.37341,1.36928,265.7745,0.13170,
EURUSD,buy,2011-02-28T09:00:00+00:00,2011-02-28T16:00:00+00:00,1.38269,1.37905,1.37952,1.38781,1060.7042,-3.86423,
EURUSD,sell,2011-03-02T03:00:00+00:00,2011-03-02T09:00:00+00:00,1.37523,1.37885,1.37839,1.37014,1051.7789,-3.81533,
EURUSD,buy,2011-03-02T19:00:00+00:00,2011-03-03T09:00:00+00:00,1.38647,1.38281,1.38328,1.39159,1030.1161,-3.76289,
EURUSD,buy,2011-03-06T22:00:00+00:00,2011-03-07T01:00:00+00:00,1.39972,1.39603,1.39650,1.40490,1006.9163,-3.71283,
EURUSD,sell,2011-03-06T15:00:00+00:00,2011-03-07T09:00:00+00:00,1.39793,1.40162,1.40115,1.39276,1007.6003,-3.71458,
EURUSD,sell,2011-03-07T01:00:00+00:00,2011-03-07T09:00:00+00:00,1.39740,1.40109,1.40062,1.39223,994.7016,-3.66566,
EURUSD,buy,2011-03-07T10:00:00+00:00,2011-03-07T14:00:00+00:00,1.40268,1.39899,1.39946,1.40787,965.2365,-3.56657,
EURUSD,sell,2011-03-08T06:00:00+00:00,2011-03-08T08:00:00+00:00,1.39659,1.39380,1.39980,1.39142,717.0742,2.00430,
EURUSD,sell,2011-03-08T06:00:00+00:00,2011-03-08T09:00:00+00:00,1.39659,1.39480,1.39433,1.39142,239.0247,0.42847,
EURUSD,buy,2011-03-12T00:00:00+00:00,2011-03-13T21:00:00+00:00,1.39048,1.39326,1.38728,1.39562,727.2224,2.02098,
EURUSD,buy,2011-03-12T00:00:00+00:00,2011-03-13T21:00:00+00:00,1.39048,1.39520,1.39048,1.39562,242.4075,1.14526,
EURUSD,sell,2011-03-15T15:00:00+00:00,2011-03-15T18:00:00+00:00,1.39629,1.39997,1.39950,1.39112,976.3479,-3.59520,
EURUSD,buy,2011-03-16T05:00:00+00:00,2011-03-16T09:00:00+00:00,1.39869,1.39500,1.39547,1.40386,962.4027,-3.54612,
EURUSD,sell,2011-03-16T17:00:00+00:00,2011-03-16T21:00:00+00:00,1.38858,1.39225,1.39178,1.38344,956.0606,-3.50133,
EURUSD,buy,2011-03-17T16:00:00+00:00,2011-03-18T00:00:00+00:00,1.40176,1.39807,1.39854,1.40695,935.1489,-3.45316,
EURUSD,sell,2011-03-20T23:00:00+00:00,2011-03-21T13:00:00+00:00,1.41635,1.42009,1.41961,1.41111,912.7710,-3.40874,
EURUSD,buy,2011-03-21T20:00:00+00:00,2011-03-22T13:00:00+00:00,1.42296,1.41921,1.41968,1.42822,897.1003,-3.36207,
EURUSD,sell,2011-03-23T04:00:00+00:00,2011-03-23T10:00:00+00:00,1.41719,1.42093,1.42046,1.41195,888.3493,-3.31947,
EURUSD,buy,2011-03-24T23:00:00+00:00,2011-03-25T09:00:00+00:00,1.41734,1.41360,1.41408,1.42258,877.0807,-3.27423,
EURUSD,sell,2011-03-25T22:00:00+00:00,2011-03-27T21:00:00+00:00,1.40827,1.40545,1.41151,1.40306,652.9328,1.84028,
EURUSD,buy,2011-03-27T17:00:00+00:00,2011-03-27T21:00:00+00:00,1.40886,1.40515,1.40562,1.41407,870.7316,-3.23136,
EURUSD,sell,2011-03-27T20:00:00+00:00,2011-03-27T21:00:00+00:00,1.40802,1.40520,1.41126,1.40281,653.0487,1.84028,
EURUSD,sell,2011-03-25T22:00:00+00:00,2011-03-27T22:00:00+00:00,1.40827,1.40558,1.40511,1.40306,217.6443,0.58456,
EURUSD,sell,2011-03-27T20:00:00+00:00,2011-03-27T22:00:00+00:00,1.40802,1.40558,1.40511,1.40281,217.6829,0.53026,
EURUSD,buy,2011-03-29T00:00:00+00:00,2011-03-29T05:00:00+00:00,1.40893,1.41175,1.40569,1.41414,657.1802,1.85057,
EURUSD,buy,2011-03-29T00:00:00+00:00,2011-03-29T06:00:00+00:00,1.40893,1.41037,1.41084,1.41414,219.0601,0.31418,
EURUSD,sell,2011-04-01T14:00:00+00:00,2011-04-01T15:00:00+00:00,1.41418,1.41790,1.41743,1.40894,880.1195,-3.28181,
EURUSD,sell,2011-04-03T19:00:00+00:00,2011-04-04T00:00:00+00:00,1.42269,1.42644,1.42597,1.41743,863.3200,-3.23830,
EURUSD,sell,2011-04-03T21:00:00+00:00,2011-04-04T00:00:00+00:00,1.42254,1.42629,1.42582,1.41728,863.4110,-3.23830,
EURUSD,buy,2011-04-04T00:00:00+00:00,2011-04-04T06:00:00+00:00,1.42471,1.42096,1.42143,1.42998,839.8805,-3.15145,
EURUSD,buy,2011-04-01T18:00:00+00:00,2011-04-04T08:00:00+00:00,1.42383,1.42008,1.42055,1.42909,863.1502,-3.23679,
EURUSD,buy,2011-04-03T20:00:00+00:00,2011-04-04T08:00:00+00:00,1.42355,1.41980,1.42027,1.42881,863.3200,-3.23680,
EURUSD,sell,2011-04-04T01:00:00+00:00,2011-04-04T12:00:00+00:00,1.42144,1.42519,1.42471,1.41618,841.3040,-3.15298,
EURUSD,buy,2011-04-06T04:00:00+00:00,2011-04-06T07:00:00+00:00,1.42602,1.42887,1.42274,1.43129,595.7191,1.69784,
EURUSD,buy,2011-04-06T04:00:00+00:00,2011-04-06T07:00:00+00:00,1.42602,1.43086,1.42602,1.43129,198.5730,0.96214,
EURUSD,sell,2011-04-07T22:00:00+00:00,2011-04-08T01:00:00+00:00,1.42944,1.43321,1.43273,1.42415,801.2161,-3.01941,
EURUSD,buy,2011-04-08T04:00:00+00:00,2011-04-08T13:00:00+00:00,1.43927,1.44215,1.43596,1.44460,589.2965,1.69515,
EURUSD,buy,2011-04-08T04:00:00+00:00,2011-04-08T14:00:00+00:00,1.43927,1.44175,1.44223,1.44460,196.4322,0.48631,
EURUSD,sell,2011-04-10T21:00:00+00:00,2011-04-10T23:00:00+00:00,1.44475,1.44855,1.44807,1.43940,789.8290,-3.00795,
EURUSD,buy,2011-04-12T20:00:00+00:00,2011-04-13T06:00:00+00:00,1.44807,1.45097,1.44474,1.45343,583.5732,1.68895,
EURUSD,buy,2011-04-12T20:00:00+00:00,2011-04-13T06:00:00+00:00,1.44807,1.44759,1.44807,1.45343,194.5244,-0.09423,
EURUSD,sell,2011-04-14T03:00:00+00:00,2011-04-14T05:00:00+00:00,1.44576,1.44957,1.44908,1.44041,784.3913,-2.98930,
EURUSD,buy,2011-04-15T06:00:00+00:00,2011-04-15T08:00:00+00:00,1.44764,1.44383,1.44432,1.45300,773.5107,-2.94852,
EURUSD,sell,2011-04-15T18:00:00+00:00,2011-04-17T23:00:00+00:00,1.44307,1.44018,1.44639,1.43773,573.9642,1.65768,
EURUSD,buy,2011-04-17T13:00:00+00:00,2011-04-17T23:00:00+00:00,1.44328,1.43948,1.43996,1.44862,765.6304,-2.90980,
EURUSD,sell,2011-04-17T14:00:00+00:00,2011-04-17T23:00:00+00:00,1.44242,1.43953,1.44574,1.43708,574.2228,1.65768,
EURUSD,buy,2011-04-17T19:00:00+00:00,2011-04-17T23:00:00+00:00,1.44328,1.43948,1.43996,1.44862,765.6304,-2.90980,
EURUSD,sell,2011-04-15T18:00:00+00:00,2011-04-18T00:00:00+00:00,1.44307,1.44084,1.44036,1.43773,191.3214,0.42566,
EURUSD,sell,2011-04-17T14:00:00+00:00,2011-04-18T00:00:00+00:00,1.44242,1.44084,1.44036,1.43708,191.4076,0.30147,
EURUSD,sell,2011-04-17T21:00:00+00:00,2011-04-18T00:00:00+00:00,1.44112,1.43823,1.44443,1.43578,574.7406,1.65768,
EURUSD,sell,2011-04-17T21:00:00+00:00,2011-04-18T01:00:00+00:00,1.44112,1.43833,1.43785,1.43578,191.5802,0.53377,
EURUSD,buy,2011-04-19T23:00:00+00:00,2011-04-20T01:00:00+00:00,1.43686,1.43973,1.43356,1.44218,577.8709,1.65949,
EURUSD,buy,2011-04-19T23:00:00+00:00,2011-04-20T01:00:00+00:00,1.43686,1.43638,1.43686,1.44218,192.6236,-0.09266,
EURUSD,sell,2011-04-22T14:00:00+00:00,2011-04-24T22:00:00+00:00,1.45426,1.45810,1.45761,1.44888,766.2031,-2.93694,
EURUSD,sell,2011-04-24T21:00:00+00:00,2011-04-24T23:00:00+00:00,1.45530,1.45914,1.45865,1.44992,765.6558,-2.93691,
EURUSD,buy,2011-04-23T14:00:00+00:00,2011-04-25T00:00:00+00:00,1.45627,1.45918,1.45292,1.46165,574.2063,1.67124,
EURUSD,buy,2011-04-23T14:00:00+00:00,2011-04-25T01:00:00+00:00,1.45627,1.45701,1.45750,1.46165,191.4021,0.14279,
EURUSD,buy,2011-04-24T23:00:00+00:00,2011-04-25T01:00:00+00:00,1.45914,1.45530,1.45578,1.46453,743.9682,-2.85812,
EURUSD,sell,2011-04-26T06:00:00+00:00,2011-04-26T07:00:00+00:00,1.45581,1.45965,1.45916,1.45042,741.6350,-2.84576,
EURUSD,buy,2011-04-26T10:00:00+00:00,2011-04-26T16:00:00+00:00,1.46216,1.46508,1.45880,1.46757,546.8441,1.59804,
EURUSD,buy,2011-04-26T10:00:00+00:00,2011-04-26T16:00:00+00:00,1.46216,1.46167,1.46216,1.46757,182.2814,-0.08907,
EURUSD,sell,2011-04-30T03:00:00+00:00,2011-05-01T22:00:00+00:00,1.48040,1.48430,1.48380,1.47492,724.8062,-2.82753,
EURUSD,buy,2011-05-01T20:00:00+00:00,2011-05-02T00:00:00+00:00,1.48128,1.48424,1.47788,1.48676,543.6047,1.60936,
EURUSD,buy,2011-05-01T20:00:00+00:00,2011-05-02T00:00:00+00:00,1.48128,1.48079,1.48128,1.48676,181.2016,-0.08958,
EURUSD,sell,2011-05-02T04:00:00+00:00,2011-05-02T08:00:00+00:00,1.47875,1.48264,1.48215,1.47327,721.1942,-2.81035,
EURUSD,buy,2011-05-02T09:00:00+00:00,2011-05-02T14:00:00+00:00,1.48448,1.48744,1.48106,1.48997,532.0301,1.57848,
EURUSD,buy,2011-05-02T09:00:00+00:00,2011-05-02T14:00:00+00:00,1.48448,1.48398,1.48448,1.48997,177.3434,-0.08784,
EURUSD,sell,2011-05-03T11:00:00+00:00,2011-05-03T12:00:00+00:00,1.47711,1.48100,1.48051,1.47164,717.5288,-2.79300,
EURUSD,buy,2011-05-04T07:00:00+00:00,2011-05-04T12:00:00+00:00,1.48530,1.48826,1.48188,1.49079,528.4472,1.56872,
EURUSD,buy,2011-05-04T07:00:00+00:00,2011-05-04T12:00:00+00:00,1.48530,1.49034,1.48530,1.49079,176.1491,0.88897,
EURUSD,sell,2011-05-05T13:00:00+00:00,2011-05-05T14:00:00+00:00,1.46675,1.46381,1.47012,1.46132,541.0895,1.58838,
EURUSD,sell,2011-05-05T13:00:00+00:00,2011-05-05T14:00:00+00:00,1.46675,1.46724,1.46675,1.46132,180.3632,-0.08839,
EURUSD,buy,2011-05-08T21:00:00+00:00,2011-05-09T00:00:00+00:00,1.43695,1.43982,1.43365,1.44227,556.5576,1.59839,
EURUSD,buy,2011-05-08T21:00:00+00:00,2011-05-09T01:00:00+00:00,1.43695,1.43717,1.43765,1.44227,185.5192,0.04040,
EURUSD,sell,2011-05-10T03:00:00+00:00,2011-05-10T05:00:00+00:00,1.43274,1.42987,1.43604,1.42744,562.1465,1.61193,
EURUSD,sell,2011-05-10T03:00:00+00:00,2011-05-10T05:00:00+00:00,1.43274,1.42787,1.43274,1.42744,187.3822,0.91339,
EURUSD,buy,2011-05-10T23:00:00+00:00,2011-05-11T07:00:00+00:00,1.44039,1.43660,1.43708,1.44572,754.7631,-2.86283,
EURUSD,sell,2011-05-11T18:00:00+00:00,2011-05-12T00:00:00+00:00,1.41897,1.42272,1.42224,1.41372,755.6112,-2.82697,
EURUSD,buy,2011-05-13T09:00:00+00:00,2011-05-13T12:00:00+00:00,1.42963,1.42586,1.42634,1.43492,740.5400,-2.78817,
EURUSD,sell,2011-05-13T20:00:00+00:00,2011-05-15T21:00:00+00:00,1.41121,1.40838,1.41445,1.40598,554.9111,1.56727,
EURUSD,sell,2011-05-13T20:00:00+00:00,2011-05-15T22:00:00+00:00,1.41121,1.40863,1.40816,1.40598,184.9704,0.47612,
EURUSD,buy,2011-05-16T14:00:00+00:00,2011-05-16T16:00:00+00:00,1.42401,1.42026,1.42073,1.42927,740.8476,-2.77850,
EURUSD,sell,2011-05-20T18:00:00+00:00,2011-05-20T19:00:00+00:00,1.41986,1.41702,1.42313,1.41461,549.5867,1.56175,
EURUSD,sell,2011-05-20T18:00:00+00:00,2011-05-20T19:00:00+00:00,1.41986,1.42034,1.41986,1.41461,183.1956,-0.08720,
EURUSD,buy,2011-05-22T20:00:00+00:00,2011-05-22T21:00:00+00:00,1.41607,1.41234,1.41282,1.42131,740.3921,-2.76153,
EURUSD,sell,2011-05-22T21:00:00+00:00,2011-05-23T01:00:00+00:00,1.41275,1.40992,1.41600,1.40752,548.9406,1.55210,
EURUSD,sell,2011-05-22T21:00:00+00:00,2011-05-23T02:00:00+00:00,1.41275,1.41019,1.40972,1.40752,182.9802,0.46717,
EURUSD,buy,2011-05-24T17:00:00+00:00,2011-05-25T00:00:00+00:00,1.41170,1.40798,1.40846,1.41693,740.0550,-2.75187,
EURUSD,sell,2011-05-25T15:00:00+00:00,2011-05-25T17:00:00+00:00,1.40975,1.40693,1.41299,1.40453,548.1602,1.54660,
EURUSD,sell,2011-05-25T15:00:00+00:00,2011-05-25T17:00:00+00:00,1.40975,1.41022,1.40975,1.40453,182.7201,-0.08642,
EURUSD,buy,2011-05-26T01:00:00+00:00,2011-05-26T12:00:00+00:00,1.41695,1.41979,1.41370,1.42220,549.5646,1.55634,
EURUSD,buy,2011-05-26T01:00:00+00:00,2011-05-26T12:00:00+00:00,1.41695,1.41648,1.41695,1.42220,183.1882,-0.08703,
EURUSD,sell,2011-05-29T20:00:00+00:00,2011-05-30T04:00:00+00:00,1.43050,1.42764,1.43379,1.42521,547.8847,1.56858,
EURUSD,sell,2011-05-29T20:00:00+00:00,2011-05-30T05:00:00+00:00,1.43050,1.42818,1.42770,1.42521,182.6282,0.42414,
EURUSD,buy,2011-05-31T03:00:00+00:00,2011-05-31T07:00:00+00:00,1.43795,1.44083,1.43464,1.44327,550.5714,1.58230,
EURUSD,buy,2011-05-31T03:00:00+00:00,2011-05-31T07:00:00+00:00,1.43795,1.43747,1.43795,1.44327,183.5238,-0.08834,
EURUSD,sell,2011-06-02T00:00:00+00:00,2011-06-02T07:00:00+00:00,1.43513,1.43891,1.43843,1.42982,740.3008,-2.80080,
EURUSD,buy,2011-06-02T17:00:00+00:00,2011-06-02T18:00:00+00:00,1.45041,1.44660,1.44708,1.45578,723.2805,-2.76225,
EURUSD,buy,2011-06-05T22:00:00+00:00,2011-06-06T01:00:00+00:00,1.46579,1.46193,1.46242,1.47121,706.2688,-2.72550,
EURUSD,sell,2011-06-05T21:00:00+00:00,2011-06-06T06:00:00+00:00,1.46234,1.46620,1.46571,1.45693,707.5097,-2.72683,
EURUSD,sell,2011-06-06T11:00:00+00:00,2011-06-06T13:00:00+00:00,1.45917,1.46302,1.46253,1.45377,690.3689,-2.65507,
EURUSD,buy,2011-06-07T15:00:00+00:00,2011-06-08T02:00:00+00:00,1.46785,1.46399,1.46448,1.47328,677.6524,-2.61870,
EURUSD,sell,2011-06-08T19:00:00+00:00,2011-06-08T22:00:00+00:00,1.45657,1.46041,1.45992,1.45118,673.5029,-2.58566,
EURUSD,sell,2011-06-12T21:00:00+00:00,2011-06-13T00:00:00+00:00,1.43231,1.43609,1.43561,1.42701,675.8883,-2.55215,
EURUSD,buy,2011-06-12T18:00:00+00:00,2011-06-13T11:00:00+00:00,1.43497,1.43784,1.43167,1.44028,506.2802,1.45199,
EURUSD,sell,2011-06-12T19:00:00+00:00,2011-06-13T11:00:00+00:00,1.43411,1.43789,1.43741,1.42880,675.0402,-2.55211,
EURUSD,buy,2011-06-12T20:00:00+00:00,2011-06-13T11:00:00+00:00,1.43497,1.43784,1.43167,1.44028,506.2802,1.45199,
EURUSD,buy,2011-06-12T18:00:00+00:00,2011-06-13T12:00:00+00:00,1.43497,1.43573,1.43621,1.44028,168.7601,0.12805,
EURUSD,buy,2011-06-12T20:00:00+00:00,2011-06-13T12:00:00+00:00,1.43497,1.43573,1.43621,1.44028,168.7601,0.12805,
EURUSD,buy,2011-06-13T10:00:00+00:00,2011-06-13T14:00:00+00:00,1.43690,1.43977,1.43360,1.44222,498.9374,1.43286,
EURUSD,buy,2011-06-13T10:00:00+00:00,2011-06-13T15:00:00+00:00,1.43690,1.43681,1.43729,1.44222,166.3125,-0.01532,
EURUSD,sell,2011-06-15T11:00:00+00:00,2011-06-15T15:00:00+00:00,1.42900,1.42614,1.43229,1.42371,506.7084,1.44917,
EURUSD,sell,2011-06-15T11:00:00+00:00,2011-06-15T15:00:00+00:00,1.42900,1.42948,1.42900,1.42371,168.9028,-0.08086,
EURUSD,buy,2011-06-17T11:00:00+00:00,2011-06-17T12:00:00+00:00,1.43022,1.42645,1.42693,1.43551,680.2262,-2.56213,
EURUSD,sell,2011-06-19T11:00:00+00:00,2011-06-19T23:00:00+00:00,1.42952,1.42666,1.43281,1.42423,503.3935,1.44022,
EURUSD,sell,2011-06-19T11:00:00+00:00,2011-06-20T00:00:00+00:00,1.42952,1.42845,1.42797,1.42423,167.7978,0.17998,
EURUSD,buy,2011-06-21T02:00:00+00:00,2011-06-21T06:00:00+00:00,1.43355,1.43642,1.43025,1.43885,506.5195,1.45124,
EURUSD,buy,2011-06-21T02:00:00+00:00,2011-06-21T07:00:00+00:00,1.43355,1.43422,1.43470,1.43885,168.8398,0.11307,
EURUSD,sell,2011-06-23T02:00:00+00:00,2011-06-23T07:00:00+00:00,1.43061,1.42775,1.43390,1.42532,511.3549,1.46411,
EURUSD,sell,2011-06-23T02:00:00+00:00,2011-06-23T07:00:00+00:00,1.43061,1.42574,1.43061,1.42532,170.4516,0.82963,
EURUSD,buy,2011-06-26T14:00:00+00:00,2011-06-26T23:00:00+00:00,1.41898,1.41524,1.41571,1.42422,695.8945,-2.60081,
EURUSD,sell,2011-06-26T20:00:00+00:00,2011-06-26T23:00:00+00:00,1.41812,1.41529,1.42139,1.41288,521.9209,1.48132,
EURUSD,sell,2011-06-26T20:00:00+00:00,2011-06-27T00:00:00+00:00,1.41812,1.41599,1.41552,1.41288,173.9736,0.37052,
EURUSD,buy,2011-06-27T18:00:00+00:00,2011-06-27T22:00:00+00:00,1.42684,1.42969,1.42356,1.43212,517.0759,1.47455,
EURUSD,buy,2011-06-27T18:00:00+00:00,2011-06-27T22:00:00+00:00,1.42684,1.43169,1.42684,1.43212,172.3586,0.83561,
EURUSD,sell,2011-07-03T19:00:00+00:00,2011-07-03T23:00:00+00:00,1.45182,1.45565,1.45516,1.44645,685.1164,-2.62178,
EURUSD,buy,2011-07-03T21:00:00+00:00,2011-07-04T05:00:00+00:00,1.45474,1.45091,1.45139,1.46012,684.1554,-2.62052,
EURUSD,sell,2011-07-04T23:00:00+00:00,2011-07-05T01:00:00+00:00,1.45371,1.45080,1.45706,1.44833,499.6505,1.45370,
EURUSD,sell,2011-07-04T23:00:00+00:00,2011-07-05T01:00:00+00:00,1.45371,1.44877,1.45371,1.44833,166.5502,0.82373,
EURUSD,buy,2011-07-08T05:00:00+00:00,2011-07-08T07:00:00+00:00,1.43434,1.43056,1.43104,1.43965,683.5456,-2.58195,
EURUSD,sell,2011-07-08T16:00:00+00:00,2011-07-10T21:00:00+00:00,1.42576,1.42291,1.42904,1.42049,508.6453,1.45142,
EURUSD,sell,2011-07-08T16:00:00+00:00,2011-07-10T21:00:00+00:00,1.42576,1.42091,1.42576,1.42049,169.5484,0.82244,
EURUSD,buy,2011-07-10T14:00:00+00:00,2011-07-10T21:00:00+00:00,1.42679,1.42303,1.42351,1.43207,678.1129,-2.54812,
EURUSD,sell,2011-07-10T21:00:00+00:00,2011-07-11T06:00:00+00:00,1.42102,1.41818,1.42429,1.41576,509.6179,1.44936,
EURUSD,sell,2011-07-10T21:00:00+00:00,2011-07-11T07:00:00+00:00,1.42102,1.41850,1.41802,1.41576,169.8726,0.42946,
EURUSD,buy,2011-07-13T09:00:00+00:00,2011-07-13T10:00:00+00:00,1.41115,1.40744,1.40791,1.41637,691.3129,-2.56964,
EURUSD,sell,2011-07-15T08:00:00+00:00,2011-07-15T09:00:00+00:00,1.41320,1.41692,1.41645,1.40797,680.8107,-2.53689,
EURUSD,buy,2011-07-17T03:00:00+00:00,2011-07-17T21:00:00+00:00,1.41526,1.41154,1.41201,1.42050,671.2584,-2.50226,
EURUSD,sell,2011-07-17T16:00:00+00:00,2011-07-17T21:00:00+00:00,1.41442,1.41158,1.41767,1.40918,503.4438,1.42514,
EURUSD,sell,2011-07-17T16:00:00+00:00,2011-07-17T22:00:00+00:00,1.41442,1.41369,1.41322,1.40918,167.8146,0.12109,
EURUSD,buy,2011-07-19T09:00:00+00:00,2011-07-19T13:00:00+00:00,1.41748,1.41374,1.41422,1.42272,666.8382,-2.48962,
EURUSD,sell,2011-07-23T08:00:00+00:00,2011-07-24T21:00:00+00:00,1.43492,1.43870,1.43822,1.42961,649.6638,-2.45754,
EURUSD,buy,2011-07-24T21:00:00+00:00,2011-07-24T22:00:00+00:00,1.44056,1.43677,1.43725,1.44589,638.9751,-2.42393,
EURUSD,sell,2011-07-27T19:00:00+00:00,2011-07-28T02:00:00+00:00,1.43687,1.43399,1.44017,1.43155,473.8508,1.36266,
EURUSD,sell,2011-07-27T19:00:00+00:00,2011-07-28T03:00:00+00:00,1.43687,1.43620,1.43572,1.43155,157.9503,0.10552,
EURUSD,buy,2011-07-29T21:00:00+00:00,2011-07-31T21:00:00+00:00,1.44005,1.43626,1.43674,1.44538,635.8821,-2.41135,
EURUSD,sell,2011-07-31T21:00:00+00:00,2011-08-01T00:00:00+00:00,1.43487,1.43865,1.43817,1.42956,629.3958,-2.38079,
EURUSD,buy,2011-08-03T14:00:00+00:00,2011-08-03T17:00:00+00:00,1.42976,1.43262,1.42647,1.43505,467.7723,1.33668,
EURUSD,buy,2011-08-03T14:00:00+00:00,2011-08-03T18:00:00+00:00,1.42976,1.42995,1.43043,1.43505,155.9241,0.02995,
EURUSD,sell,2011-08-04T18:00:00+00:00,2011-08-04T20:00:00+00:00,1.41306,1.41023,1.41631,1.40783,476.6433,1.34798,
EURUSD,sell,2011-08-04T18:00:00+00:00,2011-08-04T21:00:00+00:00,1.41306,1.41147,1.41100,1.40783,158.8811,0.25145,
EURUSD,buy,2011-08-06T00:00:00+00:00,2011-08-07T21:00:00+00:00,1.42818,1.43103,1.42489,1.43346,476.0803,1.35892,
EURUSD,buy,2011-08-06T00:00:00+00:00,2011-08-07T21:00:00+00:00,1.42818,1.43303,1.42818,1.43346,158.6934,0.77008,
EURUSD,sell,2011-08-08T17:00:00+00:00,2011-08-08T22:00:00+00:00,1.41941,1.41657,1.42268,1.41416,484.3556,1.37595,
EURUSD,sell,2011-08-08T17:00:00+00:00,2011-08-08T23:00:00+00:00,1.41941,1.41813,1.41765,1.41416,161.4519,0.20807,
EURUSD,buy,2011-08-09T21:00:00+00:00,2011-08-09T23:00:00+00:00,1.43960,1.43581,1.43629,1.44493,642.6366,-2.43621,
EURUSD,sell,2011-08-10T23:00:00+00:00,2011-08-11T00:00:00+00:00,1.41328,1.41700,1.41653,1.40805,645.5982,-2.40581,
EURUSD,buy,2011-08-12T11:00:00+00:00,2011-08-12T14:00:00+00:00,1.42718,1.42342,1.42390,1.43246,631.2621,-2.37271,
EURUSD,sell,2011-08-14T09:00:00+00:00,2011-08-14T22:00:00+00:00,1.42401,1.42777,1.42729,1.41874,623.9572,-2.34259,
EURUSD,sell,2011-08-14T16:00:00+00:00,2011-08-14T22:00:00+00:00,1.42401,1.42777,1.42729,1.41874,623.9572,-2.34259,
EURUSD,buy,2011-08-14T14:00:00+00:00,2011-08-14T23:00:00+00:00,1.42487,1.42772,1.42159,1.43014,467.9679,1.33266,
EURUSD,buy,2011-08-14T14:00:00+00:00,2011-08-15T00:00:00+00:00,1.42487,1.42777,1.42825,1.43014,155.9893,0.45303,
EURUSD,buy,2011-08-14T21:00:00+00:00,2011-08-15T00:00:00+00:00,1.42674,1.42959,1.42346,1.43202,467.3544,1.33266,
EURUSD,buy,2011-08-14T21:00:00+00:00,2011-08-15T01:00:00+00:00,1.42674,1.42945,1.42993,1.43202,155.7848,0.42267,
EURUSD,sell,2011-08-17T05:00:00+00:00,2011-08-17T07:00:00+00:00,1.43979,1.43691,1.44310,1.43446,459.8614,1.32512,
EURUSD,sell,2011-08-17T05:00:00+00:00,2011-08-17T07:00:00+00:00,1.43979,1.43489,1.43979,1.43446,153.2871,0.75087,
EURUSD,buy,2011-08-17T15:00:00+00:00,2011-08-18T00:00:00+00:00,1.44395,1.44015,1.44063,1.44929,618.9376,-2.35337,
EURUSD,sell,2011-08-18T12:00:00+00:00,2011-08-18T13:00:00+00:00,1.43658,1.43370,1.43988,1.43126,460.1648,1.32304,
EURUSD,sell,2011-08-18T12:00:00+00:00,2011-08-18T13:00:00+00:00,1.43658,1.43706,1.43658,1.43126,153.3883,-0.07378,
EURUSD,buy,2011-08-19T23:00:00+00:00,2011-08-21T22:00:00+00:00,1.44004,1.43625,1.43673,1.44537,616.7839,-2.33891,
EURUSD,sell,2011-08-21T12:00:00+00:00,2011-08-22T06:00:00+00:00,1.43883,1.43595,1.44214,1.43350,462.7004,1.33241,
EURUSD,sell,2011-08-21T12:00:00+00:00,2011-08-22T07:00:00+00:00,1.43883,1.43767,1.43719,1.43350,154.2335,0.17846,
EURUSD,buy,2011-08-23T02:00:00+00:00,2011-08-23T07:00:00+00:00,1.43871,1.44159,1.43540,1.44403,460.8567,1.32516,
EURUSD,buy,2011-08-23T02:00:00+00:00,2011-08-23T07:00:00+00:00,1.43871,1.43823,1.43871,1.44403,153.6189,-0.07398,
EURUSD,sell,2011-08-23T03:00:00+00:00,2011-08-23T07:00:00+00:00,1.43703,1.44082,1.44033,1.43171,614.8262,-2.32913,
EURUSD,buy,2011-08-23T10:00:00+00:00,2011-08-23T13:00:00+00:00,1.44713,1.44332,1.44381,1.45249,607.1737,-2.31366,
EURUSD,sell,2011-08-25T04:00:00+00:00,2011-08-25T07:00:00+00:00,1.44016,1.44395,1.44347,1.43483,601.7187,-2.28437,
EURUSD,buy,2011-08-26T15:00:00+00:00,2011-08-26T16:00:00+00:00,1.44655,1.44944,1.44323,1.45190,443.6396,1.28261,
EURUSD,buy,2011-08-26T15:00:00+00:00,2011-08-26T16:00:00+00:00,1.44655,1.44607,1.44655,1.45190,147.8799,-0.07157,
EURUSD,sell,2011-08-28T21:00:00+00:00,2011-08-29T05:00:00+00:00,1.44885,1.45266,1.45218,1.44348,594.4078,-2.27005,
EURUSD,buy,2011-08-29T07:00:00+00:00,2011-08-29T09:00:00+00:00,1.45336,1.44953,1.45001,1.45873,585.1066,-2.23903,
EURUSD,sell,2011-08-30T10:00:00+00:00,2011-08-30T13:00:00+00:00,1.44056,1.44436,1.44387,1.43523,582.1816,-2.21081,
EURUSD,buy,2011-09-04T14:00:00+00:00,2011-09-04T21:00:00+00:00,1.42078,1.41703,1.41751,1.42603,582.8591,-2.18108,
EURUSD,sell,2011-09-04T21:00:00+00:00,2011-09-05T07:00:00+00:00,1.41586,1.41302,1.41911,1.41061,432.6255,1.22592,
EURUSD,sell,2011-09-04T21:00:00+00:00,2011-09-05T08:00:00+00:00,1.41586,1.41527,1.41480,1.41061,144.2085,0.08374,
EURUSD,buy,2011-09-07T20:00:00+00:00,2011-09-08T00:00:00+00:00,1.41012,1.40641,1.40688,1.41534,584.1716,-2.16982,
EURUSD,sell,2011-09-08T17:00:00+00:00,2011-09-09T01:00:00+00:00,1.38937,1.39304,1.39257,1.38423,584.7341,-2.14264,
EURUSD,buy,2011-09-11T20:00:00+00:00,2011-09-11T21:00:00+00:00,1.36592,1.36232,1.36278,1.37097,587.2856,-2.11393,
EURUSD,sell,2011-09-11T21:00:00+00:00,2011-09-11T22:00:00+00:00,1.35636,1.35994,1.35948,1.35134,583.2785,-2.08722,
EURUSD,buy,2011-09-13T02:00:00+00:00,2011-09-13T05:00:00+00:00,1.36811,1.36451,1.36496,1.37317,570.9868,-2.05851,
EURUSD,sell,2011-09-16T23:00:00+00:00,2011-09-18T21:00:00+00:00,1.37946,1.37670,1.38263,1.37435,418.8688,1.15642,
EURUSD,sell,2011-09-16T23:00:00+00:00,2011-09-18T21:00:00+00:00,1.37946,1.37476,1.37946,1.37435,139.6229,0.65528,
EURUSD,buy,2011-09-20T20:00:00+00:00,2011-09-21T07:00:00+00:00,1.37034,1.36673,1.36719,1.37541,569.1565,-2.05521,
EURUSD,sell,2011-09-21T23:00:00+00:00,2011-09-22T02:00:00+00:00,1.35732,1.35461,1.36045,1.35230,425.0266,1.15459,
EURUSD,sell,2011-09-21T23:00:00+00:00,2011-09-22T02:00:00+00:00,1.35732,1.35778,1.35732,1.35230,141.6755,-0.06478,
EURUSD,sell,2011-09-24T21:00:00+00:00,2011-09-25T21:00:00+00:00,1.34946,1.35302,1.35256,1.34446,574.0429,-2.04386,
EURUSD,sell,2011-09-25T20:00:00+00:00,2011-09-25T21:00:00+00:00,1.34946,1.35302,1.35256,1.34446,574.0429,-2.04386,
EURUSD,buy,2011-09-24T06:00:00+00:00,2011-09-25T22:00:00+00:00,1.35026,1.35296,1.34716,1.35526,430.5322,1.16186,
EURUSD,buy,2011-09-24T06:00:00+00:00,2011-09-25T22:00:00+00:00,1.35026,1.34981,1.35026,1.35526,143.5107,-0.06531,
EURUSD,buy,2011-09-25T05:00:00+00:00,2011-09-25T22:00:00+00:00,1.35026,1.35296,1.34716,1.35526,430.5322,1.16186,
EURUSD,buy,2011-09-25T05:00:00+00:00,2011-09-25T22:00:00+00:00,1.35026,1.34981,1.35026,1.35526,143.5107,-0.06531,
EURUSD,buy,2011-09-25T21:00:00+00:00,2011-09-25T22:00:00+00:00,1.35173,1.35443,1.34862,1.35673,418.7234,1.13122,
EURUSD,buy,2011-09-25T21:00:00+00:00,2011-09-25T22:00:00+00:00,1.35173,1.35127,1.35173,1.35673,139.5745,-0.06358,
EURUSD,sell,2011-09-26T00:00:00+00:00,2011-09-26T06:00:00+00:00,1.34147,1.33878,1.34455,1.33650,430.7847,1.15657,
EURUSD,sell,2011-09-26T00:00:00+00:00,2011-09-26T07:00:00+00:00,1.34147,1.34115,1.34070,1.33650,143.5949,0.04526,
EURUSD,buy,2011-09-27T02:00:00+00:00,2011-09-27T04:00:00+00:00,1.35507,1.35150,1.35195,1.36008,573.3925,-2.04775,
EURUSD,sell,2011-09-29T06:00:00+00:00,2011-09-29T07:00:00+00:00,1.35972,1.36331,1.36285,1.35469,563.5588,-2.02158,
EURUSD,buy,2011-09-29T16:00:00+00:00,2011-09-29T18:00:00+00:00,1.35904,1.35546,1.35591,1.36406,556.7412,-1.99403,
EURUSD,sell,2011-09-30T04:00:00+00:00,2011-09-30T06:00:00+00:00,1.35400,1.35129,1.35712,1.34899,413.3360,1.12009,
EURUSD,sell,2011-09-30T04:00:00+00:00,2011-09-30T06:00:00+00:00,1.35400,1.35446,1.35400,1.34899,137.7787,-0.06286,
EURUSD,buy,2011-10-02T20:00:00+00:00,2011-10-02T21:00:00+00:00,1.33884,1.33531,1.33576,1.34379,561.6399,-1.98210,
EURUSD,sell,2011-10-02T21:00:00+00:00,2011-10-03T00:00:00+00:00,1.33379,1.33731,1.33686,1.32885,556.0009,-1.95696,
EURUSD,buy,2011-10-05T03:00:00+00:00,2011-10-05T05:00:00+00:00,1.32918,1.33184,1.32612,1.33410,413.1756,1.09761,
EURUSD,buy,2011-10-05T03:00:00+00:00,2011-10-05T06:00:00+00:00,1.32918,1.32962,1.33007,1.33410,137.7252,0.06092,
EURUSD,sell,2011-10-08T08:00:00+00:00,2011-10-09T21:00:00+00:00,1.33716,1.34069,1.34024,1.33221,551.6154,-1.94636,
EURUSD,buy,2011-10-09T21:00:00+00:00,2011-10-10T00:00:00+00:00,1.33912,1.34180,1.33604,1.34407,407.9009,1.09170,
EURUSD,buy,2011-10-09T21:00:00+00:00,2011-10-10T00:00:00+00:00,1.33912,1.34367,1.33912,1.34407,135.9670,0.61866,
EURUSD,sell,2011-10-14T02:00:00+00:00,2011-10-14T04:00:00+00:00,1.37470,1.37832,1.37786,1.36961,535.6944,-1.94250,
EURUSD,buy,2011-10-14T12:00:00+00:00,2011-10-14T13:00:00+00:00,1.37991,1.38267,1.37674,1.38502,395.2118,1.08996,
EURUSD,buy,2011-10-14T12:00:00+00:00,2011-10-14T13:00:00+00:00,1.37991,1.37945,1.37991,1.38502,131.7373,-0.06112,
EURUSD,sell,2011-10-16T17:00:00+00:00,2011-10-17T03:00:00+00:00,1.38703,1.38426,1.39022,1.38190,395.7280,1.09853,
EURUSD,sell,2011-10-16T17:00:00+00:00,2011-10-17T04:00:00+00:00,1.38703,1.38594,1.38547,1.38190,131.9093,0.14485,
EURUSD,buy,2011-10-19T09:00:00+00:00,2011-10-19T11:00:00+00:00,1.38553,1.38188,1.38234,1.39065,533.0171,-1.94575,
EURUSD,sell,2011-10-20T08:00:00+00:00,2011-10-20T09:00:00+00:00,1.37228,1.37590,1.37544,1.36720,530.7525,-1.92124,
EURUSD,buy,2011-10-21T11:00:00+00:00,2011-10-21T13:00:00+00:00,1.38134,1.38411,1.37817,1.38645,390.4719,1.07801,
EURUSD,buy,2011-10-21T11:00:00+00:00,2011-10-21T13:00:00+00:00,1.38134,1.38604,1.38134,1.38645,130.1573,0.61089,
EURUSD,sell,2011-10-23T20:00:00+00:00,2011-10-23T21:00:00+00:00,1.38876,1.38598,1.39196,1.38362,392.7120,1.09152,
EURUSD,sell,2011-10-23T20:00:00+00:00,2011-10-23T22:00:00+00:00,1.38876,1.38751,1.38704,1.38362,130.9040,0.16456,
EURUSD,buy,2011-10-24T20:00:00+00:00,2011-10-25T01:00:00+00:00,1.39324,1.38957,1.39003,1.39839,526.7568,-1.93345,
EURUSD,sell,2011-10-26T14:00:00+00:00,2011-10-26T15:00:00+00:00,1.38158,1.38522,1.38475,1.37646,523.8895,-1.90906,
EURUSD,buy,2011-10-27T07:00:00+00:00,2011-10-27T12:00:00+00:00,1.40111,1.40391,1.39789,1.40629,382.5604,1.07128,
EURUSD,buy,2011-10-27T07:00:00+00:00,2011-10-27T12:00:00+00:00,1.40111,1.40587,1.40111,1.40629,127.5201,0.60708,
EURUSD,sell,2011-10-29T10:00:00+00:00,2011-10-31T01:00:00+00:00,1.41416,1.41133,1.41741,1.40892,383.2533,1.08471,
EURUSD,sell,2011-10-29T10:00:00+00:00,2011-10-31T01:00:00+00:00,1.41416,1.41463,1.41416,1.40892,127.7511,-0.06059,
EURUSD,buy,2011-10-30T21:00:00+00:00,2011-10-31T01:00:00+00:00,1.41545,1.41173,1.41220,1.42069,510.8419,-1.90453,
EURUSD,sell,2011-10-30T23:00:00+00:00,2011-10-31T01:00:00+00:00,1.41336,1.41053,1.41661,1.40812,383.4702,1.08471,
EURUSD,sell,2011-10-30T23:00:00+00:00,2011-10-31T01:00:00+00:00,1.41336,1.41383,1.41336,1.40812,127.8234,-0.06059,
EURUSD,buy,2011-11-02T20:00:00+00:00,2011-11-02T22:00:00+00:00,1.37508,1.37146,1.37192,1.38017,526.3628,-1.90717,
EURUSD,sell,2011-11-03T14:00:00+00:00,2011-11-03T16:00:00+00:00,1.37514,1.37876,1.37830,1.37005,519.0937,-1.88289,
EURUSD,buy,2011-11-03T19:00:00+00:00,2011-11-04T09:00:00+00:00,1.38159,1.38436,1.37842,1.38670,382.6211,1.05653,
EURUSD,buy,2011-11-03T19:00:00+00:00,2011-11-04T09:00:00+00:00,1.38159,1.38113,1.38159,1.38670,127.5404,-0.05924,
EURUSD,sell,2011-11-05T06:00:00+00:00,2011-11-06T22:00:00+00:00,1.37846,1.38209,1.38163,1.37335,514.6324,-1.87115,
EURUSD,buy,2011-11-06T08:00:00+00:00,2011-11-06T22:00:00+00:00,1.37928,1.38204,1.37611,1.38439,385.9743,1.06400,
EURUSD,sell,2011-11-06T21:00:00+00:00,2011-11-06T22:00:00+00:00,1.37846,1.38209,1.38163,1.37335,514.6324,-1.87115,
EURUSD,buy,2011-11-06T08:00:00+00:00,2011-11-06T23:00:00+00:00,1.37928,1.38004,1.38050,1.38439,128.6581,0.09678,
EURUSD,buy,2011-11-06T22:00:00+00:00,2011-11-06T23:00:00+00:00,1.38205,1.37841,1.37888,1.38717,503.9082,-1.83494,
EURUSD,sell,2011-11-07T01:00:00+00:00,2011-11-07T07:00:00+00:00,1.37576,1.37300,1.37892,1.37067,374.6969,1.03170,
EURUSD,sell,2011-11-07T01:00:00+00:00,2011-11-07T07:00:00+00:00,1.37576,1.37622,1.37576,1.37067,124.8990,-0.05780,
EURUSD,buy,2011-11-08T15:00:00+00:00,2011-11-08T16:00:00+00:00,1.38111,1.37748,1.37794,1.38622,501.4836,-1.82489,
EURUSD,sell,2011-11-09T15:00:00+00:00,2011-11-09T19:00:00+00:00,1.35798,1.35526,1.36111,1.35296,377.2521,1.02531,
EURUSD,sell,2011-11-09T15:00:00+00:00,2011-11-09T19:00:00+00:00,1.35798,1.35336,1.35798,1.35296,125.7507,0.58099,
EURUSD,buy,2011-11-11T06:00:00+00:00,2011-11-11T08:00:00+00:00,1.36238,1.36510,1.35925,1.36742,380.6832,1.03655,
EURUSD,buy,2011-11-11T06:00:00+00:00,2011-11-11T08:00:00+00:00,1.36238,1.36192,1.36238,1.36742,126.8944,-0.05821,
EURUSD,sell,2011-11-13T16:00:00+00:00,2011-11-13T22:00:00+00:00,1.37435,1.37797,1.37751,1.36926,506.4136,-1.83586,
EURUSD,buy,2011-11-13T22:00:00+00:00,2011-11-14T05:00:00+00:00,1.37824,1.37461,1.37507,1.38334,498.6231,-1.81076,
EURUSD,sell,2011-11-14T11:00:00+00:00,2011-11-14T14:00:00+00:00,1.36573,1.36300,1.36887,1.36068,372.1969,1.01734,
EURUSD,sell,2011-11-14T11:00:00+00:00,2011-11-14T14:00:00+00:00,1.36573,1.36619,1.36573,1.36068,124.0656,-0.05704,
EURUSD,buy,2011-11-18T11:00:00+00:00,2011-11-18T13:00:00+00:00,1.35983,1.35624,1.35670,1.36486,502.2477,-1.79989,
EURUSD,buy,2011-11-20T23:00:00+00:00,2011-11-21T06:00:00+00:00,1.35396,1.35039,1.35084,1.35896,497.7771,-1.77627,
EURUSD,sell,2011-11-20T03:00:00+00:00,2011-11-21T07:00:00+00:00,1.35175,1.34905,1.35486,1.34675,373.7166,1.01104,
EURUSD,sell,2011-11-20T03:00:00+00:00,2011-11-21T07:00:00+00:00,1.35175,1.35221,1.35175,1.34675,124.5722,-0.05675,
EURUSD,buy,2011-11-20T16:00:00+00:00,2011-11-21T07:00:00+00:00,1.35257,1.34900,1.34946,1.35757,498.2888,-1.77629,
EURUSD,sell,2011-11-20T22:00:00+00:00,2011-11-21T07:00:00+00:00,1.35208,1.34938,1.35519,1.34708,373.6254,1.01104,
EURUSD,sell,2011-11-20T22:00:00+00:00,2011-11-21T07:00:00+00:00,1.35208,1.35254,1.35208,1.34708,124.5418,-0.05675,
EURUSD,sell,2011-11-21T07:00:00+00:00,2011-11-21T08:00:00+00:00,1.34879,1.34609,1.35189,1.34379,369.9699,0.99871,
EURUSD,sell,2011-11-21T07:00:00+00:00,2011-11-21T08:00:00+00:00,1.34879,1.34924,1.34879,1.34379,123.3233,-0.05607,
EURUSD,buy,2011-11-22T12:00:00+00:00,2011-11-22T13:00:00+00:00,1.35483,1.35126,1.35171,1.35984,494.8683,-1.76701,
EURUSD,sell,2011-11-23T09:00:00+00:00,2011-11-23T10:00:00+00:00,1.34438,1.34169,1.34747,1.33940,368.8844,0.99252,
EURUSD,sell,2011-11-23T09:00:00+00:00,2011-11-23T10:00:00+00:00,1.34438,1.34483,1.34438,1.33940,122.9615,-0.05574,
EURUSD,buy,2011-11-27T17:00:00+00:00,2011-11-27T22:00:00+00:00,1.32385,1.32649,1.32080,1.32874,377.4841,0.99877,
EURUSD,buy,2011-11-27T17:00:00+00:00,2011-11-27T22:00:00+00:00,1.32385,1.32835,1.32385,1.32874,125.8280,0.56599,
EURUSD,sell,2011-11-30T06:00:00+00:00,2011-11-30T07:00:00+00:00,1.32916,1.32650,1.33222,1.32424,380.1627,1.01129,
EURUSD,sell,2011-11-30T06:00:00+00:00,2011-11-30T07:00:00+00:00,1.32916,1.32961,1.32916,1.32424,126.7209,-0.05687,
EURUSD,buy,2011-11-30T15:00:00+00:00,2011-11-30T17:00:00+00:00,1.34659,1.34304,1.34350,1.35157,504.1668,-1.78942,
EURUSD,sell,2011-12-02T20:00:00+00:00,2011-12-05T07:00:00+00:00,1.34001,1.34354,1.34309,1.33505,499.6659,-1.76676,
EURUSD,buy,2011-12-04T22:00:00+00:00,2011-12-05T07:00:00+00:00,1.34110,1.34378,1.33802,1.34606,374.6684,1.00424,
EURUSD,buy,2011-12-04T22:00:00+00:00,2011-12-05T07:00:00+00:00,1.34110,1.34065,1.34110,1.34606,124.8895,-0.05649,
EURUSD,sell,2011-12-06T07:00:00+00:00,2011-12-06T08:00:00+00:00,1.33442,1.33794,1.33749,1.32948,498.6906,-1.75606,
EURUSD,buy,2011-12-07T09:00:00+00:00,2011-12-07T10:00:00+00:00,1.34194,1.33841,1.33886,1.34691,489.6476,-1.73197,
EURUSD,buy,2011-12-08T08:00:00+00:00,2011-12-08T11:00:00+00:00,1.34144,1.33791,1.33836,1.34640,483.3726,-1.70915,
EURUSD,sell,2011-12-08T04:00:00+00:00,2011-12-08T13:00:00+00:00,1.34015,1.34368,1.34323,1.33519,483.5493,-1.70995,
EURUSD,sell,2011-12-08T14:00:00+00:00,2011-12-08T16:00:00+00:00,1.33252,1.32985,1.33559,1.32759,355.1187,0.94706,
EURUSD,sell,2011-12-08T14:00:00+00:00,2011-12-08T16:00:00+00:00,1.33252,1.33297,1.33252,1.32759,118.3729,-0.05324,
EURUSD,buy,2011-12-10T02:00:00+00:00,2011-12-12T00:00:00+00:00,1.33876,1.33523,1.33568,1.34371,474.9063,-1.67591,
EURUSD,sell,2011-12-11T22:00:00+00:00,2011-12-12T07:00:00+00:00,1.33567,1.33300,1.33874,1.33073,356.7902,0.95377,
EURUSD,sell,2011-12-11T22:00:00+00:00,2011-12-12T07:00:00+00:00,1.33567,1.33112,1.33567,1.33073,118.9301,0.54045,
EURUSD,buy,2011-12-15T22:00:00+00:00,2011-12-16T12:00:00+00:00,1.30244,1.30504,1.29945,1.30726,365.5891,0.95166,
EURUSD,buy,2011-12-15T22:00:00+00:00,2011-12-16T12:00:00+00:00,1.30244,1.30687,1.30244,1.30726,121.8630,0.53929,
EURUSD,sell,2011-12-18T21:00:00+00:00,2011-12-19T03:00:00+00:00,1.30356,1.30095,1.30656,1.29873,369.3442,0.96359,
EURUSD,sell,2011-12-18T21:00:00+00:00,2011-12-19T03:00:00+00:00,1.30356,1.29912,1.30356,1.29873,123.1147,0.54601,
EURUSD,buy,2011-12-20T13:00:00+00:00,2011-12-20T16:00:00+00:00,1.31158,1.30813,1.30857,1.31643,495.4964,-1.71357,
EURUSD,sell,2011-12-22T02:00:00+00:00,2011-12-22T06:00:00+00:00,1.30376,1.30720,1.30676,1.29893,491.6015,-1.69189,
EURUSD,buy,2011-12-23T10:00:00+00:00,2011-12-23T13:00:00+00:00,1.30759,1.30414,1.30459,1.31243,483.9830,-1.66874,
EURUSD,sell,2011-12-24T01:00:00+00:00,2011-12-26T07:00:00+00:00,1.30400,1.30744,1.30700,1.29917,478.6290,-1.64754,
EURUSD,buy,2011-12-26T01:00:00+00:00,2011-12-28T14:00:00+00:00,1.30578,1.30234,1.30278,1.31061,478.2624,-1.64676,
EURUSD,sell,2011-12-28T14:00:00+00:00,2011-12-28T15:00:00+00:00,1.29807,1.29547,1.30106,1.29327,351.0971,0.91213,
EURUSD,sell,2011-12-28T14:00:00+00:00,2011-12-28T15:00:00+00:00,1.29807,1.29851,1.29807,1.29327,117.0324,-0.05143,
EURUSD,buy,2011-12-30T12:00:00+00:00,2011-12-30T14:00:00+00:00,1.29379,1.29637,1.29081,1.29857,354.9661,0.91787,
EURUSD,buy,2011-12-30T12:00:00+00:00,2011-12-30T15:00:00+00:00,1.29379,1.29626,1.29670,1.29857,118.3220,0.29261,
EURUSD,buy,2012-01-01T01:00:00+00:00,2012-01-02T04:00:00+00:00,1.29523,1.29181,1.29225,1.30002,477.4360,-1.63082,
EURUSD,sell,2011-12-31T19:00:00+00:00,2012-01-03T02:00:00+00:00,1.29445,1.29787,1.29743,1.28966,477.4360,-1.63158,
EURUSD,sell,2012-01-01T04:00:00+00:00,2012-01-03T02:00:00+00:00,1.29445,1.29787,1.29743,1.28966,477.4360,-1.63158,
EURUSD,buy,2012-01-03T06:00:00+00:00,2012-01-03T09:00:00+00:00,1.29858,1.30117,1.29559,1.30338,343.0161,0.89025,
EURUSD,buy,2012-01-03T06:00:00+00:00,2012-01-03T09:00:00+00:00,1.29858,1.29814,1.29858,1.30338,114.3387,-0.05026,
EURUSD,sell,2012-01-04T19:00:00+00:00,2012-01-05T08:00:00+00:00,1.29325,1.29066,1.29623,1.28847,346.6575,0.89725,
EURUSD,sell,2012-01-04T19:00:00+00:00,2012-01-05T08:00:00+00:00,1.29325,1.29369,1.29325,1.28847,115.5525,-0.05061,
EURUSD,buy,2012-01-08T15:00:00+00:00,2012-01-08T22:00:00+00:00,1.27243,1.26908,1.26951,1.27714,473.3828,-1.58893,
EURUSD,buy,2012-01-08T18:00:00+00:00,2012-01-08T22:00:00+00:00,1.27243,1.26908,1.26951,1.27714,473.3828,-1.58893,
EURUSD,sell,2012-01-08T17:00:00+00:00,2012-01-08T23:00:00+00:00,1.27167,1.26912,1.27459,1.26696,355.0371,0.90360,
EURUSD,sell,2012-01-08T17:00:00+00:00,2012-01-08T23:00:00+00:00,1.27167,1.26734,1.27167,1.26696,118.3457,0.51202,
EURUSD,sell,2012-01-08T22:00:00+00:00,2012-01-09T06:00:00+00:00,1.26888,1.27223,1.27180,1.26418,461.9047,-1.54777,
EURUSD,buy,2012-01-09T13:00:00+00:00,2012-01-09T14:00:00+00:00,1.27634,1.27298,1.27341,1.28106,458.9615,-1.54519,
EURUSD,sell,2012-01-11T09:00:00+00:00,2012-01-11T10:00:00+00:00,1.27799,1.27543,1.28093,1.27326,339.0395,0.86717,
EURUSD,sell,2012-01-11T09:00:00+00:00,2012-01-11T10:00:00+00:00,1.27799,1.27842,1.27799,1.27326,113.0132,-0.04898,
EURUSD,buy,2012-01-12T17:00:00+00:00,2012-01-13T06:00:00+00:00,1.28366,1.28623,1.28071,1.28841,340.1332,0.87263,
EURUSD,buy,2012-01-12T17:00:00+00:00,2012-01-13T07:00:00+00:00,1.28366,1.28492,1.28536,1.28841,113.3777,0.14279,
EURUSD,sell,2012-01-13T21:00:00+00:00,2012-01-15T22:00:00+00:00,1.26734,1.26480,1.27026,1.26265,347.3117,0.88093,
EURUSD,buy,2012-01-15T15:00:00+00:00,2012-01-15T22:00:00+00:00,1.26806,1.26472,1.26514,1.27275,463.0968,-1.54915,
EURUSD,sell,2012-01-15T21:00:00+00:00,2012-01-15T22:00:00+00:00,1.26730,1.26476,1.27022,1.26261,347.3226,0.88093,
EURUSD,sell,2012-01-13T21:00:00+00:00,2012-01-15T23:00:00+00:00,1.26734,1.26535,1.26492,1.26265,115.7706,0.23041,
EURUSD,sell,2012-01-15T21:00:00+00:00,2012-01-15T23:00:00+00:00,1.26730,1.26535,1.26492,1.26261,115.7742,0.22578,
EURUSD,buy,2012-01-17T01:00:00+00:00,2012-01-17T07:00:00+00:00,1.27181,1.27435,1.26889,1.27652,348.2711,0.88526,
EURUSD,buy,2012-01-17T01:00:00+00:00,2012-01-17T07:00:00+00:00,1.27181,1.27613,1.27181,1.27652,116.0904,0.50167,
EURUSD,sell,2012-01-21T08:00:00+00:00,2012-01-22T22:00:00+00:00,1.29263,1.29005,1.29561,1.28785,346.4782,0.89636,
EURUSD,sell,2012-01-21T08:00:00+00:00,2012-01-22T22:00:00+00:00,1.29263,1.28823,1.29263,1.28785,115.4927,0.50792,
EURUSD,buy,2012-01-22T06:00:00+00:00,2012-01-22T22:00:00+00:00,1.29341,1.29000,1.29043,1.29819,461.9710,-1.57581,
EURUSD,sell,2012-01-22T17:00:00+00:00,2012-01-22T22:00:00+00:00,1.29263,1.29005,1.29561,1.28785,346.4782,0.89636,
EURUSD,sell,2012-01-22T17:00:00+00:00,2012-01-22T22:00:00+00:00,1.29263,1.28823,1.29263,1.28785,115.4927,0.50792,
EURUSD,buy,2012-01-22T18:00:00+00:00,2012-01-22T22:00:00+00:00,1.29341,1.29000,1.29043,1.29819,461.9710,-1.57581,
EURUSD,sell,2012-01-22T21:00:00+00:00,2012-01-22T22:00:00+00:00,1.29263,1.29005,1.29561,1.28785,346.4782,0.89636,
EURUSD,sell,2012-01-22T21:00:00+00:00,2012-01-22T22:00:00+00:00,1.29263,1.28823,1.29263,1.28785,115.4927,0.50792,
EURUSD,buy,2012-01-23T15:00:00+00:00,2012-01-23T17:00:00+00:00,1.30507,1.30163,1.30207,1.30990,461.9092,-1.58960,
EURUSD,sell,2012-01-25T14:00:00+00:00,2012-01-25T16:00:00+00:00,1.29483,1.29825,1.29781,1.29004,459.1465,-1.56953,
EURUSD,buy,2012-01-25T20:00:00+00:00,2012-01-26T09:00:00+00:00,1.31162,1.31424,1.30861,1.31647,335.6665,0.87993,
EURUSD,buy,2012-01-25T20:00:00+00:00,2012-01-26T09:00:00+00:00,1.31162,1.31118,1.31162,1.31647,111.8888,-0.04962,
EURUSD,sell,2012-01-29T22:00:00+00:00,2012-01-30T01:00:00+00:00,1.32084,1.31820,1.32388,1.31596,335.4801,0.88685,
EURUSD,sell,2012-01-29T22:00:00+00:00,2012-01-30T02:00:00+00:00,1.32084,1.31925,1.31880,1.31596,111.8267,0.17870,
EURUSD,buy,2012-02-01T22:00:00+00:00,2012-02-02T08:00:00+00:00,1.31735,1.31387,1.31432,1.32222,452.8094,-1.57273,
EURUSD,sell,2012-02-03T03:00:00+00:00,2012-02-03T06:00:00+00:00,1.31232,1.31578,1.31534,1.30746,448.2815,-1.55278,
EURUSD,buy,2012-02-04T04:00:00+00:00,2012-02-05T22:00:00+00:00,1.31605,1.31258,1.31303,1.32092,441.3753,-1.53153,
EURUSD,sell,2012-02-04T06:00:00+00:00,2012-02-05T22:00:00+00:00,1.31527,1.31263,1.31829,1.31040,331.0314,0.87139,
EURUSD,buy,2012-02-04T08:00:00+00:00,2012-02-05T22:00:00+00:00,1.31605,1.31258,1.31303,1.32092,441.3753,-1.53153,
EURUSD,sell,2012-02-04T06:00:00+00:00,2012-02-05T23:00:00+00:00,1.31527,1.31334,1.31290,1.31040,110.3438,0.21202,
EURUSD,sell,2012-02-05T22:00:00+00:00,2012-02-06T02:00:00+00:00,1.31227,1.30964,1.31529,1.30741,325.5268,0.85495,
EURUSD,sell,2012-02-05T22:00:00+00:00,2012-02-06T03:00:00+00:00,1.31227,1.31005,1.30961,1.30741,108.5089,0.24016,
EURUSD,buy,2012-02-07T09:00:00+00:00,2012-02-07T11:00:00+00:00,1.31531,1.31185,1.31229,1.32018,438.2601,-1.51988,
EURUSD,sell,2012-02-10T13:00:00+00:00,2012-02-10T21:00:00+00:00,1.31689,1.32037,1.31992,1.31202,431.7027,-1.50049,
EURUSD,buy,2012-02-12T11:00:00+00:00,2012-02-12T22:00:00+00:00,1.31986,1.32249,1.31682,1.32474,318.9800,0.84143,
EURUSD,buy,2012-02-12T11:00:00+00:00,2012-02-12T23:00:00+00:00,1.31986,1.32189,1.32234,1.32474,106.3267,0.21664,
EURUSD,sell,2012-02-14T03:00:00+00:00,2012-02-14T09:00:00+00:00,1.31507,1.31854,1.31809,1.31020,430.6216,-1.49469,
EURUSD,buy,2012-02-17T05:00:00+00:00,2012-02-17T09:00:00+00:00,1.31372,1.31635,1.31070,1.31858,319.2222,0.83816,
EURUSD,buy,2012-02-17T05:00:00+00:00,2012-02-17T09:00:00+00:00,1.31372,1.31328,1.31372,1.31858,106.4074,-0.04726,
EURUSD,sell,2012-02-19T01:00:00+00:00,2012-02-19T22:00:00+00:00,1.31407,1.31753,1.31709,1.30920,428.2721,-1.48542,
EURUSD,buy,2012-02-19T22:00:00+00:00,2012-02-20T11:00:00+00:00,1.32065,1.32329,1.31761,1.32553,315.5763,0.83295,
EURUSD,buy,2012-02-19T22:00:00+00:00,2012-02-20T11:00:00+00:00,1.32065,1.32513,1.32065,1.32553,105.1921,0.47202,
EURUSD,sell,2012-02-22T03:00:00+00:00,2012-02-22T07:00:00+00:00,1.32296,1.32645,1.32601,1.31807,424.7101,-1.48289,
EURUSD,sell,2012-02-23T03:00:00+00:00,2012-02-23T07:00:00+00:00,1.32529,1.32879,1.32834,1.32039,418.3707,-1.46330,
EURUSD,buy,2012-02-22T23:00:00+00:00,2012-02-23T08:00:00+00:00,1.32590,1.32855,1.32285,1.33080,313.8230,0.83162,
EURUSD,buy,2012-02-23T04:00:00+00:00,2012-02-23T08:00:00+00:00,1.32617,1.32882,1.32312,1.33107,313.7591,0.83162,
EURUSD,buy,2012-02-22T23:00:00+00:00,2012-02-23T09:00:00+00:00,1.32590,1.32945,1.32990,1.33080,104.6077,0.37171,
EURUSD,buy,2012-02-23T04:00:00+00:00,2012-02-23T09:00:00+00:00,1.32617,1.32945,1.32990,1.33107,104.5864,0.34339,
EURUSD,sell,2012-02-26T12:00:00+00:00,2012-02-26T22:00:00+00:00,1.34405,1.34759,1.34714,1.33907,415.9360,-1.47507,
EURUSD,buy,2012-02-26T22:00:00+00:00,2012-02-27T06:00:00+00:00,1.34698,1.34343,1.34389,1.35197,409.8010,-1.45491,
EURUSD,sell,2012-02-27T11:00:00+00:00,2012-02-28T03:00:00+00:00,1.33944,1.34297,1.34252,1.33448,406.4330,-1.43650,
EURUSD,buy,2012-02-28T17:00:00+00:00,2012-02-29T11:00:00+00:00,1.34559,1.34205,1.34250,1.35057,399.4772,-1.41681,
EURUSD,sell,2012-02-29T20:00:00+00:00,2012-03-01T04:00:00+00:00,1.33182,1.33533,1.33488,1.32689,398.0489,-1.39898,
EURUSD,buy,2012-03-05T01:00:00+00:00,2012-03-05T03:00:00+00:00,1.32170,1.31821,1.31866,1.32659,396.0446,-1.38005,
EURUSD,sell,2012-03-05T10:00:00+00:00,2012-03-05T13:00:00+00:00,1.31868,1.32216,1.32172,1.31380,391.4801,-1.36251,
EURUSD,buy,2012-03-05T12:00:00+00:00,2012-03-06T08:00:00+00:00,1.32102,1.31753,1.31798,1.32590,391.0236,-1.36186,
EURUSD,sell,2012-03-06T13:00:00+00:00,2012-03-07T10:00:00+00:00,1.31302,1.31648,1.31604,1.30816,382.7987,-1.32665,
EURUSD,buy,2012-03-08T05:00:00+00:00,2012-03-08T09:00:00+00:00,1.31804,1.32067,1.31500,1.32291,282.4017,0.74392,
EURUSD,buy,2012-03-08T05:00:00+00:00,2012-03-08T09:00:00+00:00,1.31804,1.31759,1.31804,1.32291,94.1339,-0.04193,
EURUSD,buy,2012-03-11T14:00:00+00:00,2012-03-12T01:00:00+00:00,1.31246,1.30900,1.30945,1.31732,380.8092,-1.31782,
EURUSD,sell,2012-03-09T19:00:00+00:00,2012-03-12T09:00:00+00:00,1.31021,1.31367,1.31322,1.30536,381.2364,-1.31845,
EURUSD,sell,2012-03-11T21:00:00+00:00,2012-03-12T15:00:00+00:00,1.31084,1.31430,1.31385,1.30599,381.0532,-1.31844,
EURUSD,buy,2012-03-12T21:00:00+00:00,2012-03-13T02:00:00+00:00,1.31512,1.31775,1.31210,1.31999,273.7491,0.71953,
EURUSD,buy,2012-03-12T21:00:00+00:00,2012-03-13T03:00:00+00:00,1.31512,1.31715,1.31760,1.31999,91.2497,0.18527,
EURUSD,sell,2012-03-13T20:00:00+00:00,2012-03-14T05:00:00+00:00,1.30798,1.30536,1.31099,1.30314,277.6730,0.72688,
EURUSD,sell,2012-03-13T20:00:00+00:00,2012-03-14T06:00:00+00:00,1.30798,1.30507,1.30463,1.30314,92.5577,0.26898,
EURUSD,buy,2012-03-15T20:00:00+00:00,2012-03-16T08:00:00+00:00,1.30834,1.30489,1.30533,1.31318,374.1566,-1.29079,
EURUSD,sell,2012-03-19T04:00:00+00:00,2012-03-19T14:00:00+00:00,1.31643,1.31991,1.31946,1.31156,366.7323,-1.27423,
EURUSD,buy,2012-03-19T16:00:00+00:00,2012-03-20T08:00:00+00:00,1.32493,1.32143,1.32188,1.32983,359.7902,-1.25674,
EURUSD,sell,2012-03-22T00:00:00+00:00,2012-03-22T08:00:00+00:00,1.32247,1.31983,1.32552,1.31758,266.6188,0.70568,
EURUSD,sell,2012-03-22T00:00:00+00:00,2012-03-22T08:00:00+00:00,1.32247,1.32292,1.32247,1.31758,88.8729,-0.03970,
EURUSD,buy,2012-03-23T11:00:00+00:00,2012-03-23T14:00:00+00:00,1.32282,1.32546,1.31978,1.32771,268.5980,0.71012,
EURUSD,buy,2012-03-23T11:00:00+00:00,2012-03-23T14:00:00+00:00,1.32282,1.32237,1.32282,1.32771,89.5327,-0.04001,
EURUSD,buy,2012-03-25T21:00:00+00:00,2012-03-26T06:00:00+00:00,1.32746,1.32396,1.32441,1.33237,359.4033,-1.25775,
EURUSD,sell,2012-03-25T20:00:00+00:00,2012-03-26T07:00:00+00:00,1.32636,1.32371,1.32941,1.32145,269.6134,0.71570,
EURUSD,sell,2012-03-25T20:00:00+00:00,2012-03-26T08:00:00+00:00,1.32636,1.32622,1.32577,1.32145,89.8711,0.01296,
EURUSD,sell,2012-03-26T05:00:00+00:00,2012-03-26T08:00:00+00:00,1.32530,1.32265,1.32835,1.32040,269.8290,0.71570,
EURUSD,sell,2012-03-26T05:00:00+00:00,2012-03-26T08:00:00+00:00,1.32530,1.32575,1.32530,1.32040,89.9430,-0.04026,
EURUSD,buy,2012-03-26T16:00:00+00:00,2012-03-26T19:00:00+00:00,1.33319,1.33585,1.33012,1.33812,268.8054,0.71624,
EURUSD,buy,2012-03-26T16:00:00+00:00,2012-03-26T20:00:00+00:00,1.33319,1.33493,1.33538,1.33812,89.6018,0.15587,
EURUSD,sell,2012-03-28T10:00:00+00:00,2012-03-28T12:00:00+00:00,1.33427,1.33160,1.33734,1.32933,270.8771,0.72335,
EURUSD,sell,2012-03-28T10:00:00+00:00,2012-03-28T12:00:00+00:00,1.33427,1.33472,1.33427,1.32933,90.2924,-0.04066,
EURUSD,buy,2012-03-30T09:00:00+00:00,2012-03-30T14:00:00+00:00,1.33526,1.33174,1.33219,1.34020,363.6752,-1.28007,
EURUSD,sell,2012-03-31T22:00:00+00:00,2012-04-01T22:00:00+00:00,1.33336,1.33688,1.33643,1.32842,359.1764,-1.26380,
EURUSD,buy,2012-04-01T09:00:00+00:00,2012-04-01T22:00:00+00:00,1.33416,1.33683,1.33109,1.33910,269.3823,0.71830,
EURUSD,sell,2012-04-01T19:00:00+00:00,2012-04-01T22:00:00+00:00,1.33336,1.33688,1.33643,1.32842,359.1764,-1.26380,
EURUSD,buy,2012-04-01T09:00:00+00:00,2012-04-01T23:00:00+00:00,1.33416,1.33515,1.33560,1.33910,89.7941,0.08882,
EURUSD,buy,2012-04-01T21:00:00+00:00,2012-04-02T11:00:00+00:00,1.33606,1.33254,1.33299,1.34100,358.6655,-1.26318,
EURUSD,sell,2012-04-02T16:00:00+00:00,2012-04-03T01:00:00+00:00,1.33241,1.33593,1.33548,1.32748,348.2394,-1.22445,
EURUSD,buy,2012-04-07T02:00:00+00:00,2012-04-08T22:00:00+00:00,1.30984,1.30639,1.30683,1.31469,349.7764,-1.20805,
EURUSD,sell,2012-04-08T16:00:00+00:00,2012-04-09T00:00:00+00:00,1.30906,1.30644,1.31207,1.30421,262.3323,0.68729,
EURUSD,sell,2012-04-08T16:00:00+00:00,2012-04-09T01:00:00+00:00,1.30906,1.30570,1.30526,1.30421,87.4441,0.29342,
EURUSD,buy,2012-04-09T23:00:00+00:00,2012-04-10T01:00:00+00:00,1.31125,1.31387,1.30824,1.31610,261.3998,0.68505,
EURUSD,buy,2012-04-09T23:00:00+00:00,2012-04-10T01:00:00+00:00,1.31125,1.31081,1.31125,1.31610,87.1333,-0.03863,
EURUSD,sell,2012-04-10T23:00:00+00:00,2012-04-11T05:00:00+00:00,1.30682,1.31027,1.30982,1.30198,351.9787,-1.21417,
EURUSD,buy,2012-04-11T13:00:00+00:00,2012-04-11T15:00:00+00:00,1.31354,1.31008,1.31052,1.31840,345.7635,-1.19751,
EURUSD,sell,2012-04-13T18:00:00+00:00,2012-04-15T23:00:00+00:00,1.30719,1.30457,1.31020,1.30235,256.9929,0.67234,
EURUSD,sell,2012-04-13T18:00:00+00:00,2012-04-15T23:00:00+00:00,1.30719,1.30763,1.30719,1.30235,85.6643,-0.03788,
EURUSD,buy,2012-04-16T23:00:00+00:00,2012-04-17T06:00:00+00:00,1.31296,1.30950,1.30994,1.31782,343.7714,-1.19010,
EURUSD,sell,2012-04-18T12:00:00+00:00,2012-04-18T13:00:00+00:00,1.30629,1.30974,1.30929,1.30145,340.7671,-1.17502,
EURUSD,buy,2012-04-19T09:00:00+00:00,2012-04-19T10:00:00+00:00,1.31511,1.31165,1.31209,1.31998,334.2145,-1.15888,
EURUSD,sell,2012-04-22T21:00:00+00:00,2012-04-23T07:00:00+00:00,1.31868,1.31605,1.32172,1.31380,246.5378,0.65066,
EURUSD,sell,2012-04-22T21:00:00+00:00,2012-04-23T07:00:00+00:00,1.31868,1.31420,1.31868,1.31380,82.1793,0.36869,
EURUSD,buy,2012-04-24T18:00:00+00:00,2012-04-25T09:00:00+00:00,1.31946,1.32209,1.31642,1.32434,249.4395,0.65779,
EURUSD,buy,2012-04-24T18:00:00+00:00,2012-04-25T10:00:00+00:00,1.31946,1.32065,1.32110,1.32434,83.1465,0.09961,
EURUSD,sell,2012-04-27T04:00:00+00:00,2012-04-27T08:00:00+00:00,1.31818,1.32166,1.32122,1.31331,335.5790,-1.16752,
EURUSD,sell,2012-04-29T21:00:00+00:00,2012-04-30T07:00:00+00:00,1.32353,1.32703,1.32658,1.31863,329.8137,-1.15205,
EURUSD,buy,2012-04-27T20:00:00+00:00,2012-04-30T09:00:00+00:00,1.32575,1.32225,1.32270,1.33065,329.4603,-1.15150,
EURUSD,buy,2012-05-01T10:00:00+00:00,2012-05-01T14:00:00+00:00,1.32572,1.32222,1.32267,1.33062,320.7772,-1.12112,
EURUSD,sell,2012-05-02T03:00:00+00:00,2012-05-02T07:00:00+00:00,1.32248,1.31984,1.32553,1.31759,237.8486,0.62954,
EURUSD,sell,2012-05-02T03:00:00+00:00,2012-05-02T07:00:00+00:00,1.32248,1.32293,1.32248,1.31759,79.2829,-0.03542,
EURUSD,buy,2012-05-04T07:00:00+00:00,2012-05-04T13:00:00+00:00,1.31375,1.31638,1.31073,1.31861,241.2690,0.63350,
EURUSD,sell,2012-05-04T09:00:00+00:00,2012-05-04T13:00:00+00:00,1.31289,1.31635,1.31591,1.30803,321.7116,-1.11484,
EURUSD,buy,2012-05-04T07:00:00+00:00,2012-05-04T14:00:00+00:00,1.31375,1.31382,1.31426,1.31861,80.4230,0.00496,
EURUSD,buy,2012-05-06T15:00:00+00:00,2012-05-06T21:00:00+00:00,1.30921,1.30576,1.30620,1.31406,320.9881,-1.10809,
EURUSD,sell,2012-05-06T21:00:00+00:00,2012-05-06T22:00:00+00:00,1.30190,1.29929,1.30489,1.29708,238.7574,0.62211,
EURUSD,sell,2012-05-06T21:00:00+00:00,2012-05-06T22:00:00+00:00,1.30190,1.30234,1.30190,1.29708,79.5858,-0.03506,
EURUSD,buy,2012-05-08T07:00:00+00:00,2012-05-08T12:00:00+00:00,1.30290,1.29947,1.29990,1.30772,320.5429,-1.10130,
EURUSD,sell,2012-05-08T12:00:00+00:00,2012-05-08T17:00:00+00:00,1.29986,1.30329,1.30285,1.29505,316.8651,-1.08731,
EURUSD,buy,2012-05-13T19:00:00+00:00,2012-05-13T21:00:00+00:00,1.29223,1.28882,1.28926,1.29701,314.7196,-1.07256,
EURUSD,sell,2012-05-13T21:00:00+00:00,2012-05-14T12:00:00+00:00,1.28812,1.28555,1.29109,1.28336,233.5282,0.60204,
EURUSD,sell,2012-05-13T21:00:00+00:00,2012-05-14T12:00:00+00:00,1.28812,1.28374,1.28812,1.28336,77.8427,0.34114,
EURUSD,buy,2012-05-18T22:00:00+00:00,2012-05-20T22:00:00+00:00,1.27864,1.27527,1.27570,1.28337,317.5570,-1.07102,
EURUSD,sell,2012-05-20T20:00:00+00:00,2012-05-21T01:00:00+00:00,1.27740,1.28077,1.28034,1.27267,317.6763,-1.07153,
EURUSD,buy,2012-05-21T01:00:00+00:00,2012-05-21T05:00:00+00:00,1.28145,1.27807,1.27851,1.28619,308.4981,-1.04272,
EURUSD,sell,2012-05-21T12:00:00+00:00,2012-05-21T14:00:00+00:00,1.27398,1.27734,1.27691,1.26926,306.0313,-1.02952,
EURUSD,buy,2012-05-21T19:00:00+00:00,2012-05-22T01:00:00+00:00,1.28199,1.27861,1.27905,1.28674,300.2836,-1.01538,
EURUSD,sell,2012-05-22T16:00:00+00:00,2012-05-22T19:00:00+00:00,1.27319,1.27064,1.27612,1.26848,223.6447,0.56988,
EURUSD,sell,2012-05-22T16:00:00+00:00,2012-05-22T19:00:00+00:00,1.27319,1.26886,1.27319,1.26848,74.5482,0.32292,
EURUSD,buy,2012-05-27T21:00:00+00:00,2012-05-28T05:00:00+00:00,1.25751,1.26002,1.25462,1.26216,229.2326,0.57613,
EURUSD,buy,2012-05-27T21:00:00+00:00,2012-05-28T06:00:00+00:00,1.25751,1.25874,1.25917,1.26216,76.4109,0.09438,
EURUSD,sell,2012-05-29T05:00:00+00:00,2012-05-29T07:00:00+00:00,1.25305,1.25636,1.25594,1.24842,309.2203,-1.02342,
EURUSD,buy,2012-06-01T23:00:00+00:00,2012-06-03T23:00:00+00:00,1.24365,1.24037,1.24079,1.24825,307.6290,-1.00957,
EURUSD,sell,2012-06-03T22:00:00+00:00,2012-06-04T00:00:00+00:00,1.24152,1.23903,1.24437,1.23692,230.9800,0.57393,
EURUSD,sell,2012-06-03T22:00:00+00:00,2012-06-04T01:00:00+00:00,1.24152,1.24000,1.23958,1.23692,76.9933,0.11669,
EURUSD,buy,2012-06-04T17:00:00+00:00,2012-06-04T23:00:00+00:00,1.24892,1.25142,1.24605,1.25354,228.7899,0.57109,
EURUSD,buy,2012-06-04T17:00:00+00:00,2012-06-05T00:00:00+00:00,1.24892,1.25157,1.25200,1.25354,76.2633,0.20209,
EURUSD,sell,2012-06-05T22:00:00+00:00,2012-06-06T01:00:00+00:00,1.24471,1.24799,1.24757,1.24010,309.0083,-1.01601,
EURUSD,buy,2012-06-06T13:00:00+00:00,2012-06-06T16:00:00+00:00,1.25132,1.25382,1.24844,1.25594,227.6248,0.56927,
EURUSD,buy,2012-06-06T13:00:00+00:00,2012-06-06T16:00:00+00:00,1.25132,1.25557,1.25132,1.25594,75.8749,0.32260,
EURUSD,sell,2012-06-08T08:00:00+00:00,2012-06-08T15:00:00+00:00,1.24581,1.24910,1.24867,1.24120,308.2374,-1.01436,
EURUSD,buy,2012-06-09T23:00:00+00:00,2012-06-10T21:00:00+00:00,1.25076,1.25325,1.24788,1.25538,227.3594,0.56835,
EURUSD,buy,2012-06-09T23:00:00+00:00,2012-06-10T21:00:00+00:00,1.25076,1.25500,1.25076,1.25538,75.7865,0.32208,
EURUSD,sell,2012-06-10T16:00:00+00:00,2012-06-10T21:00:00+00:00,1.25000,1.25331,1.25288,1.24538,303.1459,-1.00091,
EURUSD,buy,2012-06-10T21:00:00+00:00,2012-06-11T00:00:00+00:00,1.26535,1.26201,1.26244,1.27003,299.2127,-0.99882,
EURUSD,sell,2012-06-12T00:00:00+00:00,2012-06-12T04:00:00+00:00,1.24778,1.25107,1.25065,1.24316,299.2437,-0.98629,
EURUSD,buy,2012-06-13T10:00:00+00:00,2012-06-13T14:00:00+00:00,1.25362,1.25612,1.25073,1.25825,220.5700,0.55264,
EURUSD,buy,2012-06-13T10:00:00+00:00,2012-06-13T14:00:00+00:00,1.25362,1.25319,1.25362,1.25825,73.5233,-0.03133,
EURUSD,sell,2012-06-17T14:00:00+00:00,2012-06-17T21:00:00+00:00,1.26317,1.26651,1.26608,1.25850,293.7566,-0.97997,
EURUSD,buy,2012-06-17T21:00:00+00:00,2012-06-17T23:00:00+00:00,1.27408,1.27072,1.27115,1.27879,287.5687,-0.96647,
EURUSD,sell,2012-06-18T19:00:00+00:00,2012-06-19T00:00:00+00:00,1.25731,1.26063,1.26021,1.25266,287.3871,-0.95434,
EURUSD,buy,2012-06-19T20:00:00+00:00,2012-06-20T11:00:00+00:00,1.26884,1.27138,1.26592,1.27353,210.8889,0.53480,
EURUSD,buy,2012-06-19T20:00:00+00:00,2012-06-20T11:00:00+00:00,1.26884,1.26841,1.26884,1.27353,70.2963,-0.03027,
EURUSD,sell,2012-06-21T11:00:00+00:00,2012-06-21T13:00:00+00:00,1.26671,1.26417,1.26962,1.26202,212.6101,0.53900,
EURUSD,sell,2012-06-21T11:00:00+00:00,2012-06-21T14:00:00+00:00,1.26671,1.26316,1.26273,1.26202,70.8700,0.25166,
EURUSD,buy,2012-06-23T12:00:00+00:00,2012-06-24T21:00:00+00:00,1.25729,1.25397,1.25440,1.26194,288.9213,-0.95841,
EURUSD,sell,2012-06-24T21:00:00+00:00,2012-06-25T06:00:00+00:00,1.25472,1.25221,1.25761,1.25008,214.1400,0.53774,
EURUSD,sell,2012-06-24T21:00:00+00:00,2012-06-25T06:00:00+00:00,1.25472,1.25045,1.25472,1.25008,71.3800,0.30471,
EURUSD,buy,2012-06-29T07:00:00+00:00,2012-06-29T12:00:00+00:00,1.25724,1.25975,1.25435,1.26189,216.3537,0.54364,
EURUSD,buy,2012-06-29T07:00:00+00:00,2012-06-29T12:00:00+00:00,1.25724,1.26151,1.25724,1.26189,72.1179,0.30807,
EURUSD,sell,2012-07-01T13:00:00+00:00,2012-07-02T00:00:00+00:00,1.26589,1.26336,1.26880,1.26120,217.2682,0.55045,
EURUSD,buy,2012-07-01T16:00:00+00:00,2012-07-02T00:00:00+00:00,1.26665,1.26331,1.26374,1.27134,289.6909,-0.96801,
EURUSD,sell,2012-07-01T13:00:00+00:00,2012-07-02T01:00:00+00:00,1.26589,1.26393,1.26350,1.26120,72.4227,0.14202,
EURUSD,sell,2012-07-01T23:00:00+00:00,2012-07-02T02:00:00+00:00,1.26506,1.26253,1.26797,1.26038,217.4107,0.55045,
EURUSD,sell,2012-07-01T23:00:00+00:00,2012-07-02T03:00:00+00:00,1.26506,1.26312,1.26269,1.26038,72.4702,0.14070,
EURUSD,buy,2012-07-04T06:00:00+00:00,2012-07-04T10:00:00+00:00,1.25996,1.25663,1.25706,1.26462,292.8794,-0.97357,
EURUSD,sell,2012-07-04T13:00:00+00:00,2012-07-04T14:00:00+00:00,1.25532,1.25281,1.25821,1.25068,217.4308,0.54627,
EURUSD,sell,2012-07-04T13:00:00+00:00,2012-07-04T14:00:00+00:00,1.25532,1.25575,1.25532,1.25068,72.4769,-0.03092,
EURUSD,buy,2012-07-09T03:00:00+00:00,2012-07-09T16:00:00+00:00,1.22925,1.23171,1.22642,1.23380,223.7488,0.54971,
EURUSD,buy,2012-07-09T03:00:00+00:00,2012-07-09T17:00:00+00:00,1.22925,1.23031,1.23073,1.23380,74.5829,0.07922,
EURUSD,sell,2012-07-10T17:00:00+00:00,2012-07-11T08:00:00+00:00,1.22524,1.22848,1.22806,1.22071,301.6935,-0.97668,
EURUSD,sell,2012-07-15T17:00:00+00:00,2012-07-15T21:00:00+00:00,1.22386,1.22710,1.22668,1.21933,298.0446,-0.96380,
EURUSD,buy,2012-07-15T22:00:00+00:00,2012-07-16T01:00:00+00:00,1.22599,1.22275,1.22317,1.23052,293.7747,-0.95061,
EURUSD,buy,2012-07-13T20:00:00+00:00,2012-07-16T06:00:00+00:00,1.22520,1.22196,1.22238,1.22973,297.8986,-0.96335,
EURUSD,sell,2012-07-16T06:00:00+00:00,2012-07-16T09:00:00+00:00,1.22228,1.21984,1.22510,1.21776,214.9959,0.52593,
EURUSD,sell,2012-07-16T06:00:00+00:00,2012-07-16T10:00:00+00:00,1.22228,1.21980,1.21938,1.21776,71.6653,0.17826,
EURUSD,buy,2012-07-17T00:00:00+00:00,2012-07-17T01:00:00+00:00,1.22830,1.23075,1.22547,1.23284,216.2220,0.53080,
EURUSD,buy,2012-07-17T00:00:00+00:00,2012-07-17T01:00:00+00:00,1.22830,1.22788,1.22830,1.23284,72.0740,-0.03016,
EURUSD,sell,2012-07-18T15:00:00+00:00,2012-07-18T19:00:00+00:00,1.22564,1.22888,1.22846,1.22111,290.7892,-0.94169,
EURUSD,buy,2012-07-19T08:00:00+00:00,2012-07-19T09:00:00+00:00,1.22775,1.23020,1.22493,1.23229,214.9714,0.52750,
EURUSD,buy,2012-07-19T08:00:00+00:00,2012-07-19T09:00:00+00:00,1.22775,1.22733,1.22775,1.23229,71.6571,-0.02997,
EURUSD,sell,2012-07-20T05:00:00+00:00,2012-07-20T11:00:00+00:00,1.22513,1.22268,1.22795,1.22060,216.8236,0.53164,
EURUSD,sell,2012-07-20T05:00:00+00:00,2012-07-20T11:00:00+00:00,1.22513,1.22096,1.22513,1.22060,72.2745,0.30125,
EURUSD,buy,2012-07-25T17:00:00+00:00,2012-07-26T08:00:00+00:00,1.21520,1.21200,1.21241,1.21970,295.0629,-0.94651,
EURUSD,buy,2012-07-29T17:00:00+00:00,2012-07-29T21:00:00+00:00,1.23240,1.22915,1.22957,1.23696,287.1047,-0.93381,
EURUSD,sell,2012-07-29T10:00:00+00:00,2012-07-30T01:00:00+00:00,1.23166,1.22920,1.23449,1.22710,215.3285,0.53079,
EURUSD,sell,2012-07-29T10:00:00+00:00,2012-07-30T02:00:00+00:00,1.23166,1.22972,1.22930,1.22710,71.7762,0.13936,
EURUSD,sell,2012-07-29T21:00:00+00:00,2012-07-30T08:00:00+00:00,1.22970,1.22724,1.23253,1.22515,212.8248,0.52378,
EURUSD,sell,2012-07-29T21:00:00+00:00,2012-07-30T09:00:00+00:00,1.22970,1.22918,1.22876,1.22515,70.9416,0.03706,
EURUSD,buy,2012-07-31T17:00:00+00:00,2012-08-01T01:00:00+00:00,1.23085,1.22760,1.22802,1.23540,288.6739,-0.93776,
EURUSD,sell,2012-08-01T23:00:00+00:00,2012-08-02T07:00:00+00:00,1.22345,1.22669,1.22627,1.21892,286.4136,-0.92588,
EURUSD,buy,2012-08-03T16:00:00+00:00,2012-08-05T23:00:00+00:00,1.23760,1.24007,1.23476,1.24218,209.6756,0.51863,
EURUSD,buy,2012-08-03T16:00:00+00:00,2012-08-05T23:00:00+00:00,1.23760,1.24181,1.23760,1.24218,69.8919,0.29390,
EURUSD,sell,2012-08-06T10:00:00+00:00,2012-08-06T11:00:00+00:00,1.23506,1.23832,1.23790,1.23049,283.2633,-0.92425,
EURUSD,buy,2012-08-06T13:00:00+00:00,2012-08-06T15:00:00+00:00,1.24006,1.24254,1.23721,1.24465,208.9216,0.51779,
EURUSD,buy,2012-08-06T13:00:00+00:00,2012-08-06T16:00:00+00:00,1.24006,1.24073,1.24115,1.24465,69.6405,0.04636,
EURUSD,sell,2012-08-06T23:00:00+00:00,2012-08-07T07:00:00+00:00,1.23843,1.24170,1.24128,1.23384,281.0393,-0.91946,
EURUSD,buy,2012-08-07T01:00:00+00:00,2012-08-07T11:00:00+00:00,1.24042,1.24290,1.23757,1.24501,210.5670,0.52202,
EURUSD,buy,2012-08-07T01:00:00+00:00,2012-08-07T12:00:00+00:00,1.24042,1.24087,1.24129,1.24501,70.1890,0.03128,
EURUSD,sell,2012-08-08T09:00:00+00:00,2012-08-08T12:00:00+00:00,1.23565,1.23318,1.23849,1.23108,210.1426,0.51968,
EURUSD,sell,2012-08-08T09:00:00+00:00,2012-08-08T13:00:00+00:00,1.23565,1.23518,1.23476,1.23108,70.0475,0.03283,
EURUSD,buy,2012-08-12T00:00:00+00:00,2012-08-13T01:00:00+00:00,1.22911,1.22586,1.22628,1.23365,284.0986,-0.92161,
EURUSD,sell,2012-08-12T12:00:00+00:00,2012-08-13T09:00:00+00:00,1.22837,1.23162,1.23120,1.22383,284.0986,-0.92204,
EURUSD,buy,2012-08-13T10:00:00+00:00,2012-08-13T13:00:00+00:00,1.23411,1.23658,1.23127,1.23867,206.6066,0.50960,
EURUSD,buy,2012-08-13T10:00:00+00:00,2012-08-13T13:00:00+00:00,1.23411,1.23369,1.23411,1.23867,68.8689,-0.02894,
EURUSD,sell,2012-08-15T04:00:00+00:00,2012-08-15T10:00:00+00:00,1.23247,1.23000,1.23531,1.22791,208.2194,0.51360,
EURUSD,sell,2012-08-15T04:00:00+00:00,2012-08-15T10:00:00+00:00,1.23247,1.22828,1.23247,1.22791,69.4065,0.29103,
EURUSD,buy,2012-08-16T19:00:00+00:00,2012-08-17T13:00:00+00:00,1.23587,1.23261,1.23303,1.24044,280.2845,-0.91416,
EURUSD,sell,2012-08-18T04:00:00+00:00,2012-08-19T21:00:00+00:00,1.23171,1.23496,1.23454,1.22715,277.3527,-0.90255,
EURUSD,buy,2012-08-19T22:00:00+00:00,2012-08-20T11:00:00+00:00,1.23427,1.23101,1.23143,1.23884,273.2863,-0.89020,
EURUSD,sell,2012-08-24T16:00:00+00:00,2012-08-27T01:00:00+00:00,1.25318,1.25068,1.25607,1.24855,199.0872,0.49933,
EURUSD,sell,2012-08-24T16:00:00+00:00,2012-08-27T02:00:00+00:00,1.25318,1.25145,1.25102,1.24855,66.3624,0.11538,
EURUSD,buy,2012-08-26T22:00:00+00:00,2012-08-27T07:00:00+00:00,1.25226,1.24895,1.24938,1.25689,265.8058,-0.87825,
EURUSD,sell,2012-08-26T21:00:00+00:00,2012-08-27T08:00:00+00:00,1.25043,1.25374,1.25331,1.24581,266.0332,-0.87867,
EURUSD,sell,2012-08-26T23:00:00+00:00,2012-08-27T08:00:00+00:00,1.25011,1.25342,1.25299,1.24549,266.1013,-0.87868,
EURUSD,buy,2012-08-27T12:00:00+00:00,2012-08-27T18:00:00+00:00,1.25308,1.24977,1.25019,1.25771,257.5656,-0.85158,
EURUSD,buy,2012-08-26T20:00:00+00:00,2012-08-28T00:00:00+00:00,1.25153,1.24822,1.24865,1.25615,265.9609,-0.87826,
EURUSD,sell,2012-08-27T20:00:00+00:00,2012-08-28T01:00:00+00:00,1.24948,1.24697,1.25235,1.24485,191.0597,0.47778,
EURUSD,sell,2012-08-27T20:00:00+00:00,2012-08-28T02:00:00+00:00,1.24948,1.24839,1.24797,1.24485,63.6866,0.06882,
EURUSD,buy,2012-08-28T15:00:00+00:00,2012-08-29T07:00:00+00:00,1.25673,1.25341,1.25384,1.26138,252.1083,-0.83593,
EURUSD,sell,2012-08-30T01:00:00+00:00,2012-08-30T09:00:00+00:00,1.25315,1.25646,1.25604,1.24852,249.3412,-0.82531,
EURUSD,buy,2012-08-31T14:00:00+00:00,2012-08-31T15:00:00+00:00,1.26088,1.25755,1.25798,1.26554,244.6887,-0.81396,
EURUSD,sell,2012-09-02T09:00:00+00:00,2012-09-03T15:00:00+00:00,1.25720,1.26052,1.26010,1.25255,242.0206,-0.80362,
EURUSD,buy,2012-09-02T16:00:00+00:00,2012-09-03T15:00:00+00:00,1.25796,1.26047,1.25506,1.26261,181.5155,0.45636,
EURUSD,sell,2012-09-03T00:00:00+00:00,2012-09-03T15:00:00+00:00,1.25573,1.25905,1.25862,1.25109,242.3039,-0.80364,
EURUSD,buy,2012-09-02T16:00:00+00:00,2012-09-03T16:00:00+00:00,1.25796,1.25879,1.25922,1.26261,60.5052,0.05052,
EURUSD,buy,2012-09-03T18:00:00+00:00,2012-09-04T12:00:00+00:00,1.25992,1.25659,1.25702,1.26458,237.2758,-0.78871,
EURUSD,sell,2012-09-04T23:00:00+00:00,2012-09-05T11:00:00+00:00,1.25297,1.25628,1.25586,1.24834,235.3013,-0.77872,
EURUSD,buy,2012-09-06T00:00:00+00:00,2012-09-06T08:00:00+00:00,1.26020,1.26272,1.25730,1.26486,173.2517,0.43636,
EURUSD,buy,2012-09-06T00:00:00+00:00,2012-09-06T09:00:00+00:00,1.26020,1.26071,1.26114,1.26486,57.7506,0.02967,
EURUSD,sell,2012-09-09T21:00:00+00:00,2012-09-10T09:00:00+00:00,1.28021,1.27764,1.28315,1.27547,171.8064,0.44020,
EURUSD,sell,2012-09-09T21:00:00+00:00,2012-09-10T10:00:00+00:00,1.28021,1.27900,1.27857,1.27547,57.2688,0.06885,
EURUSD,buy,2012-09-11T16:00:00+00:00,2012-09-12T08:00:00+00:00,1.28662,1.28919,1.28366,1.29137,172.5372,0.44367,
EURUSD,buy,2012-09-11T16:00:00+00:00,2012-09-12T08:00:00+00:00,1.28662,1.28618,1.28662,1.29137,57.5124,-0.02507,
EURUSD,sell,2012-09-16T21:00:00+00:00,2012-09-17T12:00:00+00:00,1.31203,1.30940,1.31504,1.30717,170.2902,0.44716,
EURUSD,sell,2012-09-16T21:00:00+00:00,2012-09-17T12:00:00+00:00,1.31203,1.31247,1.31203,1.30717,56.7634,-0.02518,
EURUSD,buy,2012-09-21T18:00:00+00:00,2012-09-24T01:00:00+00:00,1.29937,1.29594,1.29638,1.30418,231.0270,-0.79163,
EURUSD,sell,2012-09-22T12:00:00+00:00,2012-09-24T01:00:00+00:00,1.29667,1.29408,1.29965,1.29187,173.5268,0.45032,
EURUSD,sell,2012-09-22T12:00:00+00:00,2012-09-24T01:00:00+00:00,1.29667,1.29711,1.29667,1.29187,57.8423,-0.02539,
EURUSD,buy,2012-09-24T00:00:00+00:00,2012-09-24T01:00:00+00:00,1.29770,1.29428,1.29472,1.30250,231.3244,-0.79164,
EURUSD,sell,2012-09-24T01:00:00+00:00,2012-09-24T07:00:00+00:00,1.29312,1.29654,1.29610,1.28834,227.5265,-0.77676,
EURUSD,buy,2012-09-27T18:00:00+00:00,2012-09-28T09:00:00+00:00,1.29197,1.29455,1.28900,1.29675,168.6446,0.43547,
EURUSD,buy,2012-09-27T18:00:00+00:00,2012-09-28T10:00:00+00:00,1.29197,1.29315,1.29359,1.29675,56.2149,0.06658,
EURUSD,sell,2012-09-29T00:00:00+00:00,2012-09-30T23:00:00+00:00,1.28525,1.28268,1.28821,1.28050,170.8882,0.43957,
EURUSD,sell,2012-09-29T00:00:00+00:00,2012-09-30T23:00:00+00:00,1.28525,1.28088,1.28525,1.28050,56.9627,0.24908,
EURUSD,buy,2012-10-01T14:00:00+00:00,2012-10-01T19:00:00+00:00,1.29095,1.28754,1.28798,1.29572,229.6504,-0.78188,
EURUSD,sell,2012-10-03T16:00:00+00:00,2012-10-04T06:00:00+00:00,1.29038,1.29379,1.29335,1.28561,226.5842,-0.77193,
EURUSD,buy,2012-10-04T07:00:00+00:00,2012-10-04T12:00:00+00:00,1.29508,1.29767,1.29210,1.29987,167.1878,0.43274,
EURUSD,buy,2012-10-04T07:00:00+00:00,2012-10-04T12:00:00+00:00,1.29508,1.29464,1.29508,1.29987,55.7293,-0.02444,
EURUSD,sell,2012-10-07T08:00:00+00:00,2012-10-08T02:00:00+00:00,1.30247,1.29986,1.30547,1.29765,167.3146,0.43615,
EURUSD,sell,2012-10-07T08:00:00+00:00,2012-10-08T03:00:00+00:00,1.30247,1.30029,1.29985,1.29765,55.7715,0.12154,
EURUSD,buy,2012-10-11T14:00:00+00:00,2012-10-12T07:00:00+00:00,1.29473,1.29732,1.29175,1.29952,170.0317,0.43999,
EURUSD,buy,2012-10-11T14:00:00+00:00,2012-10-12T07:00:00+00:00,1.29473,1.29429,1.29473,1.29952,56.6772,-0.02485,
EURUSD,sell,2012-10-14T00:00:00+00:00,2012-10-15T00:00:00+00:00,1.29487,1.29228,1.29785,1.29008,171.1128,0.44344,
EURUSD,sell,2012-10-14T00:00:00+00:00,2012-10-15T00:00:00+00:00,1.29487,1.29047,1.29487,1.29008,57.0376,0.25128,
EURUSD,buy,2012-10-14T16:00:00+00:00,2012-10-15T00:00:00+00:00,1.29565,1.29223,1.29267,1.30044,228.1504,-0.77956,
EURUSD,sell,2012-10-14T17:00:00+00:00,2012-10-15T00:00:00+00:00,1.29487,1.29228,1.29785,1.29008,171.1128,0.44344,
EURUSD,sell,2012-10-14T17:00:00+00:00,2012-10-15T00:00:00+00:00,1.29487,1.29047,1.29487,1.29008,57.0376,0.25128,
EURUSD,buy,2012-10-14T21:00:00+00:00,2012-10-15T00:00:00+00:00,1.29595,1.29253,1.29297,1.30074,228.0976,-0.77956,
EURUSD,sell,2012-10-14T23:00:00+00:00,2012-10-15T00:00:00+00:00,1.29301,1.29042,1.29599,1.28823,171.3589,0.44344,
EURUSD,sell,2012-10-14T23:00:00+00:00,2012-10-15T00:00:00+00:00,1.29301,1.29345,1.29301,1.28823,57.1196,-0.02501,
EURUSD,buy,2012-10-16T00:00:00+00:00,2012-10-16T06:00:00+00:00,1.29658,1.29917,1.29360,1.30137,171.7097,0.44496,
EURUSD,buy,2012-10-16T00:00:00+00:00,2012-10-16T07:00:00+00:00,1.29658,1.29837,1.29881,1.30137,57.2366,0.10254,
EURUSD,sell,2012-10-18T18:00:00+00:00,2012-10-19T14:00:00+00:00,1.30609,1.30347,1.30909,1.30125,171.9288,0.44942,
EURUSD,sell,2012-10-18T18:00:00+00:00,2012-10-19T15:00:00+00:00,1.30609,1.30360,1.30316,1.30125,57.3096,0.14253,
EURUSD,buy,2012-10-21T16:00:00+00:00,2012-10-22T05:00:00+00:00,1.30252,1.30512,1.29953,1.30734,174.2079,0.45351,
EURUSD,buy,2012-10-21T16:00:00+00:00,2012-10-22T06:00:00+00:00,1.30252,1.30462,1.30506,1.30734,58.0693,0.12182,
EURUSD,sell,2012-10-23T13:00:00+00:00,2012-10-24T06:00:00+00:00,1.29653,1.29995,1.29951,1.29173,235.4284,-0.80582,
EURUSD,buy,2012-10-25T10:00:00+00:00,2012-10-25T13:00:00+00:00,1.29992,1.29649,1.29693,1.30473,231.8551,-0.79480,
EURUSD,sell,2012-10-26T01:00:00+00:00,2012-10-26T06:00:00+00:00,1.29504,1.29245,1.29802,1.29025,172.1409,0.44617,
EURUSD,sell,2012-10-26T01:00:00+00:00,2012-10-26T07:00:00+00:00,1.29504,1.29394,1.29350,1.29025,57.3803,0.06331,
EURUSD,buy,2012-10-27T15:00:00+00:00,2012-10-29T07:00:00+00:00,1.29386,1.29045,1.29088,1.29864,231.8385,-0.79109,
EURUSD,sell,2012-10-28T15:00:00+00:00,2012-10-29T08:00:00+00:00,1.29308,1.29049,1.29606,1.28830,173.8788,0.44999,
EURUSD,sell,2012-10-28T15:00:00+00:00,2012-10-29T09:00:00+00:00,1.29308,1.29096,1.29052,1.28830,57.9596,0.12315,
EURUSD,buy,2012-10-30T13:00:00+00:00,2012-10-31T08:00:00+00:00,1.29748,1.30007,1.29450,1.30228,172.7635,0.44800,
EURUSD,buy,2012-10-30T13:00:00+00:00,2012-10-31T08:00:00+00:00,1.29748,1.29704,1.29748,1.30228,57.5878,-0.02529,
EURUSD,sell,2012-11-01T08:00:00+00:00,2012-11-01T12:00:00+00:00,1.29398,1.29740,1.29696,1.28919,232.4682,-0.79415,
EURUSD,buy,2012-11-04T13:00:00+00:00,2012-11-05T07:00:00+00:00,1.28444,1.28105,1.28148,1.28919,231.2442,-0.78340,
EURUSD,sell,2012-11-04T22:00:00+00:00,2012-11-05T08:00:00+00:00,1.28163,1.27906,1.28457,1.27688,173.7092,0.44557,
EURUSD,sell,2012-11-04T22:00:00+00:00,2012-11-05T09:00:00+00:00,1.28163,1.28052,1.28009,1.27688,57.9031,0.06377,
EURUSD,buy,2012-11-06T23:00:00+00:00,2012-11-07T03:00:00+00:00,1.28091,1.28347,1.27797,1.28565,173.1074,0.44317,
EURUSD,buy,2012-11-06T23:00:00+00:00,2012-11-07T04:00:00+00:00,1.28091,1.28279,1.28322,1.28565,57.7025,0.10795,
EURUSD,sell,2012-11-07T23:00:00+00:00,2012-11-08T09:00:00+00:00,1.27524,1.27269,1.27817,1.27052,175.3938,0.44765,
EURUSD,sell,2012-11-07T23:00:00+00:00,2012-11-08T09:00:00+00:00,1.27524,1.27567,1.27524,1.27052,58.4646,-0.02529,
EURUSD,sell,2012-11-11T14:00:00+00:00,2012-11-12T06:00:00+00:00,1.27073,1.27408,1.27365,1.26603,236.3495,-0.79311,
EURUSD,buy,2012-11-11T12:00:00+00:00,2012-11-13T01:00:00+00:00,1.27149,1.26814,1.26857,1.27619,236.3495,-0.79274,
EURUSD,buy,2012-11-11T20:00:00+00:00,2012-11-13T01:00:00+00:00,1.27149,1.26814,1.26857,1.27619,236.3495,-0.79274,
EURUSD,sell,2012-11-13T00:00:00+00:00,2012-11-13T08:00:00+00:00,1.26951,1.26697,1.27243,1.26481,175.0904,0.44486,
EURUSD,sell,2012-11-13T00:00:00+00:00,2012-11-13T09:00:00+00:00,1.26951,1.26927,1.26884,1.26481,58.3635,0.01391,
EURUSD,buy,2012-11-14T04:00:00+00:00,2012-11-14T19:00:00+00:00,1.27292,1.27547,1.26999,1.27763,171.4055,0.43607,
EURUSD,buy,2012-11-14T04:00:00+00:00,2012-11-14T20:00:00+00:00,1.27292,1.27402,1.27445,1.27763,57.1352,0.06262,
EURUSD,sell,2012-11-16T17:00:00+00:00,2012-11-18T22:00:00+00:00,1.27185,1.27521,1.27477,1.26714,230.5563,-0.77434,
EURUSD,buy,2012-11-18T05:00:00+00:00,2012-11-19T02:00:00+00:00,1.27432,1.27687,1.27139,1.27904,172.6851,0.43981,
EURUSD,sell,2012-11-18T21:00:00+00:00,2012-11-19T02:00:00+00:00,1.27356,1.27692,1.27649,1.26884,230.2468,-0.77433,
EURUSD,buy,2012-11-18T05:00:00+00:00,2012-11-19T03:00:00+00:00,1.27432,1.27577,1.27620,1.27904,57.5617,0.08318,
EURUSD,buy,2012-11-18T23:00:00+00:00,2012-11-19T15:00:00+00:00,1.27621,1.27876,1.27328,1.28093,170.1533,0.43400,
EURUSD,buy,2012-11-18T23:00:00+00:00,2012-11-19T15:00:00+00:00,1.27621,1.28055,1.27621,1.28093,56.7178,0.24594,
EURUSD,sell,2012-11-21T10:00:00+00:00,2012-11-21T13:00:00+00:00,1.27853,1.28190,1.28147,1.27379,228.0004,-0.76972,
EURUSD,buy,2012-11-21T23:00:00+00:00,2012-11-22T04:00:00+00:00,1.28677,1.28337,1.28381,1.29153,223.6846,-0.75914,
EURUSD,buy,2012-11-25T19:00:00+00:00,2012-11-26T06:00:00+00:00,1.29789,1.29447,1.29491,1.30269,218.8421,-0.74903,
EURUSD,sell,2012-11-25T18:00:00+00:00,2012-11-26T22:00:00+00:00,1.29711,1.30054,1.30010,1.29231,218.8421,-0.74938,
EURUSD,sell,2012-11-25T23:00:00+00:00,2012-11-26T22:00:00+00:00,1.29667,1.30009,1.29965,1.29187,218.9164,-0.74938,
EURUSD,buy,2012-11-27T03:00:00+00:00,2012-11-27T09:00:00+00:00,1.29858,1.29515,1.29559,1.30338,210.0684,-0.71938,
EURUSD,sell,2012-11-27T18:00:00+00:00,2012-11-28T11:00:00+00:00,1.29297,1.29038,1.29595,1.28819,156.0539,0.40383,
EURUSD,sell,2012-11-27T18:00:00+00:00,2012-11-28T12:00:00+00:00,1.29297,1.29070,1.29026,1.28819,52.0180,0.11834,
EURUSD,buy,2012-11-29T08:00:00+00:00,2012-11-29T15:00:00+00:00,1.29782,1.30041,1.29484,1.30262,157.0736,0.40742,
EURUSD,buy,2012-11-29T08:00:00+00:00,2012-11-29T15:00:00+00:00,1.29782,1.29738,1.29782,1.30262,52.3579,-0.02300,
EURUSD,sell,2012-12-01T12:00:00+00:00,2012-12-03T01:00:00+00:00,1.29815,1.30158,1.30114,1.29335,210.7326,-0.72218,
EURUSD,buy,2012-12-02T22:00:00+00:00,2012-12-03T01:00:00+00:00,1.29999,1.30259,1.29700,1.30480,157.9205,0.41031,
EURUSD,buy,2012-12-02T22:00:00+00:00,2012-12-03T01:00:00+00:00,1.29999,1.29955,1.29999,1.30480,52.6402,-0.02316,
EURUSD,sell,2012-12-06T01:00:00+00:00,2012-12-06T09:00:00+00:00,1.30463,1.30807,1.30763,1.29980,208.4026,-0.71771,
EURUSD,buy,2012-12-09T09:00:00+00:00,2012-12-09T22:00:00+00:00,1.29293,1.28952,1.28995,1.29771,207.6384,-0.70801,
EURUSD,sell,2012-12-09T15:00:00+00:00,2012-12-09T22:00:00+00:00,1.29215,1.28957,1.29513,1.28737,155.7288,0.40273,
EURUSD,sell,2012-12-09T15:00:00+00:00,2012-12-09T23:00:00+00:00,1.29215,1.28973,1.28929,1.28737,51.9096,0.12590,
EURUSD,buy,2012-12-10T23:00:00+00:00,2012-12-11T10:00:00+00:00,1.29407,1.29665,1.29109,1.29885,155.0716,0.40107,
EURUSD,buy,2012-12-10T23:00:00+00:00,2012-12-11T11:00:00+00:00,1.29407,1.29538,1.29582,1.29885,51.6905,0.06788,
EURUSD,sell,2012-12-17T03:00:00+00:00,2012-12-18T10:00:00+00:00,1.31511,1.31858,1.31813,1.31024,205.1151,-0.71198,
EURUSD,sell,2012-12-17T05:00:00+00:00,2012-12-18T10:00:00+00:00,1.31548,1.31895,1.31850,1.31061,205.0574,-0.71197,
EURUSD,buy,2012-12-17T04:00:00+00:00,2012-12-18T15:00:00+00:00,1.31674,1.31938,1.31372,1.32162,153.7370,0.40459,
EURUSD,buy,2012-12-18T03:00:00+00:00,2012-12-18T15:00:00+00:00,1.31761,1.32024,1.31458,1.32248,153.6366,0.40459,
EURUSD,buy,2012-12-17T04:00:00+00:00,2012-12-18T16:00:00+00:00,1.31674,1.32072,1.32117,1.32162,51.2457,0.20389,
EURUSD,buy,2012-12-18T03:00:00+00:00,2012-12-18T16:00:00+00:00,1.31761,1.32072,1.32117,1.32248,51.2122,0.15971,
EURUSD,sell,2012-12-20T10:00:00+00:00,2012-12-20T13:00:00+00:00,1.32420,1.32770,1.32725,1.31930,202.7578,-0.70859,
EURUSD,sell,2012-12-23T22:00:00+00:00,2012-12-24T08:00:00+00:00,1.31740,1.32088,1.32044,1.31253,201.1155,-0.69930,
EURUSD,buy,2012-12-23T10:00:00+00:00,2012-12-24T09:00:00+00:00,1.31908,1.32171,1.31604,1.32395,150.7360,0.39739,
EURUSD,buy,2012-12-23T10:00:00+00:00,2012-12-24T10:00:00+00:00,1.31908,1.32043,1.32088,1.32395,50.2453,0.06824,
EURUSD,buy,2012-12-24T09:00:00+00:00,2012-12-24T16:00:00+00:00,1.32151,1.31802,1.31847,1.32639,199.4690,-0.69497,
EURUSD,sell,2012-12-25T07:00:00+00:00,2012-12-26T09:00:00+00:00,1.31806,1.32154,1.32110,1.31319,197.4932,-0.68704,
EURUSD,buy,2012-12-26T13:00:00+00:00,2012-12-26T14:00:00+00:00,1.32063,1.32327,1.31759,1.32551,145.9698,0.38528,
EURUSD,buy,2012-12-26T13:00:00+00:00,2012-12-26T14:00:00+00:00,1.32063,1.32018,1.32063,1.32551,48.6566,-0.02171,
EURUSD,sell,2012-12-28T10:00:00+00:00,2012-12-28T13:00:00+00:00,1.31695,1.32043,1.31998,1.31208,196.4318,-0.68278,
EURUSD,buy,2012-12-30T23:00:00+00:00,2012-12-31T04:00:00+00:00,1.32299,1.31950,1.31994,1.32788,193.0724,-0.67342,
EURUSD,buy,2012-12-30T08:00:00+00:00,2012-12-31T07:00:00+00:00,1.32168,1.31819,1.31864,1.32657,193.2638,-0.67343,
EURUSD,sell,2012-12-30T13:00:00+00:00,2012-12-31T08:00:00+00:00,1.32088,1.31824,1.32392,1.31599,144.9478,0.38318,
EURUSD,sell,2012-12-30T13:00:00+00:00,2012-12-31T09:00:00+00:00,1.32088,1.32021,1.31976,1.31599,48.3159,0.03274,
EURUSD,sell,2012-12-31T06:00:00+00:00,2012-12-31T13:00:00+00:00,1.31870,1.32218,1.32174,1.31382,191.0306,-0.66488,
EURUSD,buy,2013-01-02T01:00:00+00:00,2013-01-02T10:00:00+00:00,1.32752,1.32402,1.32447,1.33243,186.4011,-0.65235,
EURUSD,sell,2013-01-03T03:00:00+00:00,2013-01-03T08:00:00+00:00,1.31346,1.31692,1.31648,1.30859,185.8011,-0.64414,
EURUSD,buy,2013-01-06T22:00:00+00:00,2013-01-07T00:00:00+00:00,1.30820,1.30475,1.30519,1.31304,184.1966,-0.63539,
EURUSD,buy,2013-01-05T08:00:00+00:00,2013-01-07T04:00:00+00:00,1.30717,1.30373,1.30417,1.31201,184.3418,-0.63539,
EURUSD,sell,2013-01-06T19:00:00+00:00,2013-01-07T05:00:00+00:00,1.30639,1.30377,1.30939,1.30155,138.2563,0.36148,
EURUSD,sell,2013-01-06T19:00:00+00:00,2013-01-07T06:00:00+00:00,1.30639,1.30461,1.30417,1.30155,46.0854,0.08188,
EURUSD,sell,2013-01-07T00:00:00+00:00,2013-01-07T15:00:00+00:00,1.30464,1.30808,1.30764,1.29981,182.1546,-0.62732,
EURUSD,buy,2013-01-07T22:00:00+00:00,2013-01-08T12:00:00+00:00,1.31292,1.30946,1.30990,1.31778,177.9925,-0.61617,
EURUSD,sell,2013-01-09T04:00:00+00:00,2013-01-09T14:00:00+00:00,1.30706,1.30444,1.31006,1.30222,132.2457,0.34594,
EURUSD,sell,2013-01-09T04:00:00+00:00,2013-01-09T15:00:00+00:00,1.30706,1.30610,1.30566,1.30222,44.0819,0.04214,
EURUSD,buy,2013-01-10T14:00:00+00:00,2013-01-10T16:00:00+00:00,1.31920,1.32183,1.31616,1.32408,132.2111,0.34858,
EURUSD,buy,2013-01-10T14:00:00+00:00,2013-01-10T17:00:00+00:00,1.31920,1.32112,1.32157,1.32408,44.0704,0.08496,
EURUSD,sell,2013-01-13T14:00:00+00:00,2013-01-14T00:00:00+00:00,1.33384,1.33736,1.33691,1.32890,175.8662,-0.61902,
EURUSD,buy,2013-01-13T19:00:00+00:00,2013-01-14T01:00:00+00:00,1.33464,1.33731,1.33157,1.33958,131.8997,0.35183,
EURUSD,buy,2013-01-13T19:00:00+00:00,2013-01-14T02:00:00+00:00,1.33464,1.33684,1.33729,1.33958,43.9666,0.09666,
EURUSD,sell,2013-01-15T15:00:00+00:00,2013-01-15T18:00:00+00:00,1.33440,1.33173,1.33747,1.32946,131.3653,0.35083,
EURUSD,sell,2013-01-15T15:00:00+00:00,2013-01-15T18:00:00+00:00,1.33440,1.32986,1.33440,1.32946,43.7884,0.19880,
EURUSD,buy,2013-01-17T11:00:00+00:00,2013-01-17T14:00:00+00:00,1.33676,1.33324,1.33369,1.34171,177.0057,-0.62372,
EURUSD,sell,2013-01-18T23:00:00+00:00,2013-01-22T04:00:00+00:00,1.33140,1.33491,1.33446,1.32647,175.2701,-0.61581,
EURUSD,buy,2013-01-20T13:00:00+00:00,2013-01-22T04:00:00+00:00,1.33220,1.33486,1.32914,1.33713,131.4526,0.35000,
EURUSD,sell,2013-01-20T18:00:00+00:00,2013-01-22T04:00:00+00:00,1.33140,1.33491,1.33446,1.32647,175.2701,-0.61581,
EURUSD,buy,2013-01-20T13:00:00+00:00,2013-01-22T05:00:00+00:00,1.33220,1.33346,1.33391,1.33713,43.8175,0.05522,
EURUSD,buy,2013-01-22T06:00:00+00:00,2013-01-22T09:00:00+00:00,1.33648,1.33296,1.33341,1.34142,171.6160,-0.60460,
EURUSD,sell,2013-01-23T03:00:00+00:00,2013-01-23T09:00:00+00:00,1.33100,1.33451,1.33406,1.32607,169.9487,-0.59694,
EURUSD,buy,2013-01-24T12:00:00+00:00,2013-01-24T14:00:00+00:00,1.33304,1.33570,1.32997,1.33797,125.6632,0.33480,
EURUSD,buy,2013-01-24T12:00:00+00:00,2013-01-24T15:00:00+00:00,1.33304,1.33380,1.33425,1.33797,41.8877,0.03183,
EURUSD,buy,2013-01-27T22:00:00+00:00,2013-01-28T07:00:00+00:00,1.34629,1.34275,1.34320,1.35127,167.2634,-0.59353,
EURUSD,sell,2013-01-27T13:00:00+00:00,2013-01-29T10:00:00+00:00,1.34547,1.34277,1.34856,1.34049,125.4494,0.33781,
EURUSD,sell,2013-01-27T13:00:00+00:00,2013-01-29T10:00:00+00:00,1.34547,1.34592,1.34547,1.34049,41.8165,-0.01897,
EURUSD,sell,2013-01-27T18:00:00+00:00,2013-01-29T10:00:00+00:00,1.34547,1.34277,1.34856,1.34049,125.4494,0.33781,
EURUSD,sell,2013-01-27T18:00:00+00:00,2013-01-29T10:00:00+00:00,1.34547,1.34592,1.34547,1.34049,41.8165,-0.01897,
EURUSD,sell,2013-01-28T02:00:00+00:00,2013-01-29T10:00:00+00:00,1.34510,1.34240,1.34819,1.34012,125.4839,0.33781,
EURUSD,sell,2013-01-28T02:00:00+00:00,2013-01-29T10:00:00+00:00,1.34510,1.34555,1.34510,1.34012,41.8280,-0.01897,
EURUSD,buy,2013-01-29T19:00:00+00:00,2013-01-30T09:00:00+00:00,1.34908,1.35178,1.34598,1.35407,126.1973,0.34027,
EURUSD,buy,2013-01-29T19:00:00+00:00,2013-01-30T10:00:00+00:00,1.34908,1.35178,1.35224,1.35407,42.0658,0.11357,
EURUSD,buy,2013-02-03T22:00:00+00:00,2013-02-04T02:00:00+00:00,1.36535,1.36175,1.36221,1.37040,167.9211,-0.60418,
EURUSD,sell,2013-02-03T00:00:00+00:00,2013-02-04T08:00:00+00:00,1.36350,1.36077,1.36664,1.35845,126.0359,0.34394,
EURUSD,sell,2013-02-03T00:00:00+00:00,2013-02-04T09:00:00+00:00,1.36350,1.36115,1.36069,1.35845,42.0120,0.09884,
EURUSD,sell,2013-02-04T02:00:00+00:00,2013-02-04T09:00:00+00:00,1.36191,1.35919,1.36504,1.35687,124.5199,0.33940,
EURUSD,sell,2013-02-04T02:00:00+00:00,2013-02-04T10:00:00+00:00,1.36191,1.35974,1.35928,1.35687,41.5066,0.09021,
EURUSD,buy,2013-02-06T02:00:00+00:00,2013-02-06T07:00:00+00:00,1.35875,1.35517,1.35562,1.36377,169.7243,-0.60776,
EURUSD,sell,2013-02-06T22:00:00+00:00,2013-02-07T08:00:00+00:00,1.35134,1.35491,1.35445,1.34634,168.3037,-0.60007,
EURUSD,buy,2013-02-10T16:00:00+00:00,2013-02-11T09:00:00+00:00,1.33705,1.33972,1.33398,1.34200,125.9703,0.33662,
EURUSD,buy,2013-02-10T16:00:00+00:00,2013-02-11T10:00:00+00:00,1.33705,1.33767,1.33812,1.34200,41.9901,0.02593,
EURUSD,sell,2013-02-14T08:00:00+00:00,2013-02-14T09:00:00+00:00,1.34083,1.33814,1.34391,1.33587,126.5538,0.33961,
EURUSD,sell,2013-02-14T08:00:00+00:00,2013-02-14T09:00:00+00:00,1.34083,1.34128,1.34083,1.33587,42.1846,-0.01908,
EURUSD,buy,2013-02-16T07:00:00+00:00,2013-02-18T01:00:00+00:00,1.33658,1.33306,1.33351,1.34152,170.5755,-0.60098,
EURUSD,sell,2013-02-17T21:00:00+00:00,2013-02-18T03:00:00+00:00,1.33578,1.33311,1.33885,1.33084,127.9317,0.34201,
EURUSD,sell,2013-02-17T21:00:00+00:00,2013-02-18T04:00:00+00:00,1.33578,1.33405,1.33360,1.33084,42.6439,0.07373,
EURUSD,buy,2013-02-19T16:00:00+00:00,2013-02-20T01:00:00+00:00,1.33904,1.34172,1.33596,1.34399,127.1776,0.34036,
EURUSD,buy,2013-02-19T16:00:00+00:00,2013-02-20T02:00:00+00:00,1.33904,1.34122,1.34167,1.34399,42.3925,0.09224,
EURUSD,sell,2013-02-20T23:00:00+00:00,2013-02-21T05:00:00+00:00,1.32687,1.32422,1.32992,1.32196,129.4894,0.34387,
EURUSD,sell,2013-02-20T23:00:00+00:00,2013-02-21T06:00:00+00:00,1.32687,1.32704,1.32659,1.32196,43.1631,-0.00717,
EURUSD,sell,2013-02-23T20:00:00+00:00,2013-02-24T22:00:00+00:00,1.31862,1.32210,1.32166,1.31374,175.0087,-0.60908,
EURUSD,sell,2013-02-25T01:00:00+00:00,2013-02-25T06:00:00+00:00,1.31787,1.32135,1.32091,1.31300,172.7981,-0.60105,
EURUSD,buy,2013-02-23T19:00:00+00:00,2013-02-25T08:00:00+00:00,1.31942,1.32205,1.31638,1.32430,131.2565,0.34612,
EURUSD,buy,2013-02-24T06:00:00+00:00,2013-02-25T08:00:00+00:00,1.31942,1.32205,1.31638,1.32430,131.2565,0.34612,
EURUSD,buy,2013-02-25T05:00:00+00:00,2013-02-25T08:00:00+00:00,1.32031,1.32294,1.31727,1.32519,129.4376,0.34156,
EURUSD,buy,2013-02-23T19:00:00+00:00,2013-02-25T09:00:00+00:00,1.31942,1.32144,1.32189,1.32430,43.7522,0.08872,
EURUSD,buy,2013-02-24T06:00:00+00:00,2013-02-25T09:00:00+00:00,1.31942,1.32144,1.32189,1.32430,43.7522,0.08872,
EURUSD,buy,2013-02-25T05:00:00+00:00,2013-02-25T09:00:00+00:00,1.32031,1.32144,1.32189,1.32519,43.1459,0.04908,
EURUSD,sell,2013-02-25T23:00:00+00:00,2013-02-26T07:00:00+00:00,1.30620,1.30358,1.30920,1.30136,132.6493,0.34677,
EURUSD,sell,2013-02-25T23:00:00+00:00,2013-02-26T08:00:00+00:00,1.30620,1.30641,1.30597,1.30136,44.2164,-0.00945,
EURUSD,buy,2013-02-27T17:00:00+00:00,2013-02-27T19:00:00+00:00,1.31024,1.31286,1.30723,1.31509,133.2848,0.34903,
EURUSD,buy,2013-02-27T17:00:00+00:00,2013-02-27T19:00:00+00:00,1.31024,1.30980,1.31024,1.31509,44.4283,-0.01968,
EURUSD,sell,2013-03-01T00:00:00+00:00,2013-03-01T08:00:00+00:00,1.30620,1.30965,1.30920,1.30136,179.4169,-0.61862,
EURUSD,buy,2013-03-03T09:00:00+00:00,2013-03-04T07:00:00+00:00,1.30217,1.29874,1.29918,1.30699,177.7037,-0.61020,
EURUSD,sell,2013-03-03T18:00:00+00:00,2013-03-04T09:00:00+00:00,1.30139,1.29878,1.30438,1.29657,133.2778,0.34713,
EURUSD,sell,2013-03-03T18:00:00+00:00,2013-03-04T09:00:00+00:00,1.30139,1.30183,1.30139,1.29657,44.4259,-0.01957,
EURUSD,buy,2013-03-05T04:00:00+00:00,2013-03-05T09:00:00+00:00,1.30377,1.30638,1.30077,1.30859,132.3010,0.34474,
EURUSD,buy,2013-03-05T04:00:00+00:00,2013-03-05T10:00:00+00:00,1.30377,1.30482,1.30526,1.30859,44.1003,0.04619,
EURUSD,sell,2013-03-06T19:00:00+00:00,2013-03-07T08:00:00+00:00,1.29907,1.30250,1.30206,1.29426,178.4377,-0.61193,
EURUSD,buy,2013-03-07T19:00:00+00:00,2013-03-08T06:00:00+00:00,1.31118,1.30773,1.30817,1.31603,174.5611,-0.60350,
EURUSD,sell,2013-03-10T21:00:00+00:00,2013-03-11T07:00:00+00:00,1.29910,1.30253,1.30209,1.29429,173.7570,-0.59589,
EURUSD,sell,2013-03-08T23:00:00+00:00,2013-03-11T17:00:00+00:00,1.30003,1.30346,1.30302,1.29522,173.6327,-0.59589,
EURUSD,buy,2013-03-10T13:00:00+00:00,2013-03-11T18:00:00+00:00,1.30078,1.30338,1.29779,1.30559,130.2276,0.33856,
EURUSD,buy,2013-03-10T13:00:00+00:00,2013-03-11T19:00:00+00:00,1.30078,1.30270,1.30314,1.30559,43.4092,0.08330,
EURUSD,buy,2013-03-11T18:00:00+00:00,2013-03-12T06:00:00+00:00,1.30444,1.30100,1.30144,1.30927,169.8780,-0.58433,
EURUSD,sell,2013-03-13T13:00:00+00:00,2013-03-13T17:00:00+00:00,1.29369,1.29711,1.29667,1.28890,169.2509,-0.57806,
EURUSD,buy,2013-03-15T03:00:00+00:00,2013-03-15T09:00:00+00:00,1.30153,1.30413,1.29854,1.30634,124.5834,0.32407,
EURUSD,buy,2013-03-15T03:00:00+00:00,2013-03-15T10:00:00+00:00,1.30153,1.30476,1.30520,1.30634,41.5278,0.13406,
EURUSD,sell,2013-03-17T21:00:00+00:00,2013-03-18T08:00:00+00:00,1.29049,1.29390,1.29346,1.28572,169.2059,-0.57650,
EURUSD,buy,2013-03-20T22:00:00+00:00,2013-03-21T08:00:00+00:00,1.29369,1.29028,1.29071,1.29847,166.6605,-0.56861,
EURUSD,sell,2013-03-21T23:00:00+00:00,2013-03-22T09:00:00+00:00,1.28991,1.29332,1.29288,1.28514,164.8446,-0.56139,
EURUSD,buy,2013-03-22T17:00:00+00:00,2013-03-24T21:00:00+00:00,1.29775,1.29433,1.29477,1.30255,161.7840,-0.55368,
EURUSD,sell,2013-03-24T21:00:00+00:00,2013-03-24T23:00:00+00:00,1.29578,1.29920,1.29876,1.29099,159.7967,-0.54664,
EURUSD,buy,2013-03-25T00:00:00+00:00,2013-03-25T07:00:00+00:00,1.30330,1.29986,1.30030,1.30812,156.8723,-0.53913,
EURUSD,sell,2013-03-25T16:00:00+00:00,2013-03-25T17:00:00+00:00,1.28466,1.28806,1.28762,1.27991,156.9548,-0.53238,
EURUSD,buy,2013-03-28T23:00:00+00:00,2013-04-01T00:00:00+00:00,1.28180,1.27842,1.27886,1.28655,155.3222,-0.52513,
EURUSD,buy,2013-03-30T17:00:00+00:00,2013-04-01T00:00:00+00:00,1.28222,1.27884,1.27928,1.28697,155.2713,-0.52513,
EURUSD,buy,2013-03-31T02:00:00+00:00,2013-04-01T00:00:00+00:00,1.28222,1.27884,1.27928,1.28697,155.2713,-0.52513,
EURUSD,buy,2013-03-31T13:00:00+00:00,2013-04-01T00:00:00+00:00,1.28222,1.27884,1.27928,1.28697,155.2713,-0.52513,
EURUSD,sell,2013-03-30T13:00:00+00:00,2013-04-01T01:00:00+00:00,1.28146,1.27889,1.28440,1.27671,116.4534,0.29867,
EURUSD,sell,2013-03-30T23:00:00+00:00,2013-04-01T01:00:00+00:00,1.28146,1.27889,1.28440,1.27671,116.4534,0.29867,
EURUSD,sell,2013-03-31T09:00:00+00:00,2013-04-01T01:00:00+00:00,1.28146,1.27889,1.28440,1.27671,116.4534,0.29867,
EURUSD,sell,2013-03-31T17:00:00+00:00,2013-04-01T01:00:00+00:00,1.28146,1.27889,1.28440,1.27671,116.4534,0.29867,
EURUSD,sell,2013-03-30T13:00:00+00:00,2013-04-01T02:00:00+00:00,1.28146,1.27898,1.27855,1.27671,38.8178,0.09595,
EURUSD,sell,2013-03-30T23:00:00+00:00,2013-04-01T02:00:00+00:00,1.28146,1.27898,1.27855,1.27671,38.8178,0.09595,
EURUSD,sell,2013-03-31T09:00:00+00:00,2013-04-01T02:00:00+00:00,1.28146,1.27898,1.27855,1.27671,38.8178,0.09595,
EURUSD,sell,2013-03-31T17:00:00+00:00,2013-04-01T02:00:00+00:00,1.28146,1.27898,1.27855,1.27671,38.8178,0.09595,
EURUSD,buy,2013-04-01T20:00:00+00:00,2013-04-02T13:00:00+00:00,1.28520,1.28181,1.28224,1.28995,152.8808,-0.51822,
EURUSD,sell,2013-04-03T01:00:00+00:00,2013-04-03T09:00:00+00:00,1.27970,1.28307,1.28264,1.27496,151.4215,-0.51165,
EURUSD,buy,2013-04-04T00:00:00+00:00,2013-04-04T07:00:00+00:00,1.28486,1.28147,1.28190,1.28961,148.9123,-0.50464,
EURUSD,buy,2013-04-07T22:00:00+00:00,2013-04-08T05:00:00+00:00,1.30079,1.29736,1.29780,1.30560,145.1478,-0.49789,
EURUSD,sell,2013-04-08T02:00:00+00:00,2013-04-08T08:00:00+00:00,1.29861,1.30204,1.30160,1.29380,145.3042,-0.49813,
EURUSD,sell,2013-04-07T11:00:00+00:00,2013-04-08T10:00:00+00:00,1.29897,1.30240,1.30196,1.29416,145.2639,-0.49813,
EURUSD,buy,2013-04-08T09:00:00+00:00,2013-04-09T00:00:00+00:00,1.30158,1.30418,1.29859,1.30639,105.9242,0.27555,
EURUSD,buy,2013-04-08T09:00:00+00:00,2013-04-09T00:00:00+00:00,1.30158,1.30600,1.30158,1.30639,35.3081,0.15615,
EURUSD,sell,2013-04-11T04:00:00+00:00,2013-04-11T08:00:00+00:00,1.30603,1.30948,1.30903,1.30119,140.4126,-0.48407,
EURUSD,buy,2013-04-11T16:00:00+00:00,2013-04-11T20:00:00+00:00,1.31271,1.30925,1.30970,1.31757,137.9370,-0.47743,
EURUSD,sell,2013-04-12T20:00:00+00:00,2013-04-15T02:00:00+00:00,1.31074,1.30811,1.31375,1.30589,102.1812,0.26805,
EURUSD,buy,2013-04-13T07:00:00+00:00,2013-04-15T02:00:00+00:00,1.31152,1.30807,1.30851,1.31637,136.2415,-0.47114,
EURUSD,sell,2013-04-14T21:00:00+00:00,2013-04-15T02:00:00+00:00,1.31036,1.30773,1.31337,1.30551,102.2108,0.26805,
EURUSD,sell,2013-04-14T21:00:00+00:00,2013-04-15T02:00:00+00:00,1.31036,1.31080,1.31036,1.30551,34.0703,-0.01510,
EURUSD,sell,2013-04-12T20:00:00+00:00,2013-04-15T03:00:00+00:00,1.31074,1.30841,1.30797,1.30589,34.0604,0.07917,
EURUSD,buy,2013-04-16T17:00:00+00:00,2013-04-17T06:00:00+00:00,1.31949,1.31601,1.31645,1.32437,135.9085,-0.47280,
EURUSD,sell,2013-04-17T21:00:00+00:00,2013-04-18T09:00:00+00:00,1.30316,1.30660,1.30616,1.29834,135.7151,-0.46686,
EURUSD,buy,2013-04-19T09:00:00+00:00,2013-04-19T15:00:00+00:00,1.30973,1.30628,1.30672,1.31458,133.3322,-0.46046,
EURUSD,sell,2013-04-20T06:00:00+00:00,2013-04-22T01:00:00+00:00,1.30471,1.30815,1.30771,1.29988,132.0013,-0.45462,
EURUSD,buy,2013-04-21T21:00:00+00:00,2013-04-22T07:00:00+00:00,1.30725,1.30381,1.30425,1.31209,131.8235,-0.45440,
EURUSD,sell,2013-04-22T21:00:00+00:00,2013-04-23T07:00:00+00:00,1.30574,1.30312,1.30874,1.30091,96.3130,0.25169,
EURUSD,sell,2013-04-22T21:00:00+00:00,2013-04-23T07:00:00+00:00,1.30574,1.30618,1.30574,1.30091,32.1043,-0.01418,
EURUSD,buy,2013-04-25T01:00:00+00:00,2013-04-25T12:00:00+00:00,1.30541,1.30802,1.30241,1.31024,97.0774,0.25328,
EURUSD,buy,2013-04-25T01:00:00+00:00,2013-04-25T13:00:00+00:00,1.30541,1.30622,1.30666,1.31024,32.3591,0.02610,
EURUSD,sell,2013-04-26T06:00:00+00:00,2013-04-28T21:00:00+00:00,1.30179,1.30523,1.30478,1.29697,130.7916,-0.44946,
EURUSD,buy,2013-04-27T08:00:00+00:00,2013-04-28T21:00:00+00:00,1.30313,1.30574,1.30013,1.30795,98.0515,0.25537,
EURUSD,sell,2013-04-28T18:00:00+00:00,2013-04-28T21:00:00+00:00,1.30235,1.30579,1.30535,1.29753,130.7354,-0.44946,
EURUSD,buy,2013-04-27T08:00:00+00:00,2013-04-28T22:00:00+00:00,1.30313,1.30410,1.30454,1.30795,32.6838,0.03163,
EURUSD,buy,2013-04-28T21:00:00+00:00,2013-04-29T00:00:00+00:00,1.30646,1.30302,1.30346,1.31129,127.9384,-0.44075,
EURUSD,sell,2013-05-02T13:00:00+00:00,2013-05-02T15:00:00+00:00,1.30754,1.30492,1.31055,1.30270,94.6443,0.24767,
EURUSD,sell,2013-05-02T13:00:00+00:00,2013-05-02T16:00:00+00:00,1.30754,1.30755,1.30711,1.30270,31.5481,-0.00046,
EURUSD,sell,2013-05-05T19:00:00+00:00,2013-05-06T01:00:00+00:00,1.31092,1.31438,1.31393,1.30606,126.8098,-0.43879,
EURUSD,buy,2013-05-04T03:00:00+00:00,2013-05-06T14:00:00+00:00,1.31170,1.30824,1.30869,1.31656,126.8098,-0.43858,
EURUSD,buy,2013-05-05T21:00:00+00:00,2013-05-06T14:00:00+00:00,1.31183,1.30837,1.30882,1.31669,126.7972,-0.43858,
EURUSD,sell,2013-05-06T14:00:00+00:00,2013-05-06T18:00:00+00:00,1.30529,1.30873,1.30829,1.30046,122.3172,-0.42145,
EURUSD,buy,2013-05-08T04:00:00+00:00,2013-05-08T08:00:00+00:00,1.30957,1.31219,1.30656,1.31442,90.2855,0.23631,
EURUSD,buy,2013-05-08T04:00:00+00:00,2013-05-08T08:00:00+00:00,1.30957,1.30913,1.30957,1.31442,30.0952,-0.01333,
EURUSD,sell,2013-05-09T20:00:00+00:00,2013-05-10T07:00:00+00:00,1.30384,1.30123,1.30684,1.29901,91.2693,0.23817,
EURUSD,sell,2013-05-09T20:00:00+00:00,2013-05-10T08:00:00+00:00,1.30384,1.30419,1.30375,1.29901,30.4231,-0.01072,
EURUSD,buy,2013-05-12T09:00:00+00:00,2013-05-12T22:00:00+00:00,1.29938,1.29595,1.29639,1.30419,123.0587,-0.42167,
EURUSD,sell,2013-05-12T21:00:00+00:00,2013-05-13T12:00:00+00:00,1.29729,1.29469,1.30028,1.29249,92.3872,0.23987,
EURUSD,sell,2013-05-12T21:00:00+00:00,2013-05-13T12:00:00+00:00,1.29729,1.29773,1.29729,1.29249,30.7957,-0.01353,
EURUSD,buy,2013-05-14T03:00:00+00:00,2013-05-14T10:00:00+00:00,1.30114,1.29771,1.29815,1.30595,122.1414,-0.41909,
EURUSD,sell,2013-05-14T20:00:00+00:00,2013-05-15T09:00:00+00:00,1.29150,1.28892,1.29447,1.28672,91.0178,0.23526,
EURUSD,sell,2013-05-14T20:00:00+00:00,2013-05-15T10:00:00+00:00,1.29150,1.28914,1.28870,1.28672,30.3393,0.07178,
EURUSD,buy,2013-05-17T02:00:00+00:00,2013-05-17T12:00:00+00:00,1.28650,1.28310,1.28354,1.29125,123.0961,-0.41768,
EURUSD,sell,2013-05-17T12:00:00+00:00,2013-05-20T05:00:00+00:00,1.28222,1.28560,1.28517,1.27747,121.8048,-0.41238,
EURUSD,sell,2013-05-19T22:00:00+00:00,2013-05-20T07:00:00+00:00,1.28250,1.28588,1.28545,1.27775,121.7782,-0.41237,
EURUSD,buy,2013-05-19T10:00:00+00:00,2013-05-20T08:00:00+00:00,1.28426,1.28682,1.28130,1.28901,91.2632,0.23425,
EURUSD,buy,2013-05-19T10:00:00+00:00,2013-05-20T09:00:00+00:00,1.28426,1.28575,1.28619,1.28901,30.4211,0.04560,
EURUSD,buy,2013-05-20T07:00:00+00:00,2013-05-20T19:00:00+00:00,1.28680,1.28937,1.28384,1.29156,88.6788,0.22807,
EURUSD,buy,2013-05-20T07:00:00+00:00,2013-05-20T20:00:00+00:00,1.28680,1.28817,1.28861,1.29156,29.5596,0.04072,
EURUSD,sell,2013-05-22T23:00:00+00:00,2013-05-23T07:00:00+00:00,1.28382,1.28721,1.28678,1.27907,120.5770,-0.40872,
EURUSD,buy,2013-05-23T22:00:00+00:00,2013-05-24T00:00:00+00:00,1.29357,1.29016,1.29059,1.29835,118.1603,-0.40310,
EURUSD,sell,2013-05-27T01:00:00+00:00,2013-05-27T07:00:00+00:00,1.29162,1.29503,1.29459,1.28684,116.7074,-0.39797,
EURUSD,sell,2013-05-25T15:00:00+00:00,2013-05-28T00:00:00+00:00,1.29284,1.29025,1.29582,1.28806,87.4480,0.22627,
EURUSD,sell,2013-05-25T15:00:00+00:00,2013-05-28T00:00:00+00:00,1.29284,1.29328,1.29284,1.28806,29.1493,-0.01276,
EURUSD,buy,2013-05-26T13:00:00+00:00,2013-05-28T00:00:00+00:00,1.29362,1.29021,1.29064,1.29840,116.5973,-0.39778,
EURUSD,sell,2013-05-26T19:00:00+00:00,2013-05-28T00:00:00+00:00,1.29284,1.29025,1.29582,1.28806,87.4480,0.22627,
EURUSD,sell,2013-05-26T19:00:00+00:00,2013-05-28T00:00:00+00:00,1.29284,1.29328,1.29284,1.28806,29.1493,-0.01276,
EURUSD,buy,2013-05-26T21:00:00+00:00,2013-05-28T00:00:00+00:00,1.29398,1.29057,1.29100,1.29876,116.5648,-0.39778,
EURUSD,buy,2013-05-27T10:00:00+00:00,2013-05-28T00:00:00+00:00,1.29494,1.29152,1.29196,1.29973,114.9413,-0.39253,
EURUSD,sell,2013-05-28T02:00:00+00:00,2013-05-28T05:00:00+00:00,1.28962,1.29303,1.29259,1.28485,112.3959,-0.38269,
EURUSD,buy,2013-05-29T19:00:00+00:00,2013-05-30T05:00:00+00:00,1.29445,1.29704,1.29147,1.29924,82.9241,0.21453,
EURUSD,buy,2013-05-29T19:00:00+00:00,2013-05-30T06:00:00+00:00,1.29445,1.29556,1.29600,1.29924,27.6414,0.03076,
EURUSD,sell,2013-05-31T22:00:00+00:00,2013-06-03T06:00:00+00:00,1.29914,1.30257,1.30213,1.29433,111.0439,-0.38083,
EURUSD,buy,2013-06-02T06:00:00+00:00,2013-06-03T06:00:00+00:00,1.29992,1.30252,1.29693,1.30473,83.2829,0.21637,
EURUSD,sell,2013-06-02T20:00:00+00:00,2013-06-03T06:00:00+00:00,1.29914,1.30257,1.30213,1.29433,111.0439,-0.38083,
EURUSD,buy,2013-06-02T06:00:00+00:00,2013-06-03T07:00:00+00:00,1.29992,1.30071,1.30115,1.30473,27.7610,0.02193,
EURUSD,buy,2013-06-03T01:00:00+00:00,2013-06-03T07:00:00+00:00,1.30033,1.30293,1.29734,1.30514,83.2566,0.21637,
EURUSD,buy,2013-06-03T01:00:00+00:00,2013-06-03T08:00:00+00:00,1.30033,1.30118,1.30162,1.30514,27.7522,0.02358,
EURUSD,buy,2013-06-09T20:00:00+00:00,2013-06-09T21:00:00+00:00,1.32227,1.31878,1.31923,1.32716,108.0952,-0.37683,
EURUSD,sell,2013-06-09T21:00:00+00:00,2013-06-10T00:00:00+00:00,1.31943,1.32292,1.32247,1.31455,106.8347,-0.37204,
EURUSD,sell,2013-06-08T10:00:00+00:00,2013-06-10T07:00:00+00:00,1.32147,1.31883,1.32451,1.31658,81.0714,0.21442,
EURUSD,sell,2013-06-08T10:00:00+00:00,2013-06-10T08:00:00+00:00,1.32147,1.32166,1.32121,1.31658,27.0238,-0.00494,
EURUSD,buy,2013-06-10T19:00:00+00:00,2013-06-11T03:00:00+00:00,1.32602,1.32867,1.32297,1.33092,79.3162,0.21020,
EURUSD,buy,2013-06-10T19:00:00+00:00,2013-06-11T04:00:00+00:00,1.32602,1.32649,1.32694,1.33092,26.4387,0.01254,
EURUSD,sell,2013-06-14T16:00:00+00:00,2013-06-14T19:00:00+00:00,1.33157,1.33508,1.33463,1.32664,106.0869,-0.37278,
EURUSD,buy,2013-06-16T21:00:00+00:00,2013-06-17T03:00:00+00:00,1.33530,1.33178,1.33223,1.34024,104.4577,-0.36768,
EURUSD,buy,2013-06-15T07:00:00+00:00,2013-06-17T04:00:00+00:00,1.33506,1.33154,1.33199,1.34000,104.4765,-0.36768,
EURUSD,sell,2013-06-16T20:00:00+00:00,2013-06-17T19:00:00+00:00,1.33426,1.33778,1.33733,1.32932,104.4765,-0.36785,
EURUSD,sell,2013-06-17T00:00:00+00:00,2013-06-17T19:00:00+00:00,1.33303,1.33655,1.33610,1.32810,104.5729,-0.36786,
EURUSD,buy,2013-06-17T23:00:00+00:00,2013-06-18T06:00:00+00:00,1.33659,1.33307,1.33352,1.34153,98.8521,-0.34828,
EURUSD,sell,2013-06-19T21:00:00+00:00,2013-06-20T03:00:00+00:00,1.32918,1.32652,1.33224,1.32426,73.5253,0.19559,
EURUSD,sell,2013-06-19T21:00:00+00:00,2013-06-20T04:00:00+00:00,1.32918,1.32647,1.32602,1.32426,24.5084,0.06650,
EURUSD,buy,2013-06-25T06:00:00+00:00,2013-06-25T08:00:00+00:00,1.31506,1.31160,1.31204,1.31993,100.1424,-0.34723,
EURUSD,sell,2013-06-25T21:00:00+00:00,2013-06-26T08:00:00+00:00,1.30780,1.30518,1.31081,1.30296,74.4835,0.19495,
EURUSD,sell,2013-06-25T21:00:00+00:00,2013-06-26T09:00:00+00:00,1.30780,1.30529,1.30485,1.30296,24.8278,0.06222,
EURUSD,buy,2013-06-28T02:00:00+00:00,2013-06-28T06:00:00+00:00,1.30750,1.30405,1.30450,1.31234,100.3771,-0.34607,
EURUSD,sell,2013-06-29T00:00:00+00:00,2013-07-01T07:00:00+00:00,1.30057,1.30400,1.30356,1.29576,99.5216,-0.34169,
EURUSD,buy,2013-06-30T21:00:00+00:00,2013-07-01T07:00:00+00:00,1.30165,1.30425,1.29866,1.30647,74.6240,0.19413,
EURUSD,buy,2013-06-30T21:00:00+00:00,2013-07-01T08:00:00+00:00,1.30165,1.30296,1.30340,1.30647,24.8747,0.03255,
EURUSD,sell,2013-07-02T19:00:00+00:00,2013-07-03T07:00:00+00:00,1.29714,1.29454,1.30013,1.29234,74.5061,0.19342,
EURUSD,sell,2013-07-02T19:00:00+00:00,2013-07-03T07:00:00+00:00,1.29714,1.29758,1.29714,1.29234,24.8354,-0.01091,
EURUSD,buy,2013-07-04T06:00:00+00:00,2013-07-04T12:00:00+00:00,1.30049,1.29706,1.29750,1.30530,99.8471,-0.34242,
EURUSD,sell,2013-07-04T16:00:00+00:00,2013-07-05T07:00:00+00:00,1.29174,1.28916,1.29471,1.28696,74.3534,0.19222,
EURUSD,sell,2013-07-04T16:00:00+00:00,2013-07-05T08:00:00+00:00,1.29174,1.28946,1.28902,1.28696,24.7845,0.05665,
EURUSD,sell,2013-07-07T21:00:00+00:00,2013-07-08T09:00:00+00:00,1.28138,1.28476,1.28432,1.27663,100.9108,-0.34142,
EURUSD,buy,2013-07-07T19:00:00+00:00,2013-07-08T13:00:00+00:00,1.28341,1.28598,1.28046,1.28816,75.6082,0.19394,
EURUSD,buy,2013-07-07T19:00:00+00:00,2013-07-08T14:00:00+00:00,1.28341,1.28482,1.28526,1.28816,25.2027,0.03552,
EURUSD,buy,2013-07-08T13:00:00+00:00,2013-07-09T14:00:00+00:00,1.28721,1.28381,1.28425,1.29197,99.9410,-0.33929,
EURUSD,sell,2013-07-09T19:00:00+00:00,2013-07-10T07:00:00+00:00,1.27819,1.28156,1.28113,1.27346,99.3979,-0.33547,
EURUSD,buy,2013-07-10T21:00:00+00:00,2013-07-10T22:00:00+00:00,1.30269,1.30529,1.29970,1.30751,72.2240,0.18804,
EURUSD,buy,2013-07-10T21:00:00+00:00,2013-07-10T22:00:00+00:00,1.30269,1.30225,1.30269,1.30751,24.0747,-0.01061,
EURUSD,sell,2013-07-12T20:00:00+00:00,2013-07-15T08:00:00+00:00,1.30640,1.30378,1.30940,1.30156,72.4850,0.18952,
EURUSD,buy,2013-07-13T07:00:00+00:00,2013-07-15T08:00:00+00:00,1.30718,1.30374,1.30418,1.31202,96.6467,-0.33313,
EURUSD,sell,2013-07-14T21:00:00+00:00,2013-07-15T08:00:00+00:00,1.30625,1.30363,1.30925,1.30141,72.4934,0.18952,
EURUSD,sell,2013-07-12T20:00:00+00:00,2013-07-15T09:00:00+00:00,1.30640,1.30430,1.30386,1.30156,24.1617,0.05066,
EURUSD,sell,2013-07-14T21:00:00+00:00,2013-07-15T09:00:00+00:00,1.30625,1.30430,1.30386,1.30141,24.1645,0.04704,
EURUSD,buy,2013-07-16T07:00:00+00:00,2013-07-16T10:00:00+00:00,1.30754,1.31016,1.30454,1.31238,72.8771,0.19045,
EURUSD,buy,2013-07-16T07:00:00+00:00,2013-07-16T10:00:00+00:00,1.30754,1.30710,1.30754,1.31238,24.2924,-0.01074,
EURUSD,sell,2013-07-18T03:00:00+00:00,2013-07-18T08:00:00+00:00,1.30918,1.31263,1.31219,1.30433,97.6760,-0.33754,
EURUSD,buy,2013-07-19T10:00:00+00:00,2013-07-19T14:00:00+00:00,1.31144,1.31406,1.30843,1.31629,72.2089,0.18927,
EURUSD,buy,2013-07-19T10:00:00+00:00,2013-07-19T15:00:00+00:00,1.31144,1.31307,1.31351,1.31629,24.0696,0.03906,
EURUSD,sell,2013-07-21T20:00:00+00:00,2013-07-22T00:00:00+00:00,1.31388,1.31734,1.31690,1.30901,96.9112,-0.33608,
EURUSD,buy,2013-07-21T23:00:00+00:00,2013-07-22T13:00:00+00:00,1.31620,1.31884,1.31318,1.32107,72.5984,0.19098,
EURUSD,buy,2013-07-21T23:00:00+00:00,2013-07-22T14:00:00+00:00,1.31620,1.31858,1.31903,1.32107,24.1995,0.05758,
EURUSD,sell,2013-07-25T06:00:00+00:00,2013-07-25T08:00:00+00:00,1.32136,1.31872,1.32440,1.31647,72.0232,0.19047,
EURUSD,sell,2013-07-25T06:00:00+00:00,2013-07-25T08:00:00+00:00,1.32136,1.32181,1.32136,1.31647,24.0077,-0.01072,
EURUSD,buy,2013-07-25T19:00:00+00:00,2013-07-26T12:00:00+00:00,1.32887,1.32537,1.32581,1.33378,96.2225,-0.33709,
EURUSD,sell,2013-07-29T13:00:00+00:00,2013-07-30T08:00:00+00:00,1.32425,1.32775,1.32730,1.31935,95.2276,-0.33281,
EURUSD,buy,2013-07-31T17:00:00+00:00,2013-07-31T18:00:00+00:00,1.32936,1.33202,1.32630,1.33428,70.2500,0.18665,
EURUSD,buy,2013-07-31T17:00:00+00:00,2013-07-31T18:00:00+00:00,1.32936,1.32891,1.32936,1.33428,23.4167,-0.01051,
EURUSD,sell,2013-08-01T15:00:00+00:00,2013-08-02T12:00:00+00:00,1.32124,1.32473,1.32428,1.31635,94.8518,-0.33075,
EURUSD,buy,2013-08-02T21:00:00+00:00,2013-08-05T12:00:00+00:00,1.32845,1.32495,1.32539,1.33336,93.1487,-0.32622,
EURUSD,sell,2013-08-04T15:00:00+00:00,2013-08-05T12:00:00+00:00,1.32762,1.32496,1.33068,1.32271,69.8631,0.18563,
EURUSD,buy,2013-08-04T21:00:00+00:00,2013-08-05T12:00:00+00:00,1.32856,1.32506,1.32550,1.33347,93.1410,-0.32622,
EURUSD,sell,2013-08-04T22:00:00+00:00,2013-08-05T12:00:00+00:00,1.32747,1.32481,1.33053,1.32256,69.8710,0.18563,
EURUSD,sell,2013-08-04T15:00:00+00:00,2013-08-05T13:00:00+00:00,1.32762,1.32650,1.32605,1.32271,23.2877,0.02617,
EURUSD,sell,2013-08-04T22:00:00+00:00,2013-08-05T13:00:00+00:00,1.32747,1.32650,1.32605,1.32256,23.2903,0.02268,
EURUSD,buy,2013-08-06T16:00:00+00:00,2013-08-07T09:00:00+00:00,1.33026,1.32675,1.32720,1.33518,92.1484,-0.32315,
EURUSD,sell,2013-08-09T22:00:00+00:00,2013-08-12T07:00:00+00:00,1.33373,1.33106,1.33680,1.32879,67.9818,0.18146,
EURUSD,buy,2013-08-11T16:00:00+00:00,2013-08-12T07:00:00+00:00,1.33460,1.33108,1.33153,1.33954,90.6376,-0.31887,
EURUSD,sell,2013-08-11T17:00:00+00:00,2013-08-12T07:00:00+00:00,1.33380,1.33113,1.33687,1.32886,67.9782,0.18146,
EURUSD,buy,2013-08-11T19:00:00+00:00,2013-08-12T07:00:00+00:00,1.33460,1.33108,1.33153,1.33954,90.6376,-0.31887,
EURUSD,sell,2013-08-09T22:00:00+00:00,2013-08-12T08:00:00+00:00,1.33373,1.33135,1.33090,1.32879,22.6606,0.05394,
EURUSD,sell,2013-08-11T17:00:00+00:00,2013-08-12T08:00:00+00:00,1.33380,1.33135,1.33090,1.32886,22.6594,0.05553,
EURUSD,sell,2013-08-11T21:00:00+00:00,2013-08-12T08:00:00+00:00,1.33315,1.33048,1.33622,1.32822,68.0114,0.18146,
EURUSD,sell,2013-08-11T21:00:00+00:00,2013-08-12T09:00:00+00:00,1.33315,1.33126,1.33081,1.32822,22.6705,0.04286,
EURUSD,buy,2013-08-15T07:00:00+00:00,2013-08-15T12:00:00+00:00,1.32942,1.32591,1.32636,1.33434,91.2128,-0.31967,
EURUSD,sell,2013-08-17T14:00:00+00:00,2013-08-19T10:00:00+00:00,1.33248,1.33600,1.33555,1.32755,89.7495,-0.31559,
EURUSD,buy,2013-08-18T15:00:00+00:00,2013-08-19T10:00:00+00:00,1.33328,1.33594,1.33021,1.33821,67.3121,0.17937,
EURUSD,sell,2013-08-18T18:00:00+00:00,2013-08-19T10:00:00+00:00,1.33248,1.33600,1.33555,1.32755,89.7495,-0.31559,
EURUSD,buy,2013-08-18T21:00:00+00:00,2013-08-19T10:00:00+00:00,1.33393,1.33660,1.33086,1.33886,67.2793,0.17937,
EURUSD,buy,2013-08-18T21:00:00+00:00,2013-08-19T10:00:00+00:00,1.33393,1.33348,1.33393,1.33886,22.4264,-0.01010,
EURUSD,buy,2013-08-18T15:00:00+00:00,2013-08-19T11:00:00+00:00,1.33328,1.33412,1.33457,1.33821,22.4374,0.01884,
EURUSD,sell,2013-08-21T22:00:00+00:00,2013-08-22T09:00:00+00:00,1.33423,1.33156,1.33730,1.32929,66.4829,0.17753,
EURUSD,sell,2013-08-21T22:00:00+00:00,2013-08-22T09:00:00+00:00,1.33423,1.33468,1.33423,1.32929,22.1610,-0.00998,
EURUSD,buy,2013-08-23T11:00:00+00:00,2013-08-23T14:00:00+00:00,1.33601,1.33868,1.33294,1.34095,66.9046,0.17865,
EURUSD,buy,2013-08-23T11:00:00+00:00,2013-08-23T14:00:00+00:00,1.33601,1.33556,1.33601,1.34095,22.3015,-0.01005,
EURUSD,buy,2013-08-25T21:00:00+00:00,2013-08-26T12:00:00+00:00,1.33890,1.33537,1.33582,1.34385,89.6433,-0.31638,
EURUSD,sell,2013-08-25T13:00:00+00:00,2013-08-27T08:00:00+00:00,1.33751,1.33483,1.34059,1.33256,67.2621,0.18005,
EURUSD,sell,2013-08-25T13:00:00+00:00,2013-08-27T08:00:00+00:00,1.33751,1.33796,1.33751,1.33256,22.4207,-0.01012,
EURUSD,sell,2013-08-26T10:00:00+00:00,2013-08-27T08:00:00+00:00,1.33660,1.33392,1.33967,1.33165,67.3079,0.18005,
EURUSD,sell,2013-08-26T10:00:00+00:00,2013-08-27T08:00:00+00:00,1.33660,1.33705,1.33660,1.33165,22.4360,-0.01012,
EURUSD,buy,2013-08-28T02:00:00+00:00,2013-08-28T08:00:00+00:00,1.33934,1.33581,1.33626,1.34430,89.7016,-0.31668,
EURUSD,sell,2013-08-28T15:00:00+00:00,2013-08-29T06:00:00+00:00,1.33226,1.32959,1.33533,1.32733,66.7021,0.17785,
EURUSD,sell,2013-08-28T15:00:00+00:00,2013-08-29T06:00:00+00:00,1.33226,1.32773,1.33226,1.32733,22.2340,0.10078,
EURUSD,buy,2013-09-01T07:00:00+00:00,2013-09-02T00:00:00+00:00,1.32253,1.31904,1.31949,1.32742,90.6982,-0.31624,
EURUSD,sell,2013-09-01T21:00:00+00:00,2013-09-03T05:00:00+00:00,1.32091,1.31827,1.32395,1.31602,68.0658,0.17994,
EURUSD,sell,2013-09-01T21:00:00+00:00,2013-09-03T06:00:00+00:00,1.32091,1.31844,1.31799,1.31602,22.6886,0.05623,
EURUSD,buy,2013-09-04T18:00:00+00:00,2013-09-05T05:00:00+00:00,1.32112,1.31763,1.31808,1.32600,90.4919,-0.31519,
EURUSD,sell,2013-09-05T16:00:00+00:00,2013-09-06T12:00:00+00:00,1.31236,1.31582,1.31538,1.30750,89.8408,-0.31120,
EURUSD,buy,2013-09-07T01:00:00+00:00,2013-09-09T12:00:00+00:00,1.31805,1.32068,1.31501,1.32292,66.2443,0.17451,
EURUSD,sell,2013-09-08T19:00:00+00:00,2013-09-09T12:00:00+00:00,1.31725,1.32073,1.32029,1.31238,88.3258,-0.30708,
EURUSD,buy,2013-09-08T20:00:00+00:00,2013-09-09T12:00:00+00:00,1.31805,1.32068,1.31501,1.32292,66.2443,0.17451,
EURUSD,sell,2013-09-08T21:00:00+00:00,2013-09-09T12:00:00+00:00,1.31695,1.32043,1.31998,1.31208,88.3459,-0.30708,
EURUSD,buy,2013-09-07T01:00:00+00:00,2013-09-09T13:00:00+00:00,1.31805,1.32033,1.32078,1.32292,22.0814,0.05053,
EURUSD,buy,2013-09-08T20:00:00+00:00,2013-09-09T13:00:00+00:00,1.31805,1.32033,1.32078,1.32292,22.0814,0.05053,
EURUSD,buy,2013-09-09T10:00:00+00:00,2013-09-09T14:00:00+00:00,1.31968,1.32231,1.31664,1.32456,66.1625,0.17451,
EURUSD,buy,2013-09-09T10:00:00+00:00,2013-09-09T14:00:00+00:00,1.31968,1.32416,1.31968,1.32456,22.0542,0.09889,
EURUSD,sell,2013-09-13T06:00:00+00:00,2013-09-13T12:00:00+00:00,1.32745,1.33095,1.33051,1.32254,88.0589,-0.30849,
EURUSD,buy,2013-09-14T10:00:00+00:00,2013-09-15T21:00:00+00:00,1.32970,1.33236,1.32664,1.33462,65.1019,0.17301,
EURUSD,buy,2013-09-14T10:00:00+00:00,2013-09-15T21:00:00+00:00,1.32970,1.33422,1.32970,1.33462,21.7006,0.09804,
EURUSD,sell,2013-09-15T16:00:00+00:00,2013-09-15T21:00:00+00:00,1.32890,1.33241,1.33196,1.32398,86.8025,-0.30442,
EURUSD,buy,2013-09-15T21:00:00+00:00,2013-09-16T09:00:00+00:00,1.33733,1.33381,1.33426,1.34228,86.1823,-0.30381,
EURUSD,buy,2013-09-22T21:00:00+00:00,2013-09-23T09:00:00+00:00,1.35356,1.34999,1.35044,1.35856,84.0267,-0.29975,
EURUSD,sell,2013-09-20T19:00:00+00:00,2013-09-23T14:00:00+00:00,1.35191,1.34921,1.35502,1.34691,63.0587,0.17062,
EURUSD,sell,2013-09-20T19:00:00+00:00,2013-09-23T15:00:00+00:00,1.35191,1.35033,1.34988,1.34691,21.0196,0.03320,
EURUSD,sell,2013-09-23T14:00:00+00:00,2013-09-25T11:00:00+00:00,1.34883,1.35238,1.35193,1.34383,83.7922,-0.29820,
EURUSD,buy,2013-09-25T17:00:00+00:00,2013-09-26T09:00:00+00:00,1.35290,1.34933,1.34979,1.35790,82.6106,-0.29456,
EURUSD,sell,2013-09-26T22:00:00+00:00,2013-09-27T11:00:00+00:00,1.34827,1.35182,1.35137,1.34328,81.7525,-0.29082,
EURUSD,buy,2013-09-27T18:00:00+00:00,2013-09-29T21:00:00+00:00,1.35213,1.34856,1.34902,1.35713,80.4923,-0.28685,
EURUSD,sell,2013-09-29T08:00:00+00:00,2013-09-29T21:00:00+00:00,1.35176,1.34906,1.35487,1.34676,60.3491,0.16327,
EURUSD,buy,2013-09-29T17:00:00+00:00,2013-09-29T21:00:00+00:00,1.35258,1.34901,1.34947,1.35758,80.4655,-0.28684,
EURUSD,sell,2013-09-29T08:00:00+00:00,2013-09-29T22:00:00+00:00,1.35176,1.35005,1.34960,1.34676,20.1164,0.03439,
EURUSD,sell,2013-09-29T21:00:00+00:00,2013-09-30T08:00:00+00:00,1.34768,1.35123,1.35078,1.34269,79.1874,-0.28158,
EURUSD,buy,2013-09-30T23:00:00+00:00,2013-10-01T06:00:00+00:00,1.35277,1.35547,1.34966,1.35777,58.5171,0.15821,
EURUSD,buy,2013-09-30T23:00:00+00:00,2013-10-01T06:00:00+00:00,1.35277,1.35736,1.35277,1.35777,19.5057,0.08966,
EURUSD,sell,2013-10-02T06:00:00+00:00,2013-10-02T12:00:00+00:00,1.35142,1.35499,1.35453,1.34642,78.9702,-0.28158,
EURUSD,buy,2013-10-02T16:00:00+00:00,2013-10-03T02:00:00+00:00,1.35872,1.36143,1.35559,1.36374,58.1678,0.15796,
EURUSD,buy,2013-10-02T16:00:00+00:00,2013-10-03T03:00:00+00:00,1.35872,1.35978,1.36024,1.36374,19.3893,0.02064,
EURUSD,sell,2013-10-04T18:00:00+00:00,2013-10-07T08:00:00+00:00,1.35530,1.35888,1.35842,1.35029,78.3644,-0.28021,
EURUSD,buy,2013-10-06T17:00:00+00:00,2013-10-08T13:00:00+00:00,1.35610,1.35881,1.35298,1.36111,58.7742,0.15930,
EURUSD,buy,2013-10-06T17:00:00+00:00,2013-10-08T14:00:00+00:00,1.35610,1.35821,1.35867,1.36111,19.5914,0.04145,
EURUSD,sell,2013-10-09T08:00:00+00:00,2013-10-09T18:00:00+00:00,1.35198,1.34928,1.35509,1.34698,58.6973,0.15883,
EURUSD,sell,2013-10-09T08:00:00+00:00,2013-10-09T18:00:00+00:00,1.35198,1.35244,1.35198,1.34698,19.5658,-0.00891,
EURUSD,buy,2013-10-11T02:00:00+00:00,2013-10-11T09:00:00+00:00,1.35403,1.35673,1.35091,1.35903,59.0592,0.15983,
EURUSD,buy,2013-10-11T02:00:00+00:00,2013-10-11T10:00:00+00:00,1.35403,1.35624,1.35670,1.35903,19.6864,0.04364,
EURUSD,sell,2013-10-12T15:00:00+00:00,2013-10-14T05:00:00+00:00,1.35365,1.35723,1.35677,1.34864,79.4714,-0.28382,
EURUSD,buy,2013-10-13T21:00:00+00:00,2013-10-14T12:00:00+00:00,1.35649,1.35920,1.35337,1.36150,59.5148,0.16135,
EURUSD,buy,2013-10-13T21:00:00+00:00,2013-10-14T12:00:00+00:00,1.35649,1.35603,1.35649,1.36150,19.8383,-0.00906,
EURUSD,sell,2013-10-15T11:00:00+00:00,2013-10-15T18:00:00+00:00,1.34911,1.35266,1.35221,1.34411,79.2520,-0.28210,
EURUSD,buy,2013-10-17T00:00:00+00:00,2013-10-17T07:00:00+00:00,1.35428,1.35698,1.35116,1.35929,58.4662,0.15825,
EURUSD,buy,2013-10-17T00:00:00+00:00,2013-10-17T07:00:00+00:00,1.35428,1.35888,1.35428,1.35929,19.4887,0.08968,
EURUSD,buy,2013-10-20T12:00:00+00:00,2013-10-21T13:00:00+00:00,1.36885,1.36524,1.36570,1.37391,78.0308,-0.28147,
EURUSD,buy,2013-10-20T17:00:00+00:00,2013-10-21T13:00:00+00:00,1.36885,1.36524,1.36570,1.37391,78.0308,-0.28147,
EURUSD,sell,2013-10-20T06:00:00+00:00,2013-10-22T12:00:00+00:00,1.36803,1.37164,1.37118,1.36297,78.0308,-0.28160,
EURUSD,sell,2013-10-20T13:00:00+00:00,2013-10-22T12:00:00+00:00,1.36803,1.37164,1.37118,1.36297,78.0308,-0.28160,
EURUSD,sell,2013-10-20T21:00:00+00:00,2013-10-22T12:00:00+00:00,1.36778,1.37139,1.37093,1.36272,78.0451,-0.28160,
EURUSD,buy,2013-10-22T13:00:00+00:00,2013-10-22T17:00:00+00:00,1.37589,1.37864,1.37273,1.38098,54.3857,0.14955,
EURUSD,buy,2013-10-22T13:00:00+00:00,2013-10-22T18:00:00+00:00,1.37589,1.37798,1.37844,1.38098,18.1286,0.03778,
EURUSD,buy,2013-10-27T21:00:00+00:00,2013-10-28T13:00:00+00:00,1.38132,1.37768,1.37815,1.38643,72.9074,-0.26535,
EURUSD,buy,2013-10-27T10:00:00+00:00,2013-10-29T00:00:00+00:00,1.38026,1.37663,1.37709,1.38537,72.9634,-0.26535,
EURUSD,sell,2013-10-26T02:00:00+00:00,2013-10-29T08:00:00+00:00,1.37944,1.37668,1.38261,1.37433,54.7225,0.15108,
EURUSD,sell,2013-10-27T14:00:00+00:00,2013-10-29T08:00:00+00:00,1.37944,1.37668,1.38261,1.37433,54.7225,0.15108,
EURUSD,sell,2013-10-26T02:00:00+00:00,2013-10-29T09:00:00+00:00,1.37944,1.37720,1.37674,1.37433,18.2408,0.04073,
EURUSD,sell,2013-10-27T14:00:00+00:00,2013-10-29T09:00:00+00:00,1.37944,1.37720,1.37674,1.37433,18.2408,0.04073,
EURUSD,sell,2013-10-28T20:00:00+00:00,2013-10-29T14:00:00+00:00,1.37810,1.38173,1.38127,1.37300,72.0719,-0.26198,
EURUSD,buy,2013-11-03T22:00:00+00:00,2013-11-04T03:00:00+00:00,1.34942,1.34587,1.34632,1.35442,73.1147,-0.26004,
EURUSD,sell,2013-11-05T16:00:00+00:00,2013-11-06T03:00:00+00:00,1.34645,1.35000,1.34954,1.34146,72.2672,-0.25674,
EURUSD,buy,2013-11-06T15:00:00+00:00,2013-11-07T12:00:00+00:00,1.35306,1.34949,1.34994,1.35806,71.0083,-0.25322,
EURUSD,sell,2013-11-07T14:00:00+00:00,2013-11-07T16:00:00+00:00,1.33598,1.33950,1.33905,1.33103,70.9254,-0.25004,
EURUSD,sell,2013-11-10T22:00:00+00:00,2013-11-11T08:00:00+00:00,1.33529,1.33881,1.33836,1.33035,70.0260,-0.24674,
EURUSD,buy,2013-11-10T14:00:00+00:00,2013-11-11T10:00:00+00:00,1.33688,1.33955,1.33381,1.34183,52.4885,0.14024,
EURUSD,buy,2013-11-10T14:00:00+00:00,2013-11-11T11:00:00+00:00,1.33688,1.33875,1.33920,1.34183,17.4962,0.03267,
EURUSD,buy,2013-11-11T10:00:00+00:00,2013-11-12T08:00:00+00:00,1.34040,1.33687,1.33732,1.34536,69.4034,-0.24521,
EURUSD,sell,2013-11-15T12:00:00+00:00,2013-11-15T13:00:00+00:00,1.34506,1.34861,1.34815,1.34008,68.3319,-0.24251,
EURUSD,sell,2013-11-15T16:00:00+00:00,2013-11-18T06:00:00+00:00,1.34759,1.35114,1.35069,1.34260,67.3041,-0.23931,
EURUSD,buy,2013-11-15T15:00:00+00:00,2013-11-18T09:00:00+00:00,1.34764,1.35034,1.34455,1.35263,50.5062,0.13603,
EURUSD,buy,2013-11-15T15:00:00+00:00,2013-11-18T10:00:00+00:00,1.34764,1.35006,1.35052,1.35263,16.8354,0.04075,
EURUSD,sell,2013-11-17T22:00:00+00:00,2013-11-18T13:00:00+00:00,1.34880,1.35235,1.35190,1.34380,67.2437,-0.23930,
EURUSD,buy,2013-11-15T19:00:00+00:00,2013-11-18T14:00:00+00:00,1.34936,1.35206,1.34626,1.35436,50.4418,0.13603,
EURUSD,buy,2013-11-15T19:00:00+00:00,2013-11-18T15:00:00+00:00,1.34936,1.35153,1.35199,1.35436,16.8139,0.03648,
EURUSD,buy,2013-11-18T11:00:00+00:00,2013-11-19T17:00:00+00:00,1.35125,1.35395,1.34814,1.35624,50.1980,0.13557,
EURUSD,buy,2013-11-18T11:00:00+00:00,2013-11-19T18:00:00+00:00,1.35125,1.35254,1.35300,1.35624,16.7327,0.02173,
EURUSD,sell,2013-11-20T19:00:00+00:00,2013-11-21T11:00:00+00:00,1.34165,1.34519,1.34473,1.33668,67.7063,-0.23969,
EURUSD,buy,2013-11-22T06:00:00+00:00,2013-11-22T09:00:00+00:00,1.34878,1.35148,1.34568,1.35377,49.8747,0.13445,
EURUSD,buy,2013-11-22T06:00:00+00:00,2013-11-22T10:00:00+00:00,1.34878,1.35052,1.35098,1.35377,16.6249,0.02893,
EURUSD,sell,2013-11-24T22:00:00+00:00,2013-11-25T09:00:00+00:00,1.35496,1.35225,1.35808,1.34995,50.0695,0.13578,
EURUSD,sell,2013-11-24T22:00:00+00:00,2013-11-25T10:00:00+00:00,1.35496,1.35251,1.35205,1.34995,16.6898,0.04102,
EURUSD,buy,2013-11-26T15:00:00+00:00,2013-11-27T03:00:00+00:00,1.35641,1.35912,1.35329,1.36142,50.5352,0.13700,
EURUSD,buy,2013-11-26T15:00:00+00:00,2013-11-27T03:00:00+00:00,1.35641,1.35595,1.35641,1.36142,16.8451,-0.00770,
EURUSD,sell,2013-12-01T22:00:00+00:00,2013-12-02T07:00:00+00:00,1.35839,1.36198,1.36152,1.35336,67.7172,-0.24268,
EURUSD,sell,2013-11-30T02:00:00+00:00,2013-12-02T09:00:00+00:00,1.35849,1.35577,1.36162,1.35346,50.7842,0.13808,
EURUSD,sell,2013-11-30T02:00:00+00:00,2013-12-02T09:00:00+00:00,1.35849,1.35895,1.35849,1.35346,16.9281,-0.00775,
EURUSD,buy,2013-12-01T18:00:00+00:00,2013-12-02T09:00:00+00:00,1.35931,1.35573,1.35618,1.36434,67.7122,-0.24257,
EURUSD,buy,2013-12-02T01:00:00+00:00,2013-12-02T09:00:00+00:00,1.36092,1.35733,1.35779,1.36595,67.6321,-0.24256,
EURUSD,sell,2013-12-02T11:00:00+00:00,2013-12-03T08:00:00+00:00,1.35310,1.35667,1.35622,1.34810,65.7748,-0.23481,
EURUSD,buy,2013-12-03T20:00:00+00:00,2013-12-04T13:00:00+00:00,1.35925,1.35567,1.35612,1.36428,64.6527,-0.23160,
EURUSD,sell,2013-12-12T21:00:00+00:00,2013-12-13T10:00:00+00:00,1.37488,1.37213,1.37804,1.36979,47.2781,0.13009,
EURUSD,sell,2013-12-12T21:00:00+00:00,2013-12-13T10:00:00+00:00,1.37488,1.37534,1.37488,1.36979,15.7594,-0.00729,
EURUSD,buy,2013-12-15T02:00:00+00:00,2013-12-16T09:00:00+00:00,1.37430,1.37705,1.37114,1.37939,47.6614,0.13091,
EURUSD,sell,2013-12-15T21:00:00+00:00,2013-12-16T09:00:00+00:00,1.37348,1.37710,1.37664,1.36839,63.5486,-0.23023,
EURUSD,buy,2013-12-15T02:00:00+00:00,2013-12-16T10:00:00+00:00,1.37430,1.37582,1.37628,1.37939,15.8871,0.02407,
EURUSD,buy,2013-12-16T00:00:00+00:00,2013-12-16T10:00:00+00:00,1.37499,1.37774,1.37183,1.38008,47.6375,0.13091,
EURUSD,buy,2013-12-16T00:00:00+00:00,2013-12-16T11:00:00+00:00,1.37499,1.37698,1.37744,1.38008,15.8792,0.03151,
EURUSD,sell,2013-12-18T02:00:00+00:00,2013-12-18T13:00:00+00:00,1.37671,1.37395,1.37987,1.37161,47.7870,0.13167,
EURUSD,sell,2013-12-18T02:00:00+00:00,2013-12-18T14:00:00+00:00,1.37671,1.37564,1.37518,1.37161,15.9290,0.01695,
EURUSD,buy,2013-12-18T10:00:00+00:00,2013-12-18T19:00:00+00:00,1.37546,1.37821,1.37230,1.38055,47.8590,0.13157,
EURUSD,buy,2013-12-18T10:00:00+00:00,2013-12-18T19:00:00+00:00,1.37546,1.37500,1.37546,1.38055,15.9530,-0.00738,
EURUSD,sell,2013-12-18T20:00:00+00:00,2013-12-19T02:00:00+00:00,1.36903,1.36629,1.37218,1.36396,48.8021,0.13372,
EURUSD,sell,2013-12-18T20:00:00+00:00,2013-12-19T03:00:00+00:00,1.36903,1.36628,1.36582,1.36396,16.2674,0.04473,
EURUSD,sell,2013-12-22T14:00:00+00:00,2013-12-23T12:00:00+00:00,1.36662,1.37023,1.36976,1.36156,65.8368,-0.23735,
EURUSD,buy,2013-12-21T02:00:00+00:00,2013-12-23T15:00:00+00:00,1.36744,1.37017,1.36430,1.37250,49.3776,0.13495,
EURUSD,buy,2013-12-22T22:00:00+00:00,2013-12-23T15:00:00+00:00,1.36771,1.37044,1.36457,1.37277,49.3678,0.13495,
EURUSD,buy,2013-12-21T02:00:00+00:00,2013-12-23T16:00:00+00:00,1.36744,1.36935,1.36981,1.37250,16.4592,0.03142,
EURUSD,buy,2013-12-22T22:00:00+00:00,2013-12-23T16:00:00+00:00,1.36771,1.36935,1.36981,1.37277,16.4559,0.02697,
EURUSD,sell,2013-12-24T16:00:00+00:00,2013-12-27T00:00:00+00:00,1.36713,1.37074,1.37028,1.36207,66.1447,-0.23855,
EURUSD,buy,2013-12-26T03:00:00+00:00,2013-12-27T01:00:00+00:00,1.36776,1.37049,1.36462,1.37282,49.6154,0.13563,
EURUSD,buy,2013-12-26T03:00:00+00:00,2013-12-27T02:00:00+00:00,1.36776,1.37084,1.37130,1.37282,16.5385,0.05091,
EURUSD,sell,2013-12-30T06:00:00+00:00,2013-12-30T10:00:00+00:00,1.37346,1.37708,1.37662,1.36837,65.6507,-0.23785,
EURUSD,sell,2013-12-28T17:00:00+00:00,2013-12-30T11:00:00+00:00,1.37435,1.37797,1.37751,1.36926,65.6082,-0.23784,
EURUSD,buy,2013-12-29T19:00:00+00:00,2013-12-30T13:00:00+00:00,1.37517,1.37792,1.37201,1.38026,49.2061,0.13524,
EURUSD,buy,2013-12-30T07:00:00+00:00,2013-12-30T13:00:00+00:00,1.37623,1.37898,1.37307,1.38132,49.1682,0.13524,
EURUSD,buy,2013-12-29T19:00:00+00:00,2013-12-30T14:00:00+00:00,1.37517,1.37779,1.37825,1.38026,16.4020,0.04288,
EURUSD,buy,2013-12-30T07:00:00+00:00,2013-12-30T14:00:00+00:00,1.37623,1.37779,1.37825,1.38132,16.3894,0.02547,
EURUSD,sell,2013-12-31T22:00:00+00:00,2014-01-01T23:00:00+00:00,1.37369,1.37731,1.37685,1.36860,65.1417,-0.23604,
EURUSD,sell,2014-01-06T07:00:00+00:00,2014-01-06T09:00:00+00:00,1.35763,1.36121,1.36076,1.35261,65.0430,-0.23297,
EURUSD,buy,2014-01-05T21:00:00+00:00,2014-01-06T15:00:00+00:00,1.35915,1.36186,1.35602,1.36417,48.7571,0.13244,
EURUSD,buy,2014-01-05T21:00:00+00:00,2014-01-06T15:00:00+00:00,1.35915,1.36377,1.35915,1.36417,16.2524,0.07505,
EURUSD,buy,2014-01-06T08:00:00+00:00,2014-01-06T15:00:00+00:00,1.35995,1.36267,1.35682,1.36498,48.7284,0.13244,
EURUSD,buy,2014-01-06T08:00:00+00:00,2014-01-06T16:00:00+00:00,1.35995,1.36304,1.36350,1.36498,16.2428,0.05024,
EURUSD,sell,2014-01-08T08:00:00+00:00,2014-01-08T13:00:00+00:00,1.36034,1.35762,1.36347,1.35531,49.1184,0.13373,
EURUSD,sell,2014-01-08T08:00:00+00:00,2014-01-08T14:00:00+00:00,1.36034,1.36022,1.35976,1.35531,16.3728,0.00203,
EURUSD,buy,2014-01-10T00:00:00+00:00,2014-01-10T13:00:00+00:00,1.36106,1.36378,1.35793,1.36609,49.4961,0.13464,
EURUSD,buy,2014-01-10T00:00:00+00:00,2014-01-10T13:00:00+00:00,1.36106,1.36060,1.36106,1.36609,16.4987,-0.00756,
EURUSD,buy,2014-01-12T16:00:00+00:00,2014-01-13T13:00:00+00:00,1.36702,1.36342,1.36388,1.37208,66.1719,-0.23837,
EURUSD,buy,2014-01-12T23:00:00+00:00,2014-01-13T13:00:00+00:00,1.36761,1.36401,1.36447,1.37267,66.1434,-0.23837,
EURUSD,sell,2014-01-13T16:00:00+00:00,2014-01-13T19:00:00+00:00,1.36419,1.36779,1.36733,1.35914,64.5226,-0.23220,
EURUSD,sell,2014-01-12T15:00:00+00:00,2014-01-14T08:00:00+00:00,1.36620,1.36980,1.36934,1.36114,66.1719,-0.23849,
EURUSD,sell,2014-01-12T22:00:00+00:00,2014-01-14T08:00:00+00:00,1.36619,1.36979,1.36933,1.36113,66.1724,-0.23849,
EURUSD,buy,2014-01-14T12:00:00+00:00,2014-01-15T01:00:00+00:00,1.36755,1.36395,1.36441,1.37261,61.8091,-0.22274,
EURUSD,sell,2014-01-15T06:00:00+00:00,2014-01-15T13:00:00+00:00,1.36353,1.36080,1.36667,1.35848,45.8531,0.12513,
EURUSD,sell,2014-01-15T06:00:00+00:00,2014-01-15T14:00:00+00:00,1.36353,1.36164,1.36118,1.35848,15.2844,0.02892,
EURUSD,buy,2014-01-17T05:00:00+00:00,2014-01-17T13:00:00+00:00,1.36184,1.35825,1.35871,1.36688,61.8160,-0.22185,
EURUSD,sell,2014-01-17T10:00:00+00:00,2014-01-17T13:00:00+00:00,1.36016,1.35744,1.36329,1.35513,46.3913,0.12629,
EURUSD,buy,2014-01-17T12:00:00+00:00,2014-01-17T13:00:00+00:00,1.36000,1.35641,1.35687,1.36503,61.8997,-0.22185,
EURUSD,sell,2014-01-17T10:00:00+00:00,2014-01-17T14:00:00+00:00,1.36016,1.35904,1.35858,1.35513,15.4638,0.01738,
EURUSD,sell,2014-01-17T14:00:00+00:00,2014-01-17T17:00:00+00:00,1.35743,1.35472,1.36056,1.35241,45.6560,0.12404,
EURUSD,sell,2014-01-17T14:00:00+00:00,2014-01-17T18:00:00+00:00,1.35743,1.35367,1.35321,1.35241,15.2187,0.05732,
EURUSD,buy,2014-01-19T16:00:00+00:00,2014-01-20T00:00:00+00:00,1.35430,1.35073,1.35118,1.35931,61.7220,-0.22030,
EURUSD,sell,2014-01-19T22:00:00+00:00,2014-01-20T09:00:00+00:00,1.35279,1.35636,1.35591,1.34779,61.7535,-0.22041,
EURUSD,buy,2014-01-20T13:00:00+00:00,2014-01-21T08:00:00+00:00,1.35611,1.35253,1.35299,1.36112,60.0142,-0.21449,
EURUSD,buy,2014-01-22T01:00:00+00:00,2014-01-22T08:00:00+00:00,1.35732,1.35374,1.35420,1.36234,59.1703,-0.21166,
EURUSD,buy,2014-01-22T03:00:00+00:00,2014-01-22T08:00:00+00:00,1.35740,1.35382,1.35428,1.36242,59.1668,-0.21166,
EURUSD,sell,2014-01-22T02:00:00+00:00,2014-01-23T00:00:00+00:00,1.35653,1.35382,1.35965,1.35151,44.3768,0.12048,
EURUSD,sell,2014-01-22T02:00:00+00:00,2014-01-23T01:00:00+00:00,1.35653,1.35503,1.35457,1.35151,14.7923,0.02229,
EURUSD,sell,2014-01-21T16:00:00+00:00,2014-01-23T07:00:00+00:00,1.35555,1.35913,1.35867,1.35054,59.2118,-0.21176,
EURUSD,sell,2014-01-23T01:00:00+00:00,2014-01-23T07:00:00+00:00,1.35362,1.35720,1.35674,1.34861,58.2602,-0.20806,
EURUSD,buy,2014-01-23T07:00:00+00:00,2014-01-23T08:00:00+00:00,1.35913,1.36184,1.35600,1.36415,42.3856,0.11514,
EURUSD,buy,2014-01-23T07:00:00+00:00,2014-01-23T08:00:00+00:00,1.35913,1.35867,1.35913,1.36415,14.1285,-0.00647,
EURUSD,sell,2014-01-25T09:00:00+00:00,2014-01-27T07:00:00+00:00,1.36696,1.37057,1.37010,1.36190,56.5540,-0.20393,
EURUSD,buy,2014-01-26T22:00:00+00:00,2014-01-27T13:00:00+00:00,1.36858,1.36497,1.36543,1.37364,56.5209,-0.20384,
EURUSD,sell,2014-01-28T00:00:00+00:00,2014-01-28T10:00:00+00:00,1.36670,1.36396,1.36984,1.36164,41.3051,0.11298,
EURUSD,sell,2014-01-28T00:00:00+00:00,2014-01-28T11:00:00+00:00,1.36670,1.36570,1.36524,1.36164,13.7684,0.01377,
EURUSD,buy,2014-02-02T23:00:00+00:00,2014-02-03T15:00:00+00:00,1.34913,1.35183,1.34603,1.35412,42.2204,0.11384,
EURUSD,buy,2014-02-02T23:00:00+00:00,2014-02-03T15:00:00+00:00,1.34913,1.34868,1.34913,1.35412,14.0735,-0.00640,
EURUSD,sell,2014-02-05T10:00:00+00:00,2014-02-05T13:00:00+00:00,1.35066,1.35423,1.35377,1.34567,56.5940,-0.20168,
EURUSD,buy,2014-02-05T11:00:00+00:00,2014-02-05T13:00:00+00:00,1.35227,1.35497,1.34916,1.35727,42.4207,0.11465,
EURUSD,buy,2014-02-05T11:00:00+00:00,2014-02-05T13:00:00+00:00,1.35227,1.35181,1.35227,1.35727,14.1402,-0.00644,
EURUSD,sell,2014-02-05T14:00:00+00:00,2014-02-05T15:00:00+00:00,1.35141,1.35498,1.35452,1.34641,56.2168,-0.20044,
EURUSD,buy,2014-02-05T18:00:00+00:00,2014-02-06T12:00:00+00:00,1.35388,1.35031,1.35076,1.35888,55.4078,-0.19771,
EURUSD,sell,2014-02-09T21:00:00+00:00,2014-02-11T00:00:00+00:00,1.36301,1.36661,1.36615,1.35797,54.2784,-0.19517,
EURUSD,buy,2014-02-10T19:00:00+00:00,2014-02-11T00:00:00+00:00,1.36452,1.36725,1.36138,1.36957,40.6882,0.11096,
EURUSD,buy,2014-02-10T19:00:00+00:00,2014-02-11T00:00:00+00:00,1.36452,1.36406,1.36452,1.36957,13.5627,-0.00623,
EURUSD,sell,2014-02-12T05:00:00+00:00,2014-02-12T11:00:00+00:00,1.36295,1.36022,1.36609,1.35791,40.4618,0.11037,
EURUSD,sell,2014-02-12T05:00:00+00:00,2014-02-12T11:00:00+00:00,1.36295,1.36341,1.36295,1.35791,13.4873,-0.00619,
EURUSD,buy,2014-02-13T15:00:00+00:00,2014-02-14T07:00:00+00:00,1.36688,1.36961,1.36374,1.37194,40.6557,0.11107,
EURUSD,buy,2014-02-13T15:00:00+00:00,2014-02-14T08:00:00+00:00,1.36688,1.36884,1.36930,1.37194,13.5519,0.02655,
EURUSD,sell,2014-02-16T03:00:00+00:00,2014-02-17T01:00:00+00:00,1.36873,1.37234,1.37188,1.36366,54.6044,-0.19715,
EURUSD,buy,2014-02-16T22:00:00+00:00,2014-02-18T13:00:00+00:00,1.37046,1.37320,1.36731,1.37553,40.9261,0.11210,
EURUSD,buy,2014-02-16T22:00:00+00:00,2014-02-18T14:00:00+00:00,1.37046,1.37377,1.37423,1.37553,13.6420,0.04511,
EURUSD,sell,2014-02-20T05:00:00+00:00,2014-02-20T07:00:00+00:00,1.37496,1.37221,1.37812,1.36987,40.6589,0.11189,
EURUSD,sell,2014-02-20T05:00:00+00:00,2014-02-20T07:00:00+00:00,1.37496,1.37542,1.37496,1.36987,13.5530,-0.00627,
EURUSD,sell,2014-02-23T15:00:00+00:00,2014-02-24T09:00:00+00:00,1.37334,1.37696,1.37650,1.36826,54.6602,-0.19801,
EURUSD,sell,2014-02-23T18:00:00+00:00,2014-02-24T09:00:00+00:00,1.37334,1.37696,1.37650,1.36826,54.6602,-0.19801,
EURUSD,sell,2014-02-24T01:00:00+00:00,2014-02-24T09:00:00+00:00,1.37264,1.37626,1.37580,1.36756,54.6881,-0.19801,
EURUSD,buy,2014-02-24T08:00:00+00:00,2014-02-24T12:00:00+00:00,1.37573,1.37211,1.37257,1.38082,54.5978,-0.19792,
EURUSD,buy,2014-02-21T20:00:00+00:00,2014-02-24T15:00:00+00:00,1.37417,1.37055,1.37101,1.37926,54.6598,-0.19792,
EURUSD,buy,2014-02-23T16:00:00+00:00,2014-02-24T15:00:00+00:00,1.37416,1.37054,1.37100,1.37924,54.6602,-0.19792,
EURUSD,buy,2014-02-23T22:00:00+00:00,2014-02-24T15:00:00+00:00,1.37422,1.37060,1.37106,1.37931,54.6578,-0.19792,
EURUSD,sell,2014-02-24T20:00:00+00:00,2014-02-25T08:00:00+00:00,1.37294,1.37656,1.37610,1.36786,49.6311,-0.17974,
EURUSD,sell,2014-02-25T00:00:00+00:00,2014-02-25T08:00:00+00:00,1.37279,1.37641,1.37595,1.36771,49.6365,-0.17974,
EURUSD,buy,2014-02-25T10:00:00+00:00,2014-02-25T15:00:00+00:00,1.37596,1.37234,1.37280,1.38105,48.2450,-0.17492,
EURUSD,buy,2014-02-24T21:00:00+00:00,2014-02-26T14:00:00+00:00,1.37388,1.37026,1.37072,1.37896,49.6268,-0.17966,
EURUSD,sell,2014-02-26T14:00:00+00:00,2014-02-27T09:00:00+00:00,1.36768,1.36494,1.37083,1.36262,35.4092,0.09692,
EURUSD,sell,2014-02-26T14:00:00+00:00,2014-02-27T10:00:00+00:00,1.36768,1.36629,1.36583,1.36262,11.8031,0.01640,
EURUSD,buy,2014-02-28T06:00:00+00:00,2014-02-28T10:00:00+00:00,1.37080,1.37354,1.36765,1.37587,35.6599,0.09770,
EURUSD,buy,2014-02-28T06:00:00+00:00,2014-02-28T10:00:00+00:00,1.37080,1.37546,1.37080,1.37587,11.8866,0.05536,
EURUSD,sell,2014-03-02T11:00:00+00:00,2014-03-02T22:00:00+00:00,1.37949,1.37673,1.38266,1.37438,35.8301,0.09892,
EURUSD,sell,2014-03-02T11:00:00+00:00,2014-03-02T23:00:00+00:00,1.37949,1.37908,1.37862,1.37438,11.9434,0.00481,
EURUSD,buy,2014-03-06T13:00:00+00:00,2014-03-06T15:00:00+00:00,1.38192,1.38469,1.37875,1.38704,36.0699,0.09962,
EURUSD,buy,2014-03-06T13:00:00+00:00,2014-03-06T16:00:00+00:00,1.38192,1.38339,1.38386,1.38704,12.0233,0.01768,
EURUSD,buy,2014-03-09T12:00:00+00:00,2014-03-11T07:00:00+00:00,1.38795,1.38429,1.38475,1.39308,48.3072,-0.17665,
EURUSD,buy,2014-03-10T00:00:00+00:00,2014-03-11T07:00:00+00:00,1.38886,1.38520,1.38566,1.39399,48.2755,-0.17664,
EURUSD,sell,2014-03-09T08:00:00+00:00,2014-03-11T11:00:00+00:00,1.38711,1.38434,1.39031,1.38198,36.2304,0.10058,
EURUSD,sell,2014-03-09T21:00:00+00:00,2014-03-11T11:00:00+00:00,1.38670,1.38393,1.38989,1.38157,36.2411,0.10058,
EURUSD,sell,2014-03-11T02:00:00+00:00,2014-03-11T11:00:00+00:00,1.38669,1.38392,1.38988,1.38156,36.2414,0.10058,
EURUSD,sell,2014-03-09T08:00:00+00:00,2014-03-11T12:00:00+00:00,1.38711,1.38595,1.38548,1.38198,12.0768,0.01411,
EURUSD,sell,2014-03-09T21:00:00+00:00,2014-03-11T12:00:00+00:00,1.38670,1.38595,1.38548,1.38157,12.0804,0.00916,
EURUSD,sell,2014-03-11T02:00:00+00:00,2014-03-11T12:00:00+00:00,1.38669,1.38595,1.38548,1.38156,12.0805,0.00904,
EURUSD,buy,2014-03-12T16:00:00+00:00,2014-03-13T04:00:00+00:00,1.39142,1.39420,1.38822,1.39656,36.0881,0.10036,
EURUSD,buy,2014-03-12T16:00:00+00:00,2014-03-13T04:00:00+00:00,1.39142,1.39095,1.39142,1.39656,12.0294,-0.00562,
EURUSD,sell,2014-03-14T04:00:00+00:00,2014-03-14T09:00:00+00:00,1.38577,1.38943,1.38896,1.38065,48.6262,-0.17773,
EURUSD,buy,2014-03-16T23:00:00+00:00,2014-03-17T07:00:00+00:00,1.39132,1.38765,1.38812,1.39646,47.8227,-0.17529,
EURUSD,buy,2014-03-15T02:00:00+00:00,2014-03-17T13:00:00+00:00,1.39101,1.39379,1.38781,1.39615,35.8750,0.09974,
EURUSD,buy,2014-03-15T02:00:00+00:00,2014-03-17T13:00:00+00:00,1.39101,1.39054,1.39101,1.39615,11.9583,-0.00559,
EURUSD,sell,2014-03-16T12:00:00+00:00,2014-03-17T13:00:00+00:00,1.39017,1.39384,1.39337,1.38503,47.8333,-0.17538,
EURUSD,sell,2014-03-17T06:00:00+00:00,2014-03-17T13:00:00+00:00,1.38982,1.39349,1.39302,1.38468,47.8454,-0.17538,
EURUSD,buy,2014-03-17T15:00:00+00:00,2014-03-18T10:00:00+00:00,1.39308,1.38941,1.38987,1.39823,46.2116,-0.16960,
EURUSD,sell,2014-03-19T17:00:00+00:00,2014-03-19T18:00:00+00:00,1.39113,1.38835,1.39433,1.38598,34.2293,0.09530,
EURUSD,sell,2014-03-19T17:00:00+00:00,2014-03-19T18:00:00+00:00,1.39113,1.39160,1.39113,1.38598,11.4098,-0.00533,
EURUSD,sell,2014-03-23T07:00:00+00:00,2014-03-24T08:00:00+00:00,1.37874,1.38237,1.38191,1.37363,46.3756,-0.16865,
EURUSD,buy,2014-03-23T21:00:00+00:00,2014-03-24T09:00:00+00:00,1.38061,1.37698,1.37744,1.38572,46.3403,-0.16857,
EURUSD,buy,2014-03-22T03:00:00+00:00,2014-03-24T10:00:00+00:00,1.37956,1.37593,1.37639,1.38467,46.3756,-0.16857,
EURUSD,sell,2014-03-24T12:00:00+00:00,2014-03-24T17:00:00+00:00,1.37691,1.38054,1.38007,1.37181,44.6010,-0.16199,
EURUSD,buy,2014-03-24T17:00:00+00:00,2014-03-24T18:00:00+00:00,1.38796,1.38430,1.38476,1.39309,43.6888,-0.15976,
EURUSD,sell,2014-03-26T04:00:00+00:00,2014-03-27T07:00:00+00:00,1.38058,1.37781,1.38375,1.37547,32.4882,0.08977,
EURUSD,sell,2014-03-26T04:00:00+00:00,2014-03-27T08:00:00+00:00,1.38058,1.37781,1.37735,1.37547,10.8294,0.02992,
EURUSD,buy,2014-03-29T07:00:00+00:00,2014-03-31T09:00:00+00:00,1.37532,1.37807,1.37216,1.38041,32.9583,0.09059,
EURUSD,buy,2014-03-29T07:00:00+00:00,2014-03-31T09:00:00+00:00,1.37532,1.37486,1.37532,1.38041,10.9861,-0.00508,
EURUSD,sell,2014-03-30T12:00:00+00:00,2014-03-31T09:00:00+00:00,1.37450,1.37812,1.37766,1.36941,43.9444,-0.15933,
EURUSD,buy,2014-03-30T21:00:00+00:00,2014-03-31T09:00:00+00:00,1.37576,1.37851,1.37260,1.38085,32.9478,0.09059,
EURUSD,buy,2014-03-30T21:00:00+00:00,2014-03-31T09:00:00+00:00,1.37576,1.37530,1.37576,1.38085,10.9826,-0.00508,
EURUSD,sell,2014-04-02T20:00:00+00:00,2014-04-03T12:00:00+00:00,1.37630,1.37993,1.37946,1.37120,43.9294,-0.15948,
EURUSD,buy,2014-04-06T14:00:00+00:00,2014-04-07T11:00:00+00:00,1.37057,1.37331,1.36742,1.37564,32.6681,0.08949,
EURUSD,sell,2014-04-06T16:00:00+00:00,2014-04-07T11:00:00+00:00,1.36975,1.37336,1.37290,1.36468,43.5575,-0.15738,
EURUSD,buy,2014-04-06T18:00:00+00:00,2014-04-07T11:00:00+00:00,1.37057,1.37331,1.36742,1.37564,32.6681,0.08949,
EURUSD,sell,2014-04-06T19:00:00+00:00,2014-04-07T11:00:00+00:00,1.36975,1.37336,1.37290,1.36468,43.5575,-0.15738,
EURUSD,buy,2014-04-06T14:00:00+00:00,2014-04-07T12:00:00+00:00,1.37057,1.37182,1.37228,1.37564,10.8894,0.01358,
EURUSD,buy,2014-04-06T18:00:00+00:00,2014-04-07T12:00:00+00:00,1.37057,1.37182,1.37228,1.37564,10.8894,0.01358,
EURUSD,buy,2014-04-07T06:00:00+00:00,2014-04-07T15:00:00+00:00,1.37147,1.37421,1.36832,1.37654,32.6467,0.08949,
EURUSD,buy,2014-04-07T06:00:00+00:00,2014-04-07T16:00:00+00:00,1.37147,1.37347,1.37393,1.37654,10.8822,0.02173,
EURUSD,sell,2014-04-12T11:00:00+00:00,2014-04-13T21:00:00+00:00,1.38801,1.38524,1.39121,1.38288,32.2452,0.08958,
EURUSD,buy,2014-04-13T20:00:00+00:00,2014-04-13T21:00:00+00:00,1.38885,1.38519,1.38565,1.39398,42.9936,-0.15732,
EURUSD,sell,2014-04-12T11:00:00+00:00,2014-04-13T22:00:00+00:00,1.38801,1.38644,1.38597,1.38288,10.7484,0.01696,
EURUSD,sell,2014-04-13T21:00:00+00:00,2014-04-14T08:00:00+00:00,1.38560,1.38283,1.38879,1.38048,32.1180,0.08907,
EURUSD,sell,2014-04-13T21:00:00+00:00,2014-04-14T09:00:00+00:00,1.38560,1.38318,1.38272,1.38048,10.7060,0.02590,
EURUSD,buy,2014-04-16T08:00:00+00:00,2014-04-16T13:00:00+00:00,1.38527,1.38162,1.38208,1.39039,43.3365,-0.15817,
EURUSD,buy,2014-04-20T21:00:00+00:00,2014-04-21T15:00:00+00:00,1.38198,1.37834,1.37881,1.38710,42.8670,-0.15609,
EURUSD,sell,2014-04-21T22:00:00+00:00,2014-04-22T10:00:00+00:00,1.37869,1.38232,1.38186,1.37358,42.3778,-0.15411,
EURUSD,sell,2014-04-18T03:00:00+00:00,2014-04-23T08:00:00+00:00,1.38096,1.38460,1.38413,1.37584,42.8732,-0.15616,
EURUSD,buy,2014-04-23T00:00:00+00:00,2014-04-23T08:00:00+00:00,1.38062,1.38338,1.37745,1.38573,31.3391,0.08648,
EURUSD,buy,2014-04-23T00:00:00+00:00,2014-04-23T09:00:00+00:00,1.38062,1.38343,1.38390,1.38573,10.4464,0.02936,
EURUSD,sell,2014-04-26T16:00:00+00:00,2014-04-28T07:00:00+00:00,1.38288,1.38652,1.38606,1.37776,41.5467,-0.15154,
EURUSD,buy,2014-04-27T21:00:00+00:00,2014-04-28T07:00:00+00:00,1.38436,1.38712,1.38117,1.38948,31.1454,0.08617,
EURUSD,buy,2014-04-27T21:00:00+00:00,2014-04-28T07:00:00+00:00,1.38436,1.38389,1.38436,1.38948,10.3818,-0.00483,
EURUSD,sell,2014-04-28T01:00:00+00:00,2014-04-28T07:00:00+00:00,1.38194,1.38558,1.38511,1.37682,41.5749,-0.15154,
EURUSD,buy,2014-04-28T08:00:00+00:00,2014-04-28T15:00:00+00:00,1.38730,1.38364,1.38411,1.39243,40.6397,-0.14854,
EURUSD,sell,2014-04-29T19:00:00+00:00,2014-04-30T11:00:00+00:00,1.38058,1.38422,1.38375,1.37547,40.2753,-0.14666,
EURUSD,buy,2014-04-30T21:00:00+00:00,2014-05-02T12:00:00+00:00,1.38699,1.38333,1.38380,1.39212,39.5843,-0.14465,
EURUSD,sell,2014-05-02T09:00:00+00:00,2014-05-02T12:00:00+00:00,1.38536,1.38259,1.38855,1.38024,29.7052,0.08236,
EURUSD,sell,2014-05-02T09:00:00+00:00,2014-05-02T12:00:00+00:00,1.38536,1.38583,1.38536,1.38024,9.9017,-0.00461,
EURUSD,buy,2014-05-03T08:00:00+00:00,2014-05-06T07:00:00+00:00,1.38748,1.39025,1.38429,1.39261,29.4969,0.08180,
EURUSD,buy,2014-05-03T08:00:00+00:00,2014-05-06T07:00:00+00:00,1.38748,1.39219,1.38748,1.39261,9.8323,0.04635,
EURUSD,sell,2014-05-04T17:00:00+00:00,2014-05-06T07:00:00+00:00,1.38664,1.39030,1.38983,1.38151,39.3292,-0.14383,
EURUSD,buy,2014-05-04T21:00:00+00:00,2014-05-06T07:00:00+00:00,1.38762,1.39039,1.38443,1.39275,29.4939,0.08180,
EURUSD,buy,2014-05-04T21:00:00+00:00,2014-05-06T07:00:00+00:00,1.38762,1.39233,1.38762,1.39275,9.8313,0.04635,
EURUSD,sell,2014-05-08T02:00:00+00:00,2014-05-08T09:00:00+00:00,1.39125,1.39492,1.39445,1.38610,39.6030,-0.14531,
EURUSD,buy,2014-05-11T15:00:00+00:00,2014-05-13T10:00:00+00:00,1.37594,1.37232,1.37278,1.38103,39.5395,-0.14335,
EURUSD,sell,2014-05-13T09:00:00+00:00,2014-05-13T10:00:00+00:00,1.37439,1.37164,1.37755,1.36930,29.6703,0.08161,
EURUSD,sell,2014-05-13T09:00:00+00:00,2014-05-13T10:00:00+00:00,1.37439,1.37485,1.37439,1.36930,9.8901,-0.00457,
EURUSD,buy,2014-05-16T07:00:00+00:00,2014-05-16T10:00:00+00:00,1.37236,1.36875,1.36921,1.37744,39.4010,-0.14248,
EURUSD,sell,2014-05-17T00:00:00+00:00,2014-05-19T07:00:00+00:00,1.36881,1.37242,1.37196,1.36374,38.9592,-0.14067,
EURUSD,buy,2014-05-18T21:00:00+00:00,2014-05-19T14:00:00+00:00,1.37021,1.37295,1.36706,1.37528,29.2070,0.07998,
EURUSD,buy,2014-05-18T21:00:00+00:00,2014-05-19T15:00:00+00:00,1.37021,1.37099,1.37145,1.37528,9.7357,0.00757,
EURUSD,sell,2014-05-20T14:00:00+00:00,2014-05-21T07:00:00+00:00,1.36914,1.37275,1.37229,1.36407,38.7559,-0.13997,
EURUSD,buy,2014-05-26T10:00:00+00:00,2014-05-27T14:00:00+00:00,1.36467,1.36107,1.36153,1.36972,38.3932,-0.13807,
EURUSD,sell,2014-05-27T22:00:00+00:00,2014-05-28T13:00:00+00:00,1.36316,1.36043,1.36630,1.35812,28.4297,0.07756,
EURUSD,sell,2014-05-27T22:00:00+00:00,2014-05-28T14:00:00+00:00,1.36316,1.36074,1.36028,1.35812,9.4766,0.02296,
EURUSD,buy,2014-05-30T07:00:00+00:00,2014-05-30T15:00:00+00:00,1.36165,1.36437,1.35852,1.36668,28.7553,0.07826,
EURUSD,buy,2014-05-30T07:00:00+00:00,2014-05-30T16:00:00+00:00,1.36165,1.36326,1.36372,1.36668,9.5851,0.01546,
EURUSD,buy,2014-06-01T19:00:00+00:00,2014-06-02T07:00:00+00:00,1.36372,1.36013,1.36058,1.36876,38.6259,-0.13881,
EURUSD,sell,2014-06-01T13:00:00+00:00,2014-06-02T08:00:00+00:00,1.36290,1.36017,1.36604,1.35786,28.9694,0.07902,
EURUSD,sell,2014-06-01T21:00:00+00:00,2014-06-02T08:00:00+00:00,1.36281,1.36008,1.36595,1.35777,28.9713,0.07902,
EURUSD,sell,2014-06-01T13:00:00+00:00,2014-06-02T09:00:00+00:00,1.36290,1.36093,1.36047,1.35786,9.6565,0.01905,
EURUSD,sell,2014-06-01T21:00:00+00:00,2014-06-02T09:00:00+00:00,1.36281,1.36093,1.36047,1.35777,9.6571,0.01818,
EURUSD,buy,2014-06-03T20:00:00+00:00,2014-06-04T09:00:00+00:00,1.36317,1.35958,1.36003,1.36821,38.8487,-0.13956,
EURUSD,sell,2014-06-04T20:00:00+00:00,2014-06-05T11:00:00+00:00,1.35944,1.35672,1.36257,1.35441,28.8140,0.07840,
EURUSD,sell,2014-06-04T20:00:00+00:00,2014-06-05T11:00:00+00:00,1.35944,1.35990,1.35944,1.35441,9.6047,-0.00440,
EURUSD,buy,2014-06-05T21:00:00+00:00,2014-06-06T08:00:00+00:00,1.36669,1.36309,1.36355,1.37175,38.5086,-0.13869,
EURUSD,buy,2014-06-08T21:00:00+00:00,2014-06-09T10:00:00+00:00,1.36500,1.36140,1.36186,1.37005,38.0482,-0.13686,
EURUSD,sell,2014-06-07T14:00:00+00:00,2014-06-09T11:00:00+00:00,1.36377,1.36104,1.36691,1.35872,28.5447,0.07791,
EURUSD,buy,2014-06-08T06:00:00+00:00,2014-06-09T11:00:00+00:00,1.36459,1.36099,1.36145,1.36964,38.0596,-0.13686,
EURUSD,sell,2014-06-08T12:00:00+00:00,2014-06-09T11:00:00+00:00,1.36377,1.36104,1.36691,1.35872,28.5447,0.07791,
EURUSD,buy,2014-06-08T14:00:00+00:00,2014-06-09T11:00:00+00:00,1.36459,1.36099,1.36145,1.36964,38.0596,-0.13686,
EURUSD,sell,2014-06-08T18:00:00+00:00,2014-06-09T11:00:00+00:00,1.36377,1.36104,1.36691,1.35872,28.5447,0.07791,
EURUSD,sell,2014-06-07T14:00:00+00:00,2014-06-09T12:00:00+00:00,1.36377,1.36204,1.36158,1.35872,9.5149,0.01648,
EURUSD,sell,2014-06-08T12:00:00+00:00,2014-06-09T12:00:00+00:00,1.36377,1.36204,1.36158,1.35872,9.5149,0.01648,
EURUSD,sell,2014-06-08T18:00:00+00:00,2014-06-09T12:00:00+00:00,1.36377,1.36204,1.36158,1.35872,9.5149,0.01648,
EURUSD,sell,2014-06-09T11:00:00+00:00,2014-06-10T08:00:00+00:00,1.36095,1.35823,1.36408,1.35591,28.1167,0.07658,
EURUSD,sell,2014-06-09T11:00:00+00:00,2014-06-10T08:00:00+00:00,1.36095,1.35632,1.36095,1.35591,9.3722,0.04340,
EURUSD,buy,2014-06-12T15:00:00+00:00,2014-06-13T14:00:00+00:00,1.35592,1.35234,1.35280,1.36093,38.2756,-0.13678,
EURUSD,buy,2014-06-16T00:00:00+00:00,2014-06-16T07:00:00+00:00,1.35461,1.35104,1.35149,1.35962,37.8076,-0.13498,
EURUSD,sell,2014-06-13T23:00:00+00:00,2014-06-16T12:00:00+00:00,1.35313,1.35670,1.35625,1.34813,37.8261,-0.13504,
EURUSD,sell,2014-06-15T18:00:00+00:00,2014-06-16T12:00:00+00:00,1.35313,1.35670,1.35625,1.34813,37.8261,-0.13504,
EURUSD,sell,2014-06-15T22:00:00+00:00,2014-06-16T12:00:00+00:00,1.35272,1.35629,1.35584,1.34772,37.8375,-0.13504,
EURUSD,buy,2014-06-15T11:00:00+00:00,2014-06-16T14:00:00+00:00,1.35395,1.35665,1.35083,1.35895,28.3696,0.07677,
EURUSD,buy,2014-06-15T11:00:00+00:00,2014-06-16T15:00:00+00:00,1.35395,1.35628,1.35674,1.35895,9.4565,0.02210,
EURUSD,buy,2014-06-15T21:00:00+00:00,2014-06-16T15:00:00+00:00,1.35418,1.35688,1.35106,1.35919,28.3647,0.07677,
EURUSD,buy,2014-06-15T21:00:00+00:00,2014-06-16T16:00:00+00:00,1.35418,1.35628,1.35674,1.35919,9.4549,0.01992,
EURUSD,sell,2014-06-17T22:00:00+00:00,2014-06-18T13:00:00+00:00,1.35424,1.35782,1.35736,1.34923,36.5234,-0.13050,
EURUSD,buy,2014-06-18T19:00:00+00:00,2014-06-19T06:00:00+00:00,1.35887,1.36158,1.35574,1.36389,26.9555,0.07321,
EURUSD,buy,2014-06-18T19:00:00+00:00,2014-06-19T06:00:00+00:00,1.35887,1.35841,1.35887,1.36389,8.9852,-0.00411,
EURUSD,buy,2014-06-23T06:00:00+00:00,2014-06-23T08:00:00+00:00,1.36135,1.35776,1.35822,1.36638,36.1290,-0.12962,
EURUSD,sell,2014-06-20T17:00:00+00:00,2014-06-24T08:00:00+00:00,1.35862,1.36221,1.36175,1.35359,36.1798,-0.12968,
EURUSD,sell,2014-06-22T21:00:00+00:00,2014-06-24T08:00:00+00:00,1.35891,1.36250,1.36204,1.35388,36.1721,-0.12968,
EURUSD,sell,2014-06-23T07:00:00+00:00,2014-06-24T08:00:00+00:00,1.35870,1.36229,1.36183,1.35367,36.1776,-0.12968,
EURUSD,buy,2014-06-24T06:00:00+00:00,2014-06-24T15:00:00+00:00,1.36148,1.35789,1.35835,1.36651,35.6494,-0.12791,
EURUSD,buy,2014-06-22T04:00:00+00:00,2014-06-25T12:00:00+00:00,1.36033,1.36305,1.35720,1.36536,27.1171,0.07373,
EURUSD,buy,2014-06-22T04:00:00+00:00,2014-06-25T13:00:00+00:00,1.36033,1.36277,1.36323,1.36536,9.0390,0.02208,
EURUSD,sell,2014-06-26T20:00:00+00:00,2014-06-27T14:00:00+00:00,1.36072,1.36431,1.36385,1.35569,34.1008,-0.12241,
EURUSD,buy,2014-06-27T16:00:00+00:00,2014-06-30T14:00:00+00:00,1.36447,1.36720,1.36133,1.36952,25.1841,0.06868,
EURUSD,sell,2014-06-29T20:00:00+00:00,2014-06-30T14:00:00+00:00,1.36436,1.36796,1.36750,1.35931,33.5614,-0.12080,
EURUSD,buy,2014-06-27T16:00:00+00:00,2014-06-30T15:00:00+00:00,1.36447,1.36804,1.36850,1.36952,8.3947,0.02997,
EURUSD,buy,2014-06-30T12:00:00+00:00,2014-06-30T15:00:00+00:00,1.36631,1.36904,1.36317,1.37136,25.1502,0.06868,
EURUSD,buy,2014-06-30T12:00:00+00:00,2014-06-30T16:00:00+00:00,1.36631,1.36819,1.36865,1.37136,8.3834,0.01576,
EURUSD,sell,2014-07-02T07:00:00+00:00,2014-07-03T12:00:00+00:00,1.36672,1.36398,1.36986,1.36166,25.2984,0.06920,
EURUSD,sell,2014-07-02T07:00:00+00:00,2014-07-03T12:00:00+00:00,1.36672,1.36207,1.36672,1.36166,8.4328,0.03921,
EURUSD,sell,2014-07-06T21:00:00+00:00,2014-07-09T00:00:00+00:00,1.35889,1.36248,1.36202,1.35386,34.3243,-0.12305,
EURUSD,buy,2014-07-06T04:00:00+00:00,2014-07-09T06:00:00+00:00,1.35985,1.36257,1.35672,1.36488,25.7406,0.06996,
EURUSD,buy,2014-07-06T04:00:00+00:00,2014-07-09T07:00:00+00:00,1.35985,1.36118,1.36164,1.36488,8.5802,0.01144,
EURUSD,buy,2014-07-07T20:00:00+00:00,2014-07-09T14:00:00+00:00,1.36083,1.36355,1.35770,1.36586,25.7221,0.06996,
EURUSD,buy,2014-07-07T20:00:00+00:00,2014-07-09T15:00:00+00:00,1.36083,1.36246,1.36292,1.36586,8.5740,0.01400,
EURUSD,sell,2014-07-10T20:00:00+00:00,2014-07-14T07:00:00+00:00,1.36042,1.36401,1.36355,1.35539,34.4412,-0.12361,
EURUSD,buy,2014-07-12T11:00:00+00:00,2014-07-14T07:00:00+00:00,1.36076,1.36348,1.35763,1.36579,25.8400,0.07028,
EURUSD,buy,2014-07-12T11:00:00+00:00,2014-07-14T07:00:00+00:00,1.36076,1.36030,1.36076,1.36579,8.6133,-0.00395,
EURUSD,sell,2014-07-12T18:00:00+00:00,2014-07-14T07:00:00+00:00,1.35994,1.36353,1.36307,1.35491,34.4533,-0.12361,
EURUSD,buy,2014-07-13T00:00:00+00:00,2014-07-14T07:00:00+00:00,1.36076,1.36348,1.35763,1.36579,25.8400,0.07028,
EURUSD,buy,2014-07-13T00:00:00+00:00,2014-07-14T07:00:00+00:00,1.36076,1.36030,1.36076,1.36579,8.6133,-0.00395,
EURUSD,sell,2014-07-13T02:00:00+00:00,2014-07-14T07:00:00+00:00,1.35994,1.36353,1.36307,1.35491,34.4533,-0.12361,
EURUSD,buy,2014-07-14T07:00:00+00:00,2014-07-15T06:00:00+00:00,1.36398,1.36038,1.36084,1.36902,33.4986,-0.12041,
EURUSD,sell,2014-07-15T15:00:00+00:00,2014-07-16T09:00:00+00:00,1.35684,1.35413,1.35996,1.35182,24.9083,0.06764,
EURUSD,sell,2014-07-15T15:00:00+00:00,2014-07-16T10:00:00+00:00,1.35684,1.35446,1.35400,1.35182,8.3028,0.01982,
EURUSD,buy,2014-07-19T12:00:00+00:00,2014-07-22T08:00:00+00:00,1.35268,1.34911,1.34957,1.35768,33.6567,-0.11999,
EURUSD,sell,2014-07-19T13:00:00+00:00,2014-07-22T08:00:00+00:00,1.35186,1.34916,1.35497,1.34686,25.2425,0.06830,
EURUSD,buy,2014-07-19T21:00:00+00:00,2014-07-22T08:00:00+00:00,1.35268,1.34911,1.34957,1.35768,33.6567,-0.11999,
EURUSD,sell,2014-07-20T17:00:00+00:00,2014-07-22T08:00:00+00:00,1.35186,1.34916,1.35497,1.34686,25.2425,0.06830,
EURUSD,buy,2014-07-20T21:00:00+00:00,2014-07-22T08:00:00+00:00,1.35337,1.34980,1.35025,1.35837,33.6396,-0.11999,
EURUSD,sell,2014-07-22T00:00:00+00:00,2014-07-22T08:00:00+00:00,1.35208,1.34938,1.35519,1.34708,25.2384,0.06830,
EURUSD,sell,2014-07-19T13:00:00+00:00,2014-07-22T09:00:00+00:00,1.35186,1.34957,1.34912,1.34686,8.4142,0.01926,
EURUSD,sell,2014-07-20T17:00:00+00:00,2014-07-22T09:00:00+00:00,1.35186,1.34957,1.34912,1.34686,8.4142,0.01926,
EURUSD,sell,2014-07-22T00:00:00+00:00,2014-07-22T09:00:00+00:00,1.35208,1.34957,1.34912,1.34708,8.4128,0.02111,
EURUSD,buy,2014-07-24T15:00:00+00:00,2014-07-25T12:00:00+00:00,1.34716,1.34361,1.34407,1.35215,33.4401,-0.11874,
EURUSD,sell,2014-07-25T09:00:00+00:00,2014-07-29T12:00:00+00:00,1.34456,1.34187,1.34765,1.33958,25.1136,0.06758,
EURUSD,sell,2014-07-25T09:00:00+00:00,2014-07-29T13:00:00+00:00,1.34456,1.34264,1.34219,1.33958,8.3712,0.01602,
EURUSD,buy,2014-07-27T21:00:00+00:00,2014-07-30T05:00:00+00:00,1.34344,1.33990,1.34035,1.34841,33.0907,-0.11718,
EURUSD,sell,2014-07-29T14:00:00+00:00,2014-07-30T12:00:00+00:00,1.34067,1.33798,1.34375,1.33571,25.0882,0.06732,
EURUSD,sell,2014-07-29T14:00:00+00:00,2014-07-30T12:00:00+00:00,1.34067,1.34112,1.34067,1.33571,8.3627,-0.00378,
EURUSD,buy,2014-08-04T07:00:00+00:00,2014-08-05T07:00:00+00:00,1.34332,1.33978,1.34023,1.34829,33.2052,-0.11757,
EURUSD,buy,2014-08-01T12:00:00+00:00,2014-08-05T08:00:00+00:00,1.34198,1.33845,1.33890,1.34695,33.2384,-0.11757,
EURUSD,sell,2014-08-03T13:00:00+00:00,2014-08-05T08:00:00+00:00,1.34198,1.33929,1.34506,1.33701,24.9139,0.06691,
EURUSD,buy,2014-08-03T23:00:00+00:00,2014-08-05T08:00:00+00:00,1.34320,1.33966,1.34011,1.34817,33.2082,-0.11757,
EURUSD,sell,2014-08-03T13:00:00+00:00,2014-08-05T09:00:00+00:00,1.34198,1.34022,1.33977,1.33701,8.3046,0.01458,
EURUSD,sell,2014-08-04T10:00:00+00:00,2014-08-05T10:00:00+00:00,1.34160,1.33891,1.34468,1.33663,24.9210,0.06691,
EURUSD,sell,2014-08-04T06:00:00+00:00,2014-08-05T11:00:00+00:00,1.34145,1.33876,1.34453,1.33648,24.9237,0.06691,
EURUSD,sell,2014-08-04T10:00:00+00:00,2014-08-05T11:00:00+00:00,1.34160,1.33967,1.33922,1.33663,8.3070,0.01600,
EURUSD,sell,2014-08-04T06:00:00+00:00,2014-08-05T12:00:00+00:00,1.34145,1.33940,1.33895,1.33648,8.3079,0.01700,
EURUSD,buy,2014-08-07T07:00:00+00:00,2014-08-07T13:00:00+00:00,1.33767,1.33415,1.33460,1.34262,32.9551,-0.11620,
EURUSD,sell,2014-08-07T23:00:00+00:00,2014-08-08T06:00:00+00:00,1.33532,1.33884,1.33839,1.33038,32.5584,-0.11473,
EURUSD,buy,2014-08-08T14:00:00+00:00,2014-08-11T08:00:00+00:00,1.34159,1.33806,1.33851,1.34655,31.9979,-0.11315,
EURUSD,sell,2014-08-10T14:00:00+00:00,2014-08-12T01:00:00+00:00,1.34045,1.33776,1.34353,1.33549,24.0045,0.06440,
EURUSD,sell,2014-08-10T14:00:00+00:00,2014-08-12T02:00:00+00:00,1.34045,1.33798,1.33753,1.33549,8.0015,0.01974,
EURUSD,buy,2014-08-13T18:00:00+00:00,2014-08-14T12:00:00+00:00,1.33726,1.33993,1.33419,1.34221,23.9947,0.06413,
EURUSD,buy,2014-08-13T18:00:00+00:00,2014-08-14T12:00:00+00:00,1.33726,1.33681,1.33726,1.34221,7.9982,-0.00361,
EURUSD,sell,2014-08-15T09:00:00+00:00,2014-08-15T11:00:00+00:00,1.33579,1.33931,1.33886,1.33085,32.2355,-0.11363,
EURUSD,sell,2014-08-17T19:00:00+00:00,2014-08-18T14:00:00+00:00,1.33936,1.33668,1.34244,1.33440,23.7942,0.06378,
EURUSD,buy,2014-08-15T14:00:00+00:00,2014-08-18T15:00:00+00:00,1.33865,1.33512,1.33557,1.34360,31.7613,-0.11207,
EURUSD,sell,2014-08-17T19:00:00+00:00,2014-08-18T15:00:00+00:00,1.33936,1.33700,1.33655,1.33440,7.9314,0.01870,
EURUSD,buy,2014-08-22T03:00:00+00:00,2014-08-22T12:00:00+00:00,1.32892,1.32542,1.32586,1.33383,31.8826,-0.11170,
EURUSD,sell,2014-08-22T20:00:00+00:00,2014-08-24T21:00:00+00:00,1.32352,1.32087,1.32657,1.31862,23.6786,0.06272,
EURUSD,sell,2014-08-22T20:00:00+00:00,2014-08-24T21:00:00+00:00,1.32352,1.31902,1.32352,1.31862,7.8929,0.03554,
EURUSD,buy,2014-08-24T15:00:00+00:00,2014-08-24T21:00:00+00:00,1.32432,1.32083,1.32127,1.32922,31.5715,-0.11023,
EURUSD,sell,2014-08-24T16:00:00+00:00,2014-08-24T21:00:00+00:00,1.32352,1.32087,1.32657,1.31862,23.6786,0.06272,
EURUSD,sell,2014-08-24T16:00:00+00:00,2014-08-24T21:00:00+00:00,1.32352,1.31902,1.32352,1.31862,7.8929,0.03554,
EURUSD,buy,2014-08-27T23:00:00+00:00,2014-08-28T13:00:00+00:00,1.31959,1.31611,1.31655,1.32447,32.0118,-0.11137,
EURUSD,sell,2014-08-29T00:00:00+00:00,2014-08-29T15:00:00+00:00,1.31773,1.31510,1.32077,1.31286,23.7113,0.06253,
EURUSD,sell,2014-08-29T00:00:00+00:00,2014-08-29T16:00:00+00:00,1.31773,1.31583,1.31539,1.31286,7.9038,0.01502,
EURUSD,sell,2014-08-31T23:00:00+00:00,2014-09-03T08:00:00+00:00,1.31227,1.31573,1.31529,1.30741,32.0422,-0.11099,
EURUSD,sell,2014-09-02T04:00:00+00:00,2014-09-03T08:00:00+00:00,1.31165,1.31511,1.31466,1.30679,32.0573,-0.11099,
EURUSD,buy,2014-08-31T22:00:00+00:00,2014-09-04T11:00:00+00:00,1.31382,1.31036,1.31080,1.31868,32.0234,-0.11093,
EURUSD,buy,2014-09-01T13:00:00+00:00,2014-09-04T11:00:00+00:00,1.31381,1.31035,1.31079,1.31867,32.0237,-0.11093,
EURUSD,buy,2014-09-03T07:00:00+00:00,2014-09-04T11:00:00+00:00,1.31310,1.30964,1.31008,1.31796,32.0410,-0.11093,
EURUSD,sell,2014-09-04T13:00:00+00:00,2014-09-04T14:00:00+00:00,1.30082,1.29822,1.30381,1.29601,22.6443,0.05895,
EURUSD,sell,2014-09-04T13:00:00+00:00,2014-09-04T14:00:00+00:00,1.30082,1.30126,1.30082,1.29601,7.5481,-0.00332,
EURUSD,buy,2014-09-06T13:00:00+00:00,2014-09-08T17:00:00+00:00,1.29544,1.29202,1.29246,1.30023,30.5508,-0.10437,
EURUSD,sell,2014-09-07T04:00:00+00:00,2014-09-08T17:00:00+00:00,1.29466,1.29207,1.29764,1.28987,22.9131,0.05937,
EURUSD,sell,2014-09-07T04:00:00+00:00,2014-09-08T17:00:00+00:00,1.29466,1.29026,1.29466,1.28987,7.6377,0.03364,
EURUSD,buy,2014-09-07T21:00:00+00:00,2014-09-08T17:00:00+00:00,1.29586,1.29244,1.29288,1.30065,30.5409,-0.10437,
EURUSD,sell,2014-09-08T04:00:00+00:00,2014-09-08T17:00:00+00:00,1.29370,1.29111,1.29668,1.28891,22.9301,0.05937,
EURUSD,sell,2014-09-08T04:00:00+00:00,2014-09-08T17:00:00+00:00,1.29370,1.28930,1.29370,1.28891,7.6434,0.03364,
EURUSD,buy,2014-09-10T04:00:00+00:00,2014-09-10T09:00:00+00:00,1.29267,1.29525,1.28970,1.29745,22.8963,0.05915,
EURUSD,buy,2014-09-10T04:00:00+00:00,2014-09-10T10:00:00+00:00,1.29267,1.29388,1.29432,1.29745,7.6321,0.00927,
EURUSD,sell,2014-09-11T06:00:00+00:00,2014-09-11T07:00:00+00:00,1.29065,1.29406,1.29362,1.28588,30.8227,-0.10503,
EURUSD,buy,2014-09-11T23:00:00+00:00,2014-09-12T15:00:00+00:00,1.29263,1.29521,1.28966,1.29741,22.7908,0.05888,
EURUSD,buy,2014-09-11T23:00:00+00:00,2014-09-12T16:00:00+00:00,1.29263,1.29466,1.29510,1.29741,7.5969,0.01545,
EURUSD,buy,2014-09-15T01:00:00+00:00,2014-09-15T07:00:00+00:00,1.29691,1.29349,1.29393,1.30171,30.5740,-0.10457,
EURUSD,sell,2014-09-15T00:00:00+00:00,2014-09-15T08:00:00+00:00,1.29519,1.29260,1.29817,1.29040,22.9472,0.05948,
EURUSD,sell,2014-09-15T06:00:00+00:00,2014-09-15T08:00:00+00:00,1.29498,1.29239,1.29796,1.29019,22.9509,0.05948,
EURUSD,sell,2014-09-15T00:00:00+00:00,2014-09-15T09:00:00+00:00,1.29519,1.29340,1.29296,1.29040,7.6491,0.01372,
EURUSD,sell,2014-09-15T06:00:00+00:00,2014-09-15T09:00:00+00:00,1.29498,1.29340,1.29296,1.29019,7.6503,0.01211,
EURUSD,buy,2014-09-16T18:00:00+00:00,2014-09-17T18:00:00+00:00,1.29629,1.29287,1.29331,1.30108,30.7439,-0.10510,
EURUSD,sell,2014-09-17T20:00:00+00:00,2014-09-18T08:00:00+00:00,1.28605,1.28945,1.28901,1.28129,30.5615,-0.10377,
EURUSD,buy,2014-09-19T06:00:00+00:00,2014-09-19T10:00:00+00:00,1.28936,1.28596,1.28639,1.29413,30.0989,-0.10235,
EURUSD,sell,2014-09-19T15:00:00+00:00,2014-09-22T03:00:00+00:00,1.28315,1.28654,1.28611,1.27841,29.8276,-0.10106,
EURUSD,buy,2014-09-21T22:00:00+00:00,2014-09-23T08:00:00+00:00,1.28393,1.28649,1.28097,1.28867,22.3707,0.05740,
EURUSD,buy,2014-09-21T22:00:00+00:00,2014-09-23T09:00:00+00:00,1.28393,1.28691,1.28735,1.28867,7.4569,0.02229,
EURUSD,sell,2014-09-24T09:00:00+00:00,2014-09-24T13:00:00+00:00,1.28451,1.28194,1.28747,1.27976,22.2846,0.05729,
EURUSD,sell,2014-09-24T09:00:00+00:00,2014-09-24T13:00:00+00:00,1.28451,1.28014,1.28451,1.27976,7.4282,0.03246,
EURUSD,buy,2014-09-29T12:00:00+00:00,2014-09-29T14:00:00+00:00,1.27142,1.26807,1.26850,1.27612,30.3899,-0.10193,
EURUSD,sell,2014-09-30T10:00:00+00:00,2014-09-30T13:00:00+00:00,1.25894,1.26227,1.26184,1.25428,30.2681,-0.10064,
EURUSD,buy,2014-10-02T07:00:00+00:00,2014-10-02T12:00:00+00:00,1.26289,1.26541,1.25998,1.26756,22.3448,0.05640,
EURUSD,buy,2014-10-02T07:00:00+00:00,2014-10-02T12:00:00+00:00,1.26289,1.26246,1.26289,1.26756,7.4483,-0.00319,
EURUSD,sell,2014-10-03T14:00:00+00:00,2014-10-06T07:00:00+00:00,1.25072,1.25403,1.25360,1.24610,30.2774,-0.10003,
EURUSD,sell,2014-10-05T21:00:00+00:00,2014-10-06T07:00:00+00:00,1.25074,1.25405,1.25362,1.24612,30.2769,-0.10003,
EURUSD,buy,2014-10-05T14:00:00+00:00,2014-10-06T09:00:00+00:00,1.25180,1.25430,1.24892,1.25643,22.7022,0.05680,
EURUSD,buy,2014-10-05T14:00:00+00:00,2014-10-06T10:00:00+00:00,1.25180,1.25373,1.25416,1.25643,7.5674,0.01467,
EURUSD,buy,2014-10-06T03:00:00+00:00,2014-10-06T10:00:00+00:00,1.25222,1.25472,1.24934,1.25685,22.6946,0.05680,
EURUSD,buy,2014-10-06T03:00:00+00:00,2014-10-06T11:00:00+00:00,1.25222,1.25478,1.25521,1.25685,7.5649,0.01943,
EURUSD,sell,2014-10-10T05:00:00+00:00,2014-10-10T07:00:00+00:00,1.27023,1.26769,1.27315,1.26553,22.2048,0.05645,
EURUSD,sell,2014-10-10T05:00:00+00:00,2014-10-10T08:00:00+00:00,1.27023,1.26759,1.26716,1.26553,7.4016,0.01953,
EURUSD,buy,2014-10-12T15:00:00+00:00,2014-10-13T01:00:00+00:00,1.26306,1.26558,1.26015,1.26773,22.5699,0.05697,
EURUSD,buy,2014-10-12T15:00:00+00:00,2014-10-13T01:00:00+00:00,1.26306,1.26735,1.26306,1.26773,7.5233,0.03229,
EURUSD,sell,2014-10-14T20:00:00+00:00,2014-10-15T12:00:00+00:00,1.26537,1.26871,1.26828,1.26069,30.3728,-0.10150,
EURUSD,buy,2014-10-15T18:00:00+00:00,2014-10-15T19:00:00+00:00,1.27795,1.28051,1.27501,1.28268,22.2709,0.05688,
EURUSD,buy,2014-10-15T18:00:00+00:00,2014-10-15T19:00:00+00:00,1.27795,1.27752,1.27795,1.28268,7.4236,-0.00322,
EURUSD,sell,2014-10-17T16:00:00+00:00,2014-10-19T22:00:00+00:00,1.27676,1.27420,1.27969,1.27203,22.4360,0.05733,
EURUSD,sell,2014-10-17T16:00:00+00:00,2014-10-19T23:00:00+00:00,1.27676,1.27555,1.27512,1.27203,7.4787,0.00901,
EURUSD,buy,2014-10-20T14:00:00+00:00,2014-10-20T19:00:00+00:00,1.27840,1.28096,1.27546,1.28313,22.6152,0.05778,
EURUSD,buy,2014-10-20T14:00:00+00:00,2014-10-20T20:00:00+00:00,1.27840,1.27941,1.27984,1.28313,7.5384,0.00756,
EURUSD,sell,2014-10-21T20:00:00+00:00,2014-10-22T08:00:00+00:00,1.27119,1.26864,1.27411,1.26648,22.9226,0.05832,
EURUSD,sell,2014-10-21T20:00:00+00:00,2014-10-22T08:00:00+00:00,1.27119,1.27162,1.27119,1.26648,7.6409,-0.00330,
EURUSD,sell,2014-10-26T12:00:00+00:00,2014-10-27T01:00:00+00:00,1.26650,1.26984,1.26941,1.26181,30.8938,-0.10333,
EURUSD,buy,2014-10-24T12:00:00+00:00,2014-10-27T02:00:00+00:00,1.26791,1.27044,1.26499,1.27260,23.1585,0.05869,
EURUSD,buy,2014-10-26T15:00:00+00:00,2014-10-27T02:00:00+00:00,1.26726,1.26979,1.26435,1.27195,23.1704,0.05869,
EURUSD,buy,2014-10-24T12:00:00+00:00,2014-10-27T03:00:00+00:00,1.26791,1.26989,1.27032,1.27260,7.7195,0.01527,
EURUSD,buy,2014-10-26T15:00:00+00:00,2014-10-27T03:00:00+00:00,1.26726,1.26989,1.27032,1.27195,7.7235,0.02030,
EURUSD,sell,2014-10-29T21:00:00+00:00,2014-10-30T05:00:00+00:00,1.26324,1.26071,1.26615,1.25857,23.3774,0.05910,
EURUSD,sell,2014-10-29T21:00:00+00:00,2014-10-30T06:00:00+00:00,1.26324,1.26087,1.26044,1.25857,7.7925,0.01849,
EURUSD,buy,2014-11-04T12:00:00+00:00,2014-11-04T15:00:00+00:00,1.25176,1.25426,1.24888,1.25639,23.8386,0.05964,
EURUSD,buy,2014-11-04T12:00:00+00:00,2014-11-04T15:00:00+00:00,1.25176,1.25133,1.25176,1.25639,7.9462,-0.00338,
EURUSD,sell,2014-11-05T18:00:00+00:00,2014-11-06T04:00:00+00:00,1.24764,1.25093,1.25051,1.24302,32.0960,-0.10578,
EURUSD,sell,2014-11-09T21:00:00+00:00,2014-11-09T23:00:00+00:00,1.24485,1.24813,1.24771,1.24024,31.7432,-0.10438,
EURUSD,buy,2014-11-08T05:00:00+00:00,2014-11-10T02:00:00+00:00,1.24559,1.24808,1.24273,1.25020,23.8074,0.05927,
EURUSD,buy,2014-11-08T05:00:00+00:00,2014-11-10T03:00:00+00:00,1.24559,1.24682,1.24724,1.25020,7.9358,0.00970,
EURUSD,buy,2014-11-09T22:00:00+00:00,2014-11-10T10:00:00+00:00,1.24671,1.24921,1.24385,1.25133,23.7860,0.05927,
EURUSD,buy,2014-11-09T22:00:00+00:00,2014-11-10T11:00:00+00:00,1.24671,1.24777,1.24819,1.25133,7.9287,0.00834,
EURUSD,sell,2014-11-11T00:00:00+00:00,2014-11-11T08:00:00+00:00,1.24280,1.24031,1.24566,1.23820,23.9437,0.05956,
EURUSD,sell,2014-11-11T00:00:00+00:00,2014-11-11T09:00:00+00:00,1.24280,1.24199,1.24157,1.23820,7.9812,0.00642,
EURUSD,buy,2014-11-12T04:00:00+00:00,2014-11-12T09:00:00+00:00,1.24704,1.24375,1.24418,1.25166,32.1000,-0.10563,
EURUSD,sell,2014-11-13T04:00:00+00:00,2014-11-13T09:00:00+00:00,1.24425,1.24753,1.24711,1.23964,31.7285,-0.10428,
EURUSD,buy,2014-11-13T20:00:00+00:00,2014-11-14T02:00:00+00:00,1.24817,1.24488,1.24530,1.25279,31.2298,-0.10286,
EURUSD,sell,2014-11-16T18:00:00+00:00,2014-11-17T01:00:00+00:00,1.25196,1.25527,1.25484,1.24733,30.7059,-0.10154,
EURUSD,buy,2014-11-17T01:00:00+00:00,2014-11-17T02:00:00+00:00,1.25462,1.25712,1.25173,1.25926,22.6909,0.05690,
EURUSD,buy,2014-11-17T01:00:00+00:00,2014-11-17T02:00:00+00:00,1.25462,1.25419,1.25462,1.25926,7.5636,-0.00322,
EURUSD,sell,2014-11-17T14:00:00+00:00,2014-11-18T07:00:00+00:00,1.24554,1.24883,1.24840,1.24093,30.6723,-0.10092,
EURUSD,buy,2014-11-18T19:00:00+00:00,2014-11-19T13:00:00+00:00,1.25376,1.25626,1.25087,1.25839,22.5652,0.05654,
EURUSD,buy,2014-11-18T19:00:00+00:00,2014-11-19T13:00:00+00:00,1.25376,1.25333,1.25376,1.25839,7.5217,-0.00321,
EURUSD,sell,2014-11-21T09:00:00+00:00,2014-11-21T14:00:00+00:00,1.24347,1.24098,1.24633,1.23886,22.8990,0.05699,
EURUSD,sell,2014-11-21T09:00:00+00:00,2014-11-21T15:00:00+00:00,1.24347,1.24346,1.24304,1.23886,7.6330,0.00003,
EURUSD,sell,2014-11-24T08:00:00+00:00,2014-11-24T09:00:00+00:00,1.23770,1.24097,1.24055,1.23312,30.9046,-0.10105,
EURUSD,buy,2014-11-24T07:00:00+00:00,2014-11-24T15:00:00+00:00,1.24016,1.24264,1.23731,1.24475,23.1463,0.05737,
EURUSD,buy,2014-11-24T09:00:00+00:00,2014-11-24T15:00:00+00:00,1.24065,1.24313,1.23780,1.24524,22.8316,0.05661,
EURUSD,buy,2014-11-24T07:00:00+00:00,2014-11-24T16:00:00+00:00,1.24016,1.24211,1.24253,1.24475,7.7154,0.01501,
EURUSD,buy,2014-11-24T09:00:00+00:00,2014-11-24T16:00:00+00:00,1.24065,1.24211,1.24253,1.24524,7.6105,0.01107,
EURUSD,sell,2014-11-27T21:00:00+00:00,2014-11-28T08:00:00+00:00,1.24632,1.24382,1.24918,1.24170,23.1356,0.05771,
EURUSD,sell,2014-11-27T21:00:00+00:00,2014-11-28T09:00:00+00:00,1.24632,1.24446,1.24404,1.24170,7.7119,0.01429,
EURUSD,buy,2014-11-30T15:00:00+00:00,2014-12-01T07:00:00+00:00,1.24534,1.24206,1.24248,1.24995,31.1792,-0.10246,
EURUSD,sell,2014-11-30T22:00:00+00:00,2014-12-01T08:00:00+00:00,1.24429,1.24757,1.24715,1.23968,31.1870,-0.10251,
EURUSD,buy,2014-12-01T13:00:00+00:00,2014-12-02T07:00:00+00:00,1.24846,1.24517,1.24559,1.25308,30.2801,-0.09975,
EURUSD,sell,2014-12-02T14:00:00+00:00,2014-12-03T06:00:00+00:00,1.23983,1.23735,1.24268,1.23524,22.5530,0.05596,
EURUSD,sell,2014-12-02T14:00:00+00:00,2014-12-03T07:00:00+00:00,1.23983,1.23800,1.23758,1.23524,7.5177,0.01373,
EURUSD,buy,2014-12-04T21:00:00+00:00,2014-12-05T10:00:00+00:00,1.23823,1.23496,1.23538,1.24281,30.4090,-0.09937,
EURUSD,sell,2014-12-05T20:00:00+00:00,2014-12-08T08:00:00+00:00,1.22857,1.22611,1.23140,1.22402,22.6690,0.05574,
EURUSD,buy,2014-12-07T22:00:00+00:00,2014-12-08T08:00:00+00:00,1.22881,1.22557,1.22598,1.23335,30.2377,-0.09807,
EURUSD,sell,2014-12-05T20:00:00+00:00,2014-12-08T09:00:00+00:00,1.22857,1.22740,1.22698,1.22402,7.5563,0.00887,
EURUSD,sell,2014-12-08T10:00:00+00:00,2014-12-08T11:00:00+00:00,1.22450,1.22774,1.22732,1.21997,30.1892,-0.09767,
EURUSD,buy,2014-12-08T18:00:00+00:00,2014-12-09T00:00:00+00:00,1.23323,1.22998,1.23039,1.23779,29.5975,-0.09633,
EURUSD,sell,2014-12-12T01:00:00+00:00,2014-12-12T08:00:00+00:00,1.23914,1.24241,1.24199,1.23455,29.0501,-0.09509,
EURUSD,buy,2014-12-12T20:00:00+00:00,2014-12-15T09:00:00+00:00,1.24582,1.24254,1.24296,1.25043,28.5298,-0.09379,
EURUSD,sell,2014-12-15T02:00:00+00:00,2014-12-15T10:00:00+00:00,1.24453,1.24204,1.24739,1.23992,21.4068,0.05332,
EURUSD,sell,2014-12-15T02:00:00+00:00,2014-12-15T11:00:00+00:00,1.24453,1.24299,1.24257,1.23992,7.1356,0.01094,
EURUSD,buy,2014-12-16T10:00:00+00:00,2014-12-16T11:00:00+00:00,1.24961,1.25211,1.24674,1.25424,21.2438,0.05306,
EURUSD,buy,2014-12-16T10:00:00+00:00,2014-12-16T11:00:00+00:00,1.24961,1.24919,1.24961,1.25424,7.0813,-0.00301,
EURUSD,sell,2014-12-17T16:00:00+00:00,2014-12-17T19:00:00+00:00,1.24028,1.23780,1.24313,1.23569,21.5421,0.05347,
EURUSD,sell,2014-12-17T16:00:00+00:00,2014-12-17T19:00:00+00:00,1.24028,1.24070,1.24028,1.23569,7.1807,-0.00303,
EURUSD,sell,2014-12-21T22:00:00+00:00,2014-12-22T02:00:00+00:00,1.22167,1.22490,1.22448,1.21715,29.3666,-0.09480,
EURUSD,buy,2014-12-21T19:00:00+00:00,2014-12-22T07:00:00+00:00,1.22302,1.22546,1.22020,1.22754,22.0140,0.05381,
EURUSD,buy,2014-12-21T19:00:00+00:00,2014-12-22T08:00:00+00:00,1.22302,1.22462,1.22504,1.22754,7.3380,0.01178,
EURUSD,buy,2014-12-22T01:00:00+00:00,2014-12-22T09:00:00+00:00,1.22404,1.22648,1.22122,1.22856,21.9956,0.05381,
EURUSD,buy,2014-12-22T01:00:00+00:00,2014-12-22T10:00:00+00:00,1.22404,1.22509,1.22551,1.22856,7.3319,0.00774,
EURUSD,sell,2014-12-23T08:00:00+00:00,2014-12-23T13:00:00+00:00,1.22299,1.22055,1.22581,1.21847,22.1004,0.05409,
EURUSD,sell,2014-12-23T08:00:00+00:00,2014-12-23T13:00:00+00:00,1.22299,1.21883,1.22299,1.21847,7.3668,0.03065,
EURUSD,buy,2014-12-25T03:00:00+00:00,2014-12-26T12:00:00+00:00,1.22122,1.21799,1.21841,1.22573,29.8748,-0.09630,
EURUSD,sell,2014-12-28T16:00:00+00:00,2014-12-29T05:00:00+00:00,1.21725,1.22047,1.22006,1.21275,29.5586,-0.09508,
EURUSD,sell,2014-12-26T13:00:00+00:00,2014-12-29T09:00:00+00:00,1.21750,1.22072,1.22031,1.21300,29.5525,-0.09508,
EURUSD,buy,2014-12-28T15:00:00+00:00,2014-12-29T09:00:00+00:00,1.21799,1.22042,1.21518,1.22249,22.1690,0.05397,
EURUSD,buy,2014-12-29T01:00:00+00:00,2014-12-29T09:00:00+00:00,1.21903,1.22146,1.21622,1.22353,22.1500,0.05397,
EURUSD,buy,2014-12-29T01:00:00+00:00,2014-12-29T09:00:00+00:00,1.21903,1.21861,1.21903,1.22353,7.3833,-0.00307,
EURUSD,buy,2014-12-28T15:00:00+00:00,2014-12-29T10:00:00+00:00,1.21799,1.21820,1.21862,1.22249,7.3897,0.00162,
EURUSD,sell,2014-12-30T00:00:00+00:00,2014-12-30T06:00:00+00:00,1.21535,1.21291,1.21814,1.21085,21.9457,0.05338,
EURUSD,sell,2014-12-30T00:00:00+00:00,2014-12-30T07:00:00+00:00,1.21535,1.21394,1.21353,1.21085,7.3152,0.01025,
EURUSD,sell,2015-01-11T19:00:00+00:00,2015-01-11T22:00:00+00:00,1.18370,1.18683,1.18643,1.17932,30.3118,-0.09485,
EURUSD,buy,2015-01-09T19:00:00+00:00,2015-01-12T08:00:00+00:00,1.18452,1.18139,1.18179,1.18890,30.3092,-0.09481,
EURUSD,buy,2015-01-11T22:00:00+00:00,2015-01-12T08:00:00+00:00,1.18704,1.18390,1.18431,1.19143,29.8452,-0.09355,
EURUSD,sell,2015-01-12T12:00:00+00:00,2015-01-12T13:00:00+00:00,1.17869,1.18180,1.18140,1.17432,29.2398,-0.09112,
EURUSD,buy,2015-01-15T07:00:00+00:00,2015-01-15T08:00:00+00:00,1.17806,1.17495,1.17535,1.18242,28.8859,-0.08987,
EURUSD,sell,2015-01-15T09:00:00+00:00,2015-01-15T10:00:00+00:00,1.17184,1.16949,1.17453,1.16750,21.4790,0.05037,
EURUSD,sell,2015-01-15T09:00:00+00:00,2015-01-15T10:00:00+00:00,1.17184,1.17224,1.17184,1.16750,7.1597,-0.00288,
EURUSD,sell,2015-01-18T23:00:00+00:00,2015-01-19T07:00:00+00:00,1.15577,1.15883,1.15843,1.15150,29.2421,-0.08938,
EURUSD,sell,2015-01-19T03:00:00+00:00,2015-01-19T07:00:00+00:00,1.15571,1.15877,1.15837,1.15144,29.2436,-0.08938,
EURUSD,sell,2015-01-18T19:00:00+00:00,2015-01-19T08:00:00+00:00,1.15591,1.15897,1.15857,1.15163,29.2386,-0.08938,
EURUSD,buy,2015-01-18T11:00:00+00:00,2015-01-19T09:00:00+00:00,1.15661,1.15892,1.15395,1.16089,21.9289,0.05069,
EURUSD,buy,2015-01-18T11:00:00+00:00,2015-01-19T09:00:00+00:00,1.15661,1.16054,1.15661,1.16089,7.3096,0.02873,
EURUSD,buy,2015-01-18T22:00:00+00:00,2015-01-19T09:00:00+00:00,1.15673,1.15904,1.15407,1.16101,21.9267,0.05069,
EURUSD,buy,2015-01-18T22:00:00+00:00,2015-01-19T09:00:00+00:00,1.15673,1.16066,1.15673,1.16101,7.3089,0.02873,
EURUSD,buy,2015-01-19T01:00:00+00:00,2015-01-19T09:00:00+00:00,1.15739,1.15970,1.15473,1.16167,21.9142,0.05069,
EURUSD,buy,2015-01-19T01:00:00+00:00,2015-01-19T09:00:00+00:00,1.15739,1.16132,1.15739,1.16167,7.3047,0.02873,
EURUSD,buy,2015-01-19T08:00:00+00:00,2015-01-19T09:00:00+00:00,1.15875,1.16106,1.15608,1.16303,21.0204,0.04868,
EURUSD,buy,2015-01-19T08:00:00+00:00,2015-01-19T09:00:00+00:00,1.15875,1.15835,1.15875,1.16303,7.0068,-0.00279,
EURUSD,sell,2015-01-20T18:00:00+00:00,2015-01-21T04:00:00+00:00,1.15482,1.15788,1.15748,1.15055,29.3354,-0.08959,
EURUSD,buy,2015-01-21T20:00:00+00:00,2015-01-21T23:00:00+00:00,1.15919,1.16150,1.15652,1.16348,21.6420,0.05014,
EURUSD,buy,2015-01-21T20:00:00+00:00,2015-01-22T00:00:00+00:00,1.15919,1.16033,1.16073,1.16348,7.2140,0.00825,
EURUSD,sell,2015-01-22T17:00:00+00:00,2015-01-22T20:00:00+00:00,1.13793,1.13565,1.14055,1.13372,22.2254,0.05062,
EURUSD,sell,2015-01-22T17:00:00+00:00,2015-01-22T20:00:00+00:00,1.13793,1.13832,1.13793,1.13372,7.4085,-0.00290,
EURUSD,buy,2015-01-26T14:00:00+00:00,2015-01-26T21:00:00+00:00,1.12753,1.12455,1.12494,1.13170,30.1369,-0.08981,
EURUSD,sell,2015-01-29T02:00:00+00:00,2015-01-29T09:00:00+00:00,1.12793,1.13092,1.13053,1.12376,29.7100,-0.08866,
EURUSD,buy,2015-01-30T04:00:00+00:00,2015-01-30T09:00:00+00:00,1.13307,1.13008,1.13046,1.13726,29.2017,-0.08744,
EURUSD,sell,2015-01-31T00:00:00+00:00,2015-02-01T22:00:00+00:00,1.12816,1.13115,1.13076,1.12399,28.9237,-0.08633,
EURUSD,buy,2015-02-01T22:00:00+00:00,2015-02-02T08:00:00+00:00,1.13151,1.13377,1.12891,1.13569,21.3554,0.04829,
EURUSD,buy,2015-02-01T22:00:00+00:00,2015-02-02T08:00:00+00:00,1.13151,1.13112,1.13151,1.13569,7.1185,-0.00277,
EURUSD,sell,2015-02-05T01:00:00+00:00,2015-02-05T07:00:00+00:00,1.13389,1.13689,1.13650,1.12969,28.5977,-0.08578,
EURUSD,buy,2015-02-05T23:00:00+00:00,2015-02-06T07:00:00+00:00,1.14739,1.14436,1.14476,1.15164,27.9042,-0.08459,
EURUSD,sell,2015-02-06T21:00:00+00:00,2015-02-09T02:00:00+00:00,1.13094,1.13393,1.13354,1.12675,27.9193,-0.08354,
EURUSD,buy,2015-02-09T00:00:00+00:00,2015-02-09T07:00:00+00:00,1.13178,1.13404,1.12918,1.13597,20.9365,0.04736,
EURUSD,buy,2015-02-09T00:00:00+00:00,2015-02-09T08:00:00+00:00,1.13178,1.13344,1.13383,1.13597,6.9788,0.01159,
EURUSD,sell,2015-02-10T13:00:00+00:00,2015-02-10T15:00:00+00:00,1.12925,1.13224,1.13185,1.12507,27.8522,-0.08321,
EURUSD,buy,2015-02-11T10:00:00+00:00,2015-02-11T17:00:00+00:00,1.13106,1.12807,1.12846,1.13524,27.4564,-0.08207,
EURUSD,sell,2015-02-11T11:00:00+00:00,2015-02-11T21:00:00+00:00,1.12999,1.13298,1.13259,1.12581,27.4659,-0.08211,
EURUSD,buy,2015-02-12T09:00:00+00:00,2015-02-12T13:00:00+00:00,1.13471,1.13698,1.13210,1.13891,19.9833,0.04532,
EURUSD,buy,2015-02-12T09:00:00+00:00,2015-02-12T13:00:00+00:00,1.13471,1.13432,1.13471,1.13891,6.6611,-0.00260,
EURUSD,sell,2015-02-14T09:00:00+00:00,2015-02-16T00:00:00+00:00,1.13843,1.14144,1.14105,1.13421,26.7290,-0.08049,
EURUSD,buy,2015-02-15T22:00:00+00:00,2015-02-16T07:00:00+00:00,1.14018,1.14246,1.13756,1.14440,20.0279,0.04564,
EURUSD,buy,2015-02-15T22:00:00+00:00,2015-02-16T08:00:00+00:00,1.14018,1.14100,1.14139,1.14440,6.6760,0.00545,
EURUSD,sell,2015-02-16T23:00:00+00:00,2015-02-17T02:00:00+00:00,1.13288,1.13588,1.13549,1.12869,26.7301,-0.08011,
EURUSD,buy,2015-02-17T21:00:00+00:00,2015-02-18T07:00:00+00:00,1.14145,1.13844,1.13883,1.14567,26.1943,-0.07901,
EURUSD,sell,2015-02-18T21:00:00+00:00,2015-02-19T02:00:00+00:00,1.13933,1.14234,1.14195,1.13511,25.8808,-0.07800,
EURUSD,buy,2015-02-19T12:00:00+00:00,2015-02-20T01:00:00+00:00,1.13830,1.13529,1.13568,1.14251,25.5769,-0.07694,
EURUSD,sell,2015-02-19T22:00:00+00:00,2015-02-20T08:00:00+00:00,1.13597,1.13370,1.13858,1.13176,19.2106,0.04368,
EURUSD,sell,2015-02-19T22:00:00+00:00,2015-02-20T08:00:00+00:00,1.13597,1.13636,1.13597,1.13176,6.4035,-0.00250,
EURUSD,buy,2015-02-21T08:00:00+00:00,2015-02-23T07:00:00+00:00,1.13806,1.13505,1.13544,1.14227,25.4252,-0.07646,
EURUSD,sell,2015-02-22T16:00:00+00:00,2015-02-23T07:00:00+00:00,1.13738,1.13510,1.14000,1.13317,19.0689,0.04341,
EURUSD,sell,2015-02-22T16:00:00+00:00,2015-02-23T07:00:00+00:00,1.13738,1.13777,1.13738,1.13317,6.3563,-0.00249,
EURUSD,buy,2015-02-22T21:00:00+00:00,2015-02-23T07:00:00+00:00,1.13806,1.13505,1.13544,1.14227,25.4252,-0.07646,
EURUSD,sell,2015-02-23T08:00:00+00:00,2015-02-23T09:00:00+00:00,1.13401,1.13174,1.13662,1.12981,18.7552,0.04257,
EURUSD,sell,2015-02-23T08:00:00+00:00,2015-02-23T09:00:00+00:00,1.13401,1.13440,1.13401,1.12981,6.2517,-0.00244,
EURUSD,buy,2015-02-25T05:00:00+00:00,2015-02-25T07:00:00+00:00,1.13516,1.13743,1.13255,1.13936,18.8801,0.04283,
EURUSD,buy,2015-02-25T05:00:00+00:00,2015-02-25T07:00:00+00:00,1.13516,1.13477,1.13516,1.13936,6.2934,-0.00246,
EURUSD,sell,2015-02-26T15:00:00+00:00,2015-02-26T18:00:00+00:00,1.12101,1.11877,1.12359,1.11686,19.2419,0.04317,
EURUSD,sell,2015-02-26T15:00:00+00:00,2015-02-26T19:00:00+00:00,1.12101,1.12050,1.12011,1.11686,6.4140,0.00332,
EURUSD,buy,2015-03-02T19:00:00+00:00,2015-03-03T11:00:00+00:00,1.11894,1.11598,1.11636,1.12307,25.9267,-0.07668,
EURUSD,sell,2015-03-03T09:00:00+00:00,2015-03-03T14:00:00+00:00,1.11688,1.11984,1.11945,1.11275,25.9588,-0.07672,
EURUSD,buy,2015-03-09T07:00:00+00:00,2015-03-09T08:00:00+00:00,1.08674,1.08891,1.08424,1.09076,19.4917,0.04234,
EURUSD,buy,2015-03-09T07:00:00+00:00,2015-03-09T08:00:00+00:00,1.08674,1.08636,1.08674,1.09076,6.4972,-0.00244,
EURUSD,sell,2015-03-10T05:00:00+00:00,2015-03-10T07:00:00+00:00,1.07948,1.08233,1.08196,1.07548,26.3327,-0.07526,
EURUSD,buy,2015-03-12T23:00:00+00:00,2015-03-13T04:00:00+00:00,1.06296,1.06015,1.06051,1.06689,26.4038,-0.07425,
EURUSD,sell,2015-03-13T18:00:00+00:00,2015-03-13T20:00:00+00:00,1.04705,1.04982,1.04945,1.04317,26.4346,-0.07332,
EURUSD,buy,2015-03-15T17:00:00+00:00,2015-03-15T21:00:00+00:00,1.04974,1.04697,1.04733,1.05363,26.0331,-0.07232,
EURUSD,sell,2015-03-15T21:00:00+00:00,2015-03-16T01:00:00+00:00,1.04838,1.05115,1.05079,1.04450,25.7067,-0.07139,
EURUSD,buy,2015-03-16T01:00:00+00:00,2015-03-16T05:00:00+00:00,1.05300,1.05021,1.05057,1.05689,25.2701,-0.07041,
EURUSD,sell,2015-03-19T23:00:00+00:00,2015-03-20T01:00:00+00:00,1.06656,1.06938,1.06901,1.06261,24.6038,-0.06949,
EURUSD,buy,2015-03-20T19:00:00+00:00,2015-03-22T21:00:00+00:00,1.08129,1.08346,1.07881,1.08529,17.9712,0.03884,
EURUSD,buy,2015-03-20T19:00:00+00:00,2015-03-22T21:00:00+00:00,1.08129,1.08497,1.08129,1.08529,5.9904,0.02201,
EURUSD,sell,2015-03-22T16:00:00+00:00,2015-03-22T21:00:00+00:00,1.08128,1.08414,1.08376,1.07727,23.9477,-0.06856,
EURUSD,buy,2015-03-22T19:00:00+00:00,2015-03-22T21:00:00+00:00,1.08192,1.08409,1.07944,1.08593,17.9608,0.03884,
EURUSD,buy,2015-03-22T19:00:00+00:00,2015-03-22T21:00:00+00:00,1.08192,1.08560,1.08192,1.08593,5.9869,0.02201,
EURUSD,sell,2015-03-23T07:00:00+00:00,2015-03-23T09:00:00+00:00,1.07876,1.08161,1.08124,1.07476,24.2498,-0.06926,
EURUSD,buy,2015-03-23T10:00:00+00:00,2015-03-23T11:00:00+00:00,1.08689,1.08906,1.08439,1.09091,17.8231,0.03872,
EURUSD,buy,2015-03-23T10:00:00+00:00,2015-03-23T11:00:00+00:00,1.08689,1.08651,1.08689,1.09091,5.9410,-0.00223,
EURUSD,sell,2015-03-25T09:00:00+00:00,2015-03-25T10:00:00+00:00,1.09510,1.09800,1.09762,1.09105,23.7382,-0.06881,
EURUSD,buy,2015-03-25T13:00:00+00:00,2015-03-26T06:00:00+00:00,1.09724,1.09943,1.09472,1.10130,17.5444,0.03847,
EURUSD,buy,2015-03-25T13:00:00+00:00,2015-03-26T06:00:00+00:00,1.09724,1.09686,1.09724,1.10130,5.8481,-0.00222,
EURUSD,sell,2015-03-26T22:00:00+00:00,2015-03-27T07:00:00+00:00,1.08759,1.08542,1.09010,1.08357,17.8144,0.03878,
EURUSD,sell,2015-03-26T22:00:00+00:00,2015-03-27T07:00:00+00:00,1.08759,1.08797,1.08759,1.08357,5.9381,-0.00223,
EURUSD,buy,2015-03-28T11:00:00+00:00,2015-03-30T00:00:00+00:00,1.08907,1.08619,1.08656,1.09309,23.9024,-0.06884,
EURUSD,sell,2015-03-29T12:00:00+00:00,2015-03-30T00:00:00+00:00,1.08841,1.08624,1.09092,1.08439,17.9268,0.03905,
EURUSD,buy,2015-03-29T21:00:00+00:00,2015-03-30T00:00:00+00:00,1.08920,1.08632,1.08669,1.09323,23.8996,-0.06884,
EURUSD,sell,2015-03-29T12:00:00+00:00,2015-03-30T01:00:00+00:00,1.08841,1.08833,1.08795,1.08439,5.9756,0.00052,
EURUSD,sell,2015-03-29T23:00:00+00:00,2015-03-30T07:00:00+00:00,1.08795,1.08578,1.09046,1.08393,17.9344,0.03905,
EURUSD,sell,2015-03-29T23:00:00+00:00,2015-03-30T07:00:00+00:00,1.08795,1.08425,1.08795,1.08393,5.9781,0.02213,
EURUSD,buy,2015-04-02T03:00:00+00:00,2015-04-02T06:00:00+00:00,1.07706,1.07922,1.07459,1.08105,17.9980,0.03874,
EURUSD,buy,2015-04-02T03:00:00+00:00,2015-04-02T06:00:00+00:00,1.07706,1.08072,1.07706,1.08105,5.9993,0.02196,
EURUSD,sell,2015-04-05T12:00:00+00:00,2015-04-05T21:00:00+00:00,1.09680,1.09970,1.09932,1.09274,23.8279,-0.06918,
EURUSD,buy,2015-04-05T20:00:00+00:00,2015-04-05T21:00:00+00:00,1.09746,1.09965,1.09494,1.10152,17.8710,0.03920,
EURUSD,buy,2015-04-05T20:00:00+00:00,2015-04-05T22:00:00+00:00,1.09746,1.09867,1.09905,1.10152,5.9570,0.00721,
EURUSD,sell,2015-04-07T01:00:00+00:00,2015-04-07T06:00:00+00:00,1.09373,1.09154,1.09625,1.08968,17.8431,0.03906,
EURUSD,sell,2015-04-07T01:00:00+00:00,2015-04-07T06:00:00+00:00,1.09373,1.09411,1.09373,1.08968,5.9477,-0.00225,
EURUSD,buy,2015-04-12T22:00:00+00:00,2015-04-13T02:00:00+00:00,1.06159,1.05878,1.05915,1.06552,24.6993,-0.06937,
EURUSD,buy,2015-04-12T08:00:00+00:00,2015-04-13T05:00:00+00:00,1.06054,1.05773,1.05810,1.06446,24.7237,-0.06937,
EURUSD,buy,2015-04-12T16:00:00+00:00,2015-04-13T05:00:00+00:00,1.06054,1.05773,1.05810,1.06446,24.7237,-0.06937,
EURUSD,sell,2015-04-13T04:00:00+00:00,2015-04-13T06:00:00+00:00,1.05848,1.06129,1.06092,1.05456,24.4293,-0.06849,
EURUSD,sell,2015-04-12T14:00:00+00:00,2015-04-13T07:00:00+00:00,1.05990,1.05778,1.06234,1.05598,18.5428,0.03933,
EURUSD,sell,2015-04-12T14:00:00+00:00,2015-04-13T07:00:00+00:00,1.05990,1.06027,1.05990,1.05598,6.1809,-0.00227,
EURUSD,sell,2015-04-12T19:00:00+00:00,2015-04-13T07:00:00+00:00,1.05990,1.05778,1.06234,1.05598,18.5428,0.03933,
EURUSD,sell,2015-04-12T19:00:00+00:00,2015-04-13T07:00:00+00:00,1.05990,1.06027,1.05990,1.05598,6.1809,-0.00227,
EURUSD,buy,2015-04-14T15:00:00+00:00,2015-04-14T18:00:00+00:00,1.06758,1.06476,1.06513,1.07153,23.6120,-0.06669,
EURUSD,buy,2015-04-19T21:00:00+00:00,2015-04-19T23:00:00+00:00,1.08148,1.07862,1.07900,1.08548,23.0000,-0.06579,
EURUSD,sell,2015-04-19T22:00:00+00:00,2015-04-20T00:00:00+00:00,1.07909,1.08194,1.08157,1.07509,23.0373,-0.06582,
EURUSD,sell,2015-04-19T20:00:00+00:00,2015-04-20T04:00:00+00:00,1.08016,1.07799,1.08264,1.07616,17.2609,0.03731,
EURUSD,buy,2015-04-20T00:00:00+00:00,2015-04-20T04:00:00+00:00,1.08108,1.07822,1.07860,1.08508,22.3997,-0.06405,
EURUSD,sell,2015-04-19T20:00:00+00:00,2015-04-20T05:00:00+00:00,1.08016,1.07877,1.07840,1.07616,5.7536,0.00795,
EURUSD,sell,2015-04-20T01:00:00+00:00,2015-04-20T08:00:00+00:00,1.07902,1.07686,1.08150,1.07502,16.8219,0.03633,
EURUSD,sell,2015-04-20T01:00:00+00:00,2015-04-20T08:00:00+00:00,1.07902,1.07939,1.07902,1.07502,5.6073,-0.00210,
EURUSD,buy,2015-04-22T06:00:00+00:00,2015-04-22T08:00:00+00:00,1.07714,1.07429,1.07467,1.08113,22.5534,-0.06426,
EURUSD,sell,2015-04-23T05:00:00+00:00,2015-04-23T07:00:00+00:00,1.07044,1.06830,1.07290,1.06648,16.7857,0.03596,
EURUSD,sell,2015-04-23T05:00:00+00:00,2015-04-23T08:00:00+00:00,1.07044,1.06935,1.06898,1.06648,5.5952,0.00609,
EURUSD,buy,2015-04-23T17:00:00+00:00,2015-04-24T00:00:00+00:00,1.08323,1.08037,1.08074,1.08724,22.3240,-0.06396,
EURUSD,sell,2015-04-26T21:00:00+00:00,2015-04-27T08:00:00+00:00,1.08637,1.08420,1.08887,1.08235,16.4639,0.03580,
EURUSD,sell,2015-04-26T21:00:00+00:00,2015-04-27T09:00:00+00:00,1.08637,1.08536,1.08498,1.08235,5.4880,0.00559,
EURUSD,buy,2015-04-28T01:00:00+00:00,2015-04-28T09:00:00+00:00,1.08813,1.09030,1.08562,1.09215,16.5899,0.03608,
EURUSD,buy,2015-04-28T01:00:00+00:00,2015-04-28T09:00:00+00:00,1.08813,1.09182,1.08813,1.09215,5.5300,0.02045,
EURUSD,sell,2015-05-02T07:00:00+00:00,2015-05-04T06:00:00+00:00,1.11914,1.12211,1.12172,1.11500,21.7464,-0.06440,
EURUSD,buy,2015-05-03T16:00:00+00:00,2015-05-04T06:00:00+00:00,1.11982,1.12205,1.11724,1.12396,16.3098,0.03650,
EURUSD,buy,2015-05-03T16:00:00+00:00,2015-05-04T06:00:00+00:00,1.11982,1.11943,1.11982,1.12396,5.4366,-0.00210,
EURUSD,sell,2015-05-03T18:00:00+00:00,2015-05-04T06:00:00+00:00,1.11914,1.12211,1.12172,1.11500,21.7464,-0.06440,
EURUSD,buy,2015-05-06T01:00:00+00:00,2015-05-06T03:00:00+00:00,1.11981,1.12204,1.11723,1.12395,15.9938,0.03580,
EURUSD,buy,2015-05-06T01:00:00+00:00,2015-05-06T03:00:00+00:00,1.11981,1.12361,1.11981,1.12395,5.3313,0.02028,
EURUSD,sell,2015-05-08T01:00:00+00:00,2015-05-08T02:00:00+00:00,1.12389,1.12164,1.12648,1.11973,16.1131,0.03624,
EURUSD,sell,2015-05-08T01:00:00+00:00,2015-05-08T02:00:00+00:00,1.12389,1.12428,1.12389,1.11973,5.3710,-0.00208,
EURUSD,buy,2015-05-12T11:00:00+00:00,2015-05-12T14:00:00+00:00,1.12395,1.12619,1.12136,1.12810,16.2360,0.03647,
EURUSD,buy,2015-05-12T11:00:00+00:00,2015-05-12T14:00:00+00:00,1.12395,1.12356,1.12395,1.12810,5.4120,-0.00210,
EURUSD,buy,2015-05-17T20:00:00+00:00,2015-05-18T00:00:00+00:00,1.14535,1.14233,1.14272,1.14959,21.3935,-0.06474,
EURUSD,sell,2015-05-17T19:00:00+00:00,2015-05-18T01:00:00+00:00,1.14467,1.14238,1.14730,1.14043,16.0452,0.03676,
EURUSD,sell,2015-05-17T19:00:00+00:00,2015-05-18T02:00:00+00:00,1.14467,1.14383,1.14344,1.14043,5.3484,0.00446,
EURUSD,sell,2015-05-17T21:00:00+00:00,2015-05-18T07:00:00+00:00,1.14398,1.14169,1.14661,1.13974,16.0548,0.03676,
EURUSD,sell,2015-05-17T21:00:00+00:00,2015-05-18T07:00:00+00:00,1.14398,1.14008,1.14398,1.13974,5.3516,0.02083,
EURUSD,buy,2015-05-21T17:00:00+00:00,2015-05-22T04:00:00+00:00,1.11233,1.11456,1.10978,1.11645,16.6363,0.03698,
EURUSD,buy,2015-05-21T17:00:00+00:00,2015-05-22T05:00:00+00:00,1.11233,1.11336,1.11374,1.11645,5.5454,0.00567,
EURUSD,sell,2015-05-22T17:00:00+00:00,2015-05-24T21:00:00+00:00,1.10099,1.09879,1.10352,1.09691,16.9429,0.03733,
EURUSD,sell,2015-05-22T17:00:00+00:00,2015-05-24T21:00:00+00:00,1.10099,1.09724,1.10099,1.09691,5.6476,0.02115,
EURUSD,buy,2015-05-28T06:00:00+00:00,2015-05-28T07:00:00+00:00,1.09378,1.09089,1.09126,1.09782,23.0205,-0.06658,
EURUSD,sell,2015-05-31T16:00:00+00:00,2015-05-31T23:00:00+00:00,1.09798,1.09578,1.10051,1.09392,16.9617,0.03727,
EURUSD,buy,2015-05-31T17:00:00+00:00,2015-05-31T23:00:00+00:00,1.09864,1.09573,1.09611,1.10270,22.6156,-0.06570,
EURUSD,sell,2015-05-31T18:00:00+00:00,2015-05-31T23:00:00+00:00,1.09798,1.09578,1.10051,1.09392,16.9617,0.03727,
EURUSD,buy,2015-05-31T19:00:00+00:00,2015-05-31T23:00:00+00:00,1.09864,1.09573,1.09611,1.10270,22.6156,-0.06570,
EURUSD,sell,2015-05-31T16:00:00+00:00,2015-06-01T00:00:00+00:00,1.09798,1.09664,1.09626,1.09392,5.6539,0.00759,
EURUSD,sell,2015-05-31T18:00:00+00:00,2015-06-01T00:00:00+00:00,1.09798,1.09664,1.09626,1.09392,5.6539,0.00759,
EURUSD,sell,2015-05-31T21:00:00+00:00,2015-06-01T00:00:00+00:00,1.09769,1.09549,1.10022,1.09363,16.9662,0.03727,
EURUSD,sell,2015-05-31T21:00:00+00:00,2015-06-01T00:00:00+00:00,1.09769,1.09396,1.09769,1.09363,5.6554,0.02112,
EURUSD,buy,2015-06-02T13:00:00+00:00,2015-06-02T14:00:00+00:00,1.11293,1.11516,1.11037,1.11705,16.8002,0.03737,
EURUSD,buy,2015-06-02T13:00:00+00:00,2015-06-02T14:00:00+00:00,1.11293,1.11255,1.11293,1.11705,5.6001,-0.00215,
EURUSD,sell,2015-06-05T07:00:00+00:00,2015-06-05T10:00:00+00:00,1.12714,1.12489,1.12973,1.12297,16.6956,0.03766,
EURUSD,sell,2015-06-05T07:00:00+00:00,2015-06-05T10:00:00+00:00,1.12714,1.12331,1.12714,1.12297,5.5652,0.02134,
EURUSD,buy,2015-06-07T13:00:00+00:00,2015-06-08T00:00:00+00:00,1.11136,1.10843,1.10881,1.11547,22.8559,-0.06715,
EURUSD,sell,2015-06-07T15:00:00+00:00,2015-06-08T06:00:00+00:00,1.11070,1.11364,1.11325,1.10659,22.8559,-0.06718,
EURUSD,buy,2015-06-08T07:00:00+00:00,2015-06-08T08:00:00+00:00,1.11698,1.11403,1.11442,1.12112,22.1394,-0.06537,
EURUSD,sell,2015-06-11T13:00:00+00:00,2015-06-11T15:00:00+00:00,1.12244,1.12541,1.12503,1.11829,21.7274,-0.06453,
EURUSD,buy,2015-06-13T05:00:00+00:00,2015-06-14T21:00:00+00:00,1.12665,1.12367,1.12406,1.13082,21.3729,-0.06364,
EURUSD,sell,2015-06-14T14:00:00+00:00,2015-06-14T21:00:00+00:00,1.12597,1.12372,1.12856,1.12180,16.0296,0.03612,
EURUSD,sell,2015-06-14T14:00:00+00:00,2015-06-14T21:00:00+00:00,1.12597,1.12214,1.12597,1.12180,5.3432,0.02047,
EURUSD,buy,2015-06-14T19:00:00+00:00,2015-06-14T21:00:00+00:00,1.12665,1.12367,1.12406,1.13082,21.3729,-0.06364,
EURUSD,sell,2015-06-14T21:00:00+00:00,2015-06-15T07:00:00+00:00,1.12106,1.12403,1.12364,1.11691,21.1512,-0.06274,
EURUSD,buy,2015-06-16T01:00:00+00:00,2015-06-16T06:00:00+00:00,1.12767,1.12992,1.12508,1.13184,15.5713,0.03509,
EURUSD,buy,2015-06-16T01:00:00+00:00,2015-06-16T06:00:00+00:00,1.12767,1.12728,1.12767,1.13184,5.1904,-0.00202,
EURUSD,sell,2015-06-17T02:00:00+00:00,2015-06-17T07:00:00+00:00,1.12501,1.12799,1.12760,1.12085,20.9452,-0.06235,
EURUSD,buy,2015-06-17T19:00:00+00:00,2015-06-18T00:00:00+00:00,1.13455,1.13682,1.13194,1.13875,15.3801,0.03487,
EURUSD,buy,2015-06-17T19:00:00+00:00,2015-06-18T01:00:00+00:00,1.13455,1.13515,1.13554,1.13875,5.1267,0.00307,
EURUSD,sell,2015-06-19T14:00:00+00:00,2015-06-19T17:00:00+00:00,1.13262,1.13562,1.13523,1.12843,20.6968,-0.06202,
EURUSD,sell,2015-06-21T17:00:00+00:00,2015-06-21T21:00:00+00:00,1.13453,1.13753,1.13714,1.13033,20.3888,-0.06119,
EURUSD,buy,2015-06-20T18:00:00+00:00,2015-06-22T01:00:00+00:00,1.13521,1.13748,1.13260,1.13941,15.2916,0.03469,
EURUSD,buy,2015-06-21T20:00:00+00:00,2015-06-22T01:00:00+00:00,1.13521,1.13748,1.13260,1.13941,15.2916,0.03469,
EURUSD,buy,2015-06-20T18:00:00+00:00,2015-06-22T02:00:00+00:00,1.13521,1.13662,1.13701,1.13941,5.0972,0.00718,
EURUSD,buy,2015-06-21T20:00:00+00:00,2015-06-22T02:00:00+00:00,1.13521,1.13662,1.13701,1.13941,5.0972,0.00718,
EURUSD,sell,2015-06-23T00:00:00+00:00,2015-06-23T02:00:00+00:00,1.13333,1.13106,1.13594,1.12914,15.3824,0.03489,
EURUSD,sell,2015-06-23T00:00:00+00:00,2015-06-23T02:00:00+00:00,1.13333,1.12947,1.13333,1.12914,5.1275,0.01977,
EURUSD,buy,2015-06-25T03:00:00+00:00,2015-06-25T06:00:00+00:00,1.12179,1.11882,1.11921,1.12594,20.9770,-0.06220,
EURUSD,sell,2015-06-26T01:00:00+00:00,2015-06-26T07:00:00+00:00,1.11816,1.12112,1.12074,1.11403,20.7543,-0.06141,
EURUSD,buy,2015-06-28T13:00:00+00:00,2015-06-28T21:00:00+00:00,1.11658,1.11363,1.11402,1.12072,20.5211,-0.06057,
EURUSD,sell,2015-06-28T19:00:00+00:00,2015-06-28T21:00:00+00:00,1.11592,1.11368,1.11848,1.11178,15.3908,0.03437,
EURUSD,sell,2015-06-28T19:00:00+00:00,2015-06-28T21:00:00+00:00,1.11592,1.11212,1.11592,1.11178,5.1303,0.01948,
EURUSD,buy,2015-06-29T22:00:00+00:00,2015-06-30T01:00:00+00:00,1.12192,1.11895,1.11934,1.12607,20.3936,-0.06048,
EURUSD,sell,2015-07-01T04:00:00+00:00,2015-07-01T07:00:00+00:00,1.11356,1.11133,1.11612,1.10943,15.1972,0.03387,
EURUSD,sell,2015-07-01T04:00:00+00:00,2015-07-01T08:00:00+00:00,1.11356,1.11378,1.11340,1.10943,5.0657,-0.00116,
EURUSD,buy,2015-07-03T03:00:00+00:00,2015-07-03T16:00:00+00:00,1.10966,1.10673,1.10711,1.11377,20.4937,-0.06012,
EURUSD,sell,2015-07-05T21:00:00+00:00,2015-07-05T22:00:00+00:00,1.09775,1.10066,1.10028,1.09369,20.4299,-0.05936,
EURUSD,buy,2015-07-08T14:00:00+00:00,2015-07-08T17:00:00+00:00,1.10677,1.10385,1.10423,1.11087,20.0073,-0.05854,
EURUSD,sell,2015-07-10T01:00:00+00:00,2015-07-10T05:00:00+00:00,1.10800,1.11093,1.11055,1.10390,19.7090,-0.05779,
EURUSD,buy,2015-07-10T05:00:00+00:00,2015-07-10T06:00:00+00:00,1.11198,1.10904,1.10943,1.11610,19.3902,-0.05700,
EURUSD,sell,2015-07-12T08:00:00+00:00,2015-07-12T21:00:00+00:00,1.11486,1.11262,1.11742,1.11073,14.3048,0.03192,
EURUSD,sell,2015-07-12T08:00:00+00:00,2015-07-12T21:00:00+00:00,1.11486,1.11106,1.11486,1.11073,4.7683,0.01809,
EURUSD,buy,2015-07-12T14:00:00+00:00,2015-07-12T21:00:00+00:00,1.11552,1.11258,1.11296,1.11965,19.0731,-0.05624,
EURUSD,sell,2015-07-12T21:00:00+00:00,2015-07-13T01:00:00+00:00,1.11367,1.11144,1.11623,1.10954,14.2991,0.03187,
EURUSD,sell,2015-07-12T21:00:00+00:00,2015-07-13T02:00:00+00:00,1.11367,1.11390,1.11352,1.10954,4.7664,-0.00114,
EURUSD,buy,2015-07-19T21:00:00+00:00,2015-07-20T07:00:00+00:00,1.08359,1.08576,1.08110,1.08760,14.8111,0.03208,
EURUSD,buy,2015-07-19T21:00:00+00:00,2015-07-20T08:00:00+00:00,1.08359,1.08402,1.08440,1.08760,4.9370,0.00212,
EURUSD,sell,2015-07-24T20:00:00+00:00,2015-07-27T02:00:00+00:00,1.09779,1.10070,1.10032,1.09373,19.6369,-0.05706,
EURUSD,buy,2015-07-25T08:00:00+00:00,2015-07-27T02:00:00+00:00,1.09828,1.10047,1.09575,1.10234,14.7299,0.03233,
EURUSD,sell,2015-07-26T16:00:00+00:00,2015-07-27T02:00:00+00:00,1.09762,1.10053,1.10015,1.09356,19.6399,-0.05706,
EURUSD,buy,2015-07-25T08:00:00+00:00,2015-07-27T03:00:00+00:00,1.09828,1.09966,1.10004,1.10234,4.9100,0.00678,
EURUSD,buy,2015-07-27T01:00:00+00:00,2015-07-27T06:00:00+00:00,1.09972,1.10192,1.09719,1.10379,14.7106,0.03233,
EURUSD,buy,2015-07-27T01:00:00+00:00,2015-07-27T06:00:00+00:00,1.09972,1.10346,1.09972,1.10379,4.9035,0.01832,
EURUSD,sell,2015-07-28T22:00:00+00:00,2015-07-29T07:00:00+00:00,1.10590,1.10368,1.10844,1.10181,14.5371,0.03218,
EURUSD,sell,2015-07-28T22:00:00+00:00,2015-07-29T08:00:00+00:00,1.10590,1.10579,1.10541,1.10181,4.8457,0.00052,
EURUSD,buy,2015-07-31T16:00:00+00:00,2015-07-31T18:00:00+00:00,1.10061,1.09770,1.09808,1.10468,19.6362,-0.05714,
EURUSD,buy,2015-08-02T19:00:00+00:00,2015-08-03T08:00:00+00:00,1.09863,1.09572,1.09610,1.10269,19.4114,-0.05639,
EURUSD,sell,2015-08-02T03:00:00+00:00,2015-08-03T10:00:00+00:00,1.09797,1.09577,1.10050,1.09391,14.5586,0.03199,
EURUSD,sell,2015-08-02T03:00:00+00:00,2015-08-03T11:00:00+00:00,1.09797,1.09675,1.09637,1.09391,4.8529,0.00593,
EURUSD,sell,2015-08-02T21:00:00+00:00,2015-08-03T11:00:00+00:00,1.09754,1.09534,1.10007,1.09348,14.5643,0.03199,
EURUSD,sell,2015-08-02T21:00:00+00:00,2015-08-03T12:00:00+00:00,1.09754,1.09675,1.09637,1.09348,4.8548,0.00384,
EURUSD,buy,2015-08-06T11:00:00+00:00,2015-08-06T14:00:00+00:00,1.08970,1.09187,1.08719,1.09373,14.7377,0.03210,
EURUSD,buy,2015-08-06T11:00:00+00:00,2015-08-06T15:00:00+00:00,1.08970,1.09038,1.09076,1.09373,4.9126,0.00337,
EURUSD,buy,2015-08-10T01:00:00+00:00,2015-08-10T09:00:00+00:00,1.09755,1.09465,1.09503,1.10161,19.6713,-0.05709,
EURUSD,sell,2015-08-09T16:00:00+00:00,2015-08-10T10:00:00+00:00,1.09585,1.09366,1.09837,1.09180,14.7675,0.03239,
EURUSD,sell,2015-08-09T16:00:00+00:00,2015-08-10T11:00:00+00:00,1.09585,1.09457,1.09419,1.09180,4.9225,0.00631,
EURUSD,sell,2015-08-10T10:00:00+00:00,2015-08-10T11:00:00+00:00,1.09289,1.09579,1.09541,1.08885,19.6303,-0.05679,
EURUSD,buy,2015-08-10T15:00:00+00:00,2015-08-10T16:00:00+00:00,1.09968,1.10188,1.09715,1.10375,14.4685,0.03180,
EURUSD,buy,2015-08-10T15:00:00+00:00,2015-08-10T16:00:00+00:00,1.09968,1.09930,1.09968,1.10375,4.8228,-0.00183,
EURUSD,sell,2015-08-14T02:00:00+00:00,2015-08-14T06:00:00+00:00,1.11362,1.11656,1.11618,1.10949,19.1730,-0.05650,
EURUSD,buy,2015-08-14T08:00:00+00:00,2015-08-14T10:00:00+00:00,1.11428,1.11651,1.11172,1.11841,14.1895,0.03160,
EURUSD,buy,2015-08-14T08:00:00+00:00,2015-08-14T11:00:00+00:00,1.11428,1.11656,1.11695,1.11841,4.7298,0.01079,
EURUSD,buy,2015-08-16T21:00:00+00:00,2015-08-17T03:00:00+00:00,1.11165,1.10871,1.10910,1.11577,19.1548,-0.05629,
EURUSD,sell,2015-08-14T20:00:00+00:00,2015-08-17T07:00:00+00:00,1.11046,1.10823,1.11301,1.10635,14.3730,0.03194,
EURUSD,sell,2015-08-14T20:00:00+00:00,2015-08-17T07:00:00+00:00,1.11046,1.10668,1.11046,1.10635,4.7910,0.01810,
EURUSD,sell,2015-08-16T23:00:00+00:00,2015-08-17T07:00:00+00:00,1.10907,1.10685,1.11162,1.10496,14.3910,0.03194,
EURUSD,sell,2015-08-16T23:00:00+00:00,2015-08-17T07:00:00+00:00,1.10907,1.10945,1.10907,1.10496,4.7970,-0.00184,
EURUSD,buy,2015-08-19T19:00:00+00:00,2015-08-20T09:00:00+00:00,1.11307,1.11530,1.11051,1.11719,14.4282,0.03210,
EURUSD,buy,2015-08-19T19:00:00+00:00,2015-08-20T10:00:00+00:00,1.11307,1.11502,1.11540,1.11719,4.8094,0.00934,
EURUSD,sell,2015-08-23T21:00:00+00:00,2015-08-24T01:00:00+00:00,1.13704,1.14005,1.13965,1.13283,19.0030,-0.05716,
EURUSD,buy,2015-08-24T01:00:00+00:00,2015-08-24T02:00:00+00:00,1.14306,1.14535,1.14043,1.14729,13.9981,0.03198,
EURUSD,buy,2015-08-24T01:00:00+00:00,2015-08-24T02:00:00+00:00,1.14306,1.14267,1.14306,1.14729,4.6660,-0.00183,
EURUSD,sell,2015-08-25T20:00:00+00:00,2015-08-25T23:00:00+00:00,1.15106,1.15411,1.15371,1.14680,18.6541,-0.05679,
EURUSD,buy,2015-08-30T22:00:00+00:00,2015-08-31T00:00:00+00:00,1.12012,1.12235,1.11754,1.12426,14.1956,0.03178,
EURUSD,buy,2015-08-30T22:00:00+00:00,2015-08-31T01:00:00+00:00,1.12012,1.12109,1.12148,1.12426,4.7319,0.00463,
EURUSD,sell,2015-09-02T18:00:00+00:00,2015-09-03T00:00:00+00:00,1.12345,1.12120,1.12604,1.11929,14.2664,0.03208,
EURUSD,sell,2015-09-02T18:00:00+00:00,2015-09-03T01:00:00+00:00,1.12345,1.12225,1.12186,1.11929,4.7555,0.00574,
EURUSD,sell,2015-09-06T17:00:00+00:00,2015-09-07T00:00:00+00:00,1.11466,1.11761,1.11722,1.11053,19.3416,-0.05705,
EURUSD,buy,2015-09-05T08:00:00+00:00,2015-09-07T06:00:00+00:00,1.11532,1.11238,1.11276,1.11945,19.3416,-0.05702,
EURUSD,buy,2015-09-06T19:00:00+00:00,2015-09-07T06:00:00+00:00,1.11532,1.11238,1.11276,1.11945,19.3416,-0.05702,
EURUSD,sell,2015-09-07T06:00:00+00:00,2015-09-07T08:00:00+00:00,1.11349,1.11643,1.11605,1.10936,18.5939,-0.05479,
EURUSD,buy,2015-09-07T07:00:00+00:00,2015-09-08T03:00:00+00:00,1.11597,1.11821,1.11341,1.12010,13.9226,0.03105,
EURUSD,buy,2015-09-07T07:00:00+00:00,2015-09-08T03:00:00+00:00,1.11597,1.11977,1.11597,1.12010,4.6409,0.01760,
EURUSD,sell,2015-09-09T15:00:00+00:00,2015-09-09T18:00:00+00:00,1.11612,1.11907,1.11868,1.11198,18.5226,-0.05471,
EURUSD,buy,2015-09-10T02:00:00+00:00,2015-09-10T07:00:00+00:00,1.12145,1.11848,1.11887,1.12559,18.2016,-0.05395,
EURUSD,sell,2015-09-13T16:00:00+00:00,2015-09-13T22:00:00+00:00,1.13314,1.13614,1.13575,1.12895,17.7650,-0.05325,
EURUSD,buy,2015-09-13T21:00:00+00:00,2015-09-14T06:00:00+00:00,1.13407,1.13634,1.13146,1.13826,13.3208,0.03019,
EURUSD,buy,2015-09-13T21:00:00+00:00,2015-09-14T06:00:00+00:00,1.13407,1.13368,1.13407,1.13826,4.4403,-0.00173,
EURUSD,sell,2015-09-14T14:00:00+00:00,2015-09-14T15:00:00+00:00,1.12807,1.13106,1.13067,1.12390,17.7349,-0.05293,
EURUSD,buy,2015-09-17T05:00:00+00:00,2015-09-17T07:00:00+00:00,1.12945,1.13171,1.12685,1.13363,13.1171,0.02961,
EURUSD,buy,2015-09-17T05:00:00+00:00,2015-09-17T07:00:00+00:00,1.12945,1.12906,1.12945,1.13363,4.3724,-0.00170,
EURUSD,sell,2015-09-20T21:00:00+00:00,2015-09-21T01:00:00+00:00,1.12816,1.13115,1.13076,1.12399,17.6226,-0.05260,
EURUSD,sell,2015-09-19T03:00:00+00:00,2015-09-21T04:00:00+00:00,1.12940,1.13239,1.13200,1.12522,17.6033,-0.05260,
EURUSD,buy,2015-09-20T20:00:00+00:00,2015-09-21T08:00:00+00:00,1.13008,1.13234,1.12748,1.13426,13.2025,0.02982,
EURUSD,buy,2015-09-20T20:00:00+00:00,2015-09-21T08:00:00+00:00,1.13008,1.12969,1.13008,1.13426,4.4008,-0.00171,
EURUSD,buy,2015-09-21T02:00:00+00:00,2015-09-21T09:00:00+00:00,1.13129,1.12830,1.12869,1.13547,17.3519,-0.05188,
EURUSD,sell,2015-09-21T12:00:00+00:00,2015-09-21T14:00:00+00:00,1.12415,1.12190,1.12674,1.11999,12.8340,0.02887,
EURUSD,sell,2015-09-21T12:00:00+00:00,2015-09-21T14:00:00+00:00,1.12415,1.12454,1.12415,1.11999,4.2780,-0.00166,
EURUSD,buy,2015-09-23T23:00:00+00:00,2015-09-24T01:00:00+00:00,1.11908,1.11612,1.11650,1.12321,17.3216,-0.05124,
EURUSD,sell,2015-09-25T10:00:00+00:00,2015-09-25T12:00:00+00:00,1.11669,1.11446,1.11926,1.11256,12.8391,0.02869,
EURUSD,sell,2015-09-25T10:00:00+00:00,2015-09-25T12:00:00+00:00,1.11669,1.11290,1.11669,1.11256,4.2797,0.01626,
EURUSD,sell,2015-09-27T16:00:00+00:00,2015-09-28T00:00:00+00:00,1.11878,1.12174,1.12136,1.11464,17.2877,-0.05118,
EURUSD,buy,2015-09-26T14:00:00+00:00,2015-09-28T06:00:00+00:00,1.11946,1.11650,1.11688,1.12360,17.2877,-0.05115,
EURUSD,buy,2015-09-27T22:00:00+00:00,2015-09-28T06:00:00+00:00,1.11956,1.11660,1.11698,1.12370,17.2861,-0.05115,
EURUSD,sell,2015-09-28T05:00:00+00:00,2015-09-28T12:00:00+00:00,1.11795,1.11572,1.12053,1.11382,12.8037,0.02865,
EURUSD,sell,2015-09-28T05:00:00+00:00,2015-09-28T13:00:00+00:00,1.11795,1.11767,1.11728,1.11382,4.2679,0.00123,
EURUSD,buy,2015-09-28T17:00:00+00:00,2015-09-29T05:00:00+00:00,1.12392,1.12616,1.12133,1.12807,12.5017,0.02808,
EURUSD,buy,2015-09-28T17:00:00+00:00,2015-09-29T06:00:00+00:00,1.12392,1.12581,1.12620,1.12807,4.1672,0.00790,
EURUSD,sell,2015-09-30T14:00:00+00:00,2015-10-01T07:00:00+00:00,1.11617,1.11393,1.11873,1.11203,12.7019,0.02837,
EURUSD,sell,2015-09-30T14:00:00+00:00,2015-10-01T07:00:00+00:00,1.11617,1.11655,1.11617,1.11203,4.2340,-0.00163,
EURUSD,buy,2015-10-02T05:00:00+00:00,2015-10-02T10:00:00+00:00,1.11829,1.11533,1.11571,1.12242,17.0335,-0.05035,
EURUSD,sell,2015-10-04T01:00:00+00:00,2015-10-05T01:00:00+00:00,1.12031,1.12328,1.12289,1.11617,16.7678,-0.04971,
EURUSD,buy,2015-10-04T21:00:00+00:00,2015-10-05T02:00:00+00:00,1.12207,1.12431,1.11949,1.12622,12.5637,0.02818,
EURUSD,buy,2015-10-04T21:00:00+00:00,2015-10-05T03:00:00+00:00,1.12207,1.12333,1.12372,1.12622,4.1879,0.00530,
EURUSD,sell,2015-10-06T01:00:00+00:00,2015-10-06T07:00:00+00:00,1.11847,1.12143,1.12105,1.11433,16.7228,-0.04949,
EURUSD,buy,2015-10-06T19:00:00+00:00,2015-10-07T06:00:00+00:00,1.12824,1.12526,1.12564,1.13241,16.3687,-0.04881,
EURUSD,sell,2015-10-08T07:00:00+00:00,2015-10-08T09:00:00+00:00,1.12874,1.13173,1.13134,1.12456,16.1354,-0.04819,
EURUSD,buy,2015-10-08T09:00:00+00:00,2015-10-08T11:00:00+00:00,1.13053,1.12754,1.12793,1.13471,15.9064,-0.04753,
EURUSD,sell,2015-10-11T09:00:00+00:00,2015-10-12T07:00:00+00:00,1.13532,1.13832,1.13793,1.13112,15.6205,-0.04691,
EURUSD,buy,2015-10-11T21:00:00+00:00,2015-10-12T09:00:00+00:00,1.13635,1.13862,1.13374,1.14055,11.7118,0.02660,
EURUSD,buy,2015-10-11T21:00:00+00:00,2015-10-12T10:00:00+00:00,1.13635,1.13751,1.13790,1.14055,3.9039,0.00452,
EURUSD,sell,2015-10-15T21:00:00+00:00,2015-10-16T09:00:00+00:00,1.13749,1.13521,1.14011,1.13328,11.6410,0.02650,
EURUSD,sell,2015-10-15T21:00:00+00:00,2015-10-16T10:00:00+00:00,1.13749,1.13564,1.13525,1.13328,3.8803,0.00717,
EURUSD,buy,2015-10-18T21:00:00+00:00,2015-10-19T09:00:00+00:00,1.13604,1.13304,1.13343,1.14024,15.6987,-0.04713,
EURUSD,sell,2015-10-19T16:00:00+00:00,2015-10-20T07:00:00+00:00,1.13180,1.13479,1.13440,1.12761,15.5399,-0.04653,
EURUSD,buy,2015-10-20T15:00:00+00:00,2015-10-21T09:00:00+00:00,1.13619,1.13319,1.13358,1.14039,15.2843,-0.04589,
EURUSD,sell,2015-10-22T00:00:00+00:00,2015-10-22T08:00:00+00:00,1.13321,1.13094,1.13582,1.12902,11.3347,0.02571,
EURUSD,sell,2015-10-22T00:00:00+00:00,2015-10-22T09:00:00+00:00,1.13321,1.13204,1.13165,1.12902,3.7782,0.00442,
EURUSD,sell,2015-10-25T21:00:00+00:00,2015-10-26T00:00:00+00:00,1.10035,1.10326,1.10288,1.09628,15.7011,-0.04573,
EURUSD,buy,2015-10-25T14:00:00+00:00,2015-10-26T07:00:00+00:00,1.10198,1.10418,1.09945,1.10606,11.7655,0.02591,
EURUSD,buy,2015-10-25T14:00:00+00:00,2015-10-26T08:00:00+00:00,1.10198,1.10281,1.10319,1.10606,3.9218,0.00325,
EURUSD,buy,2015-10-26T01:00:00+00:00,2015-10-26T08:00:00+00:00,1.10282,1.10502,1.10029,1.10690,11.6009,0.02557,
EURUSD,buy,2015-10-26T01:00:00+00:00,2015-10-26T09:00:00+00:00,1.10282,1.10281,1.10319,1.10690,3.8670,-0.00005,
EURUSD,sell,2015-10-28T02:00:00+00:00,2015-10-28T07:00:00+00:00,1.10298,1.10590,1.10552,1.09890,15.7043,-0.04585,
EURUSD,buy,2015-10-30T09:00:00+00:00,2015-10-30T12:00:00+00:00,1.10101,1.10321,1.09848,1.10508,11.6501,0.02564,
EURUSD,buy,2015-10-30T09:00:00+00:00,2015-10-30T12:00:00+00:00,1.10101,1.10063,1.10101,1.10508,3.8834,-0.00148,
EURUSD,sell,2015-11-01T01:00:00+00:00,2015-11-01T22:00:00+00:00,1.10000,1.10291,1.10253,1.09593,15.6483,-0.04556,
EURUSD,buy,2015-11-01T19:00:00+00:00,2015-11-01T22:00:00+00:00,1.10066,1.10286,1.09813,1.10473,11.7362,0.02582,
EURUSD,buy,2015-11-01T19:00:00+00:00,2015-11-01T23:00:00+00:00,1.10066,1.10233,1.10271,1.10473,3.9121,0.00653,
EURUSD,buy,2015-11-01T22:00:00+00:00,2015-11-02T09:00:00+00:00,1.10355,1.10063,1.10101,1.10763,15.5178,-0.04528,
EURUSD,sell,2015-11-03T09:00:00+00:00,2015-11-03T14:00:00+00:00,1.09820,1.09600,1.10073,1.09414,11.5558,0.02540,
EURUSD,sell,2015-11-03T09:00:00+00:00,2015-11-03T14:00:00+00:00,1.09820,1.09446,1.09820,1.09414,3.8519,0.01439,
EURUSD,buy,2015-11-06T10:00:00+00:00,2015-11-06T13:00:00+00:00,1.08772,1.08484,1.08522,1.09174,15.7485,-0.04530,
EURUSD,sell,2015-11-06T14:00:00+00:00,2015-11-09T02:00:00+00:00,1.07324,1.07608,1.07571,1.06927,15.7404,-0.04473,
EURUSD,buy,2015-11-09T02:00:00+00:00,2015-11-09T10:00:00+00:00,1.07619,1.07834,1.07372,1.08017,11.6240,0.02500,
EURUSD,buy,2015-11-09T02:00:00+00:00,2015-11-09T11:00:00+00:00,1.07619,1.07644,1.07681,1.08017,3.8747,0.00095,
EURUSD,sell,2015-11-10T12:00:00+00:00,2015-11-10T18:00:00+00:00,1.06979,1.07262,1.07225,1.06583,15.7034,-0.04449,
EURUSD,buy,2015-11-11T14:00:00+00:00,2015-11-11T15:00:00+00:00,1.07492,1.07208,1.07245,1.07890,15.4308,-0.04387,
EURUSD,sell,2015-11-13T21:00:00+00:00,2015-11-15T22:00:00+00:00,1.07669,1.07453,1.07916,1.07270,11.3944,0.02455,
EURUSD,buy,2015-11-14T22:00:00+00:00,2015-11-15T22:00:00+00:00,1.07733,1.07448,1.07486,1.08132,15.1925,-0.04329,
EURUSD,sell,2015-11-13T21:00:00+00:00,2015-11-15T23:00:00+00:00,1.07669,1.07403,1.07366,1.07270,3.7981,0.01008,
EURUSD,sell,2015-11-15T22:00:00+00:00,2015-11-15T23:00:00+00:00,1.07330,1.07115,1.07577,1.06933,11.3649,0.02441,
EURUSD,sell,2015-11-15T22:00:00+00:00,2015-11-15T23:00:00+00:00,1.07330,1.07367,1.07330,1.06933,3.7883,-0.00141,
EURUSD,buy,2015-11-18T23:00:00+00:00,2015-11-19T01:00:00+00:00,1.06744,1.06957,1.06499,1.07139,11.5504,0.02464,
EURUSD,buy,2015-11-18T23:00:00+00:00,2015-11-19T01:00:00+00:00,1.06744,1.07107,1.06744,1.07139,3.8501,0.01396,
EURUSD,sell,2015-11-20T18:00:00+00:00,2015-11-23T01:00:00+00:00,1.06490,1.06277,1.06735,1.06096,11.7069,0.02495,
EURUSD,sell,2015-11-20T18:00:00+00:00,2015-11-23T01:00:00+00:00,1.06490,1.06128,1.06490,1.06096,3.9023,0.01414,
EURUSD,buy,2015-11-24T11:00:00+00:00,2015-11-24T14:00:00+00:00,1.06475,1.06688,1.06230,1.06869,11.8533,0.02522,
EURUSD,buy,2015-11-24T11:00:00+00:00,2015-11-24T14:00:00+00:00,1.06475,1.06438,1.06475,1.06869,3.9511,-0.00146,
EURUSD,sell,2015-11-25T15:00:00+00:00,2015-11-25T17:00:00+00:00,1.05985,1.06266,1.06229,1.05593,15.9800,-0.04486,
EURUSD,buy,2015-11-29T09:00:00+00:00,2015-11-30T01:00:00+00:00,1.05955,1.05674,1.05711,1.06347,15.7825,-0.04424,
EURUSD,buy,2015-11-29T20:00:00+00:00,2015-11-30T01:00:00+00:00,1.05955,1.05674,1.05711,1.06347,15.7825,-0.04424,
EURUSD,sell,2015-11-29T15:00:00+00:00,2015-11-30T09:00:00+00:00,1.05891,1.05679,1.06135,1.05499,11.8369,0.02509,
EURUSD,sell,2015-11-29T21:00:00+00:00,2015-11-30T09:00:00+00:00,1.05891,1.05679,1.06135,1.05499,11.8369,0.02509,
EURUSD,sell,2015-11-29T15:00:00+00:00,2015-11-30T10:00:00+00:00,1.05891,1.05878,1.05841,1.05499,3.9456,0.00053,
EURUSD,sell,2015-11-29T21:00:00+00:00,2015-11-30T10:00:00+00:00,1.05891,1.05878,1.05841,1.05499,3.9456,0.00053,
EURUSD,buy,2015-12-01T14:00:00+00:00,2015-12-02T10:00:00+00:00,1.06171,1.05890,1.05927,1.06564,15.5749,-0.04375,
EURUSD,sell,2015-12-02T23:00:00+00:00,2015-12-03T08:00:00+00:00,1.06072,1.05860,1.06316,1.05680,11.5304,0.02448,
EURUSD,sell,2015-12-02T23:00:00+00:00,2015-12-03T09:00:00+00:00,1.06072,1.05797,1.05760,1.05680,3.8435,0.01059,
EURUSD,buy,2015-12-03T14:00:00+00:00,2015-12-03T15:00:00+00:00,1.08135,1.08352,1.07887,1.08535,11.4388,0.02472,
EURUSD,buy,2015-12-03T14:00:00+00:00,2015-12-03T15:00:00+00:00,1.08135,1.08098,1.08135,1.08535,3.8129,-0.00143,
EURUSD,buy,2015-12-06T16:00:00+00:00,2015-12-07T02:00:00+00:00,1.08851,1.08563,1.08600,1.09253,15.2585,-0.04392,
EURUSD,sell,2015-12-05T12:00:00+00:00,2015-12-07T08:00:00+00:00,1.08785,1.08568,1.09036,1.08383,11.4439,0.02492,
EURUSD,sell,2015-12-05T12:00:00+00:00,2015-12-07T08:00:00+00:00,1.08785,1.08415,1.08785,1.08383,3.8146,0.01412,
EURUSD,sell,2015-12-06T22:00:00+00:00,2015-12-07T08:00:00+00:00,1.08721,1.08504,1.08972,1.08319,11.4506,0.02492,
EURUSD,sell,2015-12-06T22:00:00+00:00,2015-12-07T08:00:00+00:00,1.08721,1.08351,1.08721,1.08319,3.8169,0.01412,
EURUSD,buy,2015-12-08T15:00:00+00:00,2015-12-08T18:00:00+00:00,1.08745,1.08962,1.08495,1.09147,11.5729,0.02515,
EURUSD,buy,2015-12-08T15:00:00+00:00,2015-12-08T19:00:00+00:00,1.08745,1.08845,1.08883,1.09147,3.8576,0.00389,
EURUSD,sell,2015-12-11T00:00:00+00:00,2015-12-11T08:00:00+00:00,1.09329,1.09619,1.09581,1.08925,15.4715,-0.04478,
EURUSD,buy,2015-12-11T22:00:00+00:00,2015-12-13T22:00:00+00:00,1.09961,1.09670,1.09708,1.10368,15.1882,-0.04416,
EURUSD,buy,2015-12-13T17:00:00+00:00,2015-12-13T22:00:00+00:00,1.09961,1.09670,1.09708,1.10368,15.1882,-0.04416,
EURUSD,sell,2015-12-13T15:00:00+00:00,2015-12-14T02:00:00+00:00,1.09895,1.09675,1.10148,1.09488,11.3911,0.02505,
EURUSD,sell,2015-12-13T15:00:00+00:00,2015-12-14T03:00:00+00:00,1.09895,1.09710,1.09672,1.09488,3.7970,0.00703,
EURUSD,sell,2015-12-13T22:00:00+00:00,2015-12-14T14:00:00+00:00,1.09682,1.09972,1.09934,1.09276,14.8152,-0.04301,
EURUSD,buy,2015-12-15T01:00:00+00:00,2015-12-15T07:00:00+00:00,1.10147,1.10367,1.09894,1.10554,11.0339,0.02429,
EURUSD,buy,2015-12-15T01:00:00+00:00,2015-12-15T07:00:00+00:00,1.10147,1.10521,1.10147,1.10554,3.6780,0.01377,
EURUSD,sell,2015-12-15T21:00:00+00:00,2015-12-16T07:00:00+00:00,1.09251,1.09540,1.09503,1.08847,14.9977,-0.04337,
EURUSD,buy,2015-12-18T23:00:00+00:00,2015-12-21T13:00:00+00:00,1.08665,1.08882,1.08415,1.09067,11.1661,0.02425,
EURUSD,buy,2015-12-18T23:00:00+00:00,2015-12-21T13:00:00+00:00,1.08665,1.08627,1.08665,1.09067,3.7220,-0.00140,
EURUSD,sell,2015-12-20T20:00:00+00:00,2015-12-21T13:00:00+00:00,1.08599,1.08887,1.08849,1.08197,14.8881,-0.04280,
EURUSD,buy,2015-12-21T00:00:00+00:00,2015-12-21T13:00:00+00:00,1.08721,1.08938,1.08471,1.09123,11.1603,0.02425,
EURUSD,buy,2015-12-21T00:00:00+00:00,2015-12-21T13:00:00+00:00,1.08721,1.08683,1.08721,1.09123,3.7201,-0.00140,
EURUSD,sell,2015-12-23T16:00:00+00:00,2015-12-23T18:00:00+00:00,1.08709,1.08997,1.08959,1.08307,14.8864,-0.04284,
EURUSD,buy,2015-12-24T15:00:00+00:00,2015-12-28T10:00:00+00:00,1.09618,1.09837,1.09366,1.10023,10.9323,0.02395,
EURUSD,sell,2015-12-27T04:00:00+00:00,2015-12-28T10:00:00+00:00,1.09613,1.09903,1.09865,1.09207,14.5683,-0.04227,
EURUSD,sell,2015-12-27T22:00:00+00:00,2015-12-28T10:00:00+00:00,1.09581,1.09871,1.09833,1.09176,14.5725,-0.04227,
EURUSD,buy,2015-12-24T15:00:00+00:00,2015-12-28T11:00:00+00:00,1.09618,1.09795,1.09833,1.10023,3.6441,0.00646,
EURUSD,buy,2015-12-28T01:00:00+00:00,2015-12-29T13:00:00+00:00,1.09737,1.09447,1.09485,1.10143,14.5606,-0.04225,
EURUSD,sell,2015-12-29T14:00:00+00:00,2015-12-29T16:00:00+00:00,1.09275,1.09057,1.09527,1.08871,10.6293,0.02325,
EURUSD,sell,2015-12-29T14:00:00+00:00,2015-12-29T17:00:00+00:00,1.09275,1.09247,1.09209,1.08871,3.5431,0.00101,
EURUSD,buy,2016-01-03T22:00:00+00:00,2016-01-04T00:00:00+00:00,1.08699,1.08411,1.08449,1.09101,14.3678,-0.04130,
EURUSD,sell,2016-01-04T00:00:00+00:00,2016-01-04T02:00:00+00:00,1.08420,1.08708,1.08670,1.08019,14.2056,-0.04078,
EURUSD,buy,2016-01-04T02:00:00+00:00,2016-01-04T05:00:00+00:00,1.08747,1.08964,1.08497,1.09149,10.4880,0.02279,
EURUSD,buy,2016-01-04T02:00:00+00:00,2016-01-04T05:00:00+00:00,1.08747,1.08709,1.08747,1.09149,3.4960,-0.00132,
EURUSD,sell,2016-01-05T01:00:00+00:00,2016-01-05T08:00:00+00:00,1.08218,1.08001,1.08466,1.07817,10.6073,0.02297,
EURUSD,sell,2016-01-05T01:00:00+00:00,2016-01-05T09:00:00+00:00,1.08218,1.08025,1.07988,1.07817,3.5358,0.00679,
EURUSD,buy,2016-01-07T03:00:00+00:00,2016-01-07T07:00:00+00:00,1.08217,1.07931,1.07969,1.08618,14.2892,-0.04090,
EURUSD,sell,2016-01-11T08:00:00+00:00,2016-01-11T11:00:00+00:00,1.08810,1.09098,1.09061,1.08408,14.0149,-0.04037,
EURUSD,buy,2016-01-14T02:00:00+00:00,2016-01-14T07:00:00+00:00,1.08879,1.08591,1.08628,1.09281,13.8291,-0.03982,
EURUSD,buy,2016-01-17T20:00:00+00:00,2016-01-18T03:00:00+00:00,1.09183,1.08894,1.08932,1.09587,13.6081,-0.03929,
EURUSD,sell,2016-01-17T04:00:00+00:00,2016-01-18T07:00:00+00:00,1.09117,1.08899,1.09368,1.08713,10.2061,0.02229,
EURUSD,sell,2016-01-17T21:00:00+00:00,2016-01-18T07:00:00+00:00,1.09117,1.08899,1.09368,1.08713,10.2061,0.02229,
EURUSD,sell,2016-01-17T04:00:00+00:00,2016-01-18T08:00:00+00:00,1.09117,1.08980,1.08942,1.08713,3.4020,0.00468,
EURUSD,sell,2016-01-17T21:00:00+00:00,2016-01-18T08:00:00+00:00,1.09117,1.08980,1.08942,1.08713,3.4020,0.00468,
EURUSD,buy,2016-01-20T00:00:00+00:00,2016-01-20T03:00:00+00:00,1.09246,1.09464,1.08995,1.09650,10.2505,0.02238,
EURUSD,buy,2016-01-20T00:00:00+00:00,2016-01-20T04:00:00+00:00,1.09246,1.09412,1.09450,1.09650,3.4168,0.00569,
EURUSD,sell,2016-01-21T03:00:00+00:00,2016-01-21T07:00:00+00:00,1.08839,1.09127,1.09090,1.08437,13.8391,-0.03988,
EURUSD,sell,2016-01-24T21:00:00+00:00,2016-01-25T03:00:00+00:00,1.07915,1.08200,1.08163,1.07515,13.7730,-0.03935,
EURUSD,buy,2016-01-24T19:00:00+00:00,2016-01-25T08:00:00+00:00,1.07979,1.08195,1.07731,1.08379,10.3297,0.02229,
EURUSD,buy,2016-01-24T23:00:00+00:00,2016-01-25T08:00:00+00:00,1.08003,1.08219,1.07755,1.08403,10.3274,0.02229,
EURUSD,buy,2016-01-24T19:00:00+00:00,2016-01-25T09:00:00+00:00,1.07979,1.08112,1.08149,1.08379,3.4432,0.00455,
EURUSD,buy,2016-01-24T23:00:00+00:00,2016-01-25T09:00:00+00:00,1.08003,1.08112,1.08149,1.08403,3.4425,0.00372,
EURUSD,sell,2016-01-31T17:00:00+00:00,2016-02-01T03:00:00+00:00,1.08268,1.08554,1.08517,1.07867,13.7904,-0.03953,
EURUSD,sell,2016-01-31T21:00:00+00:00,2016-02-01T03:00:00+00:00,1.08268,1.08554,1.08517,1.07867,13.7904,-0.03953,
EURUSD,sell,2016-01-29T16:00:00+00:00,2016-02-01T07:00:00+00:00,1.08287,1.08573,1.08536,1.07886,13.7880,-0.03953,
EURUSD,buy,2016-01-31T16:00:00+00:00,2016-02-01T08:00:00+00:00,1.08332,1.08549,1.08083,1.08733,10.3428,0.02239,
EURUSD,buy,2016-01-31T19:00:00+00:00,2016-02-01T08:00:00+00:00,1.08332,1.08549,1.08083,1.08733,10.3428,0.02239,
EURUSD,buy,2016-01-31T16:00:00+00:00,2016-02-01T09:00:00+00:00,1.08332,1.08412,1.08450,1.08733,3.4476,0.00276,
EURUSD,buy,2016-01-31T19:00:00+00:00,2016-02-01T09:00:00+00:00,1.08332,1.08412,1.08450,1.08733,3.4476,0.00276,
EURUSD,buy,2016-02-01T00:00:00+00:00,2016-02-01T10:00:00+00:00,1.08406,1.08622,1.08156,1.08806,10.3358,0.02239,
EURUSD,buy,2016-02-01T00:00:00+00:00,2016-02-01T11:00:00+00:00,1.08406,1.08551,1.08589,1.08806,3.4453,0.00503,
EURUSD,buy,2016-02-07T12:00:00+00:00,2016-02-08T03:00:00+00:00,1.11594,1.11299,1.11338,1.12007,13.2042,-0.03895,
EURUSD,sell,2016-02-06T01:00:00+00:00,2016-02-08T09:00:00+00:00,1.11528,1.11823,1.11784,1.11115,13.2042,-0.03897,
EURUSD,sell,2016-02-07T22:00:00+00:00,2016-02-08T09:00:00+00:00,1.11421,1.11715,1.11677,1.11008,13.2168,-0.03897,
EURUSD,buy,2016-02-08T22:00:00+00:00,2016-02-09T03:00:00+00:00,1.12027,1.12250,1.11769,1.12441,9.4735,0.02121,
EURUSD,buy,2016-02-08T22:00:00+00:00,2016-02-09T04:00:00+00:00,1.12027,1.12006,1.12045,1.12441,3.1578,-0.00064,
EURUSD,sell,2016-02-12T15:00:00+00:00,2016-02-12T16:00:00+00:00,1.12415,1.12190,1.12674,1.11999,9.5037,0.02138,
EURUSD,sell,2016-02-12T15:00:00+00:00,2016-02-12T16:00:00+00:00,1.12415,1.12454,1.12415,1.11999,3.1679,-0.00123,
EURUSD,buy,2016-02-14T12:00:00+00:00,2016-02-14T22:00:00+00:00,1.12566,1.12268,1.12307,1.12982,12.7518,-0.03794,
EURUSD,sell,2016-02-14T20:00:00+00:00,2016-02-14T23:00:00+00:00,1.12498,1.12273,1.12757,1.12082,9.5639,0.02153,
EURUSD,sell,2016-02-14T20:00:00+00:00,2016-02-15T00:00:00+00:00,1.12498,1.12386,1.12347,1.12082,3.1880,0.00359,
EURUSD,buy,2016-02-20T02:00:00+00:00,2016-02-22T01:00:00+00:00,1.11317,1.11023,1.11061,1.11729,12.8372,-0.03778,
EURUSD,sell,2016-02-21T17:00:00+00:00,2016-02-22T07:00:00+00:00,1.11251,1.11028,1.11507,1.10839,9.6279,0.02144,
EURUSD,sell,2016-02-21T17:00:00+00:00,2016-02-22T08:00:00+00:00,1.11251,1.10960,1.10922,1.10839,3.2093,0.00932,
EURUSD,buy,2016-02-25T06:00:00+00:00,2016-02-25T09:00:00+00:00,1.10326,1.10034,1.10072,1.10734,12.9208,-0.03769,
EURUSD,sell,2016-02-26T16:00:00+00:00,2016-02-29T07:00:00+00:00,1.09277,1.09566,1.09529,1.08873,12.8646,-0.03721,
EURUSD,sell,2016-02-28T17:00:00+00:00,2016-02-29T07:00:00+00:00,1.09267,1.09556,1.09519,1.08863,12.8657,-0.03721,
EURUSD,buy,2016-02-28T16:00:00+00:00,2016-02-29T08:00:00+00:00,1.09333,1.09551,1.09081,1.09737,9.6493,0.02109,
EURUSD,buy,2016-02-28T16:00:00+00:00,2016-02-29T08:00:00+00:00,1.09333,1.09295,1.09333,1.09737,3.2164,-0.00122,
EURUSD,buy,2016-02-29T07:00:00+00:00,2016-02-29T08:00:00+00:00,1.09598,1.09308,1.09346,1.10003,12.4950,-0.03621,
EURUSD,sell,2016-02-29T09:00:00+00:00,2016-02-29T11:00:00+00:00,1.09113,1.08895,1.09364,1.08709,9.3511,0.02042,
EURUSD,sell,2016-02-29T09:00:00+00:00,2016-02-29T12:00:00+00:00,1.09113,1.08975,1.08937,1.08709,3.1170,0.00432,
EURUSD,buy,2016-03-03T10:00:00+00:00,2016-03-03T12:00:00+00:00,1.08825,1.09042,1.08574,1.09227,9.4668,0.02059,
EURUSD,buy,2016-03-03T10:00:00+00:00,2016-03-03T12:00:00+00:00,1.08825,1.08787,1.08825,1.09227,3.1556,-0.00119,
EURUSD,sell,2016-03-06T22:00:00+00:00,2016-03-07T08:00:00+00:00,1.09885,1.09665,1.10138,1.09478,9.4360,0.02075,
EURUSD,sell,2016-03-06T22:00:00+00:00,2016-03-07T08:00:00+00:00,1.09885,1.09511,1.09885,1.09478,3.1453,0.01176,
EURUSD,buy,2016-03-08T05:00:00+00:00,2016-03-08T14:00:00+00:00,1.10208,1.10428,1.09955,1.10616,9.5246,0.02098,
EURUSD,buy,2016-03-08T05:00:00+00:00,2016-03-08T15:00:00+00:00,1.10208,1.10252,1.10290,1.10616,3.1749,0.00139,
EURUSD,sell,2016-03-09T09:00:00+00:00,2016-03-09T15:00:00+00:00,1.09670,1.09960,1.09922,1.09264,12.8561,-0.03732,
EURUSD,buy,2016-03-10T17:00:00+00:00,2016-03-10T23:00:00+00:00,1.11967,1.11671,1.11709,1.12381,12.4333,-0.03680,
EURUSD,sell,2016-03-12T15:00:00+00:00,2016-03-13T22:00:00+00:00,1.11435,1.11729,1.11691,1.11022,12.3201,-0.03633,
EURUSD,sell,2016-03-13T13:00:00+00:00,2016-03-13T22:00:00+00:00,1.11435,1.11729,1.11691,1.11022,12.3201,-0.03633,
EURUSD,buy,2016-03-13T02:00:00+00:00,2016-03-13T23:00:00+00:00,1.11501,1.11724,1.11245,1.11914,9.2401,0.02059,
EURUSD,buy,2016-03-13T02:00:00+00:00,2016-03-14T00:00:00+00:00,1.11501,1.11566,1.11604,1.11914,3.0800,0.00197,
EURUSD,buy,2016-03-13T22:00:00+00:00,2016-03-14T07:00:00+00:00,1.11678,1.11383,1.11422,1.12092,11.9751,-0.03535,
EURUSD,sell,2016-03-14T11:00:00+00:00,2016-03-14T12:00:00+00:00,1.11042,1.11336,1.11297,1.10631,11.9790,-0.03520,
EURUSD,buy,2016-03-16T20:00:00+00:00,2016-03-17T07:00:00+00:00,1.12271,1.12495,1.12013,1.12686,8.7736,0.01969,
EURUSD,buy,2016-03-16T20:00:00+00:00,2016-03-17T08:00:00+00:00,1.12271,1.12499,1.12538,1.12686,2.9245,0.00668,
EURUSD,buy,2016-03-20T22:00:00+00:00,2016-03-21T07:00:00+00:00,1.12769,1.12471,1.12510,1.13186,11.7635,-0.03506,
EURUSD,sell,2016-03-18T23:00:00+00:00,2016-03-21T08:00:00+00:00,1.12662,1.12437,1.12921,1.12245,8.8257,0.01990,
EURUSD,sell,2016-03-18T23:00:00+00:00,2016-03-21T09:00:00+00:00,1.12662,1.12618,1.12579,1.12245,2.9419,0.00131,
EURUSD,sell,2016-03-21T08:00:00+00:00,2016-03-21T10:00:00+00:00,1.12458,1.12756,1.12717,1.12042,11.7215,-0.03488,
EURUSD,buy,2016-03-21T11:00:00+00:00,2016-03-21T14:00:00+00:00,1.12774,1.12476,1.12515,1.13191,11.5468,-0.03442,
EURUSD,sell,2016-03-21T12:00:00+00:00,2016-03-21T23:00:00+00:00,1.12599,1.12374,1.12858,1.12182,8.6683,0.01953,
EURUSD,sell,2016-03-21T12:00:00+00:00,2016-03-22T00:00:00+00:00,1.12599,1.12452,1.12413,1.12182,2.8894,0.00426,
EURUSD,sell,2016-03-27T22:00:00+00:00,2016-03-28T12:00:00+00:00,1.11564,1.11859,1.11820,1.11151,11.6175,-0.03430,
EURUSD,buy,2016-03-27T21:00:00+00:00,2016-03-28T13:00:00+00:00,1.11665,1.11889,1.11409,1.12079,8.7104,0.01944,
EURUSD,buy,2016-03-27T21:00:00+00:00,2016-03-28T13:00:00+00:00,1.11665,1.12045,1.11665,1.12079,2.9035,0.01102,
EURUSD,buy,2016-03-28T11:00:00+00:00,2016-03-28T13:00:00+00:00,1.11683,1.11907,1.11427,1.12097,8.7090,0.01944,
EURUSD,buy,2016-03-28T11:00:00+00:00,2016-03-28T13:00:00+00:00,1.11683,1.12063,1.11683,1.12097,2.9030,0.01102,
EURUSD,buy,2016-04-03T21:00:00+00:00,2016-04-04T06:00:00+00:00,1.13985,1.13684,1.13723,1.14407,11.4943,-0.03462,
EURUSD,sell,2016-04-03T07:00:00+00:00,2016-04-04T09:00:00+00:00,1.13865,1.13637,1.14127,1.13443,8.6247,0.01965,
EURUSD,buy,2016-04-03T11:00:00+00:00,2016-04-04T09:00:00+00:00,1.13933,1.13632,1.13671,1.14355,11.4995,-0.03462,
EURUSD,sell,2016-04-03T19:00:00+00:00,2016-04-04T09:00:00+00:00,1.13865,1.13637,1.14127,1.13443,8.6247,0.01965,
EURUSD,sell,2016-04-03T07:00:00+00:00,2016-04-04T10:00:00+00:00,1.13865,1.13693,1.13654,1.13443,2.8749,0.00494,
EURUSD,sell,2016-04-03T19:00:00+00:00,2016-04-04T10:00:00+00:00,1.13865,1.13693,1.13654,1.13443,2.8749,0.00494,
EURUSD,sell,2016-04-04T08:00:00+00:00,2016-04-04T12:00:00+00:00,1.13673,1.13974,1.13934,1.13252,11.3667,-0.03418,
EURUSD,buy,2016-04-05T05:00:00+00:00,2016-04-05T07:00:00+00:00,1.13874,1.13573,1.13612,1.14295,11.2673,-0.03390,
EURUSD,sell,2016-04-05T09:00:00+00:00,2016-04-05T12:00:00+00:00,1.13520,1.13820,1.13781,1.13100,11.1464,-0.03347,
EURUSD,buy,2016-04-06T23:00:00+00:00,2016-04-07T06:00:00+00:00,1.14035,1.14263,1.13773,1.14457,8.2169,0.01873,
EURUSD,buy,2016-04-06T23:00:00+00:00,2016-04-07T06:00:00+00:00,1.14035,1.14423,1.14035,1.14457,2.7390,0.01061,
EURUSD,sell,2016-04-08T00:00:00+00:00,2016-04-08T08:00:00+00:00,1.13650,1.13951,1.13911,1.13229,11.1154,-0.03342,
EURUSD,buy,2016-04-08T23:00:00+00:00,2016-04-11T01:00:00+00:00,1.13984,1.14212,1.13722,1.14406,8.2071,0.01870,
EURUSD,buy,2016-04-08T23:00:00+00:00,2016-04-11T01:00:00+00:00,1.13984,1.13945,1.13984,1.14406,2.7357,-0.00107,
EURUSD,sell,2016-04-10T13:00:00+00:00,2016-04-11T01:00:00+00:00,1.13916,1.14217,1.14178,1.13494,10.9429,-0.03298,
EURUSD,buy,2016-04-10T21:00:00+00:00,2016-04-11T07:00:00+00:00,1.14087,1.13786,1.13825,1.14509,10.9330,-0.03296,
EURUSD,sell,2016-04-12T17:00:00+00:00,2016-04-12T18:00:00+00:00,1.13694,1.13995,1.13955,1.13273,10.7518,-0.03234,
EURUSD,sell,2016-04-17T09:00:00+00:00,2016-04-18T00:00:00+00:00,1.12789,1.13088,1.13049,1.12372,10.6948,-0.03191,
EURUSD,buy,2016-04-15T16:00:00+00:00,2016-04-18T06:00:00+00:00,1.13011,1.12712,1.12751,1.13429,10.6802,-0.03190,
EURUSD,buy,2016-04-17T21:00:00+00:00,2016-04-18T14:00:00+00:00,1.12989,1.13215,1.12729,1.13407,8.0117,0.01809,
EURUSD,buy,2016-04-17T21:00:00+00:00,2016-04-18T15:00:00+00:00,1.12989,1.13095,1.13134,1.13407,2.6706,0.00284,
EURUSD,sell,2016-04-20T21:00:00+00:00,2016-04-21T11:00:00+00:00,1.12963,1.13262,1.13223,1.12545,10.4885,-0.03135,
EURUSD,sell,2016-04-24T21:00:00+00:00,2016-04-25T02:00:00+00:00,1.12186,1.12483,1.12444,1.11771,10.4215,-0.03094,
EURUSD,buy,2016-04-24T20:00:00+00:00,2016-04-25T07:00:00+00:00,1.12261,1.12485,1.12003,1.12676,7.8156,0.01754,
EURUSD,buy,2016-04-24T20:00:00+00:00,2016-04-25T08:00:00+00:00,1.12261,1.12448,1.12487,1.12676,2.6052,0.00489,
EURUSD,buy,2016-04-24T22:00:00+00:00,2016-04-25T08:00:00+00:00,1.12343,1.12567,1.12084,1.12758,7.8099,0.01754,
EURUSD,buy,2016-04-24T22:00:00+00:00,2016-04-25T09:00:00+00:00,1.12343,1.12448,1.12487,1.12758,2.6033,0.00275,
EURUSD,sell,2016-05-01T19:00:00+00:00,2016-05-02T00:00:00+00:00,1.14469,1.14771,1.14732,1.14045,10.2651,-0.03108,
EURUSD,buy,2016-05-01T21:00:00+00:00,2016-05-02T09:00:00+00:00,1.14644,1.14874,1.14381,1.15068,7.6916,0.01762,
EURUSD,buy,2016-05-01T21:00:00+00:00,2016-05-02T10:00:00+00:00,1.14644,1.14732,1.14771,1.15068,2.5639,0.00224,
EURUSD,sell,2016-05-04T05:00:00+00:00,2016-05-04T07:00:00+00:00,1.14812,1.15115,1.15076,1.14387,10.1856,-0.03093,
EURUSD,buy,2016-05-08T19:00:00+00:00,2016-05-09T11:00:00+00:00,1.14057,1.13756,1.13795,1.14479,10.1235,-0.03051,
EURUSD,sell,2016-05-08T20:00:00+00:00,2016-05-10T02:00:00+00:00,1.13989,1.13761,1.14251,1.13567,7.5926,0.01732,
EURUSD,sell,2016-05-08T20:00:00+00:00,2016-05-10T03:00:00+00:00,1.13989,1.13873,1.13834,1.13567,2.5309,0.00293,
EURUSD,buy,2016-05-11T13:00:00+00:00,2016-05-12T08:00:00+00:00,1.14313,1.14011,1.14050,1.14736,10.0559,-0.03037,
EURUSD,sell,2016-05-12T20:00:00+00:00,2016-05-13T06:00:00+00:00,1.13728,1.13500,1.13990,1.13307,7.4761,0.01702,
EURUSD,sell,2016-05-12T20:00:00+00:00,2016-05-13T06:00:00+00:00,1.13728,1.13767,1.13728,1.13307,2.4920,-0.00097,
EURUSD,sell,2016-05-16T00:00:00+00:00,2016-05-16T08:00:00+00:00,1.12999,1.13298,1.13259,1.12581,10.1033,-0.03020,
EURUSD,sell,2016-05-16T02:00:00+00:00,2016-05-16T08:00:00+00:00,1.13030,1.13329,1.13290,1.12612,10.1006,-0.03020,
EURUSD,buy,2016-05-15T12:00:00+00:00,2016-05-16T12:00:00+00:00,1.13131,1.13357,1.12871,1.13549,7.5732,0.01712,
EURUSD,sell,2016-05-15T20:00:00+00:00,2016-05-16T12:00:00+00:00,1.13063,1.13362,1.13323,1.12645,10.0976,-0.03020,
EURUSD,buy,2016-05-16T01:00:00+00:00,2016-05-16T12:00:00+00:00,1.13142,1.13368,1.12882,1.13560,7.5725,0.01712,
EURUSD,buy,2016-05-15T12:00:00+00:00,2016-05-16T13:00:00+00:00,1.13131,1.13226,1.13265,1.13549,2.5244,0.00240,
EURUSD,buy,2016-05-16T01:00:00+00:00,2016-05-16T13:00:00+00:00,1.13142,1.13226,1.13265,1.13560,2.5242,0.00212,
EURUSD,buy,2016-05-15T23:00:00+00:00,2016-05-17T13:00:00+00:00,1.13206,1.13432,1.12946,1.13625,7.5682,0.01712,
EURUSD,buy,2016-05-15T23:00:00+00:00,2016-05-17T13:00:00+00:00,1.13206,1.13167,1.13206,1.13625,2.5227,-0.00098,
EURUSD,buy,2016-05-16T07:00:00+00:00,2016-05-17T13:00:00+00:00,1.13197,1.13423,1.12937,1.13616,7.5688,0.01712,
EURUSD,buy,2016-05-16T07:00:00+00:00,2016-05-17T13:00:00+00:00,1.13197,1.13158,1.13197,1.13616,2.5229,-0.00098,
EURUSD,sell,2016-05-18T02:00:00+00:00,2016-05-18T07:00:00+00:00,1.12843,1.12617,1.13103,1.12425,7.5230,0.01699,
EURUSD,sell,2016-05-18T02:00:00+00:00,2016-05-18T08:00:00+00:00,1.12843,1.12759,1.12720,1.12425,2.5077,0.00211,
EURUSD,sell,2016-05-22T21:00:00+00:00,2016-05-23T03:00:00+00:00,1.12145,1.12442,1.12403,1.11730,10.1782,-0.03020,
EURUSD,buy,2016-05-23T02:00:00+00:00,2016-05-23T08:00:00+00:00,1.12328,1.12031,1.12069,1.12743,10.1678,-0.03019,
EURUSD,buy,2016-05-20T19:00:00+00:00,2016-05-23T13:00:00+00:00,1.12200,1.11903,1.11942,1.12615,10.1794,-0.03019,
EURUSD,sell,2016-05-23T11:00:00+00:00,2016-05-24T07:00:00+00:00,1.12079,1.11855,1.12337,1.11665,7.4362,0.01668,
EURUSD,sell,2016-05-23T11:00:00+00:00,2016-05-24T07:00:00+00:00,1.12079,1.12118,1.12079,1.11665,2.4787,-0.00096,
EURUSD,buy,2016-05-26T05:00:00+00:00,2016-05-26T12:00:00+00:00,1.11872,1.11576,1.11614,1.12285,9.8746,-0.02920,
EURUSD,sell,2016-05-29T23:00:00+00:00,2016-05-30T08:00:00+00:00,1.11049,1.11343,1.11304,1.10638,9.8104,-0.02883,
EURUSD,buy,2016-05-29T21:00:00+00:00,2016-05-30T10:00:00+00:00,1.11175,1.11398,1.10920,1.11587,7.3538,0.01634,
EURUSD,buy,2016-05-29T21:00:00+00:00,2016-05-30T11:00:00+00:00,1.11175,1.11334,1.11372,1.11587,2.4513,0.00388,
EURUSD,sell,2016-05-27T17:00:00+00:00,2016-05-30T23:00:00+00:00,1.11206,1.11500,1.11461,1.10794,9.7965,-0.02883,
EURUSD,buy,2016-05-30T09:00:00+00:00,2016-05-31T11:00:00+00:00,1.11360,1.11583,1.11104,1.11772,7.2445,0.01612,
EURUSD,buy,2016-05-30T09:00:00+00:00,2016-05-31T12:00:00+00:00,1.11360,1.11463,1.11501,1.11772,2.4148,0.00247,
EURUSD,sell,2016-06-01T05:00:00+00:00,2016-06-01T07:00:00+00:00,1.11207,1.11501,1.11462,1.10795,9.7117,-0.02858,
EURUSD,buy,2016-06-01T14:00:00+00:00,2016-06-01T16:00:00+00:00,1.11788,1.11492,1.11530,1.12201,9.5392,-0.02819,
EURUSD,sell,2016-06-03T02:00:00+00:00,2016-06-03T12:00:00+00:00,1.11477,1.11772,1.11733,1.11064,9.4336,-0.02783,
EURUSD,buy,2016-06-03T16:00:00+00:00,2016-06-03T19:00:00+00:00,1.13296,1.13522,1.13035,1.13715,6.8736,0.01556,
EURUSD,buy,2016-06-03T16:00:00+00:00,2016-06-03T20:00:00+00:00,1.13296,1.13508,1.13547,1.13715,2.2912,0.00486,
EURUSD,sell,2016-06-05T22:00:00+00:00,2016-06-06T16:00:00+00:00,1.13533,1.13306,1.13794,1.13113,6.9226,0.01573,
EURUSD,sell,2016-06-05T22:00:00+00:00,2016-06-06T16:00:00+00:00,1.13533,1.13572,1.13533,1.13113,2.3075,-0.00090,
EURUSD,buy,2016-06-07T06:00:00+00:00,2016-06-08T11:00:00+00:00,1.13587,1.13814,1.13326,1.14007,6.9724,0.01583,
EURUSD,buy,2016-06-07T06:00:00+00:00,2016-06-08T12:00:00+00:00,1.13587,1.13700,1.13739,1.14007,2.3241,0.00262,
EURUSD,sell,2016-06-09T16:00:00+00:00,2016-06-10T09:00:00+00:00,1.13159,1.12933,1.13419,1.12740,7.0557,0.01598,
EURUSD,sell,2016-06-09T16:00:00+00:00,2016-06-10T10:00:00+00:00,1.13159,1.13054,1.13015,1.12740,2.3519,0.00247,
EURUSD,buy,2016-06-13T07:00:00+00:00,2016-06-13T13:00:00+00:00,1.12732,1.12434,1.12473,1.13149,9.5308,-0.02840,
EURUSD,sell,2016-06-14T15:00:00+00:00,2016-06-15T06:00:00+00:00,1.12008,1.12305,1.12266,1.11594,9.4599,-0.02804,
EURUSD,buy,2016-06-15T23:00:00+00:00,2016-06-16T06:00:00+00:00,1.12645,1.12870,1.12386,1.13061,6.9657,0.01568,
EURUSD,buy,2016-06-15T23:00:00+00:00,2016-06-16T07:00:00+00:00,1.12645,1.12721,1.12760,1.13061,2.3219,0.00177,
EURUSD,sell,2016-06-16T20:00:00+00:00,2016-06-16T23:00:00+00:00,1.12203,1.12500,1.12461,1.11788,9.3963,-0.02790,
EURUSD,buy,2016-06-17T10:00:00+00:00,2016-06-17T14:00:00+00:00,1.12648,1.12873,1.12389,1.13064,6.9308,0.01560,
EURUSD,buy,2016-06-17T10:00:00+00:00,2016-06-17T14:00:00+00:00,1.12648,1.12609,1.12648,1.13064,2.3103,-0.00090,
EURUSD,sell,2016-06-19T17:00:00+00:00,2016-06-19T21:00:00+00:00,1.12698,1.12996,1.12957,1.12281,9.2966,-0.02772,
EURUSD,buy,2016-06-19T21:00:00+00:00,2016-06-19T23:00:00+00:00,1.13207,1.13433,1.12947,1.13626,6.8534,0.01551,
EURUSD,buy,2016-06-19T21:00:00+00:00,2016-06-20T00:00:00+00:00,1.13207,1.13357,1.13396,1.13626,2.2845,0.00343,
EURUSD,sell,2016-06-21T14:00:00+00:00,2016-06-22T00:00:00+00:00,1.12650,1.12425,1.12909,1.12233,6.9462,0.01566,
EURUSD,sell,2016-06-21T14:00:00+00:00,2016-06-22T01:00:00+00:00,1.12650,1.12546,1.12507,1.12233,2.3154,0.00242,
EURUSD,buy,2016-06-22T23:00:00+00:00,2016-06-23T09:00:00+00:00,1.13290,1.13516,1.13029,1.13709,6.9710,0.01578,
EURUSD,buy,2016-06-22T23:00:00+00:00,2016-06-23T09:00:00+00:00,1.13290,1.13675,1.13290,1.13709,2.3237,0.00894,
EURUSD,sell,2016-06-24T04:00:00+00:00,2016-06-24T05:00:00+00:00,1.09439,1.09729,1.09691,1.09034,9.7288,-0.02818,
EURUSD,buy,2016-06-26T02:00:00+00:00,2016-06-26T21:00:00+00:00,1.10946,1.10653,1.10691,1.11357,9.4754,-0.02779,
EURUSD,sell,2016-06-26T06:00:00+00:00,2016-06-26T21:00:00+00:00,1.10880,1.10658,1.11135,1.10469,7.1065,0.01577,
EURUSD,sell,2016-06-26T06:00:00+00:00,2016-06-26T21:00:00+00:00,1.10880,1.10502,1.10880,1.10469,2.3688,0.00894,
EURUSD,buy,2016-06-26T20:00:00+00:00,2016-06-26T21:00:00+00:00,1.10946,1.10653,1.10691,1.11357,9.4754,-0.02779,
EURUSD,sell,2016-06-26T21:00:00+00:00,2016-06-26T22:00:00+00:00,1.10368,1.10660,1.10622,1.09959,9.3795,-0.02740,
EURUSD,buy,2016-06-28T13:00:00+00:00,2016-06-28T18:00:00+00:00,1.10615,1.10323,1.10361,1.11024,9.2402,-0.02702,
EURUSD,sell,2016-07-01T05:00:00+00:00,2016-07-01T07:00:00+00:00,1.10769,1.11062,1.11024,1.10359,9.0999,-0.02668,
EURUSD,buy,2016-07-01T14:00:00+00:00,2016-07-04T08:00:00+00:00,1.11358,1.11064,1.11102,1.11770,8.9374,-0.02631,
EURUSD,sell,2016-07-03T21:00:00+00:00,2016-07-04T08:00:00+00:00,1.11276,1.11053,1.11532,1.10864,6.7040,0.01493,
EURUSD,sell,2016-07-03T21:00:00+00:00,2016-07-04T09:00:00+00:00,1.11276,1.11302,1.11264,1.10864,2.2347,-0.00060,
EURUSD,buy,2016-07-04T19:00:00+00:00,2016-07-05T01:00:00+00:00,1.11588,1.11293,1.11332,1.12001,8.8653,-0.02615,
EURUSD,sell,2016-07-05T16:00:00+00:00,2016-07-05T22:00:00+00:00,1.10869,1.10647,1.11124,1.10458,6.5997,0.01464,
EURUSD,sell,2016-07-05T16:00:00+00:00,2016-07-05T23:00:00+00:00,1.10869,1.10722,1.10684,1.10458,2.1999,0.00322,
EURUSD,buy,2016-07-07T07:00:00+00:00,2016-07-07T09:00:00+00:00,1.10664,1.10885,1.10410,1.11074,6.6764,0.01477,
EURUSD,buy,2016-07-07T07:00:00+00:00,2016-07-07T10:00:00+00:00,1.10664,1.10757,1.10795,1.11074,2.2255,0.00206,
EURUSD,sell,2016-07-08T00:00:00+00:00,2016-07-08T12:00:00+00:00,1.10648,1.10426,1.10902,1.10238,6.7304,0.01490,
EURUSD,sell,2016-07-08T00:00:00+00:00,2016-07-08T12:00:00+00:00,1.10648,1.10686,1.10648,1.10238,2.2435,-0.00086,
EURUSD,buy,2016-07-10T10:00:00+00:00,2016-07-11T07:00:00+00:00,1.10530,1.10238,1.10276,1.10939,9.0524,-0.02645,
EURUSD,sell,2016-07-10T20:00:00+00:00,2016-07-11T07:00:00+00:00,1.10464,1.10243,1.10718,1.10055,6.7893,0.01501,
EURUSD,buy,2016-07-10T21:00:00+00:00,2016-07-11T07:00:00+00:00,1.10536,1.10244,1.10282,1.10945,9.0519,-0.02645,
EURUSD,sell,2016-07-10T20:00:00+00:00,2016-07-11T08:00:00+00:00,1.10464,1.10434,1.10396,1.10055,2.2631,0.00067,
EURUSD,sell,2016-07-10T23:00:00+00:00,2016-07-11T13:00:00+00:00,1.10406,1.10698,1.10660,1.09997,9.0571,-0.02647,
EURUSD,buy,2016-07-12T00:00:00+00:00,2016-07-12T02:00:00+00:00,1.10625,1.10846,1.10371,1.11034,6.5675,0.01452,
EURUSD,buy,2016-07-12T00:00:00+00:00,2016-07-12T03:00:00+00:00,1.10625,1.10722,1.10760,1.11034,2.1892,0.00211,
EURUSD,sell,2016-07-13T08:00:00+00:00,2016-07-13T10:00:00+00:00,1.10562,1.10854,1.10816,1.10153,8.8316,-0.02584,
EURUSD,buy,2016-07-13T18:00:00+00:00,2016-07-14T11:00:00+00:00,1.11109,1.11331,1.10854,1.11520,6.5078,0.01445,
EURUSD,buy,2016-07-13T18:00:00+00:00,2016-07-14T11:00:00+00:00,1.11109,1.11071,1.11109,1.11520,2.1693,-0.00083,
EURUSD,sell,2016-07-15T18:00:00+00:00,2016-07-15T20:00:00+00:00,1.10585,1.10363,1.10839,1.10176,6.5809,0.01457,
EURUSD,sell,2016-07-15T18:00:00+00:00,2016-07-15T20:00:00+00:00,1.10585,1.10623,1.10585,1.10176,2.1936,-0.00084,
EURUSD,buy,2016-07-17T21:00:00+00:00,2016-07-18T15:00:00+00:00,1.10528,1.10749,1.10274,1.10937,6.6348,0.01466,
EURUSD,buy,2016-07-17T21:00:00+00:00,2016-07-18T16:00:00+00:00,1.10528,1.10599,1.10637,1.10937,2.2116,0.00156,
EURUSD,sell,2016-07-19T16:00:00+00:00,2016-07-20T06:00:00+00:00,1.10108,1.09888,1.10361,1.09700,6.7114,0.01479,
EURUSD,sell,2016-07-19T16:00:00+00:00,2016-07-20T06:00:00+00:00,1.10108,1.10146,1.10108,1.09700,2.2371,-0.00085,
EURUSD,buy,2016-07-21T09:00:00+00:00,2016-07-21T12:00:00+00:00,1.10267,1.10487,1.10014,1.10675,6.7531,0.01488,
EURUSD,buy,2016-07-21T09:00:00+00:00,2016-07-21T12:00:00+00:00,1.10267,1.10229,1.10267,1.10675,2.2510,-0.00086,
EURUSD,buy,2016-07-24T15:00:00+00:00,2016-07-25T01:00:00+00:00,1.09787,1.09497,1.09534,1.10193,9.1074,-0.02644,
EURUSD,sell,2016-07-22T16:00:00+00:00,2016-07-25T09:00:00+00:00,1.09638,1.09928,1.09890,1.09232,9.1143,-0.02645,
EURUSD,sell,2016-07-24T21:00:00+00:00,2016-07-25T09:00:00+00:00,1.09679,1.09969,1.09931,1.09273,9.1109,-0.02645,
EURUSD,buy,2016-07-25T17:00:00+00:00,2016-07-26T09:00:00+00:00,1.09966,1.10186,1.09713,1.10373,6.5488,0.01439,
EURUSD,buy,2016-07-25T17:00:00+00:00,2016-07-26T10:00:00+00:00,1.09966,1.10075,1.10113,1.10373,2.1829,0.00238,
EURUSD,sell,2016-07-27T07:00:00+00:00,2016-07-27T18:00:00+00:00,1.09977,1.09757,1.10230,1.09570,6.6014,0.01453,
EURUSD,sell,2016-07-27T07:00:00+00:00,2016-07-27T18:00:00+00:00,1.09977,1.10015,1.09977,1.09570,2.2005,-0.00084,
EURUSD,buy,2016-07-27T13:00:00+00:00,2016-07-27T18:00:00+00:00,1.10057,1.09766,1.09804,1.10464,8.8008,-0.02561,
EURUSD,sell,2016-07-27T14:00:00+00:00,2016-07-27T18:00:00+00:00,1.09837,1.10128,1.10090,1.09431,8.8131,-0.02562,
EURUSD,buy,2016-07-27T18:00:00+00:00,2016-07-27T19:00:00+00:00,1.10224,1.10444,1.09971,1.10632,6.4628,0.01424,
EURUSD,buy,2016-07-27T18:00:00+00:00,2016-07-27T19:00:00+00:00,1.10224,1.10186,1.10224,1.10632,2.1543,-0.00082,
EURUSD,buy,2016-07-31T21:00:00+00:00,2016-08-01T11:00:00+00:00,1.11833,1.11537,1.11575,1.12246,8.5532,-0.02528,
EURUSD,sell,2016-07-31T18:00:00+00:00,2016-08-02T07:00:00+00:00,1.11692,1.11988,1.11949,1.11279,8.5587,-0.02530,
EURUSD,sell,2016-08-01T07:00:00+00:00,2016-08-02T07:00:00+00:00,1.11652,1.11948,1.11909,1.11239,8.5618,-0.02530,
EURUSD,buy,2016-08-02T08:00:00+00:00,2016-08-02T17:00:00+00:00,1.12054,1.12278,1.11796,1.12468,6.1482,0.01377,
EURUSD,buy,2016-08-02T08:00:00+00:00,2016-08-02T18:00:00+00:00,1.12054,1.12196,1.12235,1.12468,2.0494,0.00293,
EURUSD,sell,2016-08-03T19:00:00+00:00,2016-08-04T11:00:00+00:00,1.11445,1.11222,1.11701,1.11032,6.2343,0.01391,
EURUSD,sell,2016-08-03T19:00:00+00:00,2016-08-04T12:00:00+00:00,1.11445,1.11425,1.11387,1.11032,2.0781,0.00040,
EURUSD,sell,2016-08-07T16:00:00+00:00,2016-08-09T13:00:00+00:00,1.10821,1.11114,1.11076,1.10411,8.4236,-0.02471,
EURUSD,sell,2016-08-08T22:00:00+00:00,2016-08-09T13:00:00+00:00,1.10811,1.11104,1.11066,1.10401,8.4244,-0.02471,
EURUSD,buy,2016-08-07T13:00:00+00:00,2016-08-09T14:00:00+00:00,1.10887,1.11109,1.10632,1.11297,6.3177,0.01400,
EURUSD,buy,2016-08-07T21:00:00+00:00,2016-08-09T14:00:00+00:00,1.10889,1.11111,1.10634,1.11299,6.3176,0.01400,
EURUSD,buy,2016-08-07T13:00:00+00:00,2016-08-09T15:00:00+00:00,1.10887,1.11031,1.11069,1.11297,2.1059,0.00302,
EURUSD,buy,2016-08-07T21:00:00+00:00,2016-08-09T15:00:00+00:00,1.10889,1.11031,1.11069,1.11299,2.1059,0.00298,
EURUSD,buy,2016-08-09T15:00:00+00:00,2016-08-10T00:00:00+00:00,1.11127,1.11349,1.10872,1.11538,6.2521,0.01389,
EURUSD,buy,2016-08-09T15:00:00+00:00,2016-08-10T01:00:00+00:00,1.11127,1.11344,1.11382,1.11538,2.0840,0.00451,
EURUSD,sell,2016-08-11T20:00:00+00:00,2016-08-12T12:00:00+00:00,1.11339,1.11633,1.11595,1.10927,8.3979,-0.02474,
EURUSD,sell,2016-08-15T01:00:00+00:00,2016-08-15T11:00:00+00:00,1.11519,1.11814,1.11775,1.11106,8.2734,-0.02442,
EURUSD,sell,2016-08-14T06:00:00+00:00,2016-08-15T12:00:00+00:00,1.11588,1.11883,1.11844,1.11175,8.2683,-0.02441,
EURUSD,buy,2016-08-12T21:00:00+00:00,2016-08-15T13:00:00+00:00,1.11654,1.11878,1.11398,1.12067,6.2012,0.01384,
EURUSD,buy,2016-08-14T20:00:00+00:00,2016-08-15T13:00:00+00:00,1.11654,1.11878,1.11398,1.12067,6.2012,0.01384,
EURUSD,buy,2016-08-12T21:00:00+00:00,2016-08-15T14:00:00+00:00,1.11654,1.11799,1.11838,1.12067,2.0671,0.00300,
EURUSD,buy,2016-08-14T20:00:00+00:00,2016-08-15T14:00:00+00:00,1.11654,1.11799,1.11838,1.12067,2.0671,0.00300,
EURUSD,buy,2016-08-15T08:00:00+00:00,2016-08-15T14:00:00+00:00,1.11716,1.11939,1.11459,1.12129,6.1978,0.01384,
EURUSD,buy,2016-08-15T08:00:00+00:00,2016-08-15T15:00:00+00:00,1.11716,1.11884,1.11923,1.12129,2.0659,0.00349,
EURUSD,buy,2016-08-21T09:00:00+00:00,2016-08-21T23:00:00+00:00,1.13250,1.12951,1.12990,1.13669,8.1614,-0.02443,
EURUSD,sell,2016-08-19T23:00:00+00:00,2016-08-22T00:00:00+00:00,1.13182,1.12956,1.13442,1.12763,6.1210,0.01387,
EURUSD,sell,2016-08-21T10:00:00+00:00,2016-08-22T00:00:00+00:00,1.13182,1.12956,1.13442,1.12763,6.1210,0.01387,
EURUSD,sell,2016-08-19T23:00:00+00:00,2016-08-22T01:00:00+00:00,1.13182,1.13015,1.12976,1.12763,2.0403,0.00341,
EURUSD,sell,2016-08-21T10:00:00+00:00,2016-08-22T01:00:00+00:00,1.13182,1.13015,1.12976,1.12763,2.0403,0.00341,
EURUSD,buy,2016-08-23T02:00:00+00:00,2016-08-23T15:00:00+00:00,1.13358,1.13058,1.13097,1.13777,8.1983,-0.02456,
EURUSD,sell,2016-08-24T04:00:00+00:00,2016-08-24T11:00:00+00:00,1.12919,1.12693,1.13179,1.12501,6.0874,0.01376,
EURUSD,sell,2016-08-24T04:00:00+00:00,2016-08-24T12:00:00+00:00,1.12919,1.12748,1.12709,1.12501,2.0291,0.00348,
EURUSD,buy,2016-08-25T21:00:00+00:00,2016-08-26T14:00:00+00:00,1.12874,1.13099,1.12614,1.13291,6.1507,0.01388,
EURUSD,buy,2016-08-25T21:00:00+00:00,2016-08-26T14:00:00+00:00,1.12874,1.12835,1.12874,1.13291,2.0502,-0.00080,
EURUSD,buy,2016-08-28T19:00:00+00:00,2016-08-29T07:00:00+00:00,1.11987,1.11691,1.11729,1.12401,8.3244,-0.02464,
EURUSD,buy,2016-08-29T04:00:00+00:00,2016-08-29T07:00:00+00:00,1.12056,1.11759,1.11798,1.12470,8.3192,-0.02464,
EURUSD,sell,2016-08-26T19:00:00+00:00,2016-08-29T12:00:00+00:00,1.11902,1.11678,1.12160,1.11488,6.2442,0.01398,
EURUSD,sell,2016-08-26T19:00:00+00:00,2016-08-29T13:00:00+00:00,1.11902,1.11786,1.11747,1.11488,2.0814,0.00243,
EURUSD,sell,2016-08-28T21:00:00+00:00,2016-08-30T07:00:00+00:00,1.11823,1.11600,1.12081,1.11410,6.2486,0.01398,
EURUSD,sell,2016-08-29T08:00:00+00:00,2016-08-30T07:00:00+00:00,1.11828,1.11605,1.12086,1.11415,6.0831,0.01361,
EURUSD,sell,2016-08-28T21:00:00+00:00,2016-08-30T08:00:00+00:00,1.11823,1.11778,1.11739,1.11410,2.0829,0.00096,
EURUSD,sell,2016-08-29T08:00:00+00:00,2016-08-30T08:00:00+00:00,1.11828,1.11778,1.11739,1.11415,2.0277,0.00103,
EURUSD,buy,2016-09-01T07:00:00+00:00,2016-09-01T14:00:00+00:00,1.11329,1.11552,1.11073,1.11741,6.2691,0.01395,
EURUSD,buy,2016-09-01T07:00:00+00:00,2016-09-01T14:00:00+00:00,1.11329,1.11708,1.11329,1.11741,2.0897,0.00790,
EURUSD,sell,2016-09-03T00:00:00+00:00,2016-09-05T05:00:00+00:00,1.11506,1.11801,1.11762,1.11093,8.4385,-0.02490,
EURUSD,sell,2016-09-06T01:00:00+00:00,2016-09-06T07:00:00+00:00,1.11418,1.11712,1.11674,1.11005,8.3335,-0.02457,
EURUSD,buy,2016-09-04T21:00:00+00:00,2016-09-06T14:00:00+00:00,1.11580,1.11803,1.11324,1.11993,6.3284,0.01411,
EURUSD,buy,2016-09-04T21:00:00+00:00,2016-09-06T14:00:00+00:00,1.11580,1.11960,1.11580,1.11993,2.1095,0.00800,
EURUSD,buy,2016-09-06T15:00:00+00:00,2016-09-07T14:00:00+00:00,1.12397,1.12621,1.12138,1.12812,6.1912,0.01391,
EURUSD,buy,2016-09-06T15:00:00+00:00,2016-09-07T14:00:00+00:00,1.12397,1.12358,1.12397,1.12812,2.0637,-0.00080,
EURUSD,sell,2016-09-09T16:00:00+00:00,2016-09-11T22:00:00+00:00,1.12114,1.12411,1.12372,1.11699,8.3292,-0.02471,
EURUSD,buy,2016-09-11T10:00:00+00:00,2016-09-12T07:00:00+00:00,1.12352,1.12576,1.12093,1.12767,6.2374,0.01401,
EURUSD,buy,2016-09-11T10:00:00+00:00,2016-09-12T08:00:00+00:00,1.12352,1.12410,1.12449,1.12767,2.0791,0.00122,
EURUSD,sell,2016-09-13T01:00:00+00:00,2016-09-13T12:00:00+00:00,1.12275,1.12572,1.12534,1.11860,8.2750,-0.02458,
EURUSD,sell,2016-09-13T13:00:00+00:00,2016-09-13T14:00:00+00:00,1.12294,1.12591,1.12553,1.11879,8.1642,-0.02426,
EURUSD,buy,2016-09-13T11:00:00+00:00,2016-09-13T18:00:00+00:00,1.12374,1.12077,1.12115,1.12789,8.2727,-0.02457,
EURUSD,buy,2016-09-14T19:00:00+00:00,2016-09-15T07:00:00+00:00,1.12532,1.12234,1.12273,1.12948,7.9348,-0.02360,
EURUSD,sell,2016-09-16T10:00:00+00:00,2016-09-16T12:00:00+00:00,1.12215,1.11991,1.12473,1.11800,5.8855,0.01322,
EURUSD,sell,2016-09-16T10:00:00+00:00,2016-09-16T12:00:00+00:00,1.12215,1.12254,1.12215,1.11800,1.9618,-0.00076,
EURUSD,buy,2016-09-18T21:00:00+00:00,2016-09-19T13:00:00+00:00,1.11560,1.11783,1.11304,1.11973,5.9655,0.01330,
EURUSD,buy,2016-09-18T21:00:00+00:00,2016-09-19T14:00:00+00:00,1.11560,1.11721,1.11760,1.11973,1.9885,0.00320,
EURUSD,sell,2016-09-21T01:00:00+00:00,2016-09-21T05:00:00+00:00,1.11492,1.11268,1.11748,1.11079,6.0211,0.01344,
EURUSD,sell,2016-09-21T01:00:00+00:00,2016-09-21T06:00:00+00:00,1.11492,1.11413,1.11375,1.11079,2.0070,0.00157,
EURUSD,buy,2016-09-22T02:00:00+00:00,2016-09-22T06:00:00+00:00,1.11909,1.12132,1.11651,1.12322,6.0525,0.01354,
EURUSD,buy,2016-09-22T02:00:00+00:00,2016-09-22T07:00:00+00:00,1.11909,1.12190,1.12229,1.12322,2.0175,0.00568,
EURUSD,sell,2016-09-25T11:00:00+00:00,2016-09-26T10:00:00+00:00,1.12203,1.12500,1.12461,1.11788,8.1296,-0.02414,
EURUSD,buy,2016-09-25T21:00:00+00:00,2016-09-26T11:00:00+00:00,1.12309,1.12533,1.12050,1.12724,6.0952,0.01368,
EURUSD,buy,2016-09-25T21:00:00+00:00,2016-09-26T12:00:00+00:00,1.12309,1.12531,1.12570,1.12724,2.0317,0.00452,
EURUSD,sell,2016-09-27T15:00:00+00:00,2016-09-28T12:00:00+00:00,1.12039,1.12336,1.12297,1.11625,8.1151,-0.02406,
EURUSD,buy,2016-09-29T07:00:00+00:00,2016-09-29T13:00:00+00:00,1.12241,1.11944,1.11983,1.12656,7.9982,-0.02373,
EURUSD,sell,2016-09-30T07:00:00+00:00,2016-09-30T12:00:00+00:00,1.11823,1.11600,1.12081,1.11410,5.9378,0.01329,
EURUSD,sell,2016-09-30T07:00:00+00:00,2016-09-30T13:00:00+00:00,1.11823,1.11801,1.11762,1.11410,1.9793,0.00045,
EURUSD,buy,2016-10-01T03:00:00+00:00,2016-10-03T14:00:00+00:00,1.12426,1.12129,1.12167,1.12842,7.9406,-0.02360,
EURUSD,sell,2016-10-02T22:00:00+00:00,2016-10-03T14:00:00+00:00,1.12322,1.12097,1.12581,1.11907,5.9573,0.01339,
EURUSD,sell,2016-10-02T22:00:00+00:00,2016-10-03T15:00:00+00:00,1.12322,1.12246,1.12207,1.11907,1.9858,0.00152,
EURUSD,buy,2016-10-05T08:00:00+00:00,2016-10-05T12:00:00+00:00,1.12318,1.12021,1.12059,1.12733,7.9096,-0.02348,
EURUSD,sell,2016-10-06T10:00:00+00:00,2016-10-06T15:00:00+00:00,1.11856,1.11633,1.12114,1.11442,5.8744,0.01315,
EURUSD,sell,2016-10-06T10:00:00+00:00,2016-10-06T16:00:00+00:00,1.11856,1.11692,1.11654,1.11442,1.9581,0.00321,
EURUSD,buy,2016-10-08T01:00:00+00:00,2016-10-10T06:00:00+00:00,1.12001,1.11705,1.11743,1.12415,7.9002,-0.02339,
EURUSD,sell,2016-10-09T20:00:00+00:00,2016-10-10T10:00:00+00:00,1.11933,1.11709,1.12191,1.11519,5.9251,0.01327,
EURUSD,sell,2016-10-09T20:00:00+00:00,2016-10-10T11:00:00+00:00,1.11933,1.11739,1.11700,1.11519,1.9750,0.00385,
EURUSD,buy,2016-10-13T21:00:00+00:00,2016-10-14T03:00:00+00:00,1.10583,1.10291,1.10329,1.10992,7.9731,-0.02331,
EURUSD,sell,2016-10-14T16:00:00+00:00,2016-10-16T23:00:00+00:00,1.09916,1.09696,1.10169,1.09509,5.9330,0.01305,
EURUSD,sell,2016-10-14T16:00:00+00:00,2016-10-17T00:00:00+00:00,1.09916,1.09740,1.09702,1.09509,1.9777,0.00348,
EURUSD,buy,2016-10-17T02:00:00+00:00,2016-10-17T13:00:00+00:00,1.09809,1.10028,1.09556,1.10215,5.9988,0.01317,
EURUSD,buy,2016-10-17T02:00:00+00:00,2016-10-17T14:00:00+00:00,1.09809,1.09913,1.09951,1.10215,1.9996,0.00208,
EURUSD,sell,2016-10-19T00:00:00+00:00,2016-10-19T12:00:00+00:00,1.09882,1.09662,1.10135,1.09475,6.0433,0.01329,
EURUSD,sell,2016-10-19T00:00:00+00:00,2016-10-19T13:00:00+00:00,1.09882,1.09760,1.09722,1.09475,2.0144,0.00246,
EURUSD,buy,2016-10-23T07:00:00+00:00,2016-10-24T01:00:00+00:00,1.08851,1.08563,1.08600,1.09253,8.2113,-0.02364,
EURUSD,sell,2016-10-23T21:00:00+00:00,2016-10-25T14:00:00+00:00,1.08773,1.08556,1.09024,1.08371,6.1591,0.01341,
EURUSD,sell,2016-10-23T21:00:00+00:00,2016-10-25T15:00:00+00:00,1.08773,1.08661,1.08623,1.08371,2.0530,0.00232,
EURUSD,buy,2016-10-24T22:00:00+00:00,2016-10-25T18:00:00+00:00,1.08745,1.08962,1.08495,1.09147,6.0829,0.01322,
EURUSD,sell,2016-10-25T06:00:00+00:00,2016-10-25T18:00:00+00:00,1.08741,1.09029,1.08992,1.08339,8.1059,-0.02334,
EURUSD,buy,2016-10-24T22:00:00+00:00,2016-10-25T19:00:00+00:00,1.08745,1.08838,1.08876,1.09147,2.0276,0.00190,
EURUSD,buy,2016-10-25T20:00:00+00:00,2016-10-26T07:00:00+00:00,1.08912,1.09129,1.08661,1.09315,6.0995,0.01328,
EURUSD,buy,2016-10-25T20:00:00+00:00,2016-10-26T08:00:00+00:00,1.08912,1.09084,1.09122,1.09315,2.0332,0.00351,
EURUSD,sell,2016-10-28T02:00:00+00:00,2016-10-28T07:00:00+00:00,1.08984,1.09273,1.09235,1.08581,8.1993,-0.02366,
EURUSD,buy,2016-10-28T15:00:00+00:00,2016-10-28T17:00:00+00:00,1.09370,1.09588,1.09118,1.09774,6.0503,0.01323,
EURUSD,buy,2016-10-28T15:00:00+00:00,2016-10-28T17:00:00+00:00,1.09370,1.09741,1.09370,1.09774,2.0168,0.00749,
EURUSD,buy,2016-10-30T21:00:00+00:00,2016-10-31T02:00:00+00:00,1.09881,1.09590,1.09628,1.10287,8.1239,-0.02360,
EURUSD,buy,2016-10-30T19:00:00+00:00,2016-10-31T07:00:00+00:00,1.09857,1.09566,1.09604,1.10263,8.1257,-0.02360,
EURUSD,sell,2016-10-30T18:00:00+00:00,2016-10-31T08:00:00+00:00,1.09791,1.09571,1.10044,1.09385,6.0943,0.01339,
EURUSD,sell,2016-10-30T20:00:00+00:00,2016-10-31T08:00:00+00:00,1.09791,1.09571,1.10044,1.09385,6.0943,0.01339,
EURUSD,sell,2016-10-30T18:00:00+00:00,2016-10-31T09:00:00+00:00,1.09791,1.09605,1.09567,1.09385,2.0314,0.00378,
EURUSD,sell,2016-10-30T20:00:00+00:00,2016-10-31T09:00:00+00:00,1.09791,1.09605,1.09567,1.09385,2.0314,0.00378,
EURUSD,sell,2016-10-30T22:00:00+00:00,2016-10-31T09:00:00+00:00,1.09747,1.09527,1.10000,1.09341,6.0967,0.01339,
EURUSD,sell,2016-10-30T22:00:00+00:00,2016-10-31T10:00:00+00:00,1.09747,1.09605,1.09567,1.09341,2.0322,0.00289,
EURUSD,buy,2016-11-01T10:00:00+00:00,2016-11-01T11:00:00+00:00,1.10021,1.10241,1.09768,1.10428,6.0968,0.01341,
EURUSD,buy,2016-11-01T10:00:00+00:00,2016-11-01T11:00:00+00:00,1.10021,1.09983,1.10021,1.10428,2.0323,-0.00077,
EURUSD,sell,2016-11-04T03:00:00+00:00,2016-11-04T14:00:00+00:00,1.10915,1.11208,1.11170,1.10504,8.1157,-0.02382,
EURUSD,sell,2016-11-04T13:00:00+00:00,2016-11-04T15:00:00+00:00,1.10963,1.11256,1.11218,1.10552,8.1122,-0.02382,
EURUSD,buy,2016-11-04T09:00:00+00:00,2016-11-04T19:00:00+00:00,1.11030,1.11252,1.10775,1.11441,6.0841,0.01350,
EURUSD,buy,2016-11-04T09:00:00+00:00,2016-11-04T20:00:00+00:00,1.11030,1.11258,1.11296,1.11441,2.0280,0.00461,
EURUSD,buy,2016-11-04T16:00:00+00:00,2016-11-06T22:00:00+00:00,1.11229,1.10935,1.10974,1.11641,7.8834,-0.02318,
EURUSD,sell,2016-11-06T22:00:00+00:00,2016-11-07T00:00:00+00:00,1.10799,1.11092,1.11054,1.10389,7.8864,-0.02313,
EURUSD,buy,2016-11-09T04:00:00+00:00,2016-11-09T06:00:00+00:00,1.12782,1.12484,1.12523,1.13199,7.6498,-0.02280,
EURUSD,sell,2016-11-09T23:00:00+00:00,2016-11-10T02:00:00+00:00,1.09163,1.09452,1.09414,1.08759,7.7943,-0.02252,
EURUSD,buy,2016-11-13T15:00:00+00:00,2016-11-13T23:00:00+00:00,1.08549,1.08261,1.08299,1.08950,7.7393,-0.02222,
EURUSD,sell,2016-11-13T22:00:00+00:00,2016-11-14T00:00:00+00:00,1.08351,1.08135,1.08601,1.07950,5.8116,0.01260,
EURUSD,sell,2016-11-13T22:00:00+00:00,2016-11-14T00:00:00+00:00,1.08351,1.07983,1.08351,1.07950,1.9372,0.00714,
EURUSD,buy,2016-11-21T00:00:00+00:00,2016-11-21T07:00:00+00:00,1.06006,1.06218,1.05762,1.06398,5.9350,0.01257,
EURUSD,buy,2016-11-21T00:00:00+00:00,2016-11-21T08:00:00+00:00,1.06006,1.06211,1.06248,1.06398,1.9783,0.00406,
EURUSD,sell,2016-11-23T05:00:00+00:00,2016-11-23T09:00:00+00:00,1.06263,1.06050,1.06508,1.05870,5.9757,0.01271,
EURUSD,sell,2016-11-23T05:00:00+00:00,2016-11-23T10:00:00+00:00,1.06263,1.06198,1.06161,1.05870,1.9919,0.00130,
EURUSD,buy,2016-11-23T11:00:00+00:00,2016-11-23T13:00:00+00:00,1.06256,1.05975,1.06012,1.06649,8.0389,-0.02260,
EURUSD,sell,2016-11-23T13:00:00+00:00,2016-11-23T15:00:00+00:00,1.05538,1.05327,1.05781,1.05148,5.9863,0.01264,
EURUSD,sell,2016-11-23T13:00:00+00:00,2016-11-23T15:00:00+00:00,1.05538,1.05575,1.05538,1.05148,1.9954,-0.00073,
EURUSD,buy,2016-11-25T08:00:00+00:00,2016-11-25T14:00:00+00:00,1.06012,1.06224,1.05768,1.06404,6.0053,0.01272,
EURUSD,buy,2016-11-25T08:00:00+00:00,2016-11-25T15:00:00+00:00,1.06012,1.05978,1.06015,1.06404,2.0018,-0.00067,
EURUSD,sell,2016-11-27T04:00:00+00:00,2016-11-28T00:00:00+00:00,1.05869,1.06150,1.06113,1.05477,8.0699,-0.02263,
EURUSD,buy,2016-11-27T20:00:00+00:00,2016-11-28T00:00:00+00:00,1.05933,1.06144,1.05689,1.06325,6.0524,0.01281,
EURUSD,buy,2016-11-27T20:00:00+00:00,2016-11-28T00:00:00+00:00,1.05933,1.06293,1.05933,1.06325,2.0175,0.00726,
EURUSD,sell,2016-11-27T21:00:00+00:00,2016-11-28T00:00:00+00:00,1.05869,1.06150,1.06113,1.05477,8.0699,-0.02263,
EURUSD,buy,2016-11-27T22:00:00+00:00,2016-11-28T00:00:00+00:00,1.06013,1.06225,1.05769,1.06405,6.0478,0.01281,
EURUSD,buy,2016-11-27T22:00:00+00:00,2016-11-28T01:00:00+00:00,1.06013,1.06184,1.06221,1.06405,2.0159,0.00345,
EURUSD,sell,2016-11-29T03:00:00+00:00,2016-11-29T13:00:00+00:00,1.05903,1.05691,1.06147,1.05511,6.0189,0.01276,
EURUSD,sell,2016-11-29T03:00:00+00:00,2016-11-29T13:00:00+00:00,1.05903,1.05940,1.05903,1.05511,2.0063,-0.00074,
EURUSD,buy,2016-11-30T00:00:00+00:00,2016-11-30T07:00:00+00:00,1.06508,1.06226,1.06263,1.06902,8.0409,-0.02266,
EURUSD,sell,2016-11-30T23:00:00+00:00,2016-12-01T05:00:00+00:00,1.05871,1.06152,1.06115,1.05479,7.9774,-0.02237,
EURUSD,buy,2016-12-01T21:00:00+00:00,2016-12-02T04:00:00+00:00,1.06639,1.06852,1.06394,1.07033,5.8649,0.01250,
EURUSD,buy,2016-12-01T21:00:00+00:00,2016-12-02T05:00:00+00:00,1.06639,1.06751,1.06788,1.07033,1.9550,0.00219,
EURUSD,sell,2016-12-04T16:00:00+00:00,2016-12-04T22:00:00+00:00,1.06600,1.06387,1.06845,1.06205,5.9152,0.01262,
EURUSD,sell,2016-12-04T16:00:00+00:00,2016-12-04T22:00:00+00:00,1.06600,1.06237,1.06600,1.06205,1.9717,0.00715,
EURUSD,buy,2016-12-04T19:00:00+00:00,2016-12-04T22:00:00+00:00,1.06664,1.06382,1.06419,1.07059,7.8869,-0.02226,
EURUSD,sell,2016-12-04T22:00:00+00:00,2016-12-04T23:00:00+00:00,1.05297,1.05087,1.05540,1.04908,5.9795,0.01260,
EURUSD,sell,2016-12-04T22:00:00+00:00,2016-12-04T23:00:00+00:00,1.05297,1.05334,1.05297,1.04908,1.9932,-0.00073,
EURUSD,buy,2016-12-05T20:00:00+00:00,2016-12-06T06:00:00+00:00,1.07656,1.07372,1.07409,1.08054,7.8578,-0.02238,
EURUSD,sell,2016-12-07T07:00:00+00:00,2016-12-07T12:00:00+00:00,1.07097,1.07380,1.07343,1.06700,7.7897,-0.02209,
EURUSD,buy,2016-12-07T23:00:00+00:00,2016-12-08T08:00:00+00:00,1.07624,1.07839,1.07377,1.08022,5.7401,0.01235,
EURUSD,buy,2016-12-07T23:00:00+00:00,2016-12-08T08:00:00+00:00,1.07624,1.07587,1.07624,1.08022,1.9134,-0.00071,
EURUSD,sell,2016-12-08T18:00:00+00:00,2016-12-09T07:00:00+00:00,1.06009,1.06290,1.06253,1.05617,7.8203,-0.02196,
EURUSD,buy,2016-12-11T11:00:00+00:00,2016-12-11T22:00:00+00:00,1.05631,1.05351,1.05388,1.06021,7.7490,-0.02166,
EURUSD,sell,2016-12-11T22:00:00+00:00,2016-12-12T03:00:00+00:00,1.05427,1.05707,1.05670,1.05037,7.6567,-0.02138,
EURUSD,buy,2016-12-12T10:00:00+00:00,2016-12-12T17:00:00+00:00,1.06104,1.06316,1.05860,1.06496,5.6337,0.01195,
EURUSD,buy,2016-12-12T10:00:00+00:00,2016-12-12T17:00:00+00:00,1.06104,1.06067,1.06104,1.06496,1.8779,-0.00069,
EURUSD,sell,2016-12-14T21:00:00+00:00,2016-12-14T23:00:00+00:00,1.05303,1.05093,1.05546,1.04914,5.7132,0.01204,
EURUSD,sell,2016-12-14T21:00:00+00:00,2016-12-15T00:00:00+00:00,1.05303,1.05196,1.05159,1.04914,1.9044,0.00205,
EURUSD,sell,2016-12-18T22:00:00+00:00,2016-12-19T01:00:00+00:00,1.04434,1.04710,1.04674,1.04047,7.7485,-0.02144,
EURUSD,buy,2016-12-17T04:00:00+00:00,2016-12-19T06:00:00+00:00,1.04514,1.04723,1.04274,1.04901,5.8104,0.01214,
EURUSD,buy,2016-12-17T04:00:00+00:00,2016-12-19T07:00:00+00:00,1.04514,1.04568,1.04604,1.04901,1.9368,0.00103,
EURUSD,buy,2016-12-19T00:00:00+00:00,2016-12-19T11:00:00+00:00,1.04586,1.04310,1.04346,1.04973,7.7418,-0.02143,
EURUSD,sell,2016-12-19T19:00:00+00:00,2016-12-20T06:00:00+00:00,1.04008,1.03800,1.04247,1.03623,5.7281,0.01192,
EURUSD,sell,2016-12-19T19:00:00+00:00,2016-12-20T07:00:00+00:00,1.04008,1.03981,1.03945,1.03623,1.9094,0.00051,
EURUSD,buy,2016-12-21T13:00:00+00:00,2016-12-21T18:00:00+00:00,1.04443,1.04167,1.04203,1.04830,7.6698,-0.02120,
EURUSD,buy,2016-12-26T02:00:00+00:00,2016-12-27T01:00:00+00:00,1.04619,1.04343,1.04379,1.05006,7.5555,-0.02092,
EURUSD,sell,2016-12-25T23:00:00+00:00,2016-12-28T01:00:00+00:00,1.04492,1.04768,1.04732,1.04105,7.5602,-0.02093,
EURUSD,sell,2016-12-26T23:00:00+00:00,2016-12-28T01:00:00+00:00,1.04507,1.04784,1.04747,1.04120,7.5591,-0.02093,
EURUSD,buy,2016-12-28T00:00:00+00:00,2016-12-28T08:00:00+00:00,1.04672,1.04395,1.04432,1.05060,7.4517,-0.02064,
EURUSD,sell,2016-12-28T14:00:00+00:00,2016-12-28T19:00:00+00:00,1.03846,1.04121,1.04085,1.03461,7.2057,-0.01983,
EURUSD,buy,2016-12-29T14:00:00+00:00,2016-12-29T15:00:00+00:00,1.04608,1.04817,1.04368,1.04995,5.2970,0.01107,
EURUSD,buy,2016-12-29T14:00:00+00:00,2016-12-29T15:00:00+00:00,1.04608,1.04572,1.04608,1.04995,1.7657,-0.00064,
EURUSD,sell,2016-12-31T13:00:00+00:00,2017-01-02T08:00:00+00:00,1.05118,1.04908,1.05360,1.04729,5.3053,0.01116,
EURUSD,sell,2016-12-31T13:00:00+00:00,2017-01-02T08:00:00+00:00,1.05118,1.05155,1.05118,1.04729,1.7684,-0.00065,
EURUSD,buy,2017-01-01T22:00:00+00:00,2017-01-02T08:00:00+00:00,1.05209,1.04930,1.04967,1.05598,7.0720,-0.01969,
EURUSD,sell,2017-01-02T09:00:00+00:00,2017-01-02T19:00:00+00:00,1.04839,1.04629,1.05080,1.04451,5.2867,0.01109,
EURUSD,sell,2017-01-02T09:00:00+00:00,2017-01-02T20:00:00+00:00,1.04839,1.04637,1.04601,1.04451,1.7622,0.00354,
EURUSD,buy,2017-01-04T20:00:00+00:00,2017-01-05T00:00:00+00:00,1.04892,1.05102,1.04651,1.05280,5.3395,0.01119,
EURUSD,buy,2017-01-04T20:00:00+00:00,2017-01-05T00:00:00+00:00,1.04892,1.05249,1.04892,1.05280,1.7798,0.00634,
EURUSD,sell,2017-01-07T01:00:00+00:00,2017-01-09T08:00:00+00:00,1.05258,1.05537,1.05501,1.04869,7.1736,-0.02000,
EURUSD,buy,2017-01-08T22:00:00+00:00,2017-01-09T10:00:00+00:00,1.05355,1.05076,1.05112,1.05744,7.1714,-0.01999,
EURUSD,sell,2017-01-11T05:00:00+00:00,2017-01-11T10:00:00+00:00,1.05465,1.05254,1.05708,1.05075,5.2275,0.01103,
EURUSD,sell,2017-01-11T05:00:00+00:00,2017-01-11T11:00:00+00:00,1.05465,1.05286,1.05249,1.05075,1.7425,0.00313,
EURUSD,buy,2017-01-12T07:00:00+00:00,2017-01-12T08:00:00+00:00,1.06327,1.06539,1.06082,1.06720,5.2382,0.01113,
EURUSD,buy,2017-01-12T07:00:00+00:00,2017-01-12T08:00:00+00:00,1.06327,1.06290,1.06327,1.06720,1.7461,-0.00064,
EURUSD,sell,2017-01-15T22:00:00+00:00,2017-01-16T08:00:00+00:00,1.06189,1.05977,1.06433,1.05796,5.2789,0.01122,
EURUSD,sell,2017-01-15T22:00:00+00:00,2017-01-16T08:00:00+00:00,1.06189,1.05828,1.06189,1.05796,1.7596,0.00636,
EURUSD,buy,2017-01-17T10:00:00+00:00,2017-01-17T11:00:00+00:00,1.06828,1.07042,1.06582,1.07223,5.3122,0.01134,
EURUSD,buy,2017-01-17T10:00:00+00:00,2017-01-17T11:00:00+00:00,1.06828,1.06791,1.06828,1.07223,1.7707,-0.00066,
EURUSD,sell,2017-01-18T23:00:00+00:00,2017-01-19T08:00:00+00:00,1.06248,1.06530,1.06493,1.05855,7.1676,-0.02017,
EURUSD,buy,2017-01-20T10:00:00+00:00,2017-01-20T14:00:00+00:00,1.06402,1.06615,1.06157,1.06795,5.3000,0.01127,
EURUSD,buy,2017-01-20T10:00:00+00:00,2017-01-20T15:00:00+00:00,1.06402,1.06512,1.06549,1.06795,1.7667,0.00195,
EURUSD,sell,2017-01-22T20:00:00+00:00,2017-01-23T00:00:00+00:00,1.06958,1.07241,1.07204,1.06562,7.0875,-0.02007,
EURUSD,buy,2017-01-22T21:00:00+00:00,2017-01-23T00:00:00+00:00,1.07022,1.07236,1.06776,1.07418,5.3156,0.01137,
EURUSD,buy,2017-01-22T21:00:00+00:00,2017-01-23T01:00:00+00:00,1.07022,1.07177,1.07214,1.07418,1.7719,0.00274,
EURUSD,sell,2017-01-25T00:00:00+00:00,2017-01-25T09:00:00+00:00,1.07278,1.07562,1.07525,1.06881,7.0386,-0.01999,
EURUSD,buy,2017-01-26T01:00:00+00:00,2017-01-26T07:00:00+00:00,1.07621,1.07337,1.07374,1.08019,6.9274,-0.01972,
EURUSD,sell,2017-01-26T15:00:00+00:00,2017-01-26T18:00:00+00:00,1.06680,1.06963,1.06925,1.06285,6.8920,-0.01947,
EURUSD,sell,2017-01-29T20:00:00+00:00,2017-01-29T22:00:00+00:00,1.06926,1.07209,1.07172,1.06530,6.7851,-0.01921,
EURUSD,buy,2017-01-28T07:00:00+00:00,2017-01-30T00:00:00+00:00,1.06990,1.07204,1.06744,1.07386,5.0888,0.01088,
EURUSD,buy,2017-01-29T21:00:00+00:00,2017-01-30T00:00:00+00:00,1.06990,1.07204,1.06744,1.07386,5.0888,0.01088,
EURUSD,buy,2017-01-28T07:00:00+00:00,2017-01-30T01:00:00+00:00,1.06990,1.07192,1.07229,1.07386,1.6963,0.00342,
EURUSD,buy,2017-01-29T21:00:00+00:00,2017-01-30T01:00:00+00:00,1.06990,1.07192,1.07229,1.07386,1.6963,0.00342,
EURUSD,sell,2017-01-30T19:00:00+00:00,2017-01-31T08:00:00+00:00,1.06912,1.07195,1.07158,1.06516,6.8299,-0.01934,
EURUSD,buy,2017-01-31T11:00:00+00:00,2017-01-31T14:00:00+00:00,1.07537,1.07752,1.07290,1.07935,5.0283,0.01081,
EURUSD,buy,2017-01-31T11:00:00+00:00,2017-01-31T14:00:00+00:00,1.07537,1.07500,1.07537,1.07935,1.6761,-0.00062,
EURUSD,sell,2017-02-02T07:00:00+00:00,2017-02-02T08:00:00+00:00,1.07894,1.08179,1.08142,1.07494,6.7254,-0.01921,
EURUSD,buy,2017-02-02T13:00:00+00:00,2017-02-02T17:00:00+00:00,1.08176,1.07890,1.07928,1.08577,6.6230,-0.01895,
EURUSD,sell,2017-02-03T05:00:00+00:00,2017-02-03T11:00:00+00:00,1.07545,1.07329,1.07792,1.07147,4.9274,0.01061,
EURUSD,sell,2017-02-03T05:00:00+00:00,2017-02-03T12:00:00+00:00,1.07545,1.07454,1.07417,1.07147,1.6425,0.00149,
EURUSD,buy,2017-02-04T07:00:00+00:00,2017-02-06T07:00:00+00:00,1.07850,1.07565,1.07602,1.08249,6.6112,-0.01886,
EURUSD,sell,2017-02-06T02:00:00+00:00,2017-02-06T07:00:00+00:00,1.07746,1.07530,1.07994,1.07347,4.9602,0.01070,
EURUSD,sell,2017-02-06T02:00:00+00:00,2017-02-06T08:00:00+00:00,1.07746,1.07616,1.07579,1.07347,1.6534,0.00214,
EURUSD,buy,2017-02-09T04:00:00+00:00,2017-02-09T14:00:00+00:00,1.06909,1.06626,1.06663,1.07305,6.6412,-0.01878,
EURUSD,sell,2017-02-09T18:00:00+00:00,2017-02-10T12:00:00+00:00,1.06570,1.06357,1.06815,1.06176,4.9277,0.01051,
EURUSD,sell,2017-02-09T18:00:00+00:00,2017-02-10T13:00:00+00:00,1.06570,1.06336,1.06299,1.06176,1.6426,0.00385,
EURUSD,buy,2017-02-12T05:00:00+00:00,2017-02-12T23:00:00+00:00,1.06429,1.06147,1.06184,1.06823,6.6504,-0.01873,
EURUSD,sell,2017-02-12T22:00:00+00:00,2017-02-13T08:00:00+00:00,1.06281,1.06563,1.06526,1.05888,6.6556,-0.01873,
EURUSD,buy,2017-02-16T05:00:00+00:00,2017-02-16T13:00:00+00:00,1.06240,1.06452,1.05996,1.06633,4.8644,0.01033,
EURUSD,buy,2017-02-16T05:00:00+00:00,2017-02-16T14:00:00+00:00,1.06240,1.06309,1.06346,1.06633,1.6215,0.00112,
EURUSD,sell,2017-02-17T22:00:00+00:00,2017-02-19T23:00:00+00:00,1.06082,1.06363,1.06326,1.05690,6.5456,-0.01839,
EURUSD,buy,2017-02-19T17:00:00+00:00,2017-02-21T00:00:00+00:00,1.06146,1.05865,1.05902,1.06538,6.5456,-0.01838,
EURUSD,sell,2017-02-21T02:00:00+00:00,2017-02-21T09:00:00+00:00,1.05791,1.05580,1.06035,1.05400,4.7924,0.01015,
EURUSD,sell,2017-02-21T02:00:00+00:00,2017-02-21T10:00:00+00:00,1.05791,1.05491,1.05454,1.05400,1.5975,0.00480,
EURUSD,buy,2017-02-23T06:00:00+00:00,2017-02-23T14:00:00+00:00,1.05611,1.05822,1.05368,1.06001,4.8565,0.01025,
EURUSD,buy,2017-02-23T06:00:00+00:00,2017-02-23T15:00:00+00:00,1.05611,1.05722,1.05759,1.06001,1.6188,0.00181,
EURUSD,sell,2017-02-26T23:00:00+00:00,2017-02-27T01:00:00+00:00,1.05488,1.05768,1.05731,1.05098,6.5361,-0.01826,
EURUSD,sell,2017-02-25T05:00:00+00:00,2017-02-27T07:00:00+00:00,1.05563,1.05843,1.05806,1.05173,6.5315,-0.01826,
EURUSD,buy,2017-02-26T22:00:00+00:00,2017-02-27T09:00:00+00:00,1.05634,1.05845,1.05391,1.06024,4.8983,0.01034,
EURUSD,buy,2017-02-26T22:00:00+00:00,2017-02-27T10:00:00+00:00,1.05634,1.05750,1.05787,1.06024,1.6328,0.00190,
EURUSD,buy,2017-02-27T01:00:00+00:00,2017-02-27T13:00:00+00:00,1.05747,1.05958,1.05504,1.06138,4.8283,0.01020,
EURUSD,buy,2017-02-27T01:00:00+00:00,2017-02-27T14:00:00+00:00,1.05747,1.05895,1.05932,1.06138,1.6094,0.00239,
EURUSD,sell,2017-03-01T05:00:00+00:00,2017-03-01T08:00:00+00:00,1.05523,1.05312,1.05766,1.05133,4.8590,0.01026,
EURUSD,sell,2017-03-01T05:00:00+00:00,2017-03-01T09:00:00+00:00,1.05523,1.05497,1.05460,1.05133,1.6197,0.00043,
EURUSD,buy,2017-03-03T17:00:00+00:00,2017-03-03T19:00:00+00:00,1.05646,1.05857,1.05403,1.06036,4.8942,0.01033,
EURUSD,buy,2017-03-03T17:00:00+00:00,2017-03-03T19:00:00+00:00,1.05646,1.06005,1.05646,1.06036,1.6314,0.00586,
EURUSD,sell,2017-03-05T22:00:00+00:00,2017-03-06T08:00:00+00:00,1.06076,1.06357,1.06320,1.05684,6.5715,-0.01846,
EURUSD,buy,2017-03-09T19:00:00+00:00,2017-03-10T13:00:00+00:00,1.05953,1.06165,1.05709,1.06345,4.8720,0.01032,
EURUSD,buy,2017-03-09T19:00:00+00:00,2017-03-10T13:00:00+00:00,1.05953,1.06313,1.05953,1.06345,1.6240,0.00585,
EURUSD,sell,2017-03-12T16:00:00+00:00,2017-03-13T02:00:00+00:00,1.06696,1.06979,1.06941,1.06301,6.5226,-0.01843,
EURUSD,buy,2017-03-12T21:00:00+00:00,2017-03-13T07:00:00+00:00,1.06885,1.07099,1.06639,1.07280,4.8862,0.01044,
EURUSD,buy,2017-03-12T21:00:00+00:00,2017-03-13T08:00:00+00:00,1.06885,1.06903,1.06940,1.07280,1.6287,0.00029,
EURUSD,sell,2017-03-13T21:00:00+00:00,2017-03-14T12:00:00+00:00,1.06506,1.06293,1.06751,1.06112,4.8736,0.01039,
EURUSD,sell,2017-03-13T21:00:00+00:00,2017-03-14T13:00:00+00:00,1.06506,1.06396,1.06359,1.06112,1.6245,0.00179,
EURUSD,buy,2017-03-15T20:00:00+00:00,2017-03-16T08:00:00+00:00,1.07371,1.07087,1.07124,1.07768,6.5063,-0.01848,
EURUSD,sell,2017-03-18T03:00:00+00:00,2017-03-20T02:00:00+00:00,1.07350,1.07634,1.07597,1.06952,6.4177,-0.01824,
EURUSD,buy,2017-03-19T21:00:00+00:00,2017-03-20T06:00:00+00:00,1.07421,1.07636,1.07174,1.07819,4.8129,0.01033,
EURUSD,buy,2017-03-19T21:00:00+00:00,2017-03-20T07:00:00+00:00,1.07421,1.07629,1.07666,1.07819,1.6043,0.00333,
EURUSD,sell,2017-03-23T03:00:00+00:00,2017-03-24T02:00:00+00:00,1.07860,1.07644,1.08108,1.07460,4.7746,0.01031,
EURUSD,sell,2017-03-23T03:00:00+00:00,2017-03-24T03:00:00+00:00,1.07860,1.07721,1.07684,1.07460,1.5915,0.00220,
EURUSD,buy,2017-03-24T19:00:00+00:00,2017-03-26T21:00:00+00:00,1.07962,1.08178,1.07714,1.08362,4.8164,0.01039,
EURUSD,buy,2017-03-24T19:00:00+00:00,2017-03-26T21:00:00+00:00,1.07962,1.08329,1.07962,1.08362,1.6055,0.00589,
EURUSD,sell,2017-03-26T07:00:00+00:00,2017-03-26T21:00:00+00:00,1.07937,1.08222,1.08185,1.07537,6.4195,-0.01835,
EURUSD,buy,2017-03-26T20:00:00+00:00,2017-03-26T21:00:00+00:00,1.08001,1.08217,1.07753,1.08401,4.8146,0.01039,
EURUSD,buy,2017-03-26T20:00:00+00:00,2017-03-26T22:00:00+00:00,1.08001,1.08261,1.08298,1.08401,1.6049,0.00416,
EURUSD,sell,2017-03-28T19:00:00+00:00,2017-03-29T07:00:00+00:00,1.08098,1.07881,1.08346,1.07697,4.8508,0.01049,
EURUSD,sell,2017-03-28T19:00:00+00:00,2017-03-29T08:00:00+00:00,1.08098,1.07980,1.07943,1.07697,1.6169,0.00189,
EURUSD,buy,2017-04-02T21:00:00+00:00,2017-04-04T10:00:00+00:00,1.06632,1.06350,1.06387,1.07026,6.6186,-0.01867,
EURUSD,sell,2017-04-04T13:00:00+00:00,2017-04-04T20:00:00+00:00,1.06486,1.06768,1.06731,1.06092,6.5361,-0.01843,
EURUSD,buy,2017-04-05T04:00:00+00:00,2017-04-05T15:00:00+00:00,1.06770,1.06488,1.06525,1.07165,6.4362,-0.01818,
EURUSD,sell,2017-04-06T07:00:00+00:00,2017-04-06T09:00:00+00:00,1.06429,1.06711,1.06674,1.06035,6.3676,-0.01795,
EURUSD,buy,2017-04-10T20:00:00+00:00,2017-04-11T14:00:00+00:00,1.05989,1.06201,1.05745,1.06381,4.7349,0.01003,
EURUSD,buy,2017-04-10T20:00:00+00:00,2017-04-11T15:00:00+00:00,1.05989,1.06089,1.06126,1.06381,1.5783,0.00158,
EURUSD,sell,2017-04-14T01:00:00+00:00,2017-04-17T07:00:00+00:00,1.06171,1.06452,1.06415,1.05778,6.3533,-0.01786,
EURUSD,buy,2017-04-17T00:00:00+00:00,2017-04-17T07:00:00+00:00,1.06234,1.06446,1.05990,1.06627,4.7650,0.01012,
EURUSD,buy,2017-04-17T00:00:00+00:00,2017-04-17T08:00:00+00:00,1.06234,1.06211,1.06248,1.06627,1.5883,-0.00036,
EURUSD,sell,2017-04-21T09:00:00+00:00,2017-04-21T20:00:00+00:00,1.07021,1.07304,1.07267,1.06625,6.2649,-0.01776,
EURUSD,buy,2017-04-22T12:00:00+00:00,2017-04-23T21:00:00+00:00,1.07269,1.07484,1.07023,1.07666,4.6286,0.00992,
EURUSD,buy,2017-04-22T12:00:00+00:00,2017-04-23T21:00:00+00:00,1.07269,1.07634,1.07269,1.07666,1.5429,0.00562,
EURUSD,sell,2017-04-26T23:00:00+00:00,2017-04-27T11:00:00+00:00,1.09050,1.08832,1.09301,1.08647,4.6037,0.01005,
EURUSD,sell,2017-04-26T23:00:00+00:00,2017-04-27T12:00:00+00:00,1.09050,1.09053,1.09015,1.08647,1.5346,-0.00004,
EURUSD,buy,2017-04-28T19:00:00+00:00,2017-05-01T12:00:00+00:00,1.08963,1.09180,1.08712,1.09366,4.6446,0.01011,
EURUSD,sell,2017-04-30T03:00:00+00:00,2017-05-01T12:00:00+00:00,1.08928,1.09217,1.09179,1.08525,6.1910,-0.01785,
EURUSD,sell,2017-04-30T16:00:00+00:00,2017-05-01T12:00:00+00:00,1.08928,1.09217,1.09179,1.08525,6.1910,-0.01785,
EURUSD,sell,2017-05-01T05:00:00+00:00,2017-05-01T12:00:00+00:00,1.08836,1.09124,1.09087,1.08434,6.1963,-0.01785,
EURUSD,buy,2017-04-28T19:00:00+00:00,2017-05-01T13:00:00+00:00,1.08963,1.09019,1.09057,1.09366,1.5482,0.00088,
EURUSD,buy,2017-04-30T15:00:00+00:00,2017-05-02T05:00:00+00:00,1.08994,1.09212,1.08743,1.09397,4.6433,0.01011,
EURUSD,buy,2017-04-30T19:00:00+00:00,2017-05-02T05:00:00+00:00,1.08994,1.09212,1.08743,1.09397,4.6433,0.01011,
EURUSD,buy,2017-04-30T15:00:00+00:00,2017-05-02T06:00:00+00:00,1.08994,1.09083,1.09121,1.09397,1.5478,0.00139,
EURUSD,buy,2017-04-30T19:00:00+00:00,2017-05-02T06:00:00+00:00,1.08994,1.09083,1.09121,1.09397,1.5478,0.00139,
EURUSD,buy,2017-05-01T12:00:00+00:00,2017-05-02T14:00:00+00:00,1.09200,1.08911,1.08949,1.09604,5.9804,-0.01727,
EURUSD,sell,2017-05-03T21:00:00+00:00,2017-05-04T07:00:00+00:00,1.08805,1.09093,1.09056,1.08403,6.0288,-0.01737,
EURUSD,buy,2017-05-04T17:00:00+00:00,2017-05-05T15:00:00+00:00,1.09709,1.09928,1.09457,1.10115,4.4277,0.00971,
EURUSD,buy,2017-05-04T17:00:00+00:00,2017-05-05T16:00:00+00:00,1.09709,1.09806,1.09844,1.10115,1.4759,0.00143,
EURUSD,sell,2017-05-07T20:00:00+00:00,2017-05-07T21:00:00+00:00,1.09917,1.10208,1.10170,1.09510,5.9395,-0.01728,
EURUSD,buy,2017-05-07T21:00:00+00:00,2017-05-07T22:00:00+00:00,1.10157,1.09866,1.09904,1.10564,5.8517,-0.01704,
EURUSD,sell,2017-05-07T23:00:00+00:00,2017-05-08T05:00:00+00:00,1.09614,1.09904,1.09866,1.09208,5.7994,-0.01683,
EURUSD,sell,2017-05-14T22:00:00+00:00,2017-05-15T08:00:00+00:00,1.09223,1.09512,1.09475,1.08819,5.7432,-0.01661,
EURUSD,buy,2017-05-12T13:00:00+00:00,2017-05-15T09:00:00+00:00,1.09263,1.09481,1.09012,1.09667,4.3084,0.00941,
EURUSD,buy,2017-05-12T13:00:00+00:00,2017-05-15T10:00:00+00:00,1.09263,1.09483,1.09521,1.09667,1.4361,0.00316,
EURUSD,buy,2017-05-15T08:00:00+00:00,2017-05-15T12:00:00+00:00,1.09482,1.09701,1.09230,1.09887,4.2429,0.00928,
EURUSD,buy,2017-05-15T08:00:00+00:00,2017-05-15T13:00:00+00:00,1.09482,1.09722,1.09760,1.09887,1.4143,0.00340,
EURUSD,sell,2017-05-18T22:00:00+00:00,2017-05-19T07:00:00+00:00,1.11043,1.11337,1.11298,1.10632,5.6880,-0.01672,
EURUSD,buy,2017-05-19T16:00:00+00:00,2017-05-22T07:00:00+00:00,1.11941,1.11645,1.11683,1.12355,5.5711,-0.01648,
EURUSD,sell,2017-05-21T21:00:00+00:00,2017-05-22T07:00:00+00:00,1.11972,1.11748,1.12230,1.11558,4.1746,0.00936,
EURUSD,sell,2017-05-21T21:00:00+00:00,2017-05-22T08:00:00+00:00,1.11972,1.11827,1.11788,1.11558,1.3915,0.00203,
EURUSD,buy,2017-05-22T15:00:00+00:00,2017-05-23T07:00:00+00:00,1.12383,1.12607,1.12124,1.12798,4.1449,0.00931,
EURUSD,buy,2017-05-22T15:00:00+00:00,2017-05-23T07:00:00+00:00,1.12383,1.12344,1.12383,1.12798,1.3816,-0.00053,
EURUSD,sell,2017-05-23T22:00:00+00:00,2017-05-24T18:00:00+00:00,1.11838,1.12134,1.12096,1.11425,5.5893,-0.01654,
EURUSD,buy,2017-05-25T05:00:00+00:00,2017-05-25T09:00:00+00:00,1.12470,1.12172,1.12211,1.12886,5.4877,-0.01631,
EURUSD,sell,2017-05-26T06:00:00+00:00,2017-05-26T08:00:00+00:00,1.12078,1.12375,1.12336,1.11664,5.4308,-0.01611,
EURUSD,buy,2017-05-28T12:00:00+00:00,2017-05-29T21:00:00+00:00,1.11833,1.11537,1.11575,1.12246,5.3740,-0.01589,
EURUSD,sell,2017-05-28T21:00:00+00:00,2017-05-29T22:00:00+00:00,1.11727,1.11504,1.11985,1.11314,4.0318,0.00902,
EURUSD,sell,2017-05-28T21:00:00+00:00,2017-05-29T23:00:00+00:00,1.11727,1.11435,1.11397,1.11314,1.3439,0.00393,
EURUSD,buy,2017-05-30T23:00:00+00:00,2017-05-31T10:00:00+00:00,1.11762,1.11985,1.11505,1.12175,4.0231,0.00899,
EURUSD,buy,2017-05-30T23:00:00+00:00,2017-05-31T10:00:00+00:00,1.11762,1.12141,1.11762,1.12175,1.3410,0.00509,
EURUSD,sell,2017-06-02T02:00:00+00:00,2017-06-02T12:00:00+00:00,1.12134,1.12431,1.12392,1.11719,5.4059,-0.01604,
EURUSD,buy,2017-06-02T17:00:00+00:00,2017-06-05T10:00:00+00:00,1.12791,1.12493,1.12531,1.13208,5.3065,-0.01582,
EURUSD,sell,2017-06-04T21:00:00+00:00,2017-06-05T10:00:00+00:00,1.12746,1.12521,1.13006,1.12329,3.9791,0.00898,
EURUSD,sell,2017-06-04T21:00:00+00:00,2017-06-05T11:00:00+00:00,1.12746,1.12511,1.12472,1.12329,1.3264,0.00312,
EURUSD,buy,2017-06-06T19:00:00+00:00,2017-06-07T07:00:00+00:00,1.12815,1.12517,1.12555,1.13232,5.2889,-0.01577,
EURUSD,sell,2017-06-07T15:00:00+00:00,2017-06-07T16:00:00+00:00,1.12341,1.12639,1.12600,1.11926,5.2379,-0.01557,
EURUSD,sell,2017-06-11T16:00:00+00:00,2017-06-12T05:00:00+00:00,1.11907,1.12204,1.12165,1.11493,5.1886,-0.01536,
EURUSD,buy,2017-06-10T18:00:00+00:00,2017-06-12T07:00:00+00:00,1.11975,1.12198,1.11717,1.12389,3.8915,0.00871,
EURUSD,buy,2017-06-10T18:00:00+00:00,2017-06-12T08:00:00+00:00,1.11975,1.12113,1.12152,1.12389,1.2972,0.00180,
EURUSD,sell,2017-06-13T06:00:00+00:00,2017-06-13T07:00:00+00:00,1.11906,1.12203,1.12164,1.11492,5.1670,-0.01530,
EURUSD,buy,2017-06-11T21:00:00+00:00,2017-06-14T12:00:00+00:00,1.12082,1.12306,1.11824,1.12496,3.8878,0.00871,
EURUSD,buy,2017-06-11T21:00:00+00:00,2017-06-14T12:00:00+00:00,1.12082,1.12043,1.12082,1.12496,1.2959,-0.00050,
EURUSD,buy,2017-06-14T00:00:00+00:00,2017-06-14T12:00:00+00:00,1.12171,1.12395,1.11913,1.12586,3.8173,0.00856,
EURUSD,buy,2017-06-14T00:00:00+00:00,2017-06-14T12:00:00+00:00,1.12171,1.12132,1.12171,1.12586,1.2724,-0.00049,
EURUSD,sell,2017-06-15T11:00:00+00:00,2017-06-15T14:00:00+00:00,1.11590,1.11366,1.11846,1.11177,3.8895,0.00869,
EURUSD,sell,2017-06-15T11:00:00+00:00,2017-06-15T15:00:00+00:00,1.11590,1.11559,1.11521,1.11177,1.2965,0.00039,
EURUSD,buy,2017-06-16T22:00:00+00:00,2017-06-19T13:00:00+00:00,1.12002,1.11706,1.11744,1.12416,5.2106,-0.01543,
EURUSD,buy,2017-06-18T21:00:00+00:00,2017-06-19T13:00:00+00:00,1.12018,1.11722,1.11760,1.12432,5.2098,-0.01543,
EURUSD,sell,2017-06-18T19:00:00+00:00,2017-06-19T14:00:00+00:00,1.11934,1.11710,1.12192,1.11520,3.9079,0.00875,
EURUSD,sell,2017-06-18T19:00:00+00:00,2017-06-19T15:00:00+00:00,1.11934,1.11750,1.11711,1.11520,1.3026,0.00241,
EURUSD,sell,2017-06-19T12:00:00+00:00,2017-06-19T17:00:00+00:00,1.11785,1.11562,1.12043,1.11372,3.9132,0.00875,
EURUSD,sell,2017-06-19T12:00:00+00:00,2017-06-19T18:00:00+00:00,1.11785,1.11573,1.11535,1.11372,1.3044,0.00277,
EURUSD,buy,2017-06-21T21:00:00+00:00,2017-06-22T17:00:00+00:00,1.11709,1.11413,1.11452,1.12122,5.1877,-0.01532,
EURUSD,sell,2017-06-23T06:00:00+00:00,2017-06-23T13:00:00+00:00,1.11690,1.11986,1.11947,1.11277,5.1169,-0.01512,
EURUSD,buy,2017-06-23T12:00:00+00:00,2017-06-23T14:00:00+00:00,1.11795,1.12018,1.11537,1.12208,3.8364,0.00857,
EURUSD,buy,2017-06-23T12:00:00+00:00,2017-06-23T15:00:00+00:00,1.11795,1.11920,1.11959,1.12208,1.2788,0.00161,
EURUSD,sell,2017-06-25T12:00:00+00:00,2017-06-26T12:00:00+00:00,1.11884,1.12180,1.12142,1.11470,5.0859,-0.01506,
EURUSD,sell,2017-06-26T11:00:00+00:00,2017-06-26T12:00:00+00:00,1.11780,1.12076,1.12038,1.11367,5.0906,-0.01506,
EURUSD,buy,2017-06-26T12:00:00+00:00,2017-06-26T16:00:00+00:00,1.12145,1.11848,1.11887,1.12559,4.9429,-0.01465,
EURUSD,sell,2017-06-26T19:00:00+00:00,2017-06-27T06:00:00+00:00,1.11769,1.12065,1.12027,1.11356,4.8909,-0.01447,
EURUSD,buy,2017-06-25T21:00:00+00:00,2017-06-27T08:00:00+00:00,1.11961,1.12184,1.11703,1.12375,3.8141,0.00853,
EURUSD,buy,2017-06-25T21:00:00+00:00,2017-06-27T08:00:00+00:00,1.11961,1.11922,1.11961,1.12375,1.2714,-0.00049,
EURUSD,buy,2017-06-27T09:00:00+00:00,2017-06-27T12:00:00+00:00,1.12575,1.12800,1.12316,1.12991,3.6228,0.00815,
EURUSD,buy,2017-06-27T09:00:00+00:00,2017-06-27T13:00:00+00:00,1.12575,1.12728,1.12767,1.12991,1.2076,0.00185,
EURUSD,sell,2017-06-30T23:00:00+00:00,2017-07-03T07:00:00+00:00,1.14217,1.13988,1.14480,1.13794,3.6014,0.00823,
EURUSD,buy,2017-07-01T10:00:00+00:00,2017-07-03T07:00:00+00:00,1.14285,1.13983,1.14022,1.14708,4.8018,-0.01450,
EURUSD,sell,2017-06-30T23:00:00+00:00,2017-07-03T08:00:00+00:00,1.14217,1.13987,1.13948,1.13794,1.2005,0.00276,
EURUSD,sell,2017-07-02T21:00:00+00:00,2017-07-03T08:00:00+00:00,1.14180,1.13951,1.14442,1.13757,3.6025,0.00823,
EURUSD,sell,2017-07-02T21:00:00+00:00,2017-07-03T09:00:00+00:00,1.14180,1.13895,1.13856,1.13757,1.2008,0.00342,
EURUSD,buy,2017-07-06T11:00:00+00:00,2017-07-06T16:00:00+00:00,1.13901,1.14129,1.13639,1.14322,3.6403,0.00829,
EURUSD,buy,2017-07-06T11:00:00+00:00,2017-07-06T17:00:00+00:00,1.13901,1.14117,1.14156,1.14322,1.2134,0.00262,
EURUSD,sell,2017-07-08T06:00:00+00:00,2017-07-11T14:00:00+00:00,1.13962,1.14263,1.14224,1.13540,4.8961,-0.01476,
EURUSD,sell,2017-07-10T13:00:00+00:00,2017-07-11T14:00:00+00:00,1.13884,1.14185,1.14146,1.13462,4.8994,-0.01476,
EURUSD,buy,2017-07-09T23:00:00+00:00,2017-07-11T15:00:00+00:00,1.14068,1.14296,1.13806,1.14490,3.6708,0.00837,
EURUSD,buy,2017-07-09T23:00:00+00:00,2017-07-11T16:00:00+00:00,1.14068,1.14245,1.14284,1.14490,1.2236,0.00216,
EURUSD,buy,2017-07-11T16:00:00+00:00,2017-07-11T17:00:00+00:00,1.14428,1.14657,1.14165,1.14852,3.5970,0.00823,
EURUSD,buy,2017-07-11T16:00:00+00:00,2017-07-11T17:00:00+00:00,1.14428,1.14389,1.14428,1.14852,1.1990,-0.00047,
EURUSD,sell,2017-07-13T01:00:00+00:00,2017-07-13T08:00:00+00:00,1.14309,1.14080,1.14572,1.13886,3.6241,0.00829,
EURUSD,sell,2017-07-13T01:00:00+00:00,2017-07-13T09:00:00+00:00,1.14309,1.14120,1.14081,1.13886,1.2080,0.00228,
EURUSD,sell,2017-07-16T20:00:00+00:00,2017-07-17T07:00:00+00:00,1.14651,1.14421,1.14914,1.14226,3.6478,0.00837,
EURUSD,buy,2017-07-16T21:00:00+00:00,2017-07-17T07:00:00+00:00,1.14728,1.14425,1.14465,1.15153,4.8634,-0.01474,
EURUSD,sell,2017-07-16T20:00:00+00:00,2017-07-17T08:00:00+00:00,1.14651,1.14553,1.14514,1.14226,1.2159,0.00118,
EURUSD,buy,2017-07-14T15:00:00+00:00,2017-07-17T14:00:00+00:00,1.14549,1.14778,1.14286,1.14973,3.6532,0.00836,
EURUSD,sell,2017-07-17T01:00:00+00:00,2017-07-17T14:00:00+00:00,1.14582,1.14885,1.14845,1.14158,4.8667,-0.01475,
EURUSD,buy,2017-07-14T15:00:00+00:00,2017-07-17T15:00:00+00:00,1.14549,1.14620,1.14659,1.14973,1.2177,0.00086,
EURUSD,buy,2017-07-18T00:00:00+00:00,2017-07-18T01:00:00+00:00,1.14885,1.15115,1.14621,1.15310,3.6075,0.00828,
EURUSD,buy,2017-07-18T00:00:00+00:00,2017-07-18T01:00:00+00:00,1.14885,1.14846,1.14885,1.15310,1.2025,-0.00047,
EURUSD,sell,2017-07-19T18:00:00+00:00,2017-07-20T11:00:00+00:00,1.15146,1.14916,1.15411,1.14720,3.6226,0.00835,
EURUSD,sell,2017-07-19T18:00:00+00:00,2017-07-20T12:00:00+00:00,1.15146,1.15172,1.15132,1.14720,1.2075,-0.00030,
EURUSD,buy,2017-07-20T17:00:00+00:00,2017-07-21T06:00:00+00:00,1.16326,1.16558,1.16058,1.16756,3.6140,0.00840,
EURUSD,buy,2017-07-20T17:00:00+00:00,2017-07-21T06:00:00+00:00,1.16326,1.16721,1.16326,1.16756,1.2047,0.00476,
EURUSD,buy,2017-07-23T21:00:00+00:00,2017-07-24T06:00:00+00:00,1.16699,1.16391,1.16431,1.17131,4.8597,-0.01498,
EURUSD,sell,2017-07-23T14:00:00+00:00,2017-07-24T07:00:00+00:00,1.16587,1.16354,1.16855,1.16156,3.6461,0.00851,
EURUSD,sell,2017-07-23T14:00:00+00:00,2017-07-24T07:00:00+00:00,1.16587,1.16627,1.16587,1.16156,1.2154,-0.00049,
EURUSD,sell,2017-07-24T11:00:00+00:00,2017-07-25T06:00:00+00:00,1.16411,1.16719,1.16679,1.15980,4.8389,-0.01490,
EURUSD,buy,2017-07-25T17:00:00+00:00,2017-07-26T05:00:00+00:00,1.16613,1.16305,1.16345,1.17044,4.7695,-0.01469,
EURUSD,sell,2017-07-26T08:00:00+00:00,2017-07-26T10:00:00+00:00,1.16198,1.16505,1.16465,1.15768,4.7205,-0.01450,
EURUSD,buy,2017-07-26T21:00:00+00:00,2017-07-27T01:00:00+00:00,1.17502,1.17192,1.17232,1.17937,4.6091,-0.01430,
EURUSD,sell,2017-07-28T04:00:00+00:00,2017-07-28T07:00:00+00:00,1.16817,1.17126,1.17086,1.16385,4.5722,-0.01412,
EURUSD,buy,2017-07-30T21:00:00+00:00,2017-07-31T06:00:00+00:00,1.17572,1.17262,1.17302,1.18007,4.4855,-0.01393,
EURUSD,buy,2017-07-28T16:00:00+00:00,2017-07-31T14:00:00+00:00,1.17439,1.17674,1.17169,1.17874,3.3679,0.00791,
EURUSD,buy,2017-07-28T16:00:00+00:00,2017-07-31T14:00:00+00:00,1.17439,1.17838,1.17439,1.17874,1.1226,0.00448,
EURUSD,sell,2017-07-30T14:00:00+00:00,2017-07-31T14:00:00+00:00,1.17443,1.17753,1.17713,1.17008,4.4877,-0.01394,
EURUSD,sell,2017-07-31T02:00:00+00:00,2017-07-31T14:00:00+00:00,1.17318,1.17628,1.17588,1.16884,4.4925,-0.01394,
EURUSD,buy,2017-07-31T16:00:00+00:00,2017-07-31T19:00:00+00:00,1.18141,1.18378,1.17870,1.18578,3.2545,0.00768,
EURUSD,buy,2017-07-31T16:00:00+00:00,2017-07-31T20:00:00+00:00,1.18141,1.18267,1.18307,1.18578,1.0848,0.00136,
EURUSD,sell,2017-08-04T16:00:00+00:00,2017-08-04T19:00:00+00:00,1.17504,1.17814,1.17774,1.17069,4.3987,-0.01367,
EURUSD,sell,2017-08-06T20:00:00+00:00,2017-08-07T02:00:00+00:00,1.17695,1.18006,1.17965,1.17259,4.3336,-0.01348,
EURUSD,buy,2017-08-06T13:00:00+00:00,2017-08-07T07:00:00+00:00,1.17765,1.18001,1.17495,1.18201,3.2502,0.00765,
EURUSD,buy,2017-08-06T21:00:00+00:00,2017-08-07T07:00:00+00:00,1.17797,1.18033,1.17526,1.18233,3.2493,0.00765,
EURUSD,buy,2017-08-06T21:00:00+00:00,2017-08-07T07:00:00+00:00,1.17797,1.17757,1.17797,1.18233,1.0831,-0.00044,
EURUSD,buy,2017-08-06T13:00:00+00:00,2017-08-07T08:00:00+00:00,1.17765,1.17920,1.17960,1.18201,1.0834,0.00167,
EURUSD,sell,2017-08-08T20:00:00+00:00,2017-08-09T02:00:00+00:00,1.17474,1.17239,1.17744,1.17039,3.2660,0.00768,
EURUSD,sell,2017-08-08T20:00:00+00:00,2017-08-09T03:00:00+00:00,1.17474,1.17399,1.17359,1.17039,1.0887,0.00081,
EURUSD,buy,2017-08-10T23:00:00+00:00,2017-08-11T12:00:00+00:00,1.17735,1.17971,1.17465,1.18171,3.2878,0.00774,
EURUSD,buy,2017-08-10T23:00:00+00:00,2017-08-11T12:00:00+00:00,1.17735,1.17695,1.17735,1.18171,1.0959,-0.00044,
EURUSD,buy,2017-08-13T21:00:00+00:00,2017-08-14T08:00:00+00:00,1.18264,1.17952,1.17993,1.18702,4.3949,-0.01373,
EURUSD,sell,2017-08-13T16:00:00+00:00,2017-08-14T11:00:00+00:00,1.18164,1.17927,1.18435,1.17726,3.2970,0.00780,
EURUSD,sell,2017-08-13T16:00:00+00:00,2017-08-14T12:00:00+00:00,1.18164,1.18039,1.17999,1.17726,1.0990,0.00136,
EURUSD,sell,2017-08-14T09:00:00+00:00,2017-08-15T05:00:00+00:00,1.17946,1.17710,1.18217,1.17509,3.2595,0.00769,
EURUSD,sell,2017-08-14T09:00:00+00:00,2017-08-15T06:00:00+00:00,1.17946,1.17679,1.17639,1.17509,1.0865,0.00289,
EURUSD,buy,2017-08-17T03:00:00+00:00,2017-08-17T07:00:00+00:00,1.17810,1.17499,1.17539,1.18246,4.4374,-0.01381,
EURUSD,sell,2017-08-17T22:00:00+00:00,2017-08-18T07:00:00+00:00,1.17231,1.17541,1.17501,1.16797,4.3978,-0.01363,
EURUSD,buy,2017-08-18T21:00:00+00:00,2017-08-21T06:00:00+00:00,1.17626,1.17316,1.17356,1.18061,4.3277,-0.01344,
EURUSD,sell,2017-08-20T19:00:00+00:00,2017-08-21T12:00:00+00:00,1.17556,1.17867,1.17826,1.17121,4.3277,-0.01345,
EURUSD,buy,2017-08-21T15:00:00+00:00,2017-08-22T07:00:00+00:00,1.18161,1.17849,1.17890,1.18599,4.1943,-0.01309,
EURUSD,sell,2017-08-22T20:00:00+00:00,2017-08-23T08:00:00+00:00,1.17577,1.17888,1.17847,1.17142,4.1570,-0.01292,
EURUSD,buy,2017-08-23T19:00:00+00:00,2017-08-24T06:00:00+00:00,1.18212,1.17900,1.17941,1.18650,4.0824,-0.01274,
EURUSD,sell,2017-08-25T07:00:00+00:00,2017-08-25T09:00:00+00:00,1.17769,1.18080,1.18040,1.17333,4.0412,-0.01258,
EURUSD,buy,2017-08-25T15:00:00+00:00,2017-08-25T19:00:00+00:00,1.18763,1.19000,1.18490,1.19202,2.9676,0.00704,
EURUSD,buy,2017-08-25T15:00:00+00:00,2017-08-25T19:00:00+00:00,1.18763,1.18722,1.18763,1.19202,0.9892,-0.00040,
EURUSD,sell,2017-08-27T20:00:00+00:00,2017-08-27T21:00:00+00:00,1.19183,1.19498,1.19457,1.18742,3.9684,-0.01250,
EURUSD,buy,2017-08-27T21:00:00+00:00,2017-08-28T05:00:00+00:00,1.19474,1.19158,1.19199,1.19916,3.9087,-0.01233,
EURUSD,sell,2017-08-30T09:00:00+00:00,2017-08-30T12:00:00+00:00,1.19474,1.19235,1.19749,1.19032,2.8911,0.00691,
EURUSD,sell,2017-08-30T09:00:00+00:00,2017-08-30T12:00:00+00:00,1.19474,1.19068,1.19474,1.19032,0.9637,0.00392,
EURUSD,buy,2017-09-01T08:00:00+00:00,2017-09-01T10:00:00+00:00,1.18962,1.19199,1.18688,1.19402,2.9394,0.00699,
EURUSD,buy,2017-09-01T08:00:00+00:00,2017-09-01T10:00:00+00:00,1.18962,1.18921,1.18962,1.19402,0.9798,-0.00040,
EURUSD,sell,2017-09-01T21:00:00+00:00,2017-09-03T21:00:00+00:00,1.18561,1.18875,1.18834,1.18123,3.9579,-0.01241,
EURUSD,buy,2017-09-03T21:00:00+00:00,2017-09-04T08:00:00+00:00,1.18824,1.19061,1.18550,1.19263,2.9245,0.00695,
EURUSD,buy,2017-09-03T21:00:00+00:00,2017-09-04T09:00:00+00:00,1.18824,1.19037,1.19078,1.19263,0.9748,0.00208,
EURUSD,buy,2017-09-10T12:00:00+00:00,2017-09-11T00:00:00+00:00,1.20383,1.20065,1.20106,1.20828,3.8863,-0.01235,
EURUSD,sell,2017-09-09T12:00:00+00:00,2017-09-11T01:00:00+00:00,1.20311,1.20070,1.20588,1.19866,2.9148,0.00702,
EURUSD,sell,2017-09-09T12:00:00+00:00,2017-09-11T02:00:00+00:00,1.20311,1.20206,1.20165,1.19866,0.9716,0.00102,
EURUSD,sell,2017-09-10T21:00:00+00:00,2017-09-11T11:00:00+00:00,1.20191,1.19950,1.20467,1.19746,2.9177,0.00702,
EURUSD,sell,2017-09-10T21:00:00+00:00,2017-09-11T12:00:00+00:00,1.20191,1.20087,1.20046,1.19746,0.9726,0.00101,
EURUSD,buy,2017-09-13T08:00:00+00:00,2017-09-13T13:00:00+00:00,1.19826,1.19510,1.19550,1.20269,3.9199,-0.01240,
EURUSD,sell,2017-09-13T18:00:00+00:00,2017-09-14T07:00:00+00:00,1.18704,1.19018,1.18977,1.18265,3.9023,-0.01225,
EURUSD,buy,2017-09-15T08:00:00+00:00,2017-09-15T11:00:00+00:00,1.19329,1.19567,1.19054,1.19770,2.8747,0.00686,
EURUSD,buy,2017-09-15T08:00:00+00:00,2017-09-15T12:00:00+00:00,1.19329,1.19445,1.19486,1.19770,0.9582,0.00112,
EURUSD,buy,2017-09-17T17:00:00+00:00,2017-09-17T21:00:00+00:00,1.19483,1.19167,1.19208,1.19925,3.8614,-0.01218,
EURUSD,sell,2017-09-17T07:00:00+00:00,2017-09-18T11:00:00+00:00,1.19411,1.19727,1.19686,1.18969,3.8614,-0.01219,
EURUSD,sell,2017-09-17T20:00:00+00:00,2017-09-18T11:00:00+00:00,1.19411,1.19727,1.19686,1.18969,3.8614,-0.01219,
EURUSD,buy,2017-09-18T13:00:00+00:00,2017-09-18T15:00:00+00:00,1.19637,1.19321,1.19362,1.20079,3.7036,-0.01170,
EURUSD,sell,2017-09-20T21:00:00+00:00,2017-09-21T08:00:00+00:00,1.18904,1.19219,1.19178,1.18464,3.6750,-0.01155,
EURUSD,buy,2017-09-22T06:00:00+00:00,2017-09-22T08:00:00+00:00,1.19734,1.19973,1.19459,1.20177,2.7026,0.00647,
EURUSD,buy,2017-09-22T06:00:00+00:00,2017-09-22T09:00:00+00:00,1.19734,1.19832,1.19873,1.20177,0.9009,0.00088,
EURUSD,sell,2017-09-23T10:00:00+00:00,2017-09-24T21:00:00+00:00,1.19430,1.19191,1.19705,1.18988,2.7309,0.00653,
EURUSD,sell,2017-09-23T10:00:00+00:00,2017-09-24T21:00:00+00:00,1.19430,1.19024,1.19430,1.18988,0.9103,0.00370,
EURUSD,buy,2017-09-24T17:00:00+00:00,2017-09-24T21:00:00+00:00,1.19502,1.19186,1.19227,1.19944,3.6412,-0.01149,
EURUSD,sell,2017-09-24T21:00:00+00:00,2017-09-25T09:00:00+00:00,1.19109,1.18871,1.19383,1.18668,2.7343,0.00652,
EURUSD,sell,2017-09-24T21:00:00+00:00,2017-09-25T10:00:00+00:00,1.19109,1.18933,1.18892,1.18668,0.9114,0.00161,
EURUSD,buy,2017-09-28T19:00:00+00:00,2017-09-29T10:00:00+00:00,1.17817,1.18053,1.17546,1.18253,2.7918,0.00657,
EURUSD,buy,2017-09-28T19:00:00+00:00,2017-09-29T11:00:00+00:00,1.17817,1.18063,1.18103,1.18253,0.9306,0.00228,
EURUSD,sell,2017-10-01T19:00:00+00:00,2017-10-02T01:00:00+00:00,1.18102,1.17865,1.18373,1.17664,2.8115,0.00665,
EURUSD,sell,2017-10-01T19:00:00+00:00,2017-10-02T02:00:00+00:00,1.18102,1.17839,1.17799,1.17664,0.9372,0.00246,
EURUSD,buy,2017-10-04T01:00:00+00:00,2017-10-04T07:00:00+00:00,1.17759,1.17448,1.17489,1.18195,3.8005,-0.01182,
EURUSD,sell,2017-10-05T12:00:00+00:00,2017-10-05T17:00:00+00:00,1.17270,1.17035,1.17540,1.16836,2.8228,0.00663,
EURUSD,sell,2017-10-05T12:00:00+00:00,2017-10-05T18:00:00+00:00,1.17270,1.17106,1.17066,1.16836,0.9409,0.00154,
EURUSD,sell,2017-10-08T15:00:00+00:00,2017-10-09T16:00:00+00:00,1.17264,1.17574,1.17534,1.16830,3.7987,-0.01178,
EURUSD,buy,2017-10-07T04:00:00+00:00,2017-10-10T01:00:00+00:00,1.17334,1.17569,1.17064,1.17768,2.8490,0.00668,
EURUSD,buy,2017-10-07T04:00:00+00:00,2017-10-10T01:00:00+00:00,1.17334,1.17733,1.17334,1.17768,0.9497,0.00379,
EURUSD,buy,2017-10-08T21:00:00+00:00,2017-10-10T01:00:00+00:00,1.17408,1.17643,1.17138,1.17842,2.8472,0.00668,
EURUSD,buy,2017-10-08T21:00:00+00:00,2017-10-10T02:00:00+00:00,1.17408,1.17677,1.17717,1.17842,0.9491,0.00255,
EURUSD,sell,2017-10-13T02:00:00+00:00,2017-10-13T07:00:00+00:00,1.18454,1.18217,1.18727,1.18016,2.8454,0.00675,
EURUSD,sell,2017-10-13T02:00:00+00:00,2017-10-13T08:00:00+00:00,1.18454,1.18398,1.18357,1.18016,0.9485,0.00054,
EURUSD,buy,2017-10-15T19:00:00+00:00,2017-10-16T05:00:00+00:00,1.18226,1.17914,1.17955,1.18664,3.8344,-0.01197,
EURUSD,sell,2017-10-15T21:00:00+00:00,2017-10-17T01:00:00+00:00,1.18068,1.17831,1.18339,1.17631,2.8779,0.00680,
EURUSD,sell,2017-10-15T21:00:00+00:00,2017-10-17T02:00:00+00:00,1.18068,1.17877,1.17837,1.17631,0.9593,0.00182,
EURUSD,buy,2017-10-18T21:00:00+00:00,2017-10-19T08:00:00+00:00,1.17954,1.17643,1.17683,1.18391,3.8290,-0.01193,
EURUSD,sell,2017-10-20T16:00:00+00:00,2017-10-22T23:00:00+00:00,1.17801,1.17565,1.18072,1.17365,2.8358,0.00669,
EURUSD,buy,2017-10-22T14:00:00+00:00,2017-10-22T23:00:00+00:00,1.17852,1.17541,1.17581,1.18288,3.7817,-0.01177,
EURUSD,sell,2017-10-20T16:00:00+00:00,2017-10-23T00:00:00+00:00,1.17801,1.17665,1.17625,1.17365,0.9453,0.00128,
EURUSD,sell,2017-10-22T21:00:00+00:00,2017-10-23T08:00:00+00:00,1.17680,1.17444,1.17950,1.17244,2.8387,0.00669,
EURUSD,sell,2017-10-22T21:00:00+00:00,2017-10-23T09:00:00+00:00,1.17680,1.17571,1.17531,1.17244,0.9462,0.00103,
EURUSD,buy,2017-10-24T16:00:00+00:00,2017-10-25T13:00:00+00:00,1.17673,1.17908,1.17403,1.18109,2.8530,0.00671,
EURUSD,buy,2017-10-24T16:00:00+00:00,2017-10-25T14:00:00+00:00,1.17673,1.17815,1.17855,1.18109,0.9510,0.00134,
EURUSD,sell,2017-10-26T18:00:00+00:00,2017-10-27T01:00:00+00:00,1.16550,1.16317,1.16818,1.16119,2.9047,0.00678,
EURUSD,sell,2017-10-26T18:00:00+00:00,2017-10-27T02:00:00+00:00,1.16550,1.16378,1.16338,1.16119,0.9682,0.00167,
EURUSD,sell,2017-10-29T21:00:00+00:00,2017-10-30T08:00:00+00:00,1.16025,1.16332,1.16292,1.15596,3.9268,-0.01205,
EURUSD,buy,2017-10-29T06:00:00+00:00,2017-10-30T09:00:00+00:00,1.16118,1.16350,1.15851,1.16547,2.9446,0.00683,
EURUSD,buy,2017-10-29T06:00:00+00:00,2017-10-30T10:00:00+00:00,1.16118,1.16276,1.16316,1.16547,0.9815,0.00155,
EURUSD,buy,2017-10-30T05:00:00+00:00,2017-10-30T19:00:00+00:00,1.16199,1.16431,1.15932,1.16629,2.9425,0.00683,
EURUSD,buy,2017-10-30T05:00:00+00:00,2017-10-30T20:00:00+00:00,1.16199,1.16463,1.16503,1.16629,0.9808,0.00259,
EURUSD,sell,2017-11-01T13:00:00+00:00,2017-11-01T14:00:00+00:00,1.16084,1.16391,1.16351,1.15655,3.9497,-0.01212,
EURUSD,buy,2017-11-02T11:00:00+00:00,2017-11-02T14:00:00+00:00,1.16561,1.16794,1.16293,1.16992,2.9129,0.00679,
EURUSD,buy,2017-11-02T11:00:00+00:00,2017-11-02T14:00:00+00:00,1.16561,1.16521,1.16561,1.16992,0.9710,-0.00039,
EURUSD,buy,2017-11-05T22:00:00+00:00,2017-11-06T09:00:00+00:00,1.16184,1.15877,1.15917,1.16614,3.9240,-0.01204,
EURUSD,buy,2017-11-05T17:00:00+00:00,2017-11-06T14:00:00+00:00,1.16095,1.15788,1.15828,1.16524,3.9270,-0.01204,
EURUSD,sell,2017-11-06T14:00:00+00:00,2017-11-06T17:00:00+00:00,1.15816,1.16123,1.16083,1.15388,3.8301,-0.01173,
EURUSD,sell,2017-11-03T17:00:00+00:00,2017-11-07T08:00:00+00:00,1.15992,1.15760,1.16259,1.15563,2.9461,0.00684,
EURUSD,sell,2017-11-05T19:00:00+00:00,2017-11-07T08:00:00+00:00,1.16025,1.15793,1.16292,1.15596,2.9453,0.00684,
EURUSD,sell,2017-11-03T17:00:00+00:00,2017-11-07T09:00:00+00:00,1.15992,1.15808,1.15768,1.15563,0.9820,0.00181,
EURUSD,sell,2017-11-05T19:00:00+00:00,2017-11-07T09:00:00+00:00,1.16025,1.15808,1.15768,1.15596,0.9818,0.00213,
EURUSD,buy,2017-11-08T12:00:00+00:00,2017-11-09T11:00:00+00:00,1.15891,1.16122,1.15624,1.16319,2.8916,0.00670,
EURUSD,buy,2017-11-08T12:00:00+00:00,2017-11-09T11:00:00+00:00,1.15891,1.16285,1.15891,1.16319,0.9639,0.00380,
EURUSD,sell,2017-11-12T19:00:00+00:00,2017-11-14T07:00:00+00:00,1.16603,1.16911,1.16871,1.16171,3.8745,-0.01195,
EURUSD,buy,2017-11-14T03:00:00+00:00,2017-11-14T08:00:00+00:00,1.16748,1.16981,1.16480,1.17180,2.9040,0.00678,
EURUSD,buy,2017-11-14T03:00:00+00:00,2017-11-14T09:00:00+00:00,1.16748,1.16990,1.17030,1.17180,0.9680,0.00234,
EURUSD,sell,2017-11-16T10:00:00+00:00,2017-11-17T00:00:00+00:00,1.17667,1.17978,1.17937,1.17231,3.8275,-0.01191,
EURUSD,buy,2017-11-17T12:00:00+00:00,2017-11-19T22:00:00+00:00,1.17952,1.17641,1.17681,1.18389,3.7700,-0.01174,
EURUSD,sell,2017-11-18T14:00:00+00:00,2017-11-19T23:00:00+00:00,1.17844,1.17608,1.18115,1.17407,2.8284,0.00667,
EURUSD,sell,2017-11-18T14:00:00+00:00,2017-11-19T23:00:00+00:00,1.17844,1.17443,1.17844,1.17407,0.9428,0.00378,
EURUSD,buy,2017-11-22T11:00:00+00:00,2017-11-22T15:00:00+00:00,1.17563,1.17798,1.17293,1.17998,2.8328,0.00666,
EURUSD,buy,2017-11-22T11:00:00+00:00,2017-11-22T16:00:00+00:00,1.17563,1.17794,1.17834,1.17998,0.9443,0.00218,
EURUSD,sell,2017-11-26T15:00:00+00:00,2017-11-27T08:00:00+00:00,1.19250,1.19565,1.19525,1.18809,3.7584,-0.01185,
EURUSD,sell,2017-11-26T20:00:00+00:00,2017-11-27T08:00:00+00:00,1.19250,1.19565,1.19525,1.18809,3.7584,-0.01185,
EURUSD,sell,2017-11-27T00:00:00+00:00,2017-11-27T08:00:00+00:00,1.19121,1.19436,1.19395,1.18680,3.7624,-0.01185,
EURUSD,buy,2017-11-26T18:00:00+00:00,2017-11-27T13:00:00+00:00,1.19322,1.19560,1.19047,1.19763,2.8188,0.00672,
EURUSD,buy,2017-11-26T18:00:00+00:00,2017-11-27T14:00:00+00:00,1.19322,1.19381,1.19422,1.19763,0.9396,0.00056,
EURUSD,buy,2017-11-27T12:00:00+00:00,2017-11-27T15:00:00+00:00,1.19466,1.19150,1.19191,1.19908,3.6050,-0.01137,
EURUSD,buy,2017-11-26T22:00:00+00:00,2017-11-27T16:00:00+00:00,1.19386,1.19071,1.19111,1.19827,3.7563,-0.01184,
EURUSD,sell,2017-11-27T17:00:00+00:00,2017-11-28T15:00:00+00:00,1.18987,1.18749,1.19261,1.18547,2.6628,0.00634,
EURUSD,sell,2017-11-27T17:00:00+00:00,2017-11-28T16:00:00+00:00,1.18987,1.18892,1.18851,1.18547,0.8876,0.00085,
EURUSD,buy,2017-11-30T14:00:00+00:00,2017-12-01T08:00:00+00:00,1.19077,1.19315,1.18803,1.19517,2.6851,0.00639,
EURUSD,buy,2017-11-30T14:00:00+00:00,2017-12-01T09:00:00+00:00,1.19077,1.19075,1.19116,1.19517,0.8950,-0.00001,
EURUSD,sell,2017-12-02T07:00:00+00:00,2017-12-03T22:00:00+00:00,1.18906,1.18668,1.19180,1.18466,2.7074,0.00644,
EURUSD,buy,2017-12-02T09:00:00+00:00,2017-12-03T22:00:00+00:00,1.18978,1.18664,1.18704,1.19418,3.6099,-0.01134,
EURUSD,sell,2017-12-02T12:00:00+00:00,2017-12-03T22:00:00+00:00,1.18906,1.18668,1.19180,1.18466,2.7074,0.00644,
EURUSD,buy,2017-12-03T08:00:00+00:00,2017-12-03T22:00:00+00:00,1.18978,1.18664,1.18704,1.19418,3.6099,-0.01134,
EURUSD,sell,2017-12-03T17:00:00+00:00,2017-12-03T22:00:00+00:00,1.18906,1.18668,1.19180,1.18466,2.7074,0.00644,
EURUSD,buy,2017-12-03T19:00:00+00:00,2017-12-03T22:00:00+00:00,1.18978,1.18664,1.18704,1.19418,3.6099,-0.01134,
EURUSD,sell,2017-12-02T07:00:00+00:00,2017-12-03T23:00:00+00:00,1.18906,1.18763,1.18722,1.18466,0.9025,0.00130,
EURUSD,sell,2017-12-02T12:00:00+00:00,2017-12-03T23:00:00+00:00,1.18906,1.18763,1.18722,1.18466,0.9025,0.00130,
EURUSD,sell,2017-12-03T17:00:00+00:00,2017-12-03T23:00:00+00:00,1.18906,1.18763,1.18722,1.18466,0.9025,0.00130,
EURUSD,sell,2017-12-03T22:00:00+00:00,2017-12-04T07:00:00+00:00,1.18654,1.18417,1.18927,1.18215,2.6667,0.00633,
EURUSD,sell,2017-12-03T22:00:00+00:00,2017-12-04T07:00:00+00:00,1.18654,1.18695,1.18654,1.18215,0.8889,-0.00036,
EURUSD,sell,2017-12-10T22:00:00+00:00,2017-12-11T08:00:00+00:00,1.17660,1.17971,1.17930,1.17224,3.6276,-0.01128,
EURUSD,buy,2017-12-09T11:00:00+00:00,2017-12-11T11:00:00+00:00,1.17755,1.17991,1.17485,1.18191,2.7201,0.00640,
EURUSD,buy,2017-12-09T11:00:00+00:00,2017-12-11T12:00:00+00:00,1.17755,1.17848,1.17888,1.18191,0.9067,0.00084,
EURUSD,buy,2017-12-11T02:00:00+00:00,2017-12-11T15:00:00+00:00,1.17805,1.18041,1.17534,1.18241,2.7190,0.00640,
EURUSD,buy,2017-12-11T02:00:00+00:00,2017-12-11T16:00:00+00:00,1.17805,1.17900,1.17940,1.18241,0.9063,0.00085,
EURUSD,sell,2017-12-12T11:00:00+00:00,2017-12-12T14:00:00+00:00,1.17716,1.17480,1.17987,1.17280,2.7296,0.00643,
EURUSD,sell,2017-12-12T11:00:00+00:00,2017-12-12T15:00:00+00:00,1.17716,1.17474,1.17434,1.17280,0.9099,0.00220,
EURUSD,buy,2017-12-13T21:00:00+00:00,2017-12-14T13:00:00+00:00,1.18291,1.18528,1.18019,1.18729,2.7453,0.00649,
EURUSD,buy,2017-12-13T21:00:00+00:00,2017-12-14T13:00:00+00:00,1.18291,1.18251,1.18291,1.18729,0.9151,-0.00037,
EURUSD,sell,2017-12-15T06:00:00+00:00,2017-12-15T11:00:00+00:00,1.17809,1.18120,1.18080,1.17373,3.6992,-0.01152,
EURUSD,buy,2017-12-18T02:00:00+00:00,2017-12-18T08:00:00+00:00,1.17600,1.17835,1.17330,1.18035,2.7442,0.00645,
EURUSD,buy,2017-12-18T02:00:00+00:00,2017-12-18T09:00:00+00:00,1.17600,1.17818,1.17858,1.18035,0.9147,0.00199,
EURUSD,sell,2017-12-22T05:00:00+00:00,2017-12-25T07:00:00+00:00,1.18458,1.18772,1.18731,1.18020,3.6659,-0.01148,
EURUSD,sell,2017-12-24T23:00:00+00:00,2017-12-25T07:00:00+00:00,1.18469,1.18783,1.18742,1.18031,3.6656,-0.01148,
EURUSD,buy,2017-12-25T10:00:00+00:00,2017-12-26T11:00:00+00:00,1.18791,1.18477,1.18517,1.19230,3.5612,-0.01117,
EURUSD,buy,2017-12-23T11:00:00+00:00,2017-12-27T10:00:00+00:00,1.18643,1.18880,1.18370,1.19081,2.7468,0.00651,
EURUSD,buy,2017-12-23T11:00:00+00:00,2017-12-27T11:00:00+00:00,1.18643,1.18803,1.18844,1.19081,0.9156,0.00147,
EURUSD,sell,2017-12-26T17:00:00+00:00,2017-12-27T11:00:00+00:00,1.18665,1.18979,1.18938,1.18226,3.5157,-0.01103,
EURUSD,buy,2017-12-27T11:00:00+00:00,2017-12-28T05:00:00+00:00,1.18960,1.19197,1.18686,1.19400,2.6223,0.00623,
EURUSD,buy,2017-12-27T11:00:00+00:00,2017-12-28T06:00:00+00:00,1.18960,1.19218,1.19259,1.19400,0.8741,0.00226,
EURUSD,sell,2017-12-31T10:00:00+00:00,2018-01-02T01:00:00+00:00,1.19949,1.20266,1.20225,1.19505,3.5008,-0.01110,
EURUSD,buy,2017-12-31T21:00:00+00:00,2018-01-02T06:00:00+00:00,1.20021,1.20261,1.19745,1.20465,2.6256,0.00630,
EURUSD,buy,2017-12-31T21:00:00+00:00,2018-01-02T07:00:00+00:00,1.20021,1.20196,1.20237,1.20465,0.8752,0.00153,
EURUSD,buy,2018-01-01T22:00:00+00:00,2018-01-02T08:00:00+00:00,1.20172,1.20412,1.19896,1.20617,2.6223,0.00630,
EURUSD,buy,2018-01-01T22:00:00+00:00,2018-01-02T09:00:00+00:00,1.20172,1.20380,1.20421,1.20617,0.8741,0.00182,
EURUSD,sell,2018-01-03T20:00:00+00:00,2018-01-04T06:00:00+00:00,1.20087,1.20404,1.20363,1.19643,3.5170,-0.01116,
EURUSD,buy,2018-01-04T17:00:00+00:00,2018-01-05T09:00:00+00:00,1.20780,1.20461,1.20503,1.21227,3.4527,-0.01101,
EURUSD,sell,2018-01-05T23:00:00+00:00,2018-01-08T07:00:00+00:00,1.20268,1.20027,1.20545,1.19823,2.5647,0.00617,
EURUSD,buy,2018-01-07T22:00:00+00:00,2018-01-08T07:00:00+00:00,1.20350,1.20032,1.20073,1.20795,3.4192,-0.01086,
EURUSD,sell,2018-01-05T23:00:00+00:00,2018-01-08T08:00:00+00:00,1.20268,1.20048,1.20007,1.19823,0.8549,0.00188,
EURUSD,sell,2018-01-08T07:00:00+00:00,2018-01-08T15:00:00+00:00,1.19894,1.19654,1.20170,1.19450,2.5580,0.00614,
EURUSD,sell,2018-01-08T07:00:00+00:00,2018-01-08T16:00:00+00:00,1.19894,1.19814,1.19773,1.19450,0.8527,0.00068,
EURUSD,buy,2018-01-10T15:00:00+00:00,2018-01-10T16:00:00+00:00,1.19862,1.19545,1.19586,1.20305,3.4499,-0.01092,
EURUSD,sell,2018-01-14T23:00:00+00:00,2018-01-15T05:00:00+00:00,1.21882,1.22204,1.22163,1.21431,3.3459,-0.01078,
EURUSD,buy,2018-01-15T05:00:00+00:00,2018-01-15T09:00:00+00:00,1.22267,1.22511,1.21986,1.22719,2.4700,0.00604,
EURUSD,buy,2018-01-15T05:00:00+00:00,2018-01-15T10:00:00+00:00,1.22267,1.22532,1.22574,1.22719,0.8233,0.00219,
EURUSD,sell,2018-01-17T02:00:00+00:00,2018-01-17T06:00:00+00:00,1.22643,1.22398,1.22925,1.22189,2.4861,0.00610,
EURUSD,sell,2018-01-17T02:00:00+00:00,2018-01-17T06:00:00+00:00,1.22643,1.22226,1.22643,1.22189,0.8287,0.00346,
EURUSD,buy,2018-01-19T00:00:00+00:00,2018-01-19T03:00:00+00:00,1.22404,1.22648,1.22122,1.22856,2.5217,0.00617,
EURUSD,buy,2018-01-19T00:00:00+00:00,2018-01-19T04:00:00+00:00,1.22404,1.22551,1.22593,1.22856,0.8406,0.00124,
EURUSD,sell,2018-01-20T04:00:00+00:00,2018-01-21T22:00:00+00:00,1.22108,1.22431,1.22389,1.21656,3.3987,-0.01097,
EURUSD,buy,2018-01-21T22:00:00+00:00,2018-01-21T23:00:00+00:00,1.22627,1.22303,1.22345,1.23080,3.3417,-0.01082,
EURUSD,sell,2018-01-27T04:00:00+00:00,2018-01-29T01:00:00+00:00,1.24246,1.23997,1.24532,1.23786,2.4395,0.00607,
EURUSD,buy,2018-01-27T20:00:00+00:00,2018-01-29T01:00:00+00:00,1.24320,1.23992,1.24034,1.24780,3.2526,-0.01067,
EURUSD,sell,2018-01-27T21:00:00+00:00,2018-01-29T01:00:00+00:00,1.24246,1.23997,1.24532,1.23786,2.4395,0.00607,
EURUSD,buy,2018-01-28T20:00:00+00:00,2018-01-29T01:00:00+00:00,1.24320,1.23992,1.24034,1.24780,3.2526,-0.01067,
EURUSD,sell,2018-01-27T04:00:00+00:00,2018-01-29T02:00:00+00:00,1.24246,1.24056,1.24014,1.23786,0.8132,0.00154,
EURUSD,sell,2018-01-27T21:00:00+00:00,2018-01-29T02:00:00+00:00,1.24246,1.24056,1.24014,1.23786,0.8132,0.00154,
EURUSD,sell,2018-01-28T22:00:00+00:00,2018-01-29T12:00:00+00:00,1.24118,1.23869,1.24403,1.23658,2.4420,0.00607,
EURUSD,sell,2018-01-28T22:00:00+00:00,2018-01-29T13:00:00+00:00,1.24118,1.23933,1.23891,1.23658,0.8140,0.00150,
EURUSD,buy,2018-01-30T20:00:00+00:00,2018-01-31T03:00:00+00:00,1.23978,1.24226,1.23693,1.24437,2.4506,0.00607,
EURUSD,buy,2018-01-30T20:00:00+00:00,2018-01-31T04:00:00+00:00,1.23978,1.24109,1.24151,1.24437,0.8169,0.00107,
EURUSD,sell,2018-02-01T09:00:00+00:00,2018-02-01T15:00:00+00:00,1.24424,1.24752,1.24710,1.23963,3.2824,-0.01079,
EURUSD,buy,2018-02-01T15:00:00+00:00,2018-02-01T19:00:00+00:00,1.24730,1.24980,1.24444,1.25192,2.4248,0.00604,
EURUSD,buy,2018-02-01T15:00:00+00:00,2018-02-01T20:00:00+00:00,1.24730,1.24972,1.25015,1.25192,0.8083,0.00196,
EURUSD,buy,2018-02-04T13:00:00+00:00,2018-02-04T22:00:00+00:00,1.24596,1.24268,1.24310,1.25057,3.2687,-0.01075,
EURUSD,sell,2018-02-03T03:00:00+00:00,2018-02-05T14:00:00+00:00,1.24522,1.24272,1.24808,1.24061,2.4515,0.00611,
EURUSD,sell,2018-02-03T03:00:00+00:00,2018-02-05T14:00:00+00:00,1.24522,1.24098,1.24522,1.24061,0.8172,0.00346,
EURUSD,sell,2018-02-04T17:00:00+00:00,2018-02-05T14:00:00+00:00,1.24522,1.24272,1.24808,1.24061,2.4515,0.00611,
EURUSD,sell,2018-02-04T17:00:00+00:00,2018-02-05T14:00:00+00:00,1.24522,1.24098,1.24522,1.24061,0.8172,0.00346,
EURUSD,buy,2018-02-11T04:00:00+00:00,2018-02-12T02:00:00+00:00,1.22547,1.22792,1.22265,1.23000,2.5182,0.00617,
EURUSD,buy,2018-02-11T04:00:00+00:00,2018-02-12T03:00:00+00:00,1.22547,1.22743,1.22785,1.23000,0.8394,0.00165,
EURUSD,sell,2018-02-16T22:00:00+00:00,2018-02-19T01:00:00+00:00,1.24004,1.24331,1.24289,1.23545,3.3477,-0.01097,
EURUSD,buy,2018-02-18T22:00:00+00:00,2018-02-19T07:00:00+00:00,1.24185,1.23858,1.23900,1.24645,3.3448,-0.01096,
EURUSD,sell,2018-02-19T22:00:00+00:00,2018-02-20T07:00:00+00:00,1.24023,1.23775,1.24308,1.23564,2.4441,0.00607,
EURUSD,sell,2018-02-19T22:00:00+00:00,2018-02-20T08:00:00+00:00,1.24023,1.23771,1.23729,1.23564,0.8147,0.00205,
EURUSD,buy,2018-02-23T01:00:00+00:00,2018-02-23T04:00:00+00:00,1.23287,1.22962,1.23003,1.23743,3.3131,-0.01078,
EURUSD,sell,2018-02-23T22:00:00+00:00,2018-02-26T02:00:00+00:00,1.22900,1.23225,1.23183,1.22445,3.2777,-0.01064,
EURUSD,buy,2018-02-26T02:00:00+00:00,2018-02-26T09:00:00+00:00,1.23187,1.23433,1.22904,1.23643,2.4216,0.00596,
EURUSD,buy,2018-02-26T02:00:00+00:00,2018-02-26T09:00:00+00:00,1.23187,1.23145,1.23187,1.23643,0.8072,-0.00034,
EURUSD,sell,2018-02-27T18:00:00+00:00,2018-02-28T08:00:00+00:00,1.22390,1.22145,1.22672,1.21937,2.4532,0.00601,
EURUSD,sell,2018-02-27T18:00:00+00:00,2018-02-28T09:00:00+00:00,1.22390,1.22272,1.22230,1.21937,0.8177,0.00097,
EURUSD,buy,2018-03-02T00:00:00+00:00,2018-03-02T11:00:00+00:00,1.22771,1.23016,1.22489,1.23225,2.4683,0.00606,
EURUSD,buy,2018-03-02T00:00:00+00:00,2018-03-02T11:00:00+00:00,1.22771,1.23188,1.22771,1.23225,0.8228,0.00343,
EURUSD,sell,2018-03-04T15:00:00+00:00,2018-03-04T22:00:00+00:00,1.23149,1.23474,1.23432,1.22693,3.3176,-0.01079,
EURUSD,buy,2018-03-04T22:00:00+00:00,2018-03-04T23:00:00+00:00,1.23495,1.23169,1.23211,1.23952,3.2665,-0.01065,
EURUSD,sell,2018-03-05T11:00:00+00:00,2018-03-05T15:00:00+00:00,1.22974,1.23299,1.23257,1.22519,3.2351,-0.01051,
EURUSD,buy,2018-03-06T00:00:00+00:00,2018-03-06T11:00:00+00:00,1.23535,1.23782,1.23251,1.23992,2.3849,0.00589,
EURUSD,buy,2018-03-06T00:00:00+00:00,2018-03-06T11:00:00+00:00,1.23535,1.23493,1.23535,1.23992,0.7950,-0.00033,
EURUSD,sell,2018-03-08T09:00:00+00:00,2018-03-08T12:00:00+00:00,1.23789,1.24116,1.24074,1.23331,3.1938,-0.01044,
EURUSD,buy,2018-03-11T21:00:00+00:00,2018-03-12T18:00:00+00:00,1.23137,1.23383,1.22854,1.23592,2.3777,0.00585,
EURUSD,buy,2018-03-11T21:00:00+00:00,2018-03-12T19:00:00+00:00,1.23137,1.23285,1.23327,1.23592,0.7926,0.00117,
EURUSD,sell,2018-03-15T03:00:00+00:00,2018-03-15T11:00:00+00:00,1.23759,1.23511,1.24044,1.23301,2.3856,0.00591,
EURUSD,sell,2018-03-15T03:00:00+00:00,2018-03-15T12:00:00+00:00,1.23759,1.23602,1.23560,1.23301,0.7952,0.00125,
EURUSD,buy,2018-03-18T13:00:00+00:00,2018-03-19T05:00:00+00:00,1.22926,1.22601,1.22643,1.23381,3.2334,-0.01049,
EURUSD,sell,2018-03-18T21:00:00+00:00,2018-03-19T12:00:00+00:00,1.22843,1.23168,1.23126,1.22388,3.2336,-0.01050,
EURUSD,buy,2018-03-19T17:00:00+00:00,2018-03-20T09:00:00+00:00,1.23517,1.23191,1.23233,1.23974,3.1329,-0.01021,
EURUSD,sell,2018-03-20T20:00:00+00:00,2018-03-21T03:00:00+00:00,1.22376,1.22700,1.22658,1.21923,3.1185,-0.01008,
EURUSD,buy,2018-03-21T23:00:00+00:00,2018-03-22T07:00:00+00:00,1.23500,1.23747,1.23216,1.23957,2.2884,0.00565,
EURUSD,buy,2018-03-21T23:00:00+00:00,2018-03-22T08:00:00+00:00,1.23500,1.23475,1.23517,1.23957,0.7628,-0.00019,
EURUSD,sell,2018-03-23T09:00:00+00:00,2018-03-23T12:00:00+00:00,1.23204,1.23530,1.23487,1.22748,3.0788,-0.01002,
EURUSD,buy,2018-03-23T12:00:00+00:00,2018-03-23T18:00:00+00:00,1.23419,1.23666,1.23135,1.23876,2.2760,0.00561,
EURUSD,buy,2018-03-23T12:00:00+00:00,2018-03-23T19:00:00+00:00,1.23419,1.23560,1.23602,1.23876,0.7587,0.00107,
EURUSD,sell,2018-03-25T12:00:00+00:00,2018-03-26T00:00:00+00:00,1.23485,1.23811,1.23769,1.23028,3.0583,-0.00998,
EURUSD,buy,2018-03-25T21:00:00+00:00,2018-03-26T07:00:00+00:00,1.23620,1.23867,1.23336,1.24077,2.2926,0.00566,
EURUSD,buy,2018-03-25T21:00:00+00:00,2018-03-26T07:00:00+00:00,1.23620,1.23578,1.23620,1.24077,0.7642,-0.00032,
EURUSD,sell,2018-03-28T00:00:00+00:00,2018-03-28T07:00:00+00:00,1.24089,1.23840,1.24374,1.23629,2.2686,0.00563,
EURUSD,sell,2018-03-28T00:00:00+00:00,2018-03-28T08:00:00+00:00,1.24089,1.24059,1.24017,1.23629,0.7562,0.00022,
EURUSD,sell,2018-04-01T22:00:00+00:00,2018-04-02T11:00:00+00:00,1.23135,1.23460,1.23418,1.22679,3.0719,-0.00999,
EURUSD,sell,2018-04-01T02:00:00+00:00,2018-04-02T12:00:00+00:00,1.23163,1.23488,1.23446,1.22707,3.0712,-0.00999,
EURUSD,sell,2018-04-02T03:00:00+00:00,2018-04-02T12:00:00+00:00,1.23147,1.23472,1.23430,1.22691,3.0716,-0.00999,
EURUSD,buy,2018-03-30T16:00:00+00:00,2018-04-02T15:00:00+00:00,1.23293,1.22968,1.23009,1.23749,3.0698,-0.00999,
EURUSD,buy,2018-04-01T20:00:00+00:00,2018-04-02T15:00:00+00:00,1.23237,1.22912,1.22954,1.23693,3.0712,-0.00999,
EURUSD,buy,2018-04-02T02:00:00+00:00,2018-04-02T15:00:00+00:00,1.23271,1.22946,1.22988,1.23727,3.0704,-0.00999,
EURUSD,buy,2018-04-02T07:00:00+00:00,2018-04-02T15:00:00+00:00,1.23343,1.23017,1.23059,1.23799,3.0686,-0.00999,
EURUSD,sell,2018-04-02T17:00:00+00:00,2018-04-03T07:00:00+00:00,1.23008,1.23333,1.23291,1.22553,2.7909,-0.00907,
EURUSD,buy,2018-04-05T02:00:00+00:00,2018-04-05T07:00:00+00:00,1.22833,1.22509,1.22550,1.23287,2.7596,-0.00895,
EURUSD,sell,2018-04-05T08:00:00+00:00,2018-04-05T14:00:00+00:00,1.22613,1.22368,1.22895,1.22159,2.0448,0.00502,
EURUSD,sell,2018-04-05T08:00:00+00:00,2018-04-05T15:00:00+00:00,1.22613,1.22370,1.22328,1.22159,0.6816,0.00166,
EURUSD,buy,2018-04-06T23:00:00+00:00,2018-04-09T12:00:00+00:00,1.22829,1.23074,1.22546,1.23283,2.0629,0.00506,
EURUSD,buy,2018-04-06T23:00:00+00:00,2018-04-09T12:00:00+00:00,1.22829,1.22787,1.22829,1.23283,0.6876,-0.00029,
EURUSD,sell,2018-04-08T16:00:00+00:00,2018-04-09T12:00:00+00:00,1.22755,1.23079,1.23038,1.22301,2.7505,-0.00892,
EURUSD,buy,2018-04-09T13:00:00+00:00,2018-04-10T11:00:00+00:00,1.23274,1.23520,1.22991,1.23730,2.0428,0.00503,
EURUSD,buy,2018-04-09T13:00:00+00:00,2018-04-10T11:00:00+00:00,1.23274,1.23232,1.23274,1.23730,0.6809,-0.00029,
EURUSD,sell,2018-04-12T11:00:00+00:00,2018-04-13T08:00:00+00:00,1.23173,1.23498,1.23456,1.22717,2.7436,-0.00893,
EURUSD,sell,2018-04-14T16:00:00+00:00,2018-04-16T07:00:00+00:00,1.23245,1.23571,1.23529,1.22789,2.7058,-0.00881,
EURUSD,sell,2018-04-15T13:00:00+00:00,2018-04-16T07:00:00+00:00,1.23245,1.23571,1.23529,1.22789,2.7058,-0.00881,
EURUSD,buy,2018-04-14T08:00:00+00:00,2018-04-16T08:00:00+00:00,1.23319,1.23565,1.23035,1.23775,2.0293,0.00500,
EURUSD,buy,2018-04-15T10:00:00+00:00,2018-04-16T08:00:00+00:00,1.23319,1.23565,1.23035,1.23775,2.0293,0.00500,
EURUSD,buy,2018-04-15T21:00:00+00:00,2018-04-16T08:00:00+00:00,1.23324,1.23570,1.23040,1.23780,2.0293,0.00500,
EURUSD,buy,2018-04-14T08:00:00+00:00,2018-04-16T09:00:00+00:00,1.23319,1.23524,1.23566,1.23775,0.6764,0.00139,
EURUSD,buy,2018-04-15T10:00:00+00:00,2018-04-16T09:00:00+00:00,1.23319,1.23524,1.23566,1.23775,0.6764,0.00139,
EURUSD,buy,2018-04-15T21:00:00+00:00,2018-04-16T09:00:00+00:00,1.23324,1.23524,1.23566,1.23780,0.6764,0.00135,
EURUSD,sell,2018-04-18T02:00:00+00:00,2018-04-18T09:00:00+00:00,1.23763,1.23515,1.24048,1.23305,2.0254,0.00502,
EURUSD,sell,2018-04-18T02:00:00+00:00,2018-04-18T10:00:00+00:00,1.23763,1.23768,1.23726,1.23305,0.6751,-0.00004,
EURUSD,buy,2018-04-18T16:00:00+00:00,2018-04-19T01:00:00+00:00,1.23938,1.23611,1.23653,1.24397,2.7185,-0.00889,
EURUSD,sell,2018-04-19T16:00:00+00:00,2018-04-20T08:00:00+00:00,1.23410,1.23163,1.23694,1.22953,2.0193,0.00499,
EURUSD,sell,2018-04-19T16:00:00+00:00,2018-04-20T09:00:00+00:00,1.23410,1.23198,1.23156,1.22953,0.6731,0.00143,
EURUSD,buy,2018-04-22T13:00:00+00:00,2018-04-23T08:00:00+00:00,1.22883,1.22559,1.22600,1.23337,2.7317,-0.00886,
EURUSD,sell,2018-04-22T16:00:00+00:00,2018-04-23T08:00:00+00:00,1.22809,1.22563,1.23092,1.22355,2.0488,0.00504,
EURUSD,buy,2018-04-22T18:00:00+00:00,2018-04-23T08:00:00+00:00,1.22883,1.22559,1.22600,1.23337,2.7317,-0.00886,
EURUSD,sell,2018-04-22T21:00:00+00:00,2018-04-23T08:00:00+00:00,1.22788,1.22542,1.23071,1.22334,2.0492,0.00504,
EURUSD,sell,2018-04-22T16:00:00+00:00,2018-04-23T09:00:00+00:00,1.22809,1.22449,1.22407,1.22355,0.6829,0.00246,
EURUSD,sell,2018-04-22T21:00:00+00:00,2018-04-23T09:00:00+00:00,1.22788,1.22449,1.22407,1.22334,0.6831,0.00232,
EURUSD,buy,2018-04-25T04:00:00+00:00,2018-04-25T07:00:00+00:00,1.22208,1.21885,1.21927,1.22660,2.7351,-0.00882,
EURUSD,sell,2018-04-25T14:00:00+00:00,2018-04-26T12:00:00+00:00,1.21683,1.22005,1.21963,1.21233,2.7090,-0.00871,
EURUSD,buy,2018-04-28T08:00:00+00:00,2018-04-30T08:00:00+00:00,1.21327,1.21007,1.21048,1.21776,2.6827,-0.00859,
EURUSD,sell,2018-04-29T20:00:00+00:00,2018-04-30T10:00:00+00:00,1.21255,1.21012,1.21534,1.20806,2.0120,0.00488,
EURUSD,sell,2018-04-29T20:00:00+00:00,2018-04-30T11:00:00+00:00,1.21255,1.21003,1.20962,1.20806,0.6707,0.00169,
EURUSD,buy,2018-05-03T23:00:00+00:00,2018-05-04T06:00:00+00:00,1.19922,1.19605,1.19646,1.20366,2.7057,-0.00857,
EURUSD,sell,2018-05-04T15:00:00+00:00,2018-05-07T00:00:00+00:00,1.19416,1.19732,1.19691,1.18974,2.6796,-0.00846,
EURUSD,buy,2018-05-06T11:00:00+00:00,2018-05-07T07:00:00+00:00,1.19586,1.19270,1.19311,1.20028,2.6774,-0.00845,
EURUSD,sell,2018-05-06T16:00:00+00:00,2018-05-07T07:00:00+00:00,1.19514,1.19275,1.19789,1.19072,2.0081,0.00480,
EURUSD,buy,2018-05-06T21:00:00+00:00,2018-05-07T07:00:00+00:00,1.19610,1.19294,1.19335,1.20052,2.6769,-0.00845,
EURUSD,sell,2018-05-06T16:00:00+00:00,2018-05-07T08:00:00+00:00,1.19514,1.19402,1.19361,1.19072,0.6694,0.00075,
EURUSD,sell,2018-05-07T08:00:00+00:00,2018-05-07T11:00:00+00:00,1.19271,1.19033,1.19546,1.18830,1.9499,0.00465,
EURUSD,sell,2018-05-07T08:00:00+00:00,2018-05-07T12:00:00+00:00,1.19271,1.19238,1.19197,1.18830,0.6500,0.00022,
EURUSD,buy,2018-05-10T11:00:00+00:00,2018-05-10T12:00:00+00:00,1.18863,1.19100,1.18589,1.19302,1.9731,0.00469,
EURUSD,buy,2018-05-10T11:00:00+00:00,2018-05-10T12:00:00+00:00,1.18863,1.18822,1.18863,1.19302,0.6577,-0.00027,
EURUSD,sell,2018-05-13T08:00:00+00:00,2018-05-14T00:00:00+00:00,1.19359,1.19675,1.19634,1.18917,2.6369,-0.00832,
EURUSD,buy,2018-05-13T21:00:00+00:00,2018-05-14T07:00:00+00:00,1.19510,1.19749,1.19235,1.19952,1.9763,0.00472,
EURUSD,buy,2018-05-13T21:00:00+00:00,2018-05-14T08:00:00+00:00,1.19510,1.19645,1.19686,1.19952,0.6588,0.00089,
EURUSD,sell,2018-05-15T05:00:00+00:00,2018-05-15T11:00:00+00:00,1.19166,1.18928,1.19440,1.18725,1.9723,0.00470,
EURUSD,sell,2018-05-15T05:00:00+00:00,2018-05-15T11:00:00+00:00,1.19166,1.19207,1.19166,1.18725,0.6574,-0.00027,
EURUSD,buy,2018-05-20T20:00:00+00:00,2018-05-21T00:00:00+00:00,1.17724,1.17413,1.17454,1.18160,2.6824,-0.00834,
EURUSD,sell,2018-05-20T21:00:00+00:00,2018-05-21T06:00:00+00:00,1.17644,1.17408,1.17914,1.17208,2.0120,0.00474,
EURUSD,sell,2018-05-20T21:00:00+00:00,2018-05-21T07:00:00+00:00,1.17644,1.17370,1.17330,1.17208,0.6707,0.00183,
EURUSD,buy,2018-05-22T00:00:00+00:00,2018-05-22T06:00:00+00:00,1.17948,1.17637,1.17677,1.18385,2.6698,-0.00832,
EURUSD,sell,2018-05-23T07:00:00+00:00,2018-05-23T09:00:00+00:00,1.17080,1.17389,1.17349,1.16647,2.6525,-0.00821,
EURUSD,buy,2018-05-24T23:00:00+00:00,2018-05-25T06:00:00+00:00,1.17254,1.16944,1.16985,1.17688,2.6151,-0.00810,
EURUSD,sell,2018-05-25T13:00:00+00:00,2018-05-25T17:00:00+00:00,1.16476,1.16784,1.16744,1.16045,2.5963,-0.00800,
EURUSD,buy,2018-05-27T21:00:00+00:00,2018-05-28T03:00:00+00:00,1.16916,1.17150,1.16647,1.17349,1.9154,0.00448,
EURUSD,buy,2018-05-27T21:00:00+00:00,2018-05-28T04:00:00+00:00,1.16916,1.17091,1.17131,1.17349,0.6385,0.00112,
EURUSD,sell,2018-05-28T22:00:00+00:00,2018-05-29T06:00:00+00:00,1.16229,1.15997,1.16497,1.15799,1.9436,0.00452,
EURUSD,sell,2018-05-28T22:00:00+00:00,2018-05-29T06:00:00+00:00,1.16229,1.16269,1.16229,1.15799,0.6479,-0.00026,
EURUSD,buy,2018-05-30T17:00:00+00:00,2018-05-31T05:00:00+00:00,1.16551,1.16784,1.16283,1.16982,1.9531,0.00455,
EURUSD,buy,2018-05-30T17:00:00+00:00,2018-05-31T06:00:00+00:00,1.16551,1.16603,1.16643,1.16982,0.6510,0.00034,
EURUSD,sell,2018-06-01T20:00:00+00:00,2018-06-04T01:00:00+00:00,1.16549,1.16857,1.16817,1.16118,2.6236,-0.00809,
EURUSD,buy,2018-06-03T20:00:00+00:00,2018-06-04T01:00:00+00:00,1.16619,1.16852,1.16351,1.17050,1.9677,0.00459,
EURUSD,buy,2018-06-03T20:00:00+00:00,2018-06-04T02:00:00+00:00,1.16619,1.16815,1.16855,1.17050,0.6559,0.00129,
EURUSD,sell,2018-06-08T11:00:00+00:00,2018-06-08T14:00:00+00:00,1.17441,1.17751,1.17711,1.17006,2.5942,-0.00806,
EURUSD,buy,2018-06-10T06:00:00+00:00,2018-06-11T00:00:00+00:00,1.17701,1.17937,1.17431,1.18137,1.9169,0.00451,
EURUSD,sell,2018-06-10T14:00:00+00:00,2018-06-11T00:00:00+00:00,1.17631,1.17942,1.17901,1.17195,2.5558,-0.00795,
EURUSD,buy,2018-06-10T20:00:00+00:00,2018-06-11T00:00:00+00:00,1.17701,1.17937,1.17431,1.18137,1.9169,0.00451,
EURUSD,buy,2018-06-10T06:00:00+00:00,2018-06-11T01:00:00+00:00,1.17701,1.17916,1.17956,1.18137,0.6390,0.00137,
EURUSD,buy,2018-06-10T20:00:00+00:00,2018-06-11T01:00:00+00:00,1.17701,1.17916,1.17956,1.18137,0.6390,0.00137,
EURUSD,sell,2018-06-12T09:00:00+00:00,2018-06-12T17:00:00+00:00,1.17925,1.17689,1.18196,1.17488,1.9242,0.00454,
EURUSD,sell,2018-06-12T09:00:00+00:00,2018-06-12T17:00:00+00:00,1.17925,1.17523,1.17925,1.17488,0.6414,0.00257,
EURUSD,buy,2018-06-13T23:00:00+00:00,2018-06-14T11:00:00+00:00,1.18067,1.18303,1.17796,1.18504,1.9456,0.00459,
EURUSD,buy,2018-06-13T23:00:00+00:00,2018-06-14T11:00:00+00:00,1.18067,1.18027,1.18067,1.18504,0.6485,-0.00026,
EURUSD,sell,2018-06-14T17:00:00+00:00,2018-06-14T20:00:00+00:00,1.16011,1.15779,1.16278,1.15582,1.9929,0.00463,
EURUSD,sell,2018-06-14T17:00:00+00:00,2018-06-14T21:00:00+00:00,1.16011,1.15787,1.15747,1.15582,0.6643,0.00149,
EURUSD,buy,2018-06-16T12:00:00+00:00,2018-06-18T00:00:00+00:00,1.16094,1.15787,1.15827,1.16523,2.6833,-0.00823,
EURUSD,sell,2018-06-17T12:00:00+00:00,2018-06-18T06:00:00+00:00,1.16024,1.15792,1.16291,1.15595,2.0125,0.00467,
EURUSD,sell,2018-06-17T12:00:00+00:00,2018-06-18T07:00:00+00:00,1.16024,1.15835,1.15795,1.15595,0.6708,0.00127,
EURUSD,buy,2018-06-18T22:00:00+00:00,2018-06-19T06:00:00+00:00,1.16247,1.15940,1.15980,1.16677,2.6699,-0.00820,
EURUSD,sell,2018-06-19T14:00:00+00:00,2018-06-19T20:00:00+00:00,1.15615,1.15921,1.15881,1.15187,2.6474,-0.00809,
EURUSD,buy,2018-06-21T05:00:00+00:00,2018-06-21T07:00:00+00:00,1.15636,1.15330,1.15370,1.16063,2.6135,-0.00798,
EURUSD,sell,2018-06-21T08:00:00+00:00,2018-06-21T11:00:00+00:00,1.15157,1.15462,1.15422,1.14731,2.5882,-0.00788,
EURUSD,buy,2018-06-21T22:00:00+00:00,2018-06-22T06:00:00+00:00,1.16130,1.16362,1.15863,1.16559,1.9006,0.00441,
EURUSD,buy,2018-06-21T22:00:00+00:00,2018-06-22T07:00:00+00:00,1.16130,1.16342,1.16382,1.16559,0.6335,0.00134,
EURUSD,buy,2018-06-24T21:00:00+00:00,2018-06-25T05:00:00+00:00,1.16683,1.16375,1.16415,1.17115,2.5467,-0.00785,
EURUSD,sell,2018-06-25T05:00:00+00:00,2018-06-25T08:00:00+00:00,1.16382,1.16690,1.16650,1.15951,2.5181,-0.00775,
EURUSD,sell,2018-06-24T17:00:00+00:00,2018-06-25T11:00:00+00:00,1.16526,1.16834,1.16794,1.16095,2.5486,-0.00785,
EURUSD,buy,2018-06-25T12:00:00+00:00,2018-06-25T18:00:00+00:00,1.16854,1.17088,1.16585,1.17286,1.8320,0.00428,
EURUSD,buy,2018-06-25T12:00:00+00:00,2018-06-25T19:00:00+00:00,1.16854,1.16946,1.16986,1.17286,0.6107,0.00056,
EURUSD,sell,2018-06-26T21:00:00+00:00,2018-06-27T07:00:00+00:00,1.16429,1.16737,1.16697,1.15998,2.4709,-0.00761,
EURUSD,buy,2018-06-29T06:00:00+00:00,2018-06-29T12:00:00+00:00,1.16366,1.16598,1.16098,1.16796,1.8307,0.00426,
EURUSD,buy,2018-06-29T06:00:00+00:00,2018-06-29T12:00:00+00:00,1.16366,1.16326,1.16366,1.16796,0.6102,-0.00024,
EURUSD,sell,2018-07-01T21:00:00+00:00,2018-07-02T07:00:00+00:00,1.16630,1.16397,1.16898,1.16198,1.8384,0.00429,
EURUSD,sell,2018-07-01T21:00:00+00:00,2018-07-02T08:00:00+00:00,1.16630,1.16519,1.16479,1.16198,0.6128,0.00068,
EURUSD,buy,2018-07-03T17:00:00+00:00,2018-07-04T09:00:00+00:00,1.16613,1.16305,1.16345,1.17044,2.4744,-0.00762,
EURUSD,sell,2018-07-05T01:00:00+00:00,2018-07-05T05:00:00+00:00,1.16560,1.16868,1.16828,1.16129,2.4413,-0.00752,
EURUSD,buy,2018-07-05T06:00:00+00:00,2018-07-05T18:00:00+00:00,1.17002,1.16693,1.16733,1.17435,2.4014,-0.00742,
EURUSD,sell,2018-07-08T13:00:00+00:00,2018-07-09T05:00:00+00:00,1.17409,1.17719,1.17679,1.16974,2.3600,-0.00733,
EURUSD,buy,2018-07-08T15:00:00+00:00,2018-07-09T06:00:00+00:00,1.17479,1.17714,1.17209,1.17914,1.7700,0.00416,
EURUSD,buy,2018-07-08T15:00:00+00:00,2018-07-09T07:00:00+00:00,1.17479,1.17578,1.17618,1.17914,0.5900,0.00058,
EURUSD,sell,2018-07-10T06:00:00+00:00,2018-07-10T09:00:00+00:00,1.17446,1.17211,1.17716,1.17011,1.7612,0.00414,
EURUSD,sell,2018-07-10T06:00:00+00:00,2018-07-10T10:00:00+00:00,1.17446,1.17303,1.17263,1.17011,0.5871,0.00084,
EURUSD,sell,2018-07-15T22:00:00+00:00,2018-07-16T05:00:00+00:00,1.16794,1.17103,1.17063,1.16362,2.3827,-0.00736,
EURUSD,buy,2018-07-14T04:00:00+00:00,2018-07-16T10:00:00+00:00,1.16878,1.17112,1.16609,1.17310,1.7868,0.00417,
EURUSD,buy,2018-07-14T04:00:00+00:00,2018-07-16T11:00:00+00:00,1.16878,1.17102,1.17142,1.17310,0.5956,0.00133,
EURUSD,buy,2018-07-16T05:00:00+00:00,2018-07-17T06:00:00+00:00,1.17058,1.17292,1.16789,1.17491,1.7605,0.00412,
EURUSD,buy,2018-07-16T05:00:00+00:00,2018-07-17T07:00:00+00:00,1.17058,1.17212,1.17252,1.17491,0.5868,0.00090,
EURUSD,sell,2018-07-17T20:00:00+00:00,2018-07-18T06:00:00+00:00,1.16572,1.16339,1.16840,1.16141,1.8006,0.00420,
EURUSD,sell,2018-07-17T20:00:00+00:00,2018-07-18T07:00:00+00:00,1.16572,1.16420,1.16380,1.16141,0.6002,0.00091,
EURUSD,buy,2018-07-20T06:00:00+00:00,2018-07-20T12:00:00+00:00,1.16583,1.16816,1.16315,1.17014,1.8180,0.00424,
EURUSD,buy,2018-07-20T06:00:00+00:00,2018-07-20T12:00:00+00:00,1.16583,1.16979,1.16583,1.17014,0.6060,0.00240,
EURUSD,sell,2018-07-22T17:00:00+00:00,2018-07-22T23:00:00+00:00,1.17161,1.17471,1.17430,1.16727,2.4389,-0.00756,
EURUSD,buy,2018-07-22T21:00:00+00:00,2018-07-23T09:00:00+00:00,1.17275,1.16965,1.17006,1.17709,2.4380,-0.00755,
EURUSD,sell,2018-07-23T17:00:00+00:00,2018-07-24T06:00:00+00:00,1.16873,1.16639,1.17142,1.16440,1.7852,0.00418,
EURUSD,sell,2018-07-23T17:00:00+00:00,2018-07-24T07:00:00+00:00,1.16873,1.16882,1.16842,1.16440,0.5951,-0.00005,
EURUSD,buy,2018-07-25T19:00:00+00:00,2018-07-26T09:00:00+00:00,1.17345,1.17035,1.17075,1.17779,2.3897,-0.00741,
EURUSD,sell,2018-07-26T20:00:00+00:00,2018-07-30T07:00:00+00:00,1.16389,1.16697,1.16657,1.15958,2.3761,-0.00731,
EURUSD,buy,2018-07-28T09:00:00+00:00,2018-07-30T09:00:00+00:00,1.16594,1.16827,1.16326,1.17025,1.7800,0.00415,
EURUSD,sell,2018-07-29T14:00:00+00:00,2018-07-30T09:00:00+00:00,1.16524,1.16832,1.16792,1.16093,2.3733,-0.00731,
EURUSD,buy,2018-07-29T21:00:00+00:00,2018-07-30T09:00:00+00:00,1.16616,1.16849,1.16348,1.17047,1.7796,0.00415,
EURUSD,buy,2018-07-28T09:00:00+00:00,2018-07-30T10:00:00+00:00,1.16594,1.16735,1.16775,1.17025,0.5933,0.00084,
EURUSD,buy,2018-07-29T21:00:00+00:00,2018-07-30T10:00:00+00:00,1.16616,1.16735,1.16775,1.17047,0.5932,0.00071,
EURUSD,sell,2018-08-01T05:00:00+00:00,2018-08-02T04:00:00+00:00,1.16766,1.16532,1.17035,1.16334,1.7609,0.00412,
EURUSD,sell,2018-08-01T05:00:00+00:00,2018-08-02T05:00:00+00:00,1.16766,1.16559,1.16519,1.16334,0.5870,0.00122,
EURUSD,buy,2018-08-05T21:00:00+00:00,2018-08-06T10:00:00+00:00,1.15717,1.15411,1.15451,1.16145,2.3936,-0.00732,
EURUSD,sell,2018-08-05T22:00:00+00:00,2018-08-06T10:00:00+00:00,1.15575,1.15344,1.15841,1.15148,1.7963,0.00416,
EURUSD,sell,2018-08-05T22:00:00+00:00,2018-08-06T10:00:00+00:00,1.15575,1.15615,1.15575,1.15148,0.5988,-0.00024,
EURUSD,buy,2018-08-07T09:00:00+00:00,2018-08-08T04:00:00+00:00,1.15944,1.16176,1.15677,1.16373,1.7807,0.00413,
EURUSD,buy,2018-08-07T09:00:00+00:00,2018-08-08T05:00:00+00:00,1.15944,1.16149,1.16189,1.16373,0.5936,0.00122,
EURUSD,sell,2018-08-09T15:00:00+00:00,2018-08-09T19:00:00+00:00,1.15617,1.15386,1.15883,1.15189,1.8020,0.00417,
EURUSD,sell,2018-08-09T15:00:00+00:00,2018-08-09T20:00:00+00:00,1.15617,1.15374,1.15334,1.15189,0.6007,0.00146,
EURUSD,buy,2018-08-12T14:00:00+00:00,2018-08-12T21:00:00+00:00,1.14124,1.13823,1.13862,1.14546,2.4603,-0.00742,
EURUSD,sell,2018-08-12T21:00:00+00:00,2018-08-12T23:00:00+00:00,1.13827,1.14128,1.14089,1.13406,2.4326,-0.00732,
EURUSD,buy,2018-08-14T03:00:00+00:00,2018-08-14T09:00:00+00:00,1.14100,1.13799,1.13838,1.14522,2.3961,-0.00722,
EURUSD,sell,2018-08-14T17:00:00+00:00,2018-08-15T08:00:00+00:00,1.13423,1.13196,1.13684,1.13003,1.7829,0.00405,
EURUSD,sell,2018-08-14T17:00:00+00:00,2018-08-15T09:00:00+00:00,1.13423,1.13361,1.13322,1.13003,0.5943,0.00037,
EURUSD,buy,2018-08-16T08:00:00+00:00,2018-08-16T16:00:00+00:00,1.13856,1.13555,1.13594,1.14277,2.3889,-0.00719,
EURUSD,sell,2018-08-19T19:00:00+00:00,2018-08-20T08:00:00+00:00,1.14345,1.14116,1.14608,1.13921,1.7594,0.00403,
EURUSD,sell,2018-08-19T19:00:00+00:00,2018-08-20T09:00:00+00:00,1.14345,1.14158,1.14119,1.13921,0.5865,0.00109,
EURUSD,buy,2018-08-20T22:00:00+00:00,2018-08-21T00:00:00+00:00,1.14953,1.15183,1.14689,1.15379,1.7679,0.00406,
EURUSD,buy,2018-08-20T22:00:00+00:00,2018-08-21T00:00:00+00:00,1.14953,1.14914,1.14953,1.15379,0.5893,-0.00023,
EURUSD,sell,2018-08-23T14:00:00+00:00,2018-08-23T17:00:00+00:00,1.15718,1.15487,1.15985,1.15290,1.7675,0.00409,
EURUSD,sell,2018-08-23T14:00:00+00:00,2018-08-23T18:00:00+00:00,1.15718,1.15507,1.15467,1.15290,0.5892,0.00125,
EURUSD,sell,2018-08-26T15:00:00+00:00,2018-08-26T23:00:00+00:00,1.16170,1.16477,1.16437,1.15740,2.3705,-0.00728,
EURUSD,buy,2018-08-24T16:00:00+00:00,2018-08-27T06:00:00+00:00,1.16275,1.15968,1.16008,1.16705,2.3698,-0.00728,
EURUSD,buy,2018-08-26T21:00:00+00:00,2018-08-27T06:00:00+00:00,1.16275,1.15968,1.16008,1.16705,2.3698,-0.00728,
EURUSD,sell,2018-08-29T12:00:00+00:00,2018-08-29T13:00:00+00:00,1.16609,1.16917,1.16877,1.16177,2.2680,-0.00699,
EURUSD,buy,2018-08-30T04:00:00+00:00,2018-08-30T08:00:00+00:00,1.17026,1.16717,1.16757,1.17459,2.2314,-0.00690,
EURUSD,sell,2018-08-30T17:00:00+00:00,2018-08-31T12:00:00+00:00,1.16647,1.16414,1.16915,1.16215,1.6558,0.00387,
EURUSD,sell,2018-08-30T17:00:00+00:00,2018-08-31T13:00:00+00:00,1.16647,1.16444,1.16404,1.16215,0.5519,0.00112,
EURUSD,buy,2018-09-03T05:00:00+00:00,2018-09-04T06:00:00+00:00,1.16159,1.15852,1.15892,1.16588,2.2398,-0.00687,
EURUSD,sell,2018-09-04T10:00:00+00:00,2018-09-04T14:00:00+00:00,1.15571,1.15340,1.15837,1.15144,1.6651,0.00385,
EURUSD,sell,2018-09-04T10:00:00+00:00,2018-09-04T14:00:00+00:00,1.15571,1.15611,1.15571,1.15144,0.5550,-0.00022,
EURUSD,buy,2018-09-05T16:00:00+00:00,2018-09-06T00:00:00+00:00,1.16246,1.16478,1.15979,1.16676,1.6681,0.00388,
EURUSD,buy,2018-09-05T16:00:00+00:00,2018-09-06T01:00:00+00:00,1.16246,1.16369,1.16409,1.16676,0.5560,0.00069,
EURUSD,sell,2018-09-07T12:00:00+00:00,2018-09-07T14:00:00+00:00,1.15632,1.15938,1.15898,1.15204,2.2543,-0.00689,
EURUSD,buy,2018-09-09T22:00:00+00:00,2018-09-10T06:00:00+00:00,1.15587,1.15281,1.15321,1.16014,2.2268,-0.00680,
EURUSD,sell,2018-09-10T06:00:00+00:00,2018-09-10T07:00:00+00:00,1.15292,1.15597,1.15558,1.14866,2.2016,-0.00671,
EURUSD,buy,2018-09-10T07:00:00+00:00,2018-09-10T12:00:00+00:00,1.15696,1.15927,1.15430,1.16124,1.6247,0.00376,
EURUSD,buy,2018-09-10T07:00:00+00:00,2018-09-10T12:00:00+00:00,1.15696,1.15656,1.15696,1.16124,0.5416,-0.00022,
EURUSD,sell,2018-09-12T05:00:00+00:00,2018-09-12T14:00:00+00:00,1.15800,1.16106,1.16067,1.15372,2.1783,-0.00667,
EURUSD,buy,2018-09-12T16:00:00+00:00,2018-09-13T12:00:00+00:00,1.16326,1.16558,1.16058,1.16756,1.6058,0.00373,
EURUSD,buy,2018-09-12T16:00:00+00:00,2018-09-13T12:00:00+00:00,1.16326,1.16286,1.16326,1.16756,0.5353,-0.00021,
EURUSD,sell,2018-09-15T01:00:00+00:00,2018-09-17T07:00:00+00:00,1.16192,1.16499,1.16459,1.15762,2.1574,-0.00663,
EURUSD,buy,2018-09-16T21:00:00+00:00,2018-09-17T08:00:00+00:00,1.16298,1.16530,1.16030,1.16728,1.6175,0.00376,
EURUSD,buy,2018-09-16T21:00:00+00:00,2018-09-17T09:00:00+00:00,1.16298,1.16433,1.16473,1.16728,0.5392,0.00073,
EURUSD,sell,2018-09-19T07:00:00+00:00,2018-09-19T11:00:00+00:00,1.16977,1.16743,1.17246,1.16544,1.6003,0.00375,
EURUSD,sell,2018-09-19T07:00:00+00:00,2018-09-19T12:00:00+00:00,1.16977,1.16839,1.16799,1.16544,0.5334,0.00074,
EURUSD,buy,2018-09-20T10:00:00+00:00,2018-09-20T11:00:00+00:00,1.17241,1.17475,1.16972,1.17675,1.6120,0.00378,
EURUSD,buy,2018-09-20T10:00:00+00:00,2018-09-20T11:00:00+00:00,1.17241,1.17201,1.17241,1.17675,0.5373,-0.00022,
EURUSD,sell,2018-09-22T04:00:00+00:00,2018-09-24T09:00:00+00:00,1.17438,1.17748,1.17708,1.17003,2.1596,-0.00671,
EURUSD,sell,2018-09-23T19:00:00+00:00,2018-09-24T09:00:00+00:00,1.17438,1.17748,1.17708,1.17003,2.1596,-0.00671,
EURUSD,buy,2018-09-23T14:00:00+00:00,2018-09-24T13:00:00+00:00,1.17508,1.17743,1.17238,1.17943,1.6197,0.00380,
EURUSD,buy,2018-09-23T14:00:00+00:00,2018-09-24T13:00:00+00:00,1.17508,1.17468,1.17508,1.17943,0.5399,-0.00022,
EURUSD,buy,2018-09-24T11:00:00+00:00,2018-09-24T13:00:00+00:00,1.17668,1.17903,1.17398,1.18104,1.5748,0.00370,
EURUSD,buy,2018-09-24T11:00:00+00:00,2018-09-24T13:00:00+00:00,1.17668,1.17628,1.17668,1.18104,0.5249,-0.00021,
EURUSD,sell,2018-09-26T12:00:00+00:00,2018-09-26T17:00:00+00:00,1.17370,1.17680,1.17640,1.16935,2.1339,-0.00662,
EURUSD,buy,2018-09-30T21:00:00+00:00,2018-10-01T05:00:00+00:00,1.16139,1.15832,1.15872,1.16568,2.1293,-0.00653,
EURUSD,buy,2018-09-30T09:00:00+00:00,2018-10-01T06:00:00+00:00,1.16054,1.15747,1.15787,1.16483,2.1308,-0.00653,
EURUSD,sell,2018-10-01T05:00:00+00:00,2018-10-01T09:00:00+00:00,1.15851,1.16158,1.16118,1.15422,2.1051,-0.00645,
EURUSD,sell,2018-09-30T12:00:00+00:00,2018-10-01T15:00:00+00:00,1.15984,1.15752,1.16251,1.15555,1.5981,0.00371,
EURUSD,sell,2018-09-30T12:00:00+00:00,2018-10-01T16:00:00+00:00,1.15984,1.15824,1.15784,1.15555,0.5327,0.00085,
EURUSD,buy,2018-10-03T13:00:00+00:00,2018-10-03T16:00:00+00:00,1.15419,1.15114,1.15153,1.15846,2.0778,-0.00634,
EURUSD,sell,2018-10-03T19:00:00+00:00,2018-10-03T20:00:00+00:00,1.15111,1.14881,1.15376,1.14685,1.5409,0.00355,
EURUSD,sell,2018-10-03T19:00:00+00:00,2018-10-03T20:00:00+00:00,1.15111,1.15151,1.15111,1.14685,0.5136,-0.00020,
EURUSD,buy,2018-10-05T07:00:00+00:00,2018-10-05T12:00:00+00:00,1.15108,1.15338,1.14843,1.15533,1.5528,0.00357,
EURUSD,buy,2018-10-05T07:00:00+00:00,2018-10-05T12:00:00+00:00,1.15108,1.15068,1.15108,1.15533,0.5176,-0.00020,
EURUSD,buy,2018-10-07T21:00:00+00:00,2018-10-08T06:00:00+00:00,1.15262,1.14957,1.14997,1.15688,2.0823,-0.00634,
EURUSD,buy,2018-10-07T15:00:00+00:00,2018-10-08T07:00:00+00:00,1.15209,1.14904,1.14944,1.15635,2.0832,-0.00634,
EURUSD,sell,2018-10-07T12:00:00+00:00,2018-10-08T08:00:00+00:00,1.15139,1.14909,1.15404,1.14713,1.5624,0.00360,
EURUSD,sell,2018-10-07T17:00:00+00:00,2018-10-08T08:00:00+00:00,1.15139,1.14909,1.15404,1.14713,1.5624,0.00360,
EURUSD,sell,2018-10-07T12:00:00+00:00,2018-10-08T09:00:00+00:00,1.15139,1.14907,1.14868,1.14713,0.5208,0.00121,
EURUSD,sell,2018-10-07T17:00:00+00:00,2018-10-08T09:00:00+00:00,1.15139,1.14907,1.14868,1.14713,0.5208,0.00121,
EURUSD,sell,2018-10-08T06:00:00+00:00,2018-10-08T10:00:00+00:00,1.14946,1.14715,1.15210,1.14520,1.5444,0.00355,
EURUSD,sell,2018-10-08T06:00:00+00:00,2018-10-08T11:00:00+00:00,1.14946,1.14833,1.14794,1.14520,0.5148,0.00058,
EURUSD,buy,2018-10-10T05:00:00+00:00,2018-10-10T07:00:00+00:00,1.15132,1.14827,1.14867,1.15557,2.0892,-0.00636,
EURUSD,sell,2018-10-12T23:00:00+00:00,2018-10-15T09:00:00+00:00,1.15536,1.15842,1.15802,1.15109,2.0532,-0.00627,
EURUSD,buy,2018-10-15T10:00:00+00:00,2018-10-15T17:00:00+00:00,1.16023,1.15716,1.15756,1.16452,2.0188,-0.00619,
EURUSD,sell,2018-10-17T04:00:00+00:00,2018-10-17T11:00:00+00:00,1.15546,1.15315,1.15812,1.15119,1.4993,0.00347,
EURUSD,sell,2018-10-17T04:00:00+00:00,2018-10-17T12:00:00+00:00,1.15546,1.15393,1.15353,1.15119,0.4998,0.00077,
EURUSD,buy,2018-10-19T23:00:00+00:00,2018-10-22T06:00:00+00:00,1.15177,1.15407,1.14912,1.15603,1.5188,0.00350,
EURUSD,buy,2018-10-19T23:00:00+00:00,2018-10-22T06:00:00+00:00,1.15177,1.15137,1.15177,1.15603,0.5063,-0.00020,
EURUSD,sell,2018-10-21T21:00:00+00:00,2018-10-22T06:00:00+00:00,1.15103,1.15408,1.15368,1.14677,2.0252,-0.00617,
EURUSD,buy,2018-10-22T07:00:00+00:00,2018-10-22T09:00:00+00:00,1.15352,1.15047,1.15086,1.15778,2.0096,-0.00612,
EURUSD,sell,2018-10-22T09:00:00+00:00,2018-10-22T13:00:00+00:00,1.14996,1.14766,1.15261,1.14571,1.4910,0.00343,
EURUSD,sell,2018-10-22T09:00:00+00:00,2018-10-22T14:00:00+00:00,1.14996,1.14847,1.14808,1.14571,0.4970,0.00074,
EURUSD,buy,2018-10-27T04:00:00+00:00,2018-10-29T08:00:00+00:00,1.14055,1.13754,1.13793,1.14477,2.0239,-0.00610,
EURUSD,sell,2018-10-28T17:00:00+00:00,2018-10-29T09:00:00+00:00,1.13987,1.13759,1.14249,1.13565,1.5179,0.00346,
EURUSD,sell,2018-10-28T17:00:00+00:00,2018-10-29T10:00:00+00:00,1.13987,1.13972,1.13933,1.13565,0.5060,0.00007,
EURUSD,buy,2018-11-01T13:00:00+00:00,2018-11-01T17:00:00+00:00,1.13965,1.14193,1.13703,1.14387,1.5107,0.00344,
EURUSD,buy,2018-11-01T13:00:00+00:00,2018-11-01T18:00:00+00:00,1.13965,1.14016,1.14055,1.14387,0.5036,0.00025,
EURUSD,buy,2018-11-04T22:00:00+00:00,2018-11-05T11:00:00+00:00,1.13943,1.13642,1.13681,1.14365,2.0308,-0.00611,
EURUSD,sell,2018-11-03T05:00:00+00:00,2018-11-05T12:00:00+00:00,1.13826,1.13598,1.14088,1.13405,1.5238,0.00347,
EURUSD,buy,2018-11-04T16:00:00+00:00,2018-11-05T12:00:00+00:00,1.13894,1.13593,1.13632,1.14315,2.0317,-0.00611,
EURUSD,sell,2018-11-04T17:00:00+00:00,2018-11-05T12:00:00+00:00,1.13826,1.13598,1.14088,1.13405,1.5238,0.00347,
EURUSD,sell,2018-11-03T05:00:00+00:00,2018-11-05T13:00:00+00:00,1.13826,1.13781,1.13742,1.13405,0.5079,0.00023,
EURUSD,sell,2018-11-04T17:00:00+00:00,2018-11-05T13:00:00+00:00,1.13826,1.13781,1.13742,1.13405,0.5079,0.00023,
EURUSD,sell,2018-11-05T11:00:00+00:00,2018-11-05T14:00:00+00:00,1.13686,1.13987,1.13947,1.13265,2.0073,-0.00604,
EURUSD,buy,2018-11-05T16:00:00+00:00,2018-11-05T18:00:00+00:00,1.13959,1.14187,1.13697,1.14381,1.4871,0.00339,
EURUSD,buy,2018-11-05T16:00:00+00:00,2018-11-05T18:00:00+00:00,1.13959,1.13920,1.13959,1.14381,0.4957,-0.00019,
EURUSD,sell,2018-11-08T10:00:00+00:00,2018-11-08T15:00:00+00:00,1.14165,1.14467,1.14427,1.13742,1.9921,-0.00602,
EURUSD,buy,2018-11-11T17:00:00+00:00,2018-11-12T05:00:00+00:00,1.13376,1.13076,1.13115,1.13795,1.9806,-0.00593,
EURUSD,sell,2018-11-11T19:00:00+00:00,2018-11-12T06:00:00+00:00,1.13308,1.13081,1.13569,1.12889,1.4854,0.00337,
EURUSD,sell,2018-11-11T19:00:00+00:00,2018-11-12T06:00:00+00:00,1.13308,1.12922,1.13308,1.12889,0.4951,0.00191,
EURUSD,buy,2018-11-14T00:00:00+00:00,2018-11-14T07:00:00+00:00,1.13075,1.12776,1.12815,1.13493,1.9830,-0.00593,
EURUSD,sell,2018-11-18T22:00:00+00:00,2018-11-19T15:00:00+00:00,1.14129,1.14431,1.14391,1.13706,1.9375,-0.00585,
EURUSD,buy,2018-11-19T17:00:00+00:00,2018-11-20T08:00:00+00:00,1.14610,1.14308,1.14347,1.15034,1.9050,-0.00577,
EURUSD,sell,2018-11-20T19:00:00+00:00,2018-11-21T06:00:00+00:00,1.13636,1.13937,1.13897,1.13215,1.8948,-0.00570,
EURUSD,buy,2018-11-22T08:00:00+00:00,2018-11-22T10:00:00+00:00,1.14066,1.14294,1.13804,1.14488,1.3979,0.00319,
EURUSD,buy,2018-11-22T08:00:00+00:00,2018-11-22T10:00:00+00:00,1.14066,1.14027,1.14066,1.14488,0.4660,-0.00018,
EURUSD,sell,2018-11-26T01:00:00+00:00,2018-11-26T06:00:00+00:00,1.13270,1.13570,1.13531,1.12851,1.8891,-0.00566,
EURUSD,buy,2018-11-25T15:00:00+00:00,2018-11-26T07:00:00+00:00,1.13389,1.13616,1.13128,1.13808,1.4162,0.00321,
EURUSD,sell,2018-11-25T22:00:00+00:00,2018-11-26T07:00:00+00:00,1.13317,1.13617,1.13578,1.12898,1.8883,-0.00566,
EURUSD,buy,2018-11-25T23:00:00+00:00,2018-11-26T07:00:00+00:00,1.13408,1.13635,1.13147,1.13827,1.4159,0.00321,
EURUSD,sell,2018-11-23T12:00:00+00:00,2018-11-26T08:00:00+00:00,1.13447,1.13747,1.13708,1.13027,1.8861,-0.00566,
EURUSD,buy,2018-11-25T15:00:00+00:00,2018-11-26T08:00:00+00:00,1.13389,1.13534,1.13573,1.13808,0.4721,0.00068,
EURUSD,buy,2018-11-25T23:00:00+00:00,2018-11-26T08:00:00+00:00,1.13408,1.13534,1.13573,1.13827,0.4720,0.00059,
EURUSD,buy,2018-11-26T05:00:00+00:00,2018-11-26T09:00:00+00:00,1.13511,1.13738,1.13250,1.13931,1.4146,0.00321,
EURUSD,buy,2018-11-26T05:00:00+00:00,2018-11-26T10:00:00+00:00,1.13511,1.13630,1.13669,1.13931,0.4715,0.00056,
EURUSD,sell,2018-11-27T06:00:00+00:00,2018-11-27T14:00:00+00:00,1.13256,1.13029,1.13517,1.12837,1.3987,0.00317,
EURUSD,sell,2018-11-27T06:00:00+00:00,2018-11-27T14:00:00+00:00,1.13256,1.13295,1.13256,1.12837,0.4662,-0.00018,
EURUSD,buy,2018-11-28T23:00:00+00:00,2018-11-29T07:00:00+00:00,1.13708,1.13935,1.13447,1.14129,1.4038,0.00319,
EURUSD,buy,2018-11-28T23:00:00+00:00,2018-11-29T08:00:00+00:00,1.13708,1.13708,1.13747,1.14129,0.4679,-0.00000,
EURUSD,sell,2018-11-30T17:00:00+00:00,2018-12-02T22:00:00+00:00,1.13114,1.13413,1.13374,1.12695,1.8946,-0.00567,
EURUSD,buy,2018-12-02T17:00:00+00:00,2018-12-02T22:00:00+00:00,1.13198,1.13424,1.12938,1.13617,1.4207,0.00321,
EURUSD,sell,2018-12-02T21:00:00+00:00,2018-12-02T22:00:00+00:00,1.13130,1.13429,1.13390,1.12711,1.8943,-0.00567,
EURUSD,buy,2018-12-02T17:00:00+00:00,2018-12-02T23:00:00+00:00,1.13198,1.13275,1.13314,1.13617,0.4736,0.00036,
EURUSD,buy,2018-12-02T22:00:00+00:00,2018-12-03T05:00:00+00:00,1.13348,1.13575,1.13087,1.13767,1.3920,0.00315,
EURUSD,buy,2018-12-02T22:00:00+00:00,2018-12-03T06:00:00+00:00,1.13348,1.13541,1.13580,1.13767,0.4640,0.00090,
EURUSD,sell,2018-12-05T04:00:00+00:00,2018-12-05T11:00:00+00:00,1.13248,1.13548,1.13509,1.12829,1.8760,-0.00562,
EURUSD,buy,2018-12-06T14:00:00+00:00,2018-12-06T16:00:00+00:00,1.13989,1.13688,1.13727,1.14411,1.8402,-0.00554,
EURUSD,sell,2018-12-08T15:00:00+00:00,2018-12-09T22:00:00+00:00,1.13724,1.14025,1.13986,1.13303,1.8191,-0.00547,
EURUSD,buy,2018-12-09T22:00:00+00:00,2018-12-10T01:00:00+00:00,1.14011,1.14239,1.13749,1.14433,1.3437,0.00306,
EURUSD,buy,2018-12-09T22:00:00+00:00,2018-12-10T02:00:00+00:00,1.14011,1.14290,1.14329,1.14433,0.4479,0.00125,
EURUSD,sell,2018-12-11T01:00:00+00:00,2018-12-11T08:00:00+00:00,1.13590,1.13890,1.13851,1.13170,1.8161,-0.00546,
EURUSD,buy,2018-12-12T23:00:00+00:00,2018-12-13T13:00:00+00:00,1.13759,1.13459,1.13498,1.14180,1.7905,-0.00538,
EURUSD,sell,2018-12-14T06:00:00+00:00,2018-12-14T08:00:00+00:00,1.13454,1.13227,1.13715,1.13034,1.3279,0.00302,
EURUSD,sell,2018-12-14T06:00:00+00:00,2018-12-14T08:00:00+00:00,1.13454,1.13493,1.13454,1.13034,0.4426,-0.00017,
EURUSD,buy,2018-12-16T07:00:00+00:00,2018-12-17T10:00:00+00:00,1.13079,1.13305,1.12819,1.13497,1.3425,0.00303,
EURUSD,buy,2018-12-16T07:00:00+00:00,2018-12-17T11:00:00+00:00,1.13079,1.13321,1.13360,1.13497,0.4475,0.00108,
EURUSD,sell,2018-12-21T20:00:00+00:00,2018-12-24T02:00:00+00:00,1.13553,1.13853,1.13814,1.13133,1.7996,-0.00541,
EURUSD,sell,2018-12-23T22:00:00+00:00,2018-12-24T03:00:00+00:00,1.13645,1.13946,1.13906,1.13224,1.7981,-0.00541,
EURUSD,buy,2018-12-23T19:00:00+00:00,2018-12-24T08:00:00+00:00,1.13718,1.13945,1.13457,1.14139,1.3485,0.00306,
EURUSD,buy,2018-12-23T19:00:00+00:00,2018-12-24T09:00:00+00:00,1.13718,1.13902,1.13941,1.14139,0.4495,0.00083,
EURUSD,buy,2018-12-23T23:00:00+00:00,2018-12-24T09:00:00+00:00,1.13757,1.13984,1.13496,1.14178,1.3481,0.00306,
EURUSD,buy,2018-12-23T23:00:00+00:00,2018-12-24T10:00:00+00:00,1.13757,1.13904,1.13943,1.14178,0.4494,0.00066,
EURUSD,sell,2018-12-26T02:00:00+00:00,2018-12-26T09:00:00+00:00,1.14080,1.13851,1.14342,1.13658,1.3330,0.00304,
EURUSD,sell,2018-12-26T02:00:00+00:00,2018-12-26T10:00:00+00:00,1.14080,1.13931,1.13892,1.13658,0.4443,0.00066,
EURUSD,buy,2018-12-27T18:00:00+00:00,2018-12-27T22:00:00+00:00,1.14511,1.14209,1.14248,1.14935,1.7878,-0.00541,
EURUSD,buy,2018-12-31T00:00:00+00:00,2018-12-31T04:00:00+00:00,1.14501,1.14199,1.14238,1.14925,1.7643,-0.00534,
EURUSD,sell,2018-12-29T14:00:00+00:00,2018-12-31T11:00:00+00:00,1.14380,1.14682,1.14643,1.13956,1.7652,-0.00534,
EURUSD,sell,2018-12-30T20:00:00+00:00,2018-12-31T11:00:00+00:00,1.14380,1.14682,1.14643,1.13956,1.7652,-0.00534,
EURUSD,sell,2018-12-31T01:00:00+00:00,2018-12-31T11:00:00+00:00,1.14352,1.14654,1.14615,1.13928,1.7656,-0.00534,
EURUSD,buy,2018-12-30T16:00:00+00:00,2019-01-02T05:00:00+00:00,1.14448,1.14677,1.14185,1.14872,1.3239,0.00303,
EURUSD,buy,2018-12-30T16:00:00+00:00,2019-01-02T06:00:00+00:00,1.14448,1.14730,1.14769,1.14872,0.4413,0.00124,
EURUSD,buy,2018-12-31T19:00:00+00:00,2019-01-02T06:00:00+00:00,1.14568,1.14797,1.14305,1.14992,1.2526,0.00287,
EURUSD,buy,2018-12-31T19:00:00+00:00,2019-01-02T07:00:00+00:00,1.14568,1.14730,1.14769,1.14992,0.4175,0.00067,
EURUSD,sell,2019-01-02T11:00:00+00:00,2019-01-02T12:00:00+00:00,1.14302,1.14073,1.14565,1.13879,1.2803,0.00293,
EURUSD,sell,2019-01-02T11:00:00+00:00,2019-01-02T12:00:00+00:00,1.14302,1.14341,1.14302,1.13879,0.4268,-0.00017,
EURUSD,buy,2019-01-04T04:00:00+00:00,2019-01-04T13:00:00+00:00,1.13975,1.13674,1.13713,1.14397,1.7252,-0.00520,
EURUSD,sell,2019-01-05T14:00:00+00:00,2019-01-07T01:00:00+00:00,1.13909,1.14210,1.14171,1.13487,1.7023,-0.00513,
EURUSD,buy,2019-01-06T22:00:00+00:00,2019-01-07T07:00:00+00:00,1.14081,1.14309,1.13819,1.14503,1.2756,0.00291,
EURUSD,buy,2019-01-06T22:00:00+00:00,2019-01-07T08:00:00+00:00,1.14081,1.14241,1.14280,1.14503,0.4252,0.00068,
EURUSD,sell,2019-01-08T23:00:00+00:00,2019-01-09T14:00:00+00:00,1.14538,1.14841,1.14801,1.14114,1.6862,-0.00511,
EURUSD,buy,2019-01-09T14:00:00+00:00,2019-01-09T19:00:00+00:00,1.15280,1.15510,1.15015,1.15706,1.2407,0.00286,
EURUSD,buy,2019-01-09T14:00:00+00:00,2019-01-09T20:00:00+00:00,1.15280,1.15386,1.15426,1.15706,0.4136,0.00044,
EURUSD,sell,2019-01-11T06:00:00+00:00,2019-01-11T14:00:00+00:00,1.15192,1.14962,1.15457,1.14766,1.2516,0.00289,
EURUSD,sell,2019-01-11T06:00:00+00:00,2019-01-11T14:00:00+00:00,1.15192,1.15232,1.15192,1.14766,0.4172,-0.00017,
EURUSD,sell,2019-01-13T22:00:00+00:00,2019-01-15T01:00:00+00:00,1.14609,1.14912,1.14872,1.14184,1.6892,-0.00512,
EURUSD,buy,2019-01-13T20:00:00+00:00,2019-01-15T09:00:00+00:00,1.14690,1.14387,1.14427,1.15115,1.6890,-0.00512,
EURUSD,buy,2019-01-14T02:00:00+00:00,2019-01-15T09:00:00+00:00,1.14701,1.14398,1.14438,1.15126,1.6888,-0.00512,
EURUSD,sell,2019-01-15T12:00:00+00:00,2019-01-15T14:00:00+00:00,1.14264,1.14566,1.14527,1.13841,1.6271,-0.00492,
EURUSD,buy,2019-01-18T12:00:00+00:00,2019-01-18T14:00:00+00:00,1.14061,1.13760,1.13799,1.14483,1.6094,-0.00485,
EURUSD,sell,2019-01-18T15:00:00+00:00,2019-01-21T07:00:00+00:00,1.13636,1.13937,1.13897,1.13215,1.5931,-0.00479,
EURUSD,buy,2019-01-20T22:00:00+00:00,2019-01-22T14:00:00+00:00,1.13687,1.13387,1.13426,1.14108,1.5934,-0.00479,
EURUSD,sell,2019-01-22T05:00:00+00:00,2019-01-23T15:00:00+00:00,1.13540,1.13840,1.13801,1.13120,1.5734,-0.00473,
EURUSD,sell,2019-01-23T14:00:00+00:00,2019-01-23T15:00:00+00:00,1.13593,1.13893,1.13854,1.13172,1.5516,-0.00466,
EURUSD,buy,2019-01-23T11:00:00+00:00,2019-01-24T08:00:00+00:00,1.13685,1.13385,1.13424,1.14106,1.5513,-0.00466,
EURUSD,buy,2019-01-23T15:00:00+00:00,2019-01-24T08:00:00+00:00,1.13823,1.13522,1.13561,1.14244,1.5081,-0.00454,
EURUSD,sell,2019-01-24T17:00:00+00:00,2019-01-25T03:00:00+00:00,1.12956,1.13255,1.13216,1.12538,1.4781,-0.00442,
EURUSD,buy,2019-01-25T20:00:00+00:00,2019-01-28T08:00:00+00:00,1.14179,1.13878,1.13917,1.14602,1.4438,-0.00436,
EURUSD,sell,2019-01-27T15:00:00+00:00,2019-01-28T14:00:00+00:00,1.13998,1.14299,1.14260,1.13576,1.4452,-0.00436,
EURUSD,buy,2019-01-27T22:00:00+00:00,2019-01-28T16:00:00+00:00,1.14121,1.14349,1.13859,1.14543,1.0834,0.00247,
EURUSD,buy,2019-01-27T22:00:00+00:00,2019-01-28T17:00:00+00:00,1.14121,1.14276,1.14315,1.14543,0.3611,0.00056,
EURUSD,sell,2019-02-01T05:00:00+00:00,2019-02-01T09:00:00+00:00,1.14331,1.14633,1.14594,1.13908,1.4161,-0.00428,
EURUSD,buy,2019-02-02T17:00:00+00:00,2019-02-04T14:00:00+00:00,1.14581,1.14279,1.14318,1.15005,1.3952,-0.00422,
EURUSD,sell,2019-02-02T20:00:00+00:00,2019-02-04T14:00:00+00:00,1.14513,1.14283,1.14776,1.14089,1.0464,0.00240,
EURUSD,buy,2019-02-03T22:00:00+00:00,2019-02-04T14:00:00+00:00,1.14590,1.14288,1.14327,1.15014,1.3951,-0.00422,
EURUSD,sell,2019-02-02T20:00:00+00:00,2019-02-04T15:00:00+00:00,1.14513,1.14414,1.14375,1.14089,0.3488,0.00034,
EURUSD,sell,2019-02-04T03:00:00+00:00,2019-02-05T08:00:00+00:00,1.14450,1.14221,1.14713,1.14026,1.0470,0.00240,
EURUSD,sell,2019-02-04T03:00:00+00:00,2019-02-05T09:00:00+00:00,1.14450,1.14293,1.14254,1.14026,0.3490,0.00055,
EURUSD,buy,2019-02-10T23:00:00+00:00,2019-02-11T10:00:00+00:00,1.13271,1.12972,1.13011,1.13690,1.3991,-0.00419,
EURUSD,sell,2019-02-11T09:00:00+00:00,2019-02-11T15:00:00+00:00,1.12990,1.12764,1.13250,1.12572,1.0513,0.00238,
EURUSD,sell,2019-02-11T09:00:00+00:00,2019-02-11T15:00:00+00:00,1.12990,1.13029,1.12990,1.12572,0.3504,-0.00014,
EURUSD,buy,2019-02-12T23:00:00+00:00,2019-02-13T12:00:00+00:00,1.13370,1.13070,1.13109,1.13789,1.3893,-0.00416,
EURUSD,sell,2019-02-13T23:00:00+00:00,2019-02-14T07:00:00+00:00,1.12612,1.12910,1.12871,1.12195,1.3794,-0.00411,
EURUSD,buy,2019-02-15T06:00:00+00:00,2019-02-15T12:00:00+00:00,1.12926,1.12627,1.12666,1.13344,1.3582,-0.00405,
EURUSD,sell,2019-02-15T21:00:00+00:00,2019-02-18T02:00:00+00:00,1.12891,1.13190,1.13151,1.12473,1.3398,-0.00400,
EURUSD,buy,2019-02-16T07:00:00+00:00,2019-02-18T02:00:00+00:00,1.12959,1.13185,1.12699,1.13377,1.0049,0.00227,
EURUSD,sell,2019-02-17T19:00:00+00:00,2019-02-18T02:00:00+00:00,1.12891,1.13190,1.13151,1.12473,1.3398,-0.00400,
EURUSD,buy,2019-02-16T07:00:00+00:00,2019-02-18T03:00:00+00:00,1.12959,1.13124,1.13163,1.13377,0.3350,0.00055,
EURUSD,buy,2019-02-18T00:00:00+00:00,2019-02-18T12:00:00+00:00,1.13063,1.13289,1.12803,1.13481,1.0039,0.00227,
EURUSD,buy,2019-02-18T00:00:00+00:00,2019-02-18T13:00:00+00:00,1.13063,1.13208,1.13247,1.13481,0.3346,0.00049,
EURUSD,sell,2019-02-19T12:00:00+00:00,2019-02-19T14:00:00+00:00,1.12839,1.13138,1.13099,1.12422,1.3297,-0.00397,
EURUSD,buy,2019-02-19T18:00:00+00:00,2019-02-20T12:00:00+00:00,1.13524,1.13224,1.13263,1.13944,1.3050,-0.00391,
EURUSD,sell,2019-02-21T15:00:00+00:00,2019-02-22T13:00:00+00:00,1.13438,1.13211,1.13699,1.13018,0.9659,0.00219,
EURUSD,sell,2019-02-21T15:00:00+00:00,2019-02-22T14:00:00+00:00,1.13438,1.13426,1.13387,1.13018,0.3220,0.00004,
EURUSD,buy,2019-02-24T22:00:00+00:00,2019-02-25T10:00:00+00:00,1.13394,1.13621,1.13133,1.13813,0.9743,0.00221,
EURUSD,buy,2019-02-24T22:00:00+00:00,2019-02-25T11:00:00+00:00,1.13394,1.13568,1.13607,1.13813,0.3248,0.00056,
EURUSD,sell,2019-02-28T07:00:00+00:00,2019-02-28T10:00:00+00:00,1.13783,1.14084,1.14045,1.13362,1.3060,-0.00393,
EURUSD,buy,2019-02-28T13:00:00+00:00,2019-02-28T15:00:00+00:00,1.13897,1.13596,1.13635,1.14318,1.2882,-0.00388,
EURUSD,sell,2019-03-01T06:00:00+00:00,2019-03-01T11:00:00+00:00,1.13585,1.13885,1.13846,1.13165,1.2739,-0.00383,
EURUSD,buy,2019-03-03T18:00:00+00:00,2019-03-04T08:00:00+00:00,1.13667,1.13367,1.13406,1.14088,1.2569,-0.00378,
EURUSD,buy,2019-03-03T22:00:00+00:00,2019-03-04T08:00:00+00:00,1.13809,1.13508,1.13547,1.14230,1.2553,-0.00378,
EURUSD,sell,2019-03-03T21:00:00+00:00,2019-03-04T11:00:00+00:00,1.13599,1.13372,1.13860,1.13178,0.9427,0.00214,
EURUSD,sell,2019-03-03T21:00:00+00:00,2019-03-04T12:00:00+00:00,1.13599,1.13423,1.13384,1.13178,0.3142,0.00055,
EURUSD,sell,2019-03-04T09:00:00+00:00,2019-03-04T15:00:00+00:00,1.13394,1.13167,1.13655,1.12974,0.9194,0.00209,
EURUSD,sell,2019-03-04T09:00:00+00:00,2019-03-04T16:00:00+00:00,1.13394,1.13310,1.13271,1.12974,0.3065,0.00026,
EURUSD,buy,2019-03-07T09:00:00+00:00,2019-03-07T12:00:00+00:00,1.13127,1.12828,1.12867,1.13545,1.2518,-0.00374,
EURUSD,sell,2019-03-07T13:00:00+00:00,2019-03-07T14:00:00+00:00,1.12568,1.12343,1.12827,1.12152,0.9305,0.00210,
EURUSD,sell,2019-03-07T13:00:00+00:00,2019-03-07T14:00:00+00:00,1.12568,1.12607,1.12568,1.12152,0.3102,-0.00012,
EURUSD,sell,2019-03-10T12:00:00+00:00,2019-03-11T09:00:00+00:00,1.12277,1.12574,1.12536,1.11862,1.2527,-0.00372,
EURUSD,buy,2019-03-09T07:00:00+00:00,2019-03-11T22:00:00+00:00,1.12345,1.12569,1.12086,1.12760,0.9395,0.00211,
EURUSD,buy,2019-03-10T21:00:00+00:00,2019-03-11T22:00:00+00:00,1.12370,1.12594,1.12111,1.12785,0.9393,0.00211,
EURUSD,buy,2019-03-09T07:00:00+00:00,2019-03-11T23:00:00+00:00,1.12345,1.12506,1.12545,1.12760,0.3132,0.00051,
EURUSD,buy,2019-03-10T21:00:00+00:00,2019-03-11T23:00:00+00:00,1.12370,1.12506,1.12545,1.12785,0.3131,0.00043,
EURUSD,sell,2019-03-15T01:00:00+00:00,2019-03-15T13:00:00+00:00,1.13064,1.13363,1.13324,1.12646,1.2503,-0.00374,
EURUSD,sell,2019-03-17T21:00:00+00:00,2019-03-18T06:00:00+00:00,1.13182,1.13481,1.13442,1.12763,1.2325,-0.00369,
EURUSD,sell,2019-03-17T14:00:00+00:00,2019-03-18T07:00:00+00:00,1.13206,1.13506,1.13466,1.12787,1.2322,-0.00369,
EURUSD,buy,2019-03-17T15:00:00+00:00,2019-03-18T11:00:00+00:00,1.13274,1.13500,1.13014,1.13693,0.9241,0.00209,
EURUSD,buy,2019-03-17T15:00:00+00:00,2019-03-18T12:00:00+00:00,1.13274,1.13470,1.13509,1.13693,0.3080,0.00060,
EURUSD,buy,2019-03-15T14:00:00+00:00,2019-03-20T12:00:00+00:00,1.13388,1.13615,1.13127,1.13807,0.9232,0.00209,
EURUSD,buy,2019-03-18T02:00:00+00:00,2019-03-20T12:00:00+00:00,1.13359,1.13586,1.13098,1.13778,0.9235,0.00209,
EURUSD,buy,2019-03-15T14:00:00+00:00,2019-03-20T13:00:00+00:00,1.13388,1.13501,1.13540,1.13807,0.3077,0.00035,
EURUSD,buy,2019-03-18T02:00:00+00:00,2019-03-20T13:00:00+00:00,1.13359,1.13501,1.13540,1.13778,0.3078,0.00044,
EURUSD,sell,2019-03-22T01:00:00+00:00,2019-03-22T08:00:00+00:00,1.13723,1.13495,1.13985,1.13302,0.9209,0.00210,
EURUSD,sell,2019-03-22T01:00:00+00:00,2019-03-22T08:00:00+00:00,1.13723,1.13762,1.13723,1.13302,0.3070,-0.00012,
EURUSD,sell,2019-03-24T21:00:00+00:00,2019-03-25T09:00:00+00:00,1.12906,1.13205,1.13166,1.12488,1.2455,-0.00372,
EURUSD,buy,2019-03-24T09:00:00+00:00,2019-03-25T15:00:00+00:00,1.13038,1.13264,1.12778,1.13456,0.9336,0.00211,
EURUSD,buy,2019-03-24T09:00:00+00:00,2019-03-25T16:00:00+00:00,1.13038,1.13140,1.13179,1.13456,0.3112,0.00032,
EURUSD,buy,2019-03-25T09:00:00+00:00,2019-03-26T12:00:00+00:00,1.13237,1.12938,1.12977,1.13656,1.2261,-0.00367,
EURUSD,sell,2019-03-26T17:00:00+00:00,2019-03-27T02:00:00+00:00,1.12798,1.12572,1.13058,1.12381,0.9185,0.00207,
EURUSD,sell,2019-03-26T17:00:00+00:00,2019-03-27T03:00:00+00:00,1.12798,1.12611,1.12572,1.12381,0.3062,0.00057,
EURUSD,buy,2019-03-31T18:00:00+00:00,2019-04-01T08:00:00+00:00,1.12213,1.12437,1.11955,1.12628,0.9327,0.00209,
EURUSD,buy,2019-03-31T18:00:00+00:00,2019-04-01T09:00:00+00:00,1.12213,1.12323,1.12362,1.12628,0.3109,0.00034,
EURUSD,sell,2019-04-02T01:00:00+00:00,2019-04-03T01:00:00+00:00,1.12000,1.12297,1.12258,1.11586,1.2561,-0.00372,
EURUSD,buy,2019-04-03T09:00:00+00:00,2019-04-03T14:00:00+00:00,1.12513,1.12215,1.12254,1.12929,1.2346,-0.00367,
EURUSD,sell,2019-04-04T20:00:00+00:00,2019-04-05T12:00:00+00:00,1.12165,1.12462,1.12423,1.11750,1.2213,-0.00362,
EURUSD,buy,2019-04-07T21:00:00+00:00,2019-04-08T10:00:00+00:00,1.12199,1.12423,1.11941,1.12614,0.9041,0.00203,
EURUSD,buy,2019-04-07T21:00:00+00:00,2019-04-08T11:00:00+00:00,1.12199,1.12371,1.12410,1.12614,0.3014,0.00052,
EURUSD,sell,2019-04-10T12:00:00+00:00,2019-04-11T00:00:00+00:00,1.12527,1.12825,1.12786,1.12111,1.2126,-0.00361,
EURUSD,buy,2019-04-10T22:00:00+00:00,2019-04-11T17:00:00+00:00,1.12797,1.12499,1.12537,1.13214,1.2104,-0.00361,
EURUSD,sell,2019-04-11T23:00:00+00:00,2019-04-12T00:00:00+00:00,1.12567,1.12865,1.12826,1.12151,1.1801,-0.00351,
EURUSD,sell,2019-04-14T01:00:00+00:00,2019-04-15T07:00:00+00:00,1.12942,1.13241,1.13202,1.12524,1.1606,-0.00347,
EURUSD,sell,2019-04-14T20:00:00+00:00,2019-04-15T07:00:00+00:00,1.12942,1.13241,1.13202,1.12524,1.1606,-0.00347,
EURUSD,buy,2019-04-12T08:00:00+00:00,2019-04-16T09:00:00+00:00,1.13087,1.12788,1.12827,1.13505,1.1598,-0.00347,
EURUSD,buy,2019-04-14T21:00:00+00:00,2019-04-16T22:00:00+00:00,1.13050,1.12751,1.12790,1.13468,1.1602,-0.00347,
EURUSD,buy,2019-04-14T17:00:00+00:00,2019-04-18T07:00:00+00:00,1.13010,1.12711,1.12750,1.13428,1.1606,-0.00347,
EURUSD,sell,2019-04-16T08:00:00+00:00,2019-04-18T07:00:00+00:00,1.13016,1.12790,1.13276,1.12598,0.8469,0.00192,
EURUSD,sell,2019-04-16T08:00:00+00:00,2019-04-18T07:00:00+00:00,1.13016,1.13055,1.13016,1.12598,0.2823,-0.00011,
EURUSD,buy,2019-04-17T16:00:00+00:00,2019-04-18T07:00:00+00:00,1.12996,1.12697,1.12736,1.13414,1.0994,-0.00328,
EURUSD,sell,2019-04-18T06:00:00+00:00,2019-04-18T07:00:00+00:00,1.12978,1.12752,1.13238,1.12560,0.8242,0.00186,
EURUSD,sell,2019-04-18T06:00:00+00:00,2019-04-18T07:00:00+00:00,1.12978,1.13017,1.12978,1.12560,0.2747,-0.00011,
EURUSD,buy,2019-04-20T08:00:00+00:00,2019-04-23T12:00:00+00:00,1.12442,1.12145,1.12183,1.12858,1.0906,-0.00324,
EURUSD,buy,2019-04-21T21:00:00+00:00,2019-04-23T12:00:00+00:00,1.12463,1.12165,1.12204,1.12879,1.0904,-0.00324,
EURUSD,sell,2019-04-20T20:00:00+00:00,2019-04-23T13:00:00+00:00,1.12374,1.12149,1.12633,1.11958,0.8180,0.00184,
EURUSD,sell,2019-04-20T20:00:00+00:00,2019-04-23T14:00:00+00:00,1.12374,1.12157,1.12118,1.11958,0.2727,0.00059,
EURUSD,sell,2019-04-23T15:00:00+00:00,2019-04-24T13:00:00+00:00,1.12087,1.11863,1.12345,1.11673,0.8065,0.00181,
EURUSD,sell,2019-04-23T15:00:00+00:00,2019-04-24T14:00:00+00:00,1.12087,1.12074,1.12035,1.11673,0.2688,0.00004,
EURUSD,sell,2019-04-27T22:00:00+00:00,2019-04-29T06:00:00+00:00,1.11396,1.11690,1.11652,1.10983,1.0903,-0.00321,
EURUSD,buy,2019-04-26T19:00:00+00:00,2019-04-29T16:00:00+00:00,1.11508,1.11731,1.11252,1.11921,0.8174,0.00182,
EURUSD,buy,2019-04-28T21:00:00+00:00,2019-04-29T16:00:00+00:00,1.11518,1.11741,1.11262,1.11931,0.8173,0.00182,
EURUSD,buy,2019-04-26T19:00:00+00:00,2019-04-29T17:00:00+00:00,1.11508,1.11740,1.11779,1.11921,0.2725,0.00063,
EURUSD,buy,2019-04-28T21:00:00+00:00,2019-04-29T17:00:00+00:00,1.11518,1.11740,1.11779,1.11931,0.2724,0.00060,
EURUSD,sell,2019-05-02T06:00:00+00:00,2019-05-02T07:00:00+00:00,1.11897,1.12194,1.12155,1.11483,1.0929,-0.00324,
EURUSD,buy,2019-05-04T03:00:00+00:00,2019-05-05T21:00:00+00:00,1.12041,1.11744,1.11783,1.12455,1.0777,-0.00319,
EURUSD,sell,2019-05-05T21:00:00+00:00,2019-05-06T11:00:00+00:00,1.11760,1.12056,1.12018,1.11347,1.0655,-0.00315,
EURUSD,buy,2019-05-07T02:00:00+00:00,2019-05-07T11:00:00+00:00,1.12086,1.11789,1.11828,1.12500,1.0489,-0.00311,
EURUSD,sell,2019-05-07T20:00:00+00:00,2019-05-08T15:00:00+00:00,1.11878,1.12174,1.12136,1.11464,1.0364,-0.00307,
EURUSD,buy,2019-05-08T13:00:00+00:00,2019-05-09T08:00:00+00:00,1.12023,1.11726,1.11765,1.12437,1.0357,-0.00307,
EURUSD,sell,2019-05-09T08:00:00+00:00,2019-05-09T13:00:00+00:00,1.11852,1.12148,1.12110,1.11438,1.0092,-0.00299,
EURUSD,buy,2019-05-09T13:00:00+00:00,2019-05-09T16:00:00+00:00,1.12386,1.12089,1.12127,1.12801,0.9917,-0.00295,
EURUSD,sell,2019-05-12T02:00:00+00:00,2019-05-13T12:00:00+00:00,1.12295,1.12592,1.12554,1.11880,0.9788,-0.00291,
EURUSD,buy,2019-05-12T18:00:00+00:00,2019-05-13T12:00:00+00:00,1.12363,1.12587,1.12104,1.12778,0.7341,0.00165,
EURUSD,buy,2019-05-12T18:00:00+00:00,2019-05-13T12:00:00+00:00,1.12363,1.12324,1.12363,1.12778,0.2447,-0.00009,
EURUSD,sell,2019-05-13T05:00:00+00:00,2019-05-13T12:00:00+00:00,1.12266,1.12563,1.12525,1.11851,0.9791,-0.00291,
EURUSD,buy,2019-05-13T12:00:00+00:00,2019-05-13T15:00:00+00:00,1.12607,1.12309,1.12348,1.13023,0.9578,-0.00285,
EURUSD,sell,2019-05-14T09:00:00+00:00,2019-05-14T12:00:00+00:00,1.12333,1.12108,1.12592,1.11918,0.7101,0.00160,
EURUSD,sell,2019-05-14T09:00:00+00:00,2019-05-14T13:00:00+00:00,1.12333,1.12237,1.12198,1.11918,0.2367,0.00023,
EURUSD,buy,2019-05-16T11:00:00+00:00,2019-05-16T14:00:00+00:00,1.12077,1.11780,1.11819,1.12491,0.9577,-0.00284,
EURUSD,sell,2019-05-16T14:00:00+00:00,2019-05-21T06:00:00+00:00,1.11745,1.11522,1.12003,1.11332,0.7105,0.00159,
EURUSD,sell,2019-05-16T14:00:00+00:00,2019-05-21T07:00:00+00:00,1.11745,1.11580,1.11542,1.11332,0.2368,0.00039,
EURUSD,sell,2019-05-21T13:00:00+00:00,2019-05-21T14:00:00+00:00,1.11468,1.11763,1.11724,1.11055,0.9585,-0.00283,
EURUSD,buy,2019-05-22T09:00:00+00:00,2019-05-23T06:00:00+00:00,1.11710,1.11414,1.11453,1.12123,0.9444,-0.00279,
EURUSD,sell,2019-05-22T10:00:00+00:00,2019-05-23T06:00:00+00:00,1.11655,1.11432,1.11912,1.11242,0.7082,0.00158,
EURUSD,buy,2019-05-22T13:00:00+00:00,2019-05-23T06:00:00+00:00,1.11660,1.11365,1.11404,1.12074,0.9448,-0.00279,
EURUSD,buy,2019-05-19T21:00:00+00:00,2019-05-23T07:00:00+00:00,1.11642,1.11347,1.11386,1.12055,0.9487,-0.00280,
EURUSD,sell,2019-05-22T10:00:00+00:00,2019-05-23T07:00:00+00:00,1.11655,1.11518,1.11480,1.11242,0.2361,0.00032,
EURUSD,buy,2019-05-22T17:00:00+00:00,2019-05-23T07:00:00+00:00,1.11646,1.11351,1.11390,1.12059,0.9449,-0.00279,
EURUSD,sell,2019-05-22T15:00:00+00:00,2019-05-23T13:00:00+00:00,1.11532,1.11308,1.11788,1.11119,0.7090,0.00158,
EURUSD,sell,2019-05-22T15:00:00+00:00,2019-05-23T13:00:00+00:00,1.11532,1.11152,1.11532,1.11119,0.2363,0.00090,
EURUSD,sell,2019-05-22T19:00:00+00:00,2019-05-23T13:00:00+00:00,1.11500,1.11276,1.11756,1.11087,0.7092,0.00158,
EURUSD,sell,2019-05-22T19:00:00+00:00,2019-05-23T13:00:00+00:00,1.11500,1.11120,1.11500,1.11087,0.2364,0.00090,
EURUSD,buy,2019-05-23T03:00:00+00:00,2019-05-23T13:00:00+00:00,1.11535,1.11241,1.11279,1.11948,0.9458,-0.00279,
EURUSD,sell,2019-05-23T04:00:00+00:00,2019-05-23T13:00:00+00:00,1.11457,1.11233,1.11713,1.11044,0.7095,0.00158,
EURUSD,sell,2019-05-23T04:00:00+00:00,2019-05-23T14:00:00+00:00,1.11457,1.11407,1.11369,1.11044,0.2365,0.00012,
EURUSD,buy,2019-05-23T23:00:00+00:00,2019-05-27T02:00:00+00:00,1.11875,1.12098,1.11617,1.12288,0.6891,0.00154,
EURUSD,buy,2019-05-23T23:00:00+00:00,2019-05-27T03:00:00+00:00,1.11875,1.12065,1.12104,1.12288,0.2297,0.00044,
EURUSD,buy,2019-05-26T21:00:00+00:00,2019-05-27T13:00:00+00:00,1.12133,1.11836,1.11875,1.12547,0.9168,-0.00272,
EURUSD,sell,2019-05-26T14:00:00+00:00,2019-05-28T14:00:00+00:00,1.12009,1.11785,1.12267,1.11595,0.6879,0.00154,
EURUSD,sell,2019-05-26T14:00:00+00:00,2019-05-28T15:00:00+00:00,1.12009,1.11855,1.11816,1.11595,0.2293,0.00036,
EURUSD,sell,2019-05-27T11:00:00+00:00,2019-05-28T16:00:00+00:00,1.11923,1.11699,1.12181,1.11509,0.6951,0.00156,
EURUSD,sell,2019-05-27T11:00:00+00:00,2019-05-28T17:00:00+00:00,1.11923,1.11752,1.11713,1.11509,0.2317,0.00040,
EURUSD,buy,2019-05-31T12:00:00+00:00,2019-06-03T01:00:00+00:00,1.11594,1.11818,1.11338,1.12007,0.7013,0.00156,
EURUSD,buy,2019-05-31T12:00:00+00:00,2019-06-03T02:00:00+00:00,1.11594,1.11786,1.11825,1.12007,0.2338,0.00045,
EURUSD,sell,2019-06-02T17:00:00+00:00,2019-06-03T12:00:00+00:00,1.11644,1.11940,1.11901,1.11231,0.9342,-0.00276,
EURUSD,buy,2019-06-02T21:00:00+00:00,2019-06-03T12:00:00+00:00,1.11713,1.11936,1.11456,1.12126,0.7006,0.00156,
EURUSD,buy,2019-06-02T21:00:00+00:00,2019-06-03T13:00:00+00:00,1.11713,1.11810,1.11849,1.12126,0.2335,0.00023,
EURUSD,sell,2019-06-05T23:00:00+00:00,2019-06-06T11:00:00+00:00,1.12252,1.12549,1.12511,1.11837,0.9338,-0.00277,
EURUSD,buy,2019-06-06T20:00:00+00:00,2019-06-07T10:00:00+00:00,1.12787,1.12489,1.12527,1.13204,0.9176,-0.00274,
EURUSD,buy,2019-06-09T20:00:00+00:00,2019-06-10T03:00:00+00:00,1.13368,1.13068,1.13107,1.13787,0.9008,-0.00270,
EURUSD,sell,2019-06-09T14:00:00+00:00,2019-06-10T05:00:00+00:00,1.13300,1.13073,1.13561,1.12881,0.6756,0.00153,
EURUSD,sell,2019-06-09T14:00:00+00:00,2019-06-10T06:00:00+00:00,1.13300,1.13127,1.13088,1.12881,0.2252,0.00039,
EURUSD,sell,2019-06-09T21:00:00+00:00,2019-06-10T07:00:00+00:00,1.13239,1.13012,1.13500,1.12820,0.6760,0.00153,
EURUSD,sell,2019-06-09T21:00:00+00:00,2019-06-10T08:00:00+00:00,1.13239,1.13055,1.13016,1.12820,0.2253,0.00041,
EURUSD,buy,2019-06-11T16:00:00+00:00,2019-06-12T16:00:00+00:00,1.13326,1.13026,1.13065,1.13745,0.9063,-0.00271,
EURUSD,sell,2019-06-12T20:00:00+00:00,2019-06-14T11:00:00+00:00,1.12837,1.12611,1.13097,1.12420,0.6733,0.00152,
EURUSD,sell,2019-06-12T20:00:00+00:00,2019-06-14T12:00:00+00:00,1.12837,1.12694,1.12655,1.12420,0.2244,0.00032,
EURUSD,buy,2019-06-16T21:00:00+00:00,2019-06-17T12:00:00+00:00,1.12140,1.12364,1.11882,1.12554,0.6840,0.00153,
EURUSD,buy,2019-06-16T21:00:00+00:00,2019-06-17T13:00:00+00:00,1.12140,1.12309,1.12348,1.12554,0.2280,0.00039,
EURUSD,sell,2019-06-18T14:00:00+00:00,2019-06-18T15:00:00+00:00,1.11827,1.12123,1.12085,1.11414,0.9226,-0.00273,
EURUSD,buy,2019-06-19T21:00:00+00:00,2019-06-20T01:00:00+00:00,1.12324,1.12548,1.12065,1.12739,0.6802,0.00153,
EURUSD,buy,2019-06-19T21:00:00+00:00,2019-06-20T02:00:00+00:00,1.12324,1.12531,1.12570,1.12739,0.2267,0.00047,
EURUSD,sell,2019-06-23T19:00:00+00:00,2019-06-24T08:00:00+00:00,1.13645,1.13946,1.13906,1.13224,0.9046,-0.00272,
EURUSD,buy,2019-06-23T21:00:00+00:00,2019-06-24T18:00:00+00:00,1.13766,1.13993,1.13505,1.14187,0.6781,0.00154,
EURUSD,buy,2019-06-23T21:00:00+00:00,2019-06-24T19:00:00+00:00,1.13766,1.13902,1.13941,1.14187,0.2260,0.00031,
EURUSD,sell,2019-06-25T21:00:00+00:00,2019-06-26T15:00:00+00:00,1.13651,1.13952,1.13912,1.13230,0.9007,-0.00271,
EURUSD,sell,2019-06-27T12:00:00+00:00,2019-06-28T07:00:00+00:00,1.13629,1.13929,1.13890,1.13208,0.8890,-0.00267,
EURUSD,buy,2019-06-27T09:00:00+00:00,2019-06-28T16:00:00+00:00,1.13786,1.13485,1.13524,1.14207,0.8883,-0.00267,
EURUSD,buy,2019-06-27T15:00:00+00:00,2019-07-01T01:00:00+00:00,1.13745,1.13445,1.13484,1.14166,0.8886,-0.00267,
EURUSD,sell,2019-06-29T08:00:00+00:00,2019-07-01T05:00:00+00:00,1.13647,1.13419,1.13908,1.13226,0.6490,0.00148,
EURUSD,sell,2019-06-29T08:00:00+00:00,2019-07-01T05:00:00+00:00,1.13647,1.13260,1.13647,1.13226,0.2163,0.00084,
EURUSD,buy,2019-07-07T13:00:00+00:00,2019-07-09T08:00:00+00:00,1.12269,1.11972,1.12011,1.12684,0.8749,-0.00260,
EURUSD,buy,2019-07-07T21:00:00+00:00,2019-07-09T08:00:00+00:00,1.12307,1.12010,1.12048,1.12722,0.8746,-0.00260,
EURUSD,sell,2019-07-07T19:00:00+00:00,2019-07-09T09:00:00+00:00,1.12201,1.11977,1.12459,1.11786,0.6562,0.00147,
EURUSD,sell,2019-07-07T19:00:00+00:00,2019-07-09T10:00:00+00:00,1.12201,1.12087,1.12048,1.11786,0.2187,0.00025,
EURUSD,sell,2019-07-08T17:00:00+00:00,2019-07-10T12:00:00+00:00,1.12117,1.12414,1.12375,1.11702,0.8756,-0.00260,
EURUSD,buy,2019-07-10T12:00:00+00:00,2019-07-11T03:00:00+00:00,1.12535,1.12760,1.12276,1.12951,0.6344,0.00143,
EURUSD,buy,2019-07-10T12:00:00+00:00,2019-07-11T04:00:00+00:00,1.12535,1.12706,1.12745,1.12951,0.2115,0.00036,
EURUSD,sell,2019-07-12T12:00:00+00:00,2019-07-12T16:00:00+00:00,1.12418,1.12716,1.12677,1.12002,0.8542,-0.00254,
EURUSD,buy,2019-07-12T19:00:00+00:00,2019-07-16T07:00:00+00:00,1.12743,1.12445,1.12484,1.13160,0.8410,-0.00251,
EURUSD,buy,2019-07-13T05:00:00+00:00,2019-07-16T07:00:00+00:00,1.12732,1.12434,1.12473,1.13149,0.8411,-0.00251,
EURUSD,buy,2019-07-14T22:00:00+00:00,2019-07-16T07:00:00+00:00,1.12751,1.12453,1.12492,1.13168,0.8409,-0.00251,
EURUSD,sell,2019-07-12T23:00:00+00:00,2019-07-16T08:00:00+00:00,1.12664,1.12439,1.12923,1.12247,0.6308,0.00142,
EURUSD,sell,2019-07-14T18:00:00+00:00,2019-07-16T08:00:00+00:00,1.12664,1.12439,1.12923,1.12247,0.6308,0.00142,
EURUSD,sell,2019-07-12T23:00:00+00:00,2019-07-16T09:00:00+00:00,1.12664,1.12495,1.12456,1.12247,0.2103,0.00036,
EURUSD,sell,2019-07-14T18:00:00+00:00,2019-07-16T09:00:00+00:00,1.12664,1.12495,1.12456,1.12247,0.2103,0.00036,
EURUSD,sell,2019-07-15T17:00:00+00:00,2019-07-16T10:00:00+00:00,1.12533,1.12308,1.12792,1.12117,0.6315,0.00142,
EURUSD,sell,2019-07-15T17:00:00+00:00,2019-07-16T11:00:00+00:00,1.12533,1.12299,1.12260,1.12117,0.2105,0.00049,
EURUSD,buy,2019-07-18T03:00:00+00:00,2019-07-18T10:00:00+00:00,1.12426,1.12129,1.12167,1.12842,0.8343,-0.00248,
EURUSD,buy,2019-07-21T19:00:00+00:00,2019-07-23T01:00:00+00:00,1.12226,1.11929,1.11968,1.12641,0.8247,-0.00245,
EURUSD,sell,2019-07-19T21:00:00+00:00,2019-07-23T04:00:00+00:00,1.12158,1.11934,1.12416,1.11743,0.6185,0.00139,
EURUSD,sell,2019-07-19T21:00:00+00:00,2019-07-23T05:00:00+00:00,1.12158,1.11982,1.11943,1.11743,0.2062,0.00036,
EURUSD,sell,2019-07-21T21:00:00+00:00,2019-07-23T06:00:00+00:00,1.12142,1.11918,1.12400,1.11727,0.6186,0.00139,
EURUSD,sell,2019-07-21T21:00:00+00:00,2019-07-23T07:00:00+00:00,1.12142,1.11958,1.11919,1.11727,0.2062,0.00038,
EURUSD,buy,2019-07-26T00:00:00+00:00,2019-07-26T14:00:00+00:00,1.11497,1.11203,1.11241,1.11910,0.8349,-0.00246,
EURUSD,sell,2019-07-26T15:00:00+00:00,2019-07-29T15:00:00+00:00,1.11176,1.11470,1.11431,1.10764,0.8258,-0.00243,
EURUSD,sell,2019-07-28T19:00:00+00:00,2019-07-29T18:00:00+00:00,1.11214,1.11508,1.11469,1.10802,0.8255,-0.00243,
EURUSD,buy,2019-07-28T15:00:00+00:00,2019-07-30T12:00:00+00:00,1.11280,1.11503,1.11025,1.11692,0.6191,0.00138,
EURUSD,buy,2019-07-28T20:00:00+00:00,2019-07-30T12:00:00+00:00,1.11280,1.11503,1.11025,1.11692,0.6191,0.00138,
EURUSD,buy,2019-07-28T15:00:00+00:00,2019-07-30T13:00:00+00:00,1.11280,1.11397,1.11435,1.11692,0.2064,0.00024,
EURUSD,buy,2019-07-28T20:00:00+00:00,2019-07-30T13:00:00+00:00,1.11280,1.11397,1.11435,1.11692,0.2064,0.00024,
EURUSD,sell,2019-07-31T18:00:00+00:00,2019-08-01T00:00:00+00:00,1.10816,1.10594,1.11071,1.10406,0.6158,0.00137,
EURUSD,sell,2019-07-31T18:00:00+00:00,2019-08-01T00:00:00+00:00,1.10816,1.10439,1.10816,1.10406,0.2053,0.00077,
EURUSD,buy,2019-08-02T09:00:00+00:00,2019-08-05T00:00:00+00:00,1.11006,1.11228,1.10751,1.11417,0.6224,0.00138,
EURUSD,sell,2019-08-04T14:00:00+00:00,2019-08-05T00:00:00+00:00,1.11024,1.11317,1.11279,1.10613,0.8292,-0.00244,
EURUSD,buy,2019-08-02T09:00:00+00:00,2019-08-05T01:00:00+00:00,1.11006,1.11152,1.11190,1.11417,0.2075,0.00030,
EURUSD,buy,2019-08-04T21:00:00+00:00,2019-08-05T08:00:00+00:00,1.11107,1.11329,1.10852,1.11518,0.6218,0.00138,
EURUSD,buy,2019-08-04T21:00:00+00:00,2019-08-05T09:00:00+00:00,1.11107,1.11378,1.11416,1.11518,0.2073,0.00056,
EURUSD,sell,2019-08-07T11:00:00+00:00,2019-08-07T13:00:00+00:00,1.11947,1.12244,1.12205,1.11533,0.8277,-0.00245,
EURUSD,buy,2019-08-07T13:00:00+00:00,2019-08-07T14:00:00+00:00,1.12377,1.12080,1.12118,1.12792,0.8141,-0.00242,
EURUSD,sell,2019-08-08T18:00:00+00:00,2019-08-09T15:00:00+00:00,1.11822,1.12118,1.12080,1.11409,0.8068,-0.00239,
EURUSD,buy,2019-08-10T01:00:00+00:00,2019-08-12T07:00:00+00:00,1.12003,1.11707,1.11745,1.12417,0.7954,-0.00235,
EURUSD,sell,2019-08-10T15:00:00+00:00,2019-08-12T07:00:00+00:00,1.11935,1.11711,1.12193,1.11521,0.5965,0.00134,
EURUSD,sell,2019-08-10T15:00:00+00:00,2019-08-12T07:00:00+00:00,1.11935,1.11974,1.11935,1.11521,0.1988,-0.00008,
EURUSD,buy,2019-08-10T18:00:00+00:00,2019-08-12T07:00:00+00:00,1.12003,1.11707,1.11745,1.12417,0.7954,-0.00235,
EURUSD,sell,2019-08-10T20:00:00+00:00,2019-08-12T07:00:00+00:00,1.11935,1.11711,1.12193,1.11521,0.5965,0.00134,
EURUSD,sell,2019-08-10T20:00:00+00:00,2019-08-12T07:00:00+00:00,1.11935,1.11974,1.11935,1.11521,0.1988,-0.00008,
EURUSD,buy,2019-08-11T21:00:00+00:00,2019-08-12T07:00:00+00:00,1.12048,1.11751,1.11790,1.12462,0.7950,-0.00235,
EURUSD,sell,2019-08-13T15:00:00+00:00,2019-08-14T14:00:00+00:00,1.11795,1.11572,1.12053,1.11382,0.5820,0.00130,
EURUSD,sell,2019-08-13T15:00:00+00:00,2019-08-14T14:00:00+00:00,1.11795,1.11415,1.11795,1.11382,0.1940,0.00074,
EURUSD,sell,2019-08-18T13:00:00+00:00,2019-08-19T10:00:00+00:00,1.10866,1.11159,1.11121,1.10455,0.7917,-0.00232,
EURUSD,buy,2019-08-18T06:00:00+00:00,2019-08-20T13:00:00+00:00,1.10932,1.10639,1.10677,1.11343,0.7917,-0.00232,
EURUSD,buy,2019-08-18T21:00:00+00:00,2019-08-20T13:00:00+00:00,1.10957,1.10664,1.10702,1.11368,0.7916,-0.00232,
EURUSD,buy,2019-08-21T02:00:00+00:00,2019-08-22T06:00:00+00:00,1.11021,1.10728,1.10766,1.11432,0.7597,-0.00223,
EURUSD,sell,2019-08-22T06:00:00+00:00,2019-08-22T07:00:00+00:00,1.10783,1.11076,1.11038,1.10373,0.7508,-0.00220,
EURUSD,sell,2019-08-20T03:00:00+00:00,2019-08-22T08:00:00+00:00,1.10837,1.11130,1.11092,1.10427,0.7815,-0.00229,
EURUSD,sell,2019-08-25T15:00:00+00:00,2019-08-25T22:00:00+00:00,1.11327,1.11621,1.11583,1.10915,0.7270,-0.00214,
EURUSD,buy,2019-08-23T19:00:00+00:00,2019-08-26T07:00:00+00:00,1.11448,1.11154,1.11192,1.11861,0.7266,-0.00214,
EURUSD,buy,2019-08-25T21:00:00+00:00,2019-08-26T07:00:00+00:00,1.11516,1.11222,1.11260,1.11929,0.7262,-0.00214,
EURUSD,sell,2019-08-26T11:00:00+00:00,2019-08-27T15:00:00+00:00,1.11128,1.10905,1.11383,1.10716,0.5245,0.00117,
EURUSD,sell,2019-08-26T11:00:00+00:00,2019-08-27T16:00:00+00:00,1.11128,1.11009,1.10971,1.10716,0.1748,0.00021,
EURUSD,buy,2019-09-01T16:00:00+00:00,2019-09-02T09:00:00+00:00,1.09913,1.09622,1.09660,1.10320,0.7138,-0.00207,
EURUSD,sell,2019-09-01T20:00:00+00:00,2019-09-02T09:00:00+00:00,1.09847,1.09627,1.10100,1.09440,0.5354,0.00118,
EURUSD,buy,2019-09-01T22:00:00+00:00,2019-09-02T09:00:00+00:00,1.09952,1.09661,1.09699,1.10359,0.7135,-0.00207,
EURUSD,sell,2019-09-01T20:00:00+00:00,2019-09-02T10:00:00+00:00,1.09847,1.09730,1.09692,1.09440,0.1785,0.00021,
EURUSD,sell,2019-09-02T07:00:00+00:00,2019-09-03T00:00:00+00:00,1.09788,1.09568,1.10041,1.09382,0.5356,0.00118,
EURUSD,sell,2019-09-02T07:00:00+00:00,2019-09-03T01:00:00+00:00,1.09788,1.09575,1.09537,1.09382,0.1785,0.00038,
EURUSD,buy,2019-09-04T04:00:00+00:00,2019-09-04T08:00:00+00:00,1.09779,1.09998,1.09527,1.10185,0.5319,0.00117,
EURUSD,buy,2019-09-04T04:00:00+00:00,2019-09-04T09:00:00+00:00,1.09779,1.09998,1.10036,1.10185,0.1773,0.00039,
EURUSD,buy,2019-09-08T21:00:00+00:00,2019-09-09T12:00:00+00:00,1.10298,1.10519,1.10044,1.10706,0.5347,0.00118,
EURUSD,buy,2019-09-08T21:00:00+00:00,2019-09-09T12:00:00+00:00,1.10298,1.10260,1.10298,1.10706,0.1782,-0.00007,
EURUSD,sell,2019-09-08T23:00:00+00:00,2019-09-09T12:00:00+00:00,1.10168,1.10460,1.10421,1.09760,0.7133,-0.00208,
EURUSD,buy,2019-09-09T07:00:00+00:00,2019-09-09T14:00:00+00:00,1.10345,1.10566,1.10091,1.10753,0.5344,0.00118,
EURUSD,sell,2019-09-06T15:00:00+00:00,2019-09-09T15:00:00+00:00,1.10389,1.10681,1.10643,1.09980,0.7119,-0.00208,
EURUSD,buy,2019-09-09T07:00:00+00:00,2019-09-09T15:00:00+00:00,1.10345,1.10510,1.10548,1.10753,0.1781,0.00029,
EURUSD,sell,2019-09-11T08:00:00+00:00,2019-09-11T11:00:00+00:00,1.10222,1.10001,1.10476,1.09814,0.5294,0.00117,
EURUSD,sell,2019-09-11T08:00:00+00:00,2019-09-11T12:00:00+00:00,1.10222,1.10107,1.10069,1.09814,0.1765,0.00020,
EURUSD,buy,2019-09-12T20:00:00+00:00,2019-09-13T06:00:00+00:00,1.10676,1.10897,1.10422,1.11086,0.5321,0.00118,
EURUSD,buy,2019-09-12T20:00:00+00:00,2019-09-13T07:00:00+00:00,1.10676,1.10878,1.10916,1.11086,0.1774,0.00036,
EURUSD,sell,2019-09-14T14:00:00+00:00,2019-09-16T10:00:00+00:00,1.10674,1.10452,1.10928,1.10264,0.5370,0.00119,
EURUSD,buy,2019-09-15T21:00:00+00:00,2019-09-16T10:00:00+00:00,1.10754,1.10461,1.10500,1.11164,0.7160,-0.00210,
EURUSD,sell,2019-09-14T14:00:00+00:00,2019-09-16T11:00:00+00:00,1.10674,1.10469,1.10431,1.10264,0.1790,0.00037,
EURUSD,sell,2019-09-16T10:00:00+00:00,2019-09-16T14:00:00+00:00,1.10351,1.10130,1.10605,1.09942,0.5355,0.00118,
EURUSD,sell,2019-09-16T10:00:00+00:00,2019-09-16T14:00:00+00:00,1.10351,1.09975,1.10351,1.09942,0.1785,0.00067,
EURUSD,buy,2019-09-17T22:00:00+00:00,2019-09-18T08:00:00+00:00,1.10743,1.10450,1.10489,1.11153,0.7220,-0.00211,
EURUSD,sell,2019-09-19T02:00:00+00:00,2019-09-19T08:00:00+00:00,1.10294,1.10586,1.10548,1.09886,0.7149,-0.00209,
EURUSD,buy,2019-09-19T23:00:00+00:00,2019-09-20T12:00:00+00:00,1.10479,1.10187,1.10225,1.10888,0.7047,-0.00206,
EURUSD,sell,2019-09-20T13:00:00+00:00,2019-09-23T07:00:00+00:00,1.10164,1.09943,1.10417,1.09756,0.5227,0.00115,
EURUSD,sell,2019-09-20T13:00:00+00:00,2019-09-23T07:00:00+00:00,1.10164,1.10202,1.10164,1.09756,0.1742,-0.00007,
EURUSD,buy,2019-09-22T12:00:00+00:00,2019-09-23T07:00:00+00:00,1.10202,1.09911,1.09949,1.10610,0.6971,-0.00203,
EURUSD,sell,2019-09-22T18:00:00+00:00,2019-09-23T07:00:00+00:00,1.10136,1.09916,1.10389,1.09728,0.5228,0.00115,
EURUSD,sell,2019-09-22T18:00:00+00:00,2019-09-23T07:00:00+00:00,1.10136,1.10174,1.10136,1.09728,0.1743,-0.00007,
EURUSD,sell,2019-09-22T20:00:00+00:00,2019-09-23T07:00:00+00:00,1.10136,1.09916,1.10389,1.09728,0.5228,0.00115,
EURUSD,sell,2019-09-22T20:00:00+00:00,2019-09-23T07:00:00+00:00,1.10136,1.10174,1.10136,1.09728,0.1743,-0.00007,
EURUSD,buy,2019-09-22T22:00:00+00:00,2019-09-23T07:00:00+00:00,1.10209,1.09918,1.09956,1.10617,0.6971,-0.00203,
EURUSD,sell,2019-09-23T07:00:00+00:00,2019-09-23T12:00:00+00:00,1.09660,1.09950,1.09912,1.09254,0.6965,-0.00202,
EURUSD,buy,2019-09-24T21:00:00+00:00,2019-09-25T04:00:00+00:00,1.10221,1.09930,1.09968,1.10629,0.6842,-0.00199,
EURUSD,sell,2019-09-25T16:00:00+00:00,2019-09-26T03:00:00+00:00,1.09398,1.09688,1.09650,1.08993,0.6798,-0.00197,
EURUSD,buy,2019-09-29T21:00:00+00:00,2019-09-30T10:00:00+00:00,1.09450,1.09160,1.09198,1.09855,0.6709,-0.00194,
EURUSD,buy,2019-09-28T02:00:00+00:00,2019-09-30T11:00:00+00:00,1.09400,1.09111,1.09148,1.09804,0.6712,-0.00194,
EURUSD,sell,2019-09-29T09:00:00+00:00,2019-09-30T11:00:00+00:00,1.09334,1.09115,1.09586,1.08930,0.5034,0.00110,
EURUSD,sell,2019-09-29T09:00:00+00:00,2019-09-30T12:00:00+00:00,1.09334,1.09146,1.09108,1.08930,0.1678,0.00032,
EURUSD,sell,2019-09-30T09:00:00+00:00,2019-09-30T12:00:00+00:00,1.09178,1.08960,1.09429,1.08774,0.5041,0.00110,
EURUSD,sell,2019-09-30T09:00:00+00:00,2019-09-30T13:00:00+00:00,1.09178,1.09089,1.09051,1.08774,0.1680,0.00015,
EURUSD,buy,2019-10-02T00:00:00+00:00,2019-10-02T07:00:00+00:00,1.09423,1.09133,1.09171,1.09828,0.6655,-0.00193,
EURUSD,sell,2019-10-05T15:00:00+00:00,2019-10-07T12:00:00+00:00,1.09727,1.10018,1.09980,1.09321,0.6545,-0.00190,
EURUSD,sell,2019-10-05T22:00:00+00:00,2019-10-07T12:00:00+00:00,1.09727,1.10018,1.09980,1.09321,0.6545,-0.00190,
EURUSD,sell,2019-10-06T06:00:00+00:00,2019-10-07T12:00:00+00:00,1.09727,1.10018,1.09980,1.09321,0.6545,-0.00190,
EURUSD,buy,2019-10-05T17:00:00+00:00,2019-10-08T14:00:00+00:00,1.09793,1.09503,1.09540,1.10199,0.6545,-0.00190,
EURUSD,buy,2019-10-06T04:00:00+00:00,2019-10-08T14:00:00+00:00,1.09793,1.09503,1.09540,1.10199,0.6545,-0.00190,
EURUSD,buy,2019-10-06T21:00:00+00:00,2019-10-08T14:00:00+00:00,1.09808,1.09518,1.09555,1.10214,0.6544,-0.00190,
EURUSD,buy,2019-10-08T03:00:00+00:00,2019-10-08T14:00:00+00:00,1.09784,1.09494,1.09531,1.10190,0.6285,-0.00182,
EURUSD,sell,2019-10-08T08:00:00+00:00,2019-10-08T14:00:00+00:00,1.09872,1.09652,1.10125,1.09465,0.4707,0.00104,
EURUSD,sell,2019-10-08T02:00:00+00:00,2019-10-08T15:00:00+00:00,1.09726,1.09506,1.09979,1.09320,0.4714,0.00104,
EURUSD,sell,2019-10-08T08:00:00+00:00,2019-10-08T15:00:00+00:00,1.09872,1.09622,1.09584,1.09465,0.1569,0.00039,
EURUSD,sell,2019-10-08T02:00:00+00:00,2019-10-08T16:00:00+00:00,1.09726,1.09610,1.09572,1.09320,0.1571,0.00018,
EURUSD,buy,2019-10-09T18:00:00+00:00,2019-10-10T06:00:00+00:00,1.09770,1.09989,1.09518,1.10176,0.4548,0.00100,
EURUSD,buy,2019-10-09T18:00:00+00:00,2019-10-10T07:00:00+00:00,1.09770,1.10006,1.10044,1.10176,0.1516,0.00036,
EURUSD,buy,2019-10-13T21:00:00+00:00,2019-10-14T06:00:00+00:00,1.10395,1.10103,1.10141,1.10803,0.6091,-0.00178,
EURUSD,sell,2019-10-13T05:00:00+00:00,2019-10-15T11:00:00+00:00,1.10296,1.10075,1.10550,1.09888,0.4570,0.00101,
EURUSD,sell,2019-10-13T05:00:00+00:00,2019-10-15T12:00:00+00:00,1.10296,1.10133,1.10095,1.09888,0.1523,0.00025,
EURUSD,sell,2019-10-13T23:00:00+00:00,2019-10-15T12:00:00+00:00,1.10249,1.10028,1.10503,1.09841,0.4572,0.00101,
EURUSD,sell,2019-10-13T23:00:00+00:00,2019-10-15T13:00:00+00:00,1.10249,1.10133,1.10095,1.09841,0.1524,0.00018,
EURUSD,buy,2019-10-16T06:00:00+00:00,2019-10-16T09:00:00+00:00,1.10496,1.10204,1.10242,1.10905,0.6116,-0.00179,
EURUSD,sell,2019-10-20T21:00:00+00:00,2019-10-21T08:00:00+00:00,1.11532,1.11827,1.11788,1.11119,0.5975,-0.00176,
EURUSD,buy,2019-10-24T07:00:00+00:00,2019-10-24T08:00:00+00:00,1.11502,1.11208,1.11246,1.11915,0.5901,-0.00174,
EURUSD,sell,2019-10-24T20:00:00+00:00,2019-10-25T16:00:00+00:00,1.11004,1.10782,1.11259,1.10593,0.4384,0.00097,
EURUSD,sell,2019-10-24T20:00:00+00:00,2019-10-25T17:00:00+00:00,1.11004,1.10835,1.10797,1.10593,0.1461,0.00025,
EURUSD,sell,2019-10-27T19:00:00+00:00,2019-10-28T11:00:00+00:00,1.10757,1.11050,1.11012,1.10347,0.5914,-0.00173,
EURUSD,buy,2019-10-27T16:00:00+00:00,2019-10-29T14:00:00+00:00,1.10823,1.11045,1.10568,1.11233,0.4435,0.00098,
EURUSD,buy,2019-10-27T21:00:00+00:00,2019-10-29T14:00:00+00:00,1.10825,1.11047,1.10570,1.11235,0.4435,0.00098,
EURUSD,buy,2019-10-27T16:00:00+00:00,2019-10-29T15:00:00+00:00,1.10823,1.11025,1.11063,1.11233,0.1478,0.00030,
EURUSD,buy,2019-10-27T21:00:00+00:00,2019-10-29T15:00:00+00:00,1.10825,1.11025,1.11063,1.11235,0.1478,0.00029,
EURUSD,buy,2019-11-03T22:00:00+00:00,2019-11-04T16:00:00+00:00,1.11682,1.11387,1.11426,1.12096,0.5905,-0.00174,
EURUSD,buy,2019-11-04T01:00:00+00:00,2019-11-04T16:00:00+00:00,1.11705,1.11409,1.11448,1.12118,0.5904,-0.00174,
EURUSD,sell,2019-11-03T15:00:00+00:00,2019-11-04T18:00:00+00:00,1.11608,1.11384,1.11864,1.11194,0.4429,0.00099,
EURUSD,sell,2019-11-04T00:00:00+00:00,2019-11-04T18:00:00+00:00,1.11569,1.11345,1.11825,1.11156,0.4431,0.00099,
EURUSD,sell,2019-11-03T15:00:00+00:00,2019-11-04T19:00:00+00:00,1.11608,1.11390,1.11352,1.11194,0.1476,0.00032,
EURUSD,sell,2019-11-04T00:00:00+00:00,2019-11-04T19:00:00+00:00,1.11569,1.11390,1.11352,1.11156,0.1477,0.00026,
EURUSD,sell,2019-11-04T15:00:00+00:00,2019-11-04T19:00:00+00:00,1.11514,1.11290,1.11770,1.11101,0.4433,0.00099,
EURUSD,sell,2019-11-04T15:00:00+00:00,2019-11-04T20:00:00+00:00,1.11514,1.11329,1.11291,1.11101,0.1478,0.00027,
EURUSD,buy,2019-11-10T22:00:00+00:00,2019-11-13T17:00:00+00:00,1.10235,1.09944,1.09982,1.10643,0.5998,-0.00175,
EURUSD,sell,2019-11-12T17:00:00+00:00,2019-11-15T11:00:00+00:00,1.10073,1.10364,1.10326,1.09666,0.6003,-0.00175,
EURUSD,buy,2019-11-15T00:00:00+00:00,2019-11-15T15:00:00+00:00,1.10285,1.10505,1.10031,1.10693,0.4437,0.00098,
EURUSD,buy,2019-11-15T00:00:00+00:00,2019-11-15T16:00:00+00:00,1.10285,1.10427,1.10465,1.10693,0.1479,0.00021,
EURUSD,sell,2019-11-17T14:00:00+00:00,2019-11-18T15:00:00+00:00,1.10461,1.10753,1.10715,1.10052,0.5878,-0.00172,
EURUSD,buy,2019-11-17T22:00:00+00:00,2019-11-18T15:00:00+00:00,1.10550,1.10771,1.10296,1.10959,0.4407,0.00097,
EURUSD,buy,2019-11-17T22:00:00+00:00,2019-11-18T16:00:00+00:00,1.10550,1.10750,1.10788,1.10959,0.1469,0.00029,
EURUSD,sell,2019-11-20T12:00:00+00:00,2019-11-20T14:00:00+00:00,1.10533,1.10825,1.10787,1.10124,0.5853,-0.00171,
EURUSD,buy,2019-11-21T08:00:00+00:00,2019-11-21T15:00:00+00:00,1.10894,1.10601,1.10639,1.11304,0.5761,-0.00169,
EURUSD,sell,2019-11-22T03:00:00+00:00,2019-11-22T08:00:00+00:00,1.10602,1.10895,1.10856,1.10192,0.5696,-0.00167,
EURUSD,buy,2019-11-24T22:00:00+00:00,2019-11-27T13:00:00+00:00,1.10252,1.09961,1.09999,1.10660,0.5642,-0.00164,
EURUSD,buy,2019-11-26T22:00:00+00:00,2019-11-27T13:00:00+00:00,1.10266,1.09975,1.10013,1.10674,0.5641,-0.00164,
EURUSD,sell,2019-11-27T14:00:00+00:00,2019-11-28T09:00:00+00:00,1.09922,1.10213,1.10175,1.09515,0.5506,-0.00160,
EURUSD,buy,2019-11-28T23:00:00+00:00,2019-11-29T13:00:00+00:00,1.10146,1.09855,1.09893,1.10553,0.5425,-0.00158,
EURUSD,sell,2019-11-25T19:00:00+00:00,2019-12-02T13:00:00+00:00,1.10058,1.10349,1.10311,1.09651,0.5649,-0.00165,
EURUSD,sell,2019-12-01T15:00:00+00:00,2019-12-02T14:00:00+00:00,1.10117,1.10408,1.10370,1.09709,0.5352,-0.00156,
EURUSD,buy,2019-12-01T22:00:00+00:00,2019-12-02T15:00:00+00:00,1.10243,1.10463,1.09990,1.10651,0.4012,0.00088,
EURUSD,buy,2019-12-01T22:00:00+00:00,2019-12-02T15:00:00+00:00,1.10243,1.10618,1.10243,1.10651,0.1337,0.00050,
EURUSD,sell,2019-12-06T18:00:00+00:00,2019-12-09T11:00:00+00:00,1.10490,1.10782,1.10744,1.10081,0.5251,-0.00154,
EURUSD,sell,2019-12-08T17:00:00+00:00,2019-12-09T12:00:00+00:00,1.10510,1.10802,1.10764,1.10101,0.5250,-0.00154,
EURUSD,buy,2019-12-08T16:00:00+00:00,2019-12-10T11:00:00+00:00,1.10576,1.10797,1.10322,1.10985,0.3938,0.00087,
EURUSD,buy,2019-12-08T16:00:00+00:00,2019-12-10T12:00:00+00:00,1.10576,1.10717,1.10755,1.10985,0.1313,0.00018,
EURUSD,buy,2019-12-08T22:00:00+00:00,2019-12-10T15:00:00+00:00,1.10609,1.10830,1.10355,1.11018,0.3937,0.00087,
EURUSD,buy,2019-12-08T22:00:00+00:00,2019-12-10T16:00:00+00:00,1.10609,1.10845,1.10883,1.11018,0.1312,0.00031,
EURUSD,sell,2019-12-14T02:00:00+00:00,2019-12-16T06:00:00+00:00,1.11141,1.11435,1.11396,1.10729,0.5183,-0.00152,
EURUSD,buy,2019-12-15T21:00:00+00:00,2019-12-16T07:00:00+00:00,1.11207,1.11430,1.10952,1.11619,0.3887,0.00086,
EURUSD,buy,2019-12-15T21:00:00+00:00,2019-12-16T08:00:00+00:00,1.11207,1.11358,1.11396,1.11619,0.1296,0.00019,
EURUSD,sell,2019-12-18T08:00:00+00:00,2019-12-20T11:00:00+00:00,1.11255,1.11032,1.11511,1.10843,0.3868,0.00086,
EURUSD,sell,2019-12-18T08:00:00+00:00,2019-12-20T12:00:00+00:00,1.11255,1.11075,1.11037,1.10843,0.1289,0.00023,
EURUSD,sell,2019-12-22T21:00:00+00:00,2019-12-26T13:00:00+00:00,1.10736,1.11029,1.10991,1.10326,0.5230,-0.00153,
EURUSD,buy,2019-12-22T15:00:00+00:00,2019-12-26T18:00:00+00:00,1.10802,1.11024,1.10547,1.11212,0.3923,0.00087,
EURUSD,buy,2019-12-22T22:00:00+00:00,2019-12-26T18:00:00+00:00,1.10813,1.11035,1.10558,1.11223,0.3922,0.00087,
EURUSD,buy,2019-12-22T15:00:00+00:00,2019-12-26T19:00:00+00:00,1.10802,1.10991,1.11029,1.11212,0.1308,0.00025,
EURUSD,buy,2019-12-22T22:00:00+00:00,2019-12-26T19:00:00+00:00,1.10813,1.10991,1.11029,1.11223,0.1307,0.00023,
EURUSD,sell,2019-12-24T22:00:00+00:00,2019-12-27T02:00:00+00:00,1.10844,1.11137,1.11099,1.10433,0.5225,-0.00153,
EURUSD,buy,2019-12-26T02:00:00+00:00,2019-12-27T05:00:00+00:00,1.10958,1.11180,1.10703,1.11369,0.3917,0.00087,
EURUSD,buy,2019-12-26T02:00:00+00:00,2019-12-27T06:00:00+00:00,1.10958,1.11158,1.11196,1.11369,0.1306,0.00026,
EURUSD,sell,2019-12-29T14:00:00+00:00,2019-12-30T01:00:00+00:00,1.11679,1.11975,1.11936,1.11266,0.5198,-0.00154,
EURUSD,buy,2019-12-29T22:00:00+00:00,2019-12-30T03:00:00+00:00,1.11825,1.12048,1.11567,1.12238,0.3896,0.00087,
EURUSD,buy,2019-12-29T22:00:00+00:00,2019-12-30T04:00:00+00:00,1.11825,1.11941,1.11980,1.12238,0.1299,0.00015,
EURUSD,sell,2020-01-01T13:00:00+00:00,2020-01-02T14:00:00+00:00,1.12042,1.11818,1.12300,1.11628,0.3869,0.00087,
EURUSD,sell,2020-01-01T13:00:00+00:00,2020-01-02T15:00:00+00:00,1.12042,1.12004,1.11965,1.11628,0.1290,0.00005,
EURUSD,sell,2020-01-05T12:00:00+00:00,2020-01-06T08:00:00+00:00,1.11515,1.11810,1.11771,1.11102,0.5224,-0.00154,
EURUSD,buy,2020-01-05T07:00:00+00:00,2020-01-06T09:00:00+00:00,1.11581,1.11804,1.11325,1.11994,0.3918,0.00087,
EURUSD,buy,2020-01-05T22:00:00+00:00,2020-01-06T09:00:00+00:00,1.11627,1.11851,1.11371,1.12040,0.3917,0.00087,
EURUSD,buy,2020-01-05T07:00:00+00:00,2020-01-06T10:00:00+00:00,1.11581,1.11860,1.11899,1.11994,0.1306,0.00036,
EURUSD,buy,2020-01-05T22:00:00+00:00,2020-01-06T10:00:00+00:00,1.11627,1.11860,1.11899,1.12040,0.1306,0.00030,
EURUSD,sell,2020-01-07T18:00:00+00:00,2020-01-08T00:00:00+00:00,1.11401,1.11695,1.11657,1.10988,0.5269,-0.00155,
EURUSD,buy,2020-01-11T01:00:00+00:00,2020-01-13T16:00:00+00:00,1.11198,1.11421,1.10943,1.11610,0.3909,0.00087,
EURUSD,sell,2020-01-12T16:00:00+00:00,2020-01-13T16:00:00+00:00,1.11132,1.11426,1.11387,1.10720,0.5212,-0.00153,
EURUSD,buy,2020-01-12T22:00:00+00:00,2020-01-13T16:00:00+00:00,1.11199,1.11422,1.10944,1.11611,0.3909,0.00087,
EURUSD,sell,2020-01-12T23:00:00+00:00,2020-01-13T16:00:00+00:00,1.11128,1.11422,1.11383,1.10716,0.5212,-0.00153,
EURUSD,buy,2020-01-11T01:00:00+00:00,2020-01-13T17:00:00+00:00,1.11198,1.11317,1.11355,1.11610,0.1303,0.00015,
EURUSD,buy,2020-01-12T22:00:00+00:00,2020-01-13T17:00:00+00:00,1.11199,1.11317,1.11355,1.11611,0.1303,0.00015,
EURUSD,buy,2020-01-13T00:00:00+00:00,2020-01-15T11:00:00+00:00,1.11220,1.11443,1.10965,1.11632,0.3908,0.00087,
EURUSD,sell,2020-01-15T01:00:00+00:00,2020-01-15T11:00:00+00:00,1.11263,1.11557,1.11519,1.10851,0.5160,-0.00152,
EURUSD,buy,2020-01-13T00:00:00+00:00,2020-01-15T12:00:00+00:00,1.11220,1.11358,1.11396,1.11632,0.1303,0.00018,
EURUSD,buy,2020-01-15T13:00:00+00:00,2020-01-17T09:00:00+00:00,1.11523,1.11229,1.11267,1.11936,0.5130,-0.00151,
EURUSD,sell,2020-01-17T01:00:00+00:00,2020-01-17T11:00:00+00:00,1.11335,1.11112,1.11591,1.10923,0.3851,0.00086,
EURUSD,sell,2020-01-17T01:00:00+00:00,2020-01-17T12:00:00+00:00,1.11335,1.11185,1.11147,1.10923,0.1284,0.00019,
EURUSD,sell,2020-01-21T00:00:00+00:00,2020-01-21T13:00:00+00:00,1.10890,1.11183,1.11145,1.10479,0.5135,-0.00151,
EURUSD,sell,2020-01-22T06:00:00+00:00,2020-01-23T13:00:00+00:00,1.10795,1.11088,1.11050,1.10385,0.5071,-0.00149,
EURUSD,buy,2020-01-19T22:00:00+00:00,2020-01-23T14:00:00+00:00,1.10937,1.10644,1.10682,1.11348,0.5136,-0.00151,
EURUSD,buy,2020-01-21T07:00:00+00:00,2020-01-23T14:00:00+00:00,1.10954,1.10661,1.10699,1.11365,0.5135,-0.00151,
EURUSD,buy,2020-01-23T13:00:00+00:00,2020-01-23T14:00:00+00:00,1.10899,1.10606,1.10644,1.11309,0.5003,-0.00147,
EURUSD,sell,2020-01-23T15:00:00+00:00,2020-01-27T09:00:00+00:00,1.10429,1.10208,1.10683,1.10020,0.3614,0.00080,
EURUSD,sell,2020-01-23T15:00:00+00:00,2020-01-27T10:00:00+00:00,1.10429,1.10315,1.10277,1.10020,0.1205,0.00014,
EURUSD,buy,2020-01-26T22:00:00+00:00,2020-01-28T11:00:00+00:00,1.10334,1.10042,1.10080,1.10742,0.4825,-0.00141,
EURUSD,sell,2020-01-27T21:00:00+00:00,2020-01-31T12:00:00+00:00,1.10151,1.10442,1.10404,1.09743,0.4873,-0.00142,
EURUSD,buy,2020-01-30T10:00:00+00:00,2020-01-31T12:00:00+00:00,1.10175,1.10395,1.09922,1.10583,0.3608,0.00079,
EURUSD,buy,2020-01-30T10:00:00+00:00,2020-01-31T13:00:00+00:00,1.10175,1.10428,1.10466,1.10583,0.1203,0.00030,
EURUSD,sell,2020-02-02T22:00:00+00:00,2020-02-03T14:00:00+00:00,1.10813,1.10591,1.11068,1.10403,0.3574,0.00079,
EURUSD,sell,2020-02-02T22:00:00+00:00,2020-02-03T15:00:00+00:00,1.10813,1.10636,1.10598,1.10403,0.1191,0.00021,
EURUSD,buy,2020-02-09T23:00:00+00:00,2020-02-10T14:00:00+00:00,1.09524,1.09234,1.09272,1.09929,0.4870,-0.00141,
EURUSD,sell,2020-02-10T17:00:00+00:00,2020-02-12T17:00:00+00:00,1.09069,1.08851,1.09320,1.08666,0.3617,0.00079,
EURUSD,sell,2020-02-10T17:00:00+00:00,2020-02-12T18:00:00+00:00,1.09069,1.08847,1.08809,1.08666,0.1206,0.00027,
EURUSD,buy,2020-02-16T22:00:00+00:00,2020-02-18T12:00:00+00:00,1.08417,1.08130,1.08167,1.08818,0.4904,-0.00141,
EURUSD,sell,2020-02-18T06:00:00+00:00,2020-02-18T13:00:00+00:00,1.08268,1.08051,1.08517,1.07867,0.3681,0.00080,
EURUSD,sell,2020-02-18T06:00:00+00:00,2020-02-18T14:00:00+00:00,1.08268,1.08117,1.08080,1.07867,0.1227,0.00018,
EURUSD,buy,2020-02-20T14:00:00+00:00,2020-02-20T16:00:00+00:00,1.08200,1.07914,1.07952,1.08601,0.4894,-0.00140,
EURUSD,sell,2020-02-20T19:00:00+00:00,2020-02-21T08:00:00+00:00,1.07862,1.08147,1.08110,1.07462,0.4842,-0.00138,
EURUSD,buy,2020-02-21T15:00:00+00:00,2020-02-23T22:00:00+00:00,1.08559,1.08271,1.08309,1.08960,0.4750,-0.00136,
EURUSD,sell,2020-02-23T14:00:00+00:00,2020-02-23T22:00:00+00:00,1.08423,1.08206,1.08673,1.08022,0.3565,0.00077,
EURUSD,sell,2020-02-23T14:00:00+00:00,2020-02-23T23:00:00+00:00,1.08423,1.08383,1.08345,1.08022,0.1188,0.00005,
EURUSD,buy,2020-02-25T02:00:00+00:00,2020-02-25T10:00:00+00:00,1.08667,1.08379,1.08417,1.09069,0.4720,-0.00136,
EURUSD,sell,2020-03-01T20:00:00+00:00,2020-03-01T22:00:00+00:00,1.10218,1.10510,1.10472,1.09810,0.4589,-0.00134,
EURUSD,buy,2020-03-01T22:00:00+00:00,2020-03-02T07:00:00+00:00,1.10489,1.10710,1.10235,1.10898,0.3390,0.00075,
EURUSD,buy,2020-03-01T22:00:00+00:00,2020-03-02T07:00:00+00:00,1.10489,1.10451,1.10489,1.10898,0.1130,-0.00004,
EURUSD,sell,2020-03-04T20:00:00+00:00,2020-03-05T09:00:00+00:00,1.11338,1.11632,1.11594,1.10926,0.4515,-0.00133,
EURUSD,buy,2020-03-05T16:00:00+00:00,2020-03-05T21:00:00+00:00,1.12051,1.12275,1.11793,1.12465,0.3322,0.00074,
EURUSD,buy,2020-03-05T16:00:00+00:00,2020-03-05T22:00:00+00:00,1.12051,1.12237,1.12276,1.12465,0.1107,0.00021,
EURUSD,sell,2020-03-08T01:00:00+00:00,2020-03-08T21:00:00+00:00,1.12770,1.13069,1.13030,1.12353,0.4441,-0.00132,
EURUSD,buy,2020-03-08T21:00:00+00:00,2020-03-08T22:00:00+00:00,1.13504,1.13731,1.13243,1.13924,0.3267,0.00074,
EURUSD,buy,2020-03-08T21:00:00+00:00,2020-03-08T22:00:00+00:00,1.13504,1.13465,1.13504,1.13924,0.1089,-0.00004,
EURUSD,sell,2020-03-10T15:00:00+00:00,2020-03-10T16:00:00+00:00,1.13385,1.13158,1.13646,1.12965,0.3292,0.00075,
EURUSD,sell,2020-03-10T15:00:00+00:00,2020-03-10T16:00:00+00:00,1.13385,1.13424,1.13385,1.12965,0.1097,-0.00004,
EURUSD,buy,2020-03-15T13:00:00+00:00,2020-03-15T21:00:00+00:00,1.11025,1.11247,1.10770,1.11436,0.3387,0.00075,
EURUSD,buy,2020-03-15T13:00:00+00:00,2020-03-15T21:00:00+00:00,1.11025,1.10987,1.11025,1.11436,0.1129,-0.00004,
EURUSD,sell,2020-03-15T20:00:00+00:00,2020-03-15T21:00:00+00:00,1.10959,1.11252,1.11214,1.10548,0.4517,-0.00133,
EURUSD,buy,2020-03-15T21:00:00+00:00,2020-03-15T22:00:00+00:00,1.11934,1.11638,1.11676,1.12348,0.4452,-0.00132,
EURUSD,sell,2020-03-17T13:00:00+00:00,2020-03-17T14:00:00+00:00,1.09913,1.09693,1.10166,1.09506,0.3354,0.00074,
EURUSD,sell,2020-03-17T13:00:00+00:00,2020-03-17T14:00:00+00:00,1.09913,1.09951,1.09913,1.09506,0.1118,-0.00004,
EURUSD,buy,2020-03-22T10:00:00+00:00,2020-03-22T22:00:00+00:00,1.06961,1.06678,1.06715,1.07357,0.4630,-0.00131,
EURUSD,sell,2020-03-22T22:00:00+00:00,2020-03-22T23:00:00+00:00,1.06558,1.06840,1.06803,1.06164,0.4583,-0.00129,
EURUSD,buy,2020-03-23T02:00:00+00:00,2020-03-23T06:00:00+00:00,1.07322,1.07537,1.07075,1.07719,0.3370,0.00072,
EURUSD,buy,2020-03-23T02:00:00+00:00,2020-03-23T06:00:00+00:00,1.07322,1.07285,1.07322,1.07719,0.1123,-0.00004,
EURUSD,sell,2020-03-29T21:00:00+00:00,2020-03-29T23:00:00+00:00,1.11172,1.11466,1.11427,1.10760,0.4366,-0.00128,
EURUSD,sell,2020-04-05T13:00:00+00:00,2020-04-05T21:00:00+00:00,1.07923,1.08208,1.08171,1.07523,0.4438,-0.00127,
EURUSD,buy,2020-04-05T12:00:00+00:00,2020-04-06T05:00:00+00:00,1.07987,1.08203,1.07739,1.08387,0.3328,0.00072,
EURUSD,buy,2020-04-05T12:00:00+00:00,2020-04-06T06:00:00+00:00,1.07987,1.08082,1.08119,1.08387,0.1109,0.00010,
EURUSD,buy,2020-04-05T21:00:00+00:00,2020-04-06T08:00:00+00:00,1.08148,1.07862,1.07900,1.08548,0.4372,-0.00125,
EURUSD,sell,2020-04-07T00:00:00+00:00,2020-04-07T03:00:00+00:00,1.07905,1.08190,1.08153,1.07505,0.4360,-0.00125,
EURUSD,buy,2020-04-07T06:00:00+00:00,2020-04-07T10:00:00+00:00,1.08622,1.08839,1.08372,1.09023,0.3207,0.00070,
EURUSD,buy,2020-04-07T06:00:00+00:00,2020-04-07T11:00:00+00:00,1.08622,1.08692,1.08730,1.09023,0.1069,0.00008,
EURUSD,sell,2020-04-08T23:00:00+00:00,2020-04-09T07:00:00+00:00,1.08566,1.08854,1.08816,1.08165,0.4311,-0.00124,
EURUSD,buy,2020-04-09T15:00:00+00:00,2020-04-13T06:00:00+00:00,1.09335,1.09553,1.09083,1.09739,0.3170,0.00069,
EURUSD,sell,2020-04-11T12:00:00+00:00,2020-04-13T06:00:00+00:00,1.09293,1.09583,1.09545,1.08889,0.4226,-0.00122,
EURUSD,buy,2020-04-09T15:00:00+00:00,2020-04-13T07:00:00+00:00,1.09335,1.09401,1.09439,1.09739,0.1057,0.00007,
EURUSD,buy,2020-04-12T21:00:00+00:00,2020-04-13T10:00:00+00:00,1.09442,1.09152,1.09190,1.09847,0.4223,-0.00122,
EURUSD,sell,2020-04-13T14:00:00+00:00,2020-04-13T17:00:00+00:00,1.08968,1.09257,1.09219,1.08565,0.4162,-0.00120,
EURUSD,buy,2020-04-14T12:00:00+00:00,2020-04-15T07:00:00+00:00,1.09741,1.09451,1.09489,1.10147,0.4080,-0.00118,
EURUSD,sell,2020-04-15T17:00:00+00:00,2020-04-16T00:00:00+00:00,1.09144,1.08926,1.09395,1.08740,0.3034,0.00066,
EURUSD,sell,2020-04-15T17:00:00+00:00,2020-04-16T01:00:00+00:00,1.09144,1.08959,1.08921,1.08740,0.1011,0.00019,
EURUSD,buy,2020-04-18T03:00:00+00:00,2020-04-20T06:00:00+00:00,1.08744,1.08456,1.08494,1.09146,0.4102,-0.00118,
EURUSD,sell,2020-04-19T12:00:00+00:00,2020-04-20T06:00:00+00:00,1.08678,1.08461,1.08928,1.08276,0.3077,0.00067,
EURUSD,buy,2020-04-19T17:00:00+00:00,2020-04-20T06:00:00+00:00,1.08744,1.08456,1.08494,1.09146,0.4102,-0.00118,
EURUSD,sell,2020-04-19T12:00:00+00:00,2020-04-20T07:00:00+00:00,1.08678,1.08609,1.08571,1.08276,0.1026,0.00007,
EURUSD,sell,2020-04-19T22:00:00+00:00,2020-04-20T09:00:00+00:00,1.08643,1.08931,1.08893,1.08241,0.4103,-0.00118,
EURUSD,sell,2020-04-22T09:00:00+00:00,2020-04-22T11:00:00+00:00,1.08567,1.08855,1.08817,1.08166,0.3977,-0.00114,
EURUSD,buy,2020-04-22T08:00:00+00:00,2020-04-22T14:00:00+00:00,1.08630,1.08342,1.08380,1.09031,0.3978,-0.00114,
EURUSD,buy,2020-04-22T10:00:00+00:00,2020-04-22T14:00:00+00:00,1.08738,1.08450,1.08488,1.09140,0.3974,-0.00114,
EURUSD,sell,2020-04-22T18:00:00+00:00,2020-04-23T07:00:00+00:00,1.08165,1.07948,1.08413,1.07764,0.2875,0.00062,
EURUSD,sell,2020-04-22T18:00:00+00:00,2020-04-23T07:00:00+00:00,1.08165,1.08202,1.08165,1.07764,0.0958,-0.00004,
EURUSD,sell,2020-04-26T22:00:00+00:00,2020-04-27T04:00:00+00:00,1.08138,1.08424,1.08386,1.07737,0.3862,-0.00111,
EURUSD,sell,2020-04-27T00:00:00+00:00,2020-04-27T04:00:00+00:00,1.08149,1.08435,1.08397,1.07748,0.3861,-0.00111,
EURUSD,buy,2020-04-25T00:00:00+00:00,2020-04-27T05:00:00+00:00,1.08228,1.08445,1.07980,1.08629,0.2896,0.00063,
EURUSD,buy,2020-04-26T23:00:00+00:00,2020-04-27T05:00:00+00:00,1.08241,1.08458,1.07993,1.08642,0.2895,0.00063,
EURUSD,buy,2020-04-27T01:00:00+00:00,2020-04-27T05:00:00+00:00,1.08285,1.08502,1.08036,1.08686,0.2894,0.00063,
EURUSD,buy,2020-04-25T00:00:00+00:00,2020-04-27T06:00:00+00:00,1.08228,1.08420,1.08458,1.08629,0.0965,0.00019,
EURUSD,buy,2020-04-26T23:00:00+00:00,2020-04-27T06:00:00+00:00,1.08241,1.08420,1.08458,1.08642,0.0965,0.00017,
EURUSD,buy,2020-04-27T01:00:00+00:00,2020-04-27T06:00:00+00:00,1.08285,1.08420,1.08458,1.08686,0.0965,0.00013,
EURUSD,sell,2020-05-03T06:00:00+00:00,2020-05-04T00:00:00+00:00,1.09744,1.09524,1.09997,1.09338,0.2859,0.00063,
EURUSD,sell,2020-05-03T06:00:00+00:00,2020-05-04T01:00:00+00:00,1.09744,1.09589,1.09551,1.09338,0.0953,0.00015,
EURUSD,buy,2020-05-08T01:00:00+00:00,2020-05-08T07:00:00+00:00,1.08535,1.08248,1.08285,1.08936,0.3893,-0.00112,
EURUSD,sell,2020-05-09T16:00:00+00:00,2020-05-11T08:00:00+00:00,1.08338,1.08122,1.08588,1.07938,0.2885,0.00063,
EURUSD,sell,2020-05-09T16:00:00+00:00,2020-05-11T08:00:00+00:00,1.08338,1.08376,1.08338,1.07938,0.0962,-0.00004,
EURUSD,buy,2020-05-10T20:00:00+00:00,2020-05-11T08:00:00+00:00,1.08404,1.08117,1.08154,1.08804,0.3846,-0.00110,
EURUSD,buy,2020-05-11T00:00:00+00:00,2020-05-11T08:00:00+00:00,1.08488,1.08201,1.08238,1.08889,0.3843,-0.00110,
EURUSD,sell,2020-05-11T11:00:00+00:00,2020-05-11T13:00:00+00:00,1.08110,1.08396,1.08358,1.07709,0.3780,-0.00108,
EURUSD,sell,2020-05-10T21:00:00+00:00,2020-05-11T15:00:00+00:00,1.08293,1.08076,1.08542,1.07892,0.2886,0.00063,
EURUSD,sell,2020-05-10T21:00:00+00:00,2020-05-11T16:00:00+00:00,1.08293,1.08210,1.08173,1.07892,0.0962,0.00008,
EURUSD,buy,2020-05-12T18:00:00+00:00,2020-05-13T07:00:00+00:00,1.08566,1.08278,1.08316,1.08967,0.3749,-0.00108,
EURUSD,sell,2020-05-14T01:00:00+00:00,2020-05-14T11:00:00+00:00,1.08061,1.07844,1.08309,1.07661,0.2786,0.00060,
EURUSD,sell,2020-05-14T01:00:00+00:00,2020-05-14T12:00:00+00:00,1.08061,1.07984,1.07947,1.07661,0.0929,0.00007,
EURUSD,buy,2020-05-18T01:00:00+00:00,2020-05-18T09:00:00+00:00,1.08256,1.07970,1.08008,1.08657,0.3741,-0.00107,
EURUSD,buy,2020-05-15T15:00:00+00:00,2020-05-18T12:00:00+00:00,1.08187,1.08404,1.07939,1.08588,0.2807,0.00061,
EURUSD,sell,2020-05-17T13:00:00+00:00,2020-05-18T12:00:00+00:00,1.08151,1.08437,1.08399,1.07750,0.3742,-0.00107,
EURUSD,sell,2020-05-17T21:00:00+00:00,2020-05-18T12:00:00+00:00,1.08126,1.08412,1.08374,1.07725,0.3743,-0.00107,
EURUSD,sell,2020-05-18T00:00:00+00:00,2020-05-18T12:00:00+00:00,1.08136,1.08422,1.08384,1.07735,0.3743,-0.00107,
EURUSD,sell,2020-05-18T09:00:00+00:00,2020-05-18T12:00:00+00:00,1.08054,1.08340,1.08302,1.07654,0.3696,-0.00106,
EURUSD,buy,2020-05-15T15:00:00+00:00,2020-05-18T13:00:00+00:00,1.08187,1.08330,1.08368,1.08588,0.0936,0.00013,
EURUSD,buy,2020-05-17T14:00:00+00:00,2020-05-18T13:00:00+00:00,1.08215,1.08432,1.07967,1.08616,0.2807,0.00061,
EURUSD,buy,2020-05-17T14:00:00+00:00,2020-05-18T13:00:00+00:00,1.08215,1.08583,1.08215,1.08616,0.0936,0.00034,
EURUSD,buy,2020-05-17T23:00:00+00:00,2020-05-18T13:00:00+00:00,1.08218,1.08435,1.07970,1.08619,0.2806,0.00061,
EURUSD,buy,2020-05-17T23:00:00+00:00,2020-05-18T13:00:00+00:00,1.08218,1.08586,1.08218,1.08619,0.0935,0.00034,
EURUSD,buy,2020-05-18T12:00:00+00:00,2020-05-18T13:00:00+00:00,1.08409,1.08625,1.08159,1.08810,0.2638,0.00057,
EURUSD,buy,2020-05-18T12:00:00+00:00,2020-05-18T13:00:00+00:00,1.08409,1.08371,1.08409,1.08810,0.0879,-0.00003,
EURUSD,sell,2020-05-22T01:00:00+00:00,2020-05-22T07:00:00+00:00,1.09430,1.09211,1.09682,1.09025,0.2700,0.00059,
EURUSD,sell,2020-05-22T01:00:00+00:00,2020-05-22T08:00:00+00:00,1.09430,1.09162,1.09124,1.09025,0.0900,0.00024,
EURUSD,buy,2020-05-24T08:00:00+00:00,2020-05-25T06:00:00+00:00,1.09013,1.08724,1.08762,1.09416,0.3654,-0.00105,
EURUSD,buy,2020-05-24T22:00:00+00:00,2020-05-25T06:00:00+00:00,1.09072,1.08783,1.08821,1.09475,0.3652,-0.00105,
EURUSD,sell,2020-05-25T03:00:00+00:00,2020-05-25T11:00:00+00:00,1.08862,1.09151,1.09113,1.08459,0.3657,-0.00105,
EURUSD,sell,2020-05-24T19:00:00+00:00,2020-05-26T04:00:00+00:00,1.08947,1.09236,1.09198,1.08544,0.3654,-0.00105,
EURUSD,buy,2020-05-26T02:00:00+00:00,2020-05-26T08:00:00+00:00,1.09152,1.09370,1.08901,1.09555,0.2628,0.00057,
EURUSD,buy,2020-05-26T02:00:00+00:00,2020-05-26T08:00:00+00:00,1.09152,1.09523,1.09152,1.09555,0.0876,0.00032,
EURUSD,sell,2020-05-30T23:00:00+00:00,2020-06-01T00:00:00+00:00,1.11003,1.11296,1.11258,1.10592,0.3437,-0.00101,
EURUSD,buy,2020-05-31T15:00:00+00:00,2020-06-01T01:00:00+00:00,1.11069,1.11291,1.10814,1.11480,0.2578,0.00057,
EURUSD,buy,2020-05-31T15:00:00+00:00,2020-06-01T02:00:00+00:00,1.11069,1.11260,1.11298,1.11480,0.0859,0.00016,
EURUSD,sell,2020-06-06T05:00:00+00:00,2020-06-07T23:00:00+00:00,1.12877,1.13176,1.13137,1.12459,0.3368,-0.00101,
EURUSD,buy,2020-06-07T21:00:00+00:00,2020-06-08T10:00:00+00:00,1.12993,1.12694,1.12733,1.13411,0.3366,-0.00101,
EURUSD,sell,2020-06-09T05:00:00+00:00,2020-06-09T07:00:00+00:00,1.12879,1.12653,1.13139,1.12461,0.2459,0.00056,
EURUSD,sell,2020-06-09T05:00:00+00:00,2020-06-09T08:00:00+00:00,1.12879,1.12741,1.12702,1.12461,0.0820,0.00011,
EURUSD,buy,2020-06-09T06:00:00+00:00,2020-06-09T08:00:00+00:00,1.12713,1.12415,1.12454,1.13130,0.3285,-0.00098,
EURUSD,sell,2020-06-09T08:00:00+00:00,2020-06-09T11:00:00+00:00,1.12581,1.12879,1.12840,1.12165,0.3273,-0.00098,
EURUSD,buy,2020-06-09T15:00:00+00:00,2020-06-10T11:00:00+00:00,1.13507,1.13734,1.13246,1.13927,0.2404,0.00055,
EURUSD,buy,2020-06-09T15:00:00+00:00,2020-06-10T12:00:00+00:00,1.13507,1.13600,1.13639,1.13927,0.0801,0.00007,
EURUSD,sell,2020-06-11T20:00:00+00:00,2020-06-12T07:00:00+00:00,1.12955,1.13254,1.13215,1.12537,0.3247,-0.00097,
EURUSD,buy,2020-06-14T14:00:00+00:00,2020-06-14T22:00:00+00:00,1.12584,1.12286,1.12325,1.13000,0.3216,-0.00096,
EURUSD,sell,2020-06-14T21:00:00+00:00,2020-06-15T04:00:00+00:00,1.12388,1.12686,1.12647,1.11972,0.3220,-0.00096,
EURUSD,buy,2020-06-15T16:00:00+00:00,2020-06-15T18:00:00+00:00,1.12886,1.13111,1.12626,1.13303,0.2342,0.00053,
EURUSD,buy,2020-06-15T16:00:00+00:00,2020-06-15T18:00:00+00:00,1.12886,1.13269,1.12886,1.13303,0.0781,0.00030,
EURUSD,sell,2020-06-17T01:00:00+00:00,2020-06-17T07:00:00+00:00,1.12617,1.12915,1.12876,1.12200,0.3165,-0.00094,
EURUSD,buy,2020-06-21T21:00:00+00:00,2020-06-22T07:00:00+00:00,1.11859,1.12082,1.11601,1.12272,0.2360,0.00053,
EURUSD,buy,2020-06-21T21:00:00+00:00,2020-06-22T08:00:00+00:00,1.11859,1.12021,1.12060,1.12272,0.0787,0.00013,
EURUSD,sell,2020-06-24T20:00:00+00:00,2020-06-25T09:00:00+00:00,1.12469,1.12244,1.12728,1.12053,0.2368,0.00053,
EURUSD,sell,2020-06-24T20:00:00+00:00,2020-06-25T10:00:00+00:00,1.12469,1.12339,1.12300,1.12053,0.0789,0.00010,
EURUSD,buy,2020-06-27T10:00:00+00:00,2020-06-29T02:00:00+00:00,1.12204,1.12428,1.11946,1.12619,0.2396,0.00054,
EURUSD,sell,2020-06-27T13:00:00+00:00,2020-06-29T02:00:00+00:00,1.12136,1.12433,1.12394,1.11721,0.3194,-0.00095,
EURUSD,buy,2020-06-27T10:00:00+00:00,2020-06-29T03:00:00+00:00,1.12204,1.12342,1.12381,1.12619,0.0799,0.00011,
EURUSD,buy,2020-06-28T21:00:00+00:00,2020-06-29T05:00:00+00:00,1.12265,1.12489,1.12007,1.12680,0.2394,0.00054,
EURUSD,buy,2020-06-28T21:00:00+00:00,2020-06-29T06:00:00+00:00,1.12265,1.12470,1.12509,1.12680,0.0798,0.00016,
EURUSD,sell,2020-06-30T09:00:00+00:00,2020-06-30T13:00:00+00:00,1.12016,1.12313,1.12274,1.11602,0.3216,-0.00095,
EURUSD,buy,2020-07-01T16:00:00+00:00,2020-07-02T08:00:00+00:00,1.12677,1.12902,1.12418,1.13094,0.2367,0.00053,
EURUSD,buy,2020-07-01T16:00:00+00:00,2020-07-02T09:00:00+00:00,1.12677,1.12804,1.12843,1.13094,0.0789,0.00010,
EURUSD,sell,2020-07-03T05:00:00+00:00,2020-07-06T00:00:00+00:00,1.12326,1.12623,1.12585,1.11911,0.3193,-0.00095,
EURUSD,sell,2020-07-05T21:00:00+00:00,2020-07-06T01:00:00+00:00,1.12417,1.12715,1.12676,1.12001,0.3190,-0.00095,
EURUSD,buy,2020-07-04T09:00:00+00:00,2020-07-06T02:00:00+00:00,1.12498,1.12723,1.12239,1.12914,0.2392,0.00054,
EURUSD,buy,2020-07-04T09:00:00+00:00,2020-07-06T03:00:00+00:00,1.12498,1.12725,1.12764,1.12914,0.0797,0.00018,
EURUSD,buy,2020-07-06T00:00:00+00:00,2020-07-06T06:00:00+00:00,1.12675,1.12900,1.12416,1.13092,0.2357,0.00053,
EURUSD,buy,2020-07-06T00:00:00+00:00,2020-07-06T07:00:00+00:00,1.12675,1.12847,1.12886,1.13092,0.0786,0.00014,
EURUSD,sell,2020-07-07T20:00:00+00:00,2020-07-08T11:00:00+00:00,1.12693,1.12991,1.12952,1.12276,0.3160,-0.00094,
EURUSD,buy,2020-07-08T19:00:00+00:00,2020-07-09T03:00:00+00:00,1.13356,1.13583,1.13095,1.13775,0.2326,0.00053,
EURUSD,buy,2020-07-08T19:00:00+00:00,2020-07-09T04:00:00+00:00,1.13356,1.13577,1.13616,1.13775,0.0775,0.00017,
EURUSD,sell,2020-07-10T01:00:00+00:00,2020-07-10T13:00:00+00:00,1.12748,1.13046,1.13008,1.12331,0.3147,-0.00094,
EURUSD,sell,2020-07-12T09:00:00+00:00,2020-07-13T01:00:00+00:00,1.12956,1.13255,1.13216,1.12538,0.3100,-0.00093,
EURUSD,buy,2020-07-11T06:00:00+00:00,2020-07-13T03:00:00+00:00,1.13024,1.13250,1.12764,1.13442,0.2325,0.00053,
EURUSD,buy,2020-07-11T06:00:00+00:00,2020-07-13T04:00:00+00:00,1.13024,1.13197,1.13236,1.13442,0.0775,0.00013,
EURUSD,buy,2020-07-12T21:00:00+00:00,2020-07-13T05:00:00+00:00,1.13073,1.13299,1.12813,1.13491,0.2324,0.00053,
EURUSD,buy,2020-07-12T21:00:00+00:00,2020-07-13T06:00:00+00:00,1.13073,1.13195,1.13234,1.13491,0.0775,0.00009,
EURUSD,sell,2020-07-16T11:00:00+00:00,2020-07-16T14:00:00+00:00,1.14096,1.14398,1.14358,1.13673,0.3084,-0.00093,
EURUSD,buy,2020-07-17T17:00:00+00:00,2020-07-19T21:00:00+00:00,1.14408,1.14106,1.14145,1.14831,0.3037,-0.00092,
EURUSD,buy,2020-07-19T23:00:00+00:00,2020-07-20T00:00:00+00:00,1.14455,1.14153,1.14192,1.14879,0.2996,-0.00091,
EURUSD,sell,2020-07-20T02:00:00+00:00,2020-07-20T04:00:00+00:00,1.14143,1.14445,1.14405,1.13720,0.2962,-0.00089,
EURUSD,sell,2020-07-19T09:00:00+00:00,2020-07-20T05:00:00+00:00,1.14235,1.14537,1.14498,1.13812,0.3040,-0.00092,
EURUSD,buy,2020-07-20T05:00:00+00:00,2020-07-20T12:00:00+00:00,1.14557,1.14255,1.14294,1.14981,0.2874,-0.00087,
EURUSD,sell,2020-07-26T21:00:00+00:00,2020-07-27T00:00:00+00:00,1.16410,1.16718,1.16678,1.15979,0.2790,-0.00086,
EURUSD,buy,2020-07-27T00:00:00+00:00,2020-07-27T03:00:00+00:00,1.16921,1.17155,1.16652,1.17354,0.2057,0.00048,
EURUSD,buy,2020-07-27T00:00:00+00:00,2020-07-27T04:00:00+00:00,1.16921,1.17034,1.17074,1.17354,0.0686,0.00008,
EURUSD,sell,2020-07-28T23:00:00+00:00,2020-07-29T06:00:00+00:00,1.17150,1.17460,1.17419,1.16716,0.2759,-0.00085,
EURUSD,buy,2020-07-29T16:00:00+00:00,2020-07-29T18:00:00+00:00,1.17771,1.18007,1.17501,1.18207,0.2032,0.00048,
EURUSD,buy,2020-07-29T16:00:00+00:00,2020-07-29T18:00:00+00:00,1.17771,1.17731,1.17771,1.18207,0.0677,-0.00003,
EURUSD,sell,2020-08-01T02:00:00+00:00,2020-08-03T00:00:00+00:00,1.17718,1.17482,1.17989,1.17282,0.2046,0.00048,
EURUSD,sell,2020-08-01T02:00:00+00:00,2020-08-03T00:00:00+00:00,1.17718,1.17758,1.17718,1.17282,0.0682,-0.00003,
EURUSD,buy,2020-08-02T22:00:00+00:00,2020-08-03T00:00:00+00:00,1.17977,1.17666,1.17706,1.18414,0.2724,-0.00085,
EURUSD,sell,2020-08-03T01:00:00+00:00,2020-08-03T10:00:00+00:00,1.17677,1.17441,1.17947,1.17241,0.2035,0.00048,
EURUSD,sell,2020-08-03T01:00:00+00:00,2020-08-03T10:00:00+00:00,1.17677,1.17276,1.17677,1.17241,0.0678,0.00027,
EURUSD,buy,2020-08-04T10:00:00+00:00,2020-08-04T12:00:00+00:00,1.17734,1.17423,1.17464,1.18170,0.2745,-0.00085,
EURUSD,sell,2020-08-07T05:00:00+00:00,2020-08-07T09:00:00+00:00,1.18390,1.18154,1.18663,1.17952,0.2019,0.00048,
EURUSD,sell,2020-08-07T05:00:00+00:00,2020-08-07T10:00:00+00:00,1.18390,1.18278,1.18238,1.17952,0.0673,0.00008,
EURUSD,buy,2020-08-10T02:00:00+00:00,2020-08-10T06:00:00+00:00,1.17962,1.17651,1.17691,1.18399,0.2727,-0.00085,
EURUSD,buy,2020-08-09T13:00:00+00:00,2020-08-10T07:00:00+00:00,1.17897,1.17586,1.17626,1.18333,0.2728,-0.00085,
EURUSD,sell,2020-08-09T20:00:00+00:00,2020-08-10T08:00:00+00:00,1.17827,1.17591,1.18098,1.17391,0.2046,0.00048,
EURUSD,sell,2020-08-09T20:00:00+00:00,2020-08-10T09:00:00+00:00,1.17827,1.17794,1.17754,1.17391,0.0682,0.00002,
EURUSD,sell,2020-08-10T07:00:00+00:00,2020-08-10T13:00:00+00:00,1.17625,1.17936,1.17895,1.17189,0.2661,-0.00083,
EURUSD,buy,2020-08-12T17:00:00+00:00,2020-08-13T06:00:00+00:00,1.17947,1.18183,1.17676,1.18384,0.1981,0.00047,
EURUSD,buy,2020-08-12T17:00:00+00:00,2020-08-13T07:00:00+00:00,1.17947,1.18138,1.18178,1.18384,0.0660,0.00013,
EURUSD,sell,2020-08-19T21:00:00+00:00,2020-08-20T07:00:00+00:00,1.18391,1.18704,1.18664,1.17953,0.2655,-0.00083,
EURUSD,buy,2020-08-23T08:00:00+00:00,2020-08-24T09:00:00+00:00,1.17984,1.18220,1.17713,1.18421,0.1973,0.00047,
EURUSD,buy,2020-08-23T22:00:00+00:00,2020-08-24T09:00:00+00:00,1.18043,1.18279,1.17772,1.18480,0.1972,0.00047,
EURUSD,buy,2020-08-23T08:00:00+00:00,2020-08-24T10:00:00+00:00,1.17984,1.18237,1.18277,1.18421,0.0658,0.00017,
EURUSD,buy,2020-08-23T22:00:00+00:00,2020-08-24T10:00:00+00:00,1.18043,1.18237,1.18277,1.18480,0.0657,0.00013,
EURUSD,sell,2020-08-25T09:00:00+00:00,2020-08-26T11:00:00+00:00,1.18246,1.18009,1.18518,1.17808,0.2006,0.00047,
EURUSD,sell,2020-08-25T09:00:00+00:00,2020-08-26T12:00:00+00:00,1.18246,1.18018,1.17978,1.17808,0.0669,0.00015,
EURUSD,buy,2020-08-25T11:00:00+00:00,2020-08-26T12:00:00+00:00,1.18166,1.17854,1.17895,1.18604,0.2678,-0.00084,
EURUSD,buy,2020-08-27T02:00:00+00:00,2020-08-27T10:00:00+00:00,1.18312,1.18000,1.18040,1.18750,0.2666,-0.00083,
EURUSD,sell,2020-08-26T21:00:00+00:00,2020-08-27T11:00:00+00:00,1.18271,1.18034,1.18543,1.17833,0.1999,0.00047,
EURUSD,sell,2020-08-26T21:00:00+00:00,2020-08-27T12:00:00+00:00,1.18271,1.18226,1.18186,1.17833,0.0666,0.00003,
EURUSD,sell,2020-08-27T20:00:00+00:00,2020-08-28T03:00:00+00:00,1.18180,1.18492,1.18451,1.17742,0.2654,-0.00083,
EURUSD,buy,2020-08-28T04:00:00+00:00,2020-08-28T08:00:00+00:00,1.18772,1.19009,1.18499,1.19211,0.1955,0.00046,
EURUSD,buy,2020-08-28T04:00:00+00:00,2020-08-28T09:00:00+00:00,1.18772,1.18823,1.18864,1.19211,0.0652,0.00003,
EURUSD,sell,2020-09-02T03:00:00+00:00,2020-09-02T07:00:00+00:00,1.18993,1.18755,1.19267,1.18553,0.1966,0.00047,
EURUSD,sell,2020-09-02T03:00:00+00:00,2020-09-02T07:00:00+00:00,1.18993,1.19034,1.18993,1.18553,0.0655,-0.00003,
EURUSD,buy,2020-09-04T06:00:00+00:00,2020-09-04T12:00:00+00:00,1.18402,1.18089,1.18129,1.18839,0.2655,-0.00083,
EURUSD,buy,2020-09-06T04:00:00+00:00,2020-09-07T10:00:00+00:00,1.18407,1.18094,1.18134,1.18844,0.2620,-0.00082,
EURUSD,buy,2020-09-06T21:00:00+00:00,2020-09-07T10:00:00+00:00,1.18430,1.18117,1.18157,1.18868,0.2619,-0.00082,
EURUSD,sell,2020-09-05T03:00:00+00:00,2020-09-08T00:00:00+00:00,1.18335,1.18099,1.18608,1.17898,0.1965,0.00047,
EURUSD,sell,2020-09-06T16:00:00+00:00,2020-09-08T00:00:00+00:00,1.18335,1.18099,1.18608,1.17898,0.1965,0.00047,
EURUSD,sell,2020-09-05T03:00:00+00:00,2020-09-08T01:00:00+00:00,1.18335,1.18129,1.18089,1.17898,0.0655,0.00013,
EURUSD,sell,2020-09-06T16:00:00+00:00,2020-09-08T01:00:00+00:00,1.18335,1.18129,1.18089,1.17898,0.0655,0.00013,
EURUSD,sell,2020-09-07T02:00:00+00:00,2020-09-08T01:00:00+00:00,1.18312,1.18076,1.18585,1.17875,0.1965,0.00047,
EURUSD,sell,2020-09-07T02:00:00+00:00,2020-09-08T02:00:00+00:00,1.18312,1.18116,1.18076,1.17875,0.0655,0.00013,
EURUSD,buy,2020-09-10T00:00:00+00:00,2020-09-10T10:00:00+00:00,1.18138,1.18375,1.17867,1.18575,0.1974,0.00047,
EURUSD,buy,2020-09-10T00:00:00+00:00,2020-09-10T11:00:00+00:00,1.18138,1.18271,1.18311,1.18575,0.0658,0.00009,
EURUSD,sell,2020-09-13T21:00:00+00:00,2020-09-14T07:00:00+00:00,1.18333,1.18646,1.18606,1.17896,0.2650,-0.00083,
EURUSD,sell,2020-09-12T06:00:00+00:00,2020-09-14T10:00:00+00:00,1.18417,1.18731,1.18690,1.17979,0.2648,-0.00083,
EURUSD,buy,2020-09-12T13:00:00+00:00,2020-09-14T11:00:00+00:00,1.18489,1.18725,1.18216,1.18927,0.1986,0.00047,
EURUSD,buy,2020-09-12T13:00:00+00:00,2020-09-14T12:00:00+00:00,1.18489,1.18603,1.18644,1.18927,0.0662,0.00008,
EURUSD,buy,2020-09-14T07:00:00+00:00,2020-09-15T04:00:00+00:00,1.18672,1.18909,1.18399,1.19111,0.1957,0.00046,
EURUSD,buy,2020-09-14T07:00:00+00:00,2020-09-15T05:00:00+00:00,1.18672,1.18885,1.18926,1.19111,0.0652,0.00014,
EURUSD,sell,2020-09-16T01:00:00+00:00,2020-09-16T08:00:00+00:00,1.18405,1.18718,1.18678,1.17967,0.2627,-0.00082,
EURUSD,sell,2020-09-19T12:00:00+00:00,2020-09-21T02:00:00+00:00,1.18349,1.18662,1.18622,1.17911,0.2593,-0.00081,
EURUSD,buy,2020-09-18T02:00:00+00:00,2020-09-21T08:00:00+00:00,1.18496,1.18183,1.18223,1.18934,0.2592,-0.00081,
EURUSD,buy,2020-09-20T21:00:00+00:00,2020-09-21T08:00:00+00:00,1.18451,1.18138,1.18178,1.18889,0.2593,-0.00081,
EURUSD,sell,2020-09-21T11:00:00+00:00,2020-09-21T12:00:00+00:00,1.17918,1.17682,1.18189,1.17481,0.1875,0.00044,
EURUSD,sell,2020-09-21T11:00:00+00:00,2020-09-21T12:00:00+00:00,1.17918,1.17958,1.17918,1.17481,0.0625,-0.00003,
EURUSD,buy,2020-09-25T10:00:00+00:00,2020-09-25T14:00:00+00:00,1.16473,1.16165,1.16205,1.16904,0.2550,-0.00078,
EURUSD,sell,2020-09-28T00:00:00+00:00,2020-09-28T04:00:00+00:00,1.16127,1.16434,1.16394,1.15697,0.2522,-0.00077,
EURUSD,sell,2020-09-25T13:00:00+00:00,2020-09-28T10:00:00+00:00,1.16307,1.16615,1.16575,1.15877,0.2552,-0.00078,
EURUSD,buy,2020-09-27T11:00:00+00:00,2020-09-28T10:00:00+00:00,1.16312,1.16544,1.16044,1.16742,0.1890,0.00044,
EURUSD,sell,2020-09-27T21:00:00+00:00,2020-09-28T10:00:00+00:00,1.16230,1.16537,1.16498,1.15800,0.2520,-0.00077,
EURUSD,buy,2020-09-27T22:00:00+00:00,2020-09-28T10:00:00+00:00,1.16361,1.16593,1.16093,1.16791,0.1889,0.00044,
EURUSD,buy,2020-09-28T01:00:00+00:00,2020-09-28T10:00:00+00:00,1.16334,1.16566,1.16066,1.16764,0.1889,0.00044,
EURUSD,buy,2020-09-27T11:00:00+00:00,2020-09-28T11:00:00+00:00,1.16312,1.16500,1.16540,1.16742,0.0630,0.00012,
EURUSD,buy,2020-09-27T22:00:00+00:00,2020-09-28T11:00:00+00:00,1.16361,1.16500,1.16540,1.16791,0.0630,0.00009,
EURUSD,buy,2020-09-28T01:00:00+00:00,2020-09-28T11:00:00+00:00,1.16334,1.16500,1.16540,1.16764,0.0630,0.00010,
EURUSD,sell,2020-10-04T21:00:00+00:00,2020-10-05T01:00:00+00:00,1.17087,1.17396,1.17356,1.16654,0.2472,-0.00077,
EURUSD,sell,2020-10-02T11:00:00+00:00,2020-10-05T08:00:00+00:00,1.17204,1.17514,1.17473,1.16770,0.2469,-0.00077,
EURUSD,buy,2020-10-04T08:00:00+00:00,2020-10-05T08:00:00+00:00,1.17192,1.17426,1.16923,1.17626,0.1853,0.00043,
EURUSD,buy,2020-10-04T08:00:00+00:00,2020-10-05T09:00:00+00:00,1.17192,1.17427,1.17467,1.17626,0.0618,0.00014,
EURUSD,buy,2020-10-05T00:00:00+00:00,2020-10-05T09:00:00+00:00,1.17286,1.17521,1.17016,1.17720,0.1852,0.00043,
EURUSD,buy,2020-10-05T00:00:00+00:00,2020-10-05T10:00:00+00:00,1.17286,1.17435,1.17475,1.17720,0.0617,0.00009,
EURUSD,sell,2020-10-07T01:00:00+00:00,2020-10-07T06:00:00+00:00,1.17248,1.17558,1.17518,1.16814,0.2450,-0.00076,
EURUSD,buy,2020-10-08T02:00:00+00:00,2020-10-08T13:00:00+00:00,1.17742,1.17431,1.17472,1.18178,0.2409,-0.00075,
EURUSD,sell,2020-10-09T02:00:00+00:00,2020-10-09T08:00:00+00:00,1.17747,1.18058,1.18018,1.17311,0.2376,-0.00074,
EURUSD,sell,2020-10-11T19:00:00+00:00,2020-10-12T11:00:00+00:00,1.18213,1.17976,1.18484,1.17775,0.1751,0.00041,
EURUSD,sell,2020-10-11T19:00:00+00:00,2020-10-12T12:00:00+00:00,1.18213,1.18011,1.17971,1.17775,0.0584,0.00012,
EURUSD,buy,2020-10-09T08:00:00+00:00,2020-10-13T13:00:00+00:00,1.18051,1.17740,1.17780,1.18488,0.2340,-0.00073,
EURUSD,sell,2020-10-17T21:00:00+00:00,2020-10-19T08:00:00+00:00,1.17097,1.17406,1.17366,1.16663,0.2349,-0.00073,
EURUSD,sell,2020-10-19T06:00:00+00:00,2020-10-19T08:00:00+00:00,1.17011,1.17320,1.17280,1.16578,0.2350,-0.00073,
EURUSD,buy,2020-10-17T01:00:00+00:00,2020-10-19T09:00:00+00:00,1.17167,1.17401,1.16898,1.17601,0.1762,0.00041,
EURUSD,buy,2020-10-17T01:00:00+00:00,2020-10-19T09:00:00+00:00,1.17167,1.17565,1.17167,1.17601,0.0587,0.00023,
EURUSD,buy,2020-10-18T21:00:00+00:00,2020-10-19T09:00:00+00:00,1.17216,1.17450,1.16947,1.17650,0.1761,0.00041,
EURUSD,buy,2020-10-19T07:00:00+00:00,2020-10-19T09:00:00+00:00,1.17255,1.17490,1.16986,1.17689,0.1760,0.00041,
EURUSD,buy,2020-10-18T21:00:00+00:00,2020-10-19T10:00:00+00:00,1.17216,1.17486,1.17526,1.17650,0.0587,0.00016,
EURUSD,buy,2020-10-19T07:00:00+00:00,2020-10-19T10:00:00+00:00,1.17255,1.17486,1.17526,1.17689,0.0587,0.00014,
EURUSD,sell,2020-10-22T14:00:00+00:00,2020-10-23T00:00:00+00:00,1.18249,1.18012,1.18521,1.17811,0.1754,0.00042,
EURUSD,sell,2020-10-22T14:00:00+00:00,2020-10-23T01:00:00+00:00,1.18249,1.18084,1.18044,1.17811,0.0585,0.00010,
EURUSD,buy,2020-10-23T21:00:00+00:00,2020-10-26T03:00:00+00:00,1.18608,1.18294,1.18335,1.19046,0.2355,-0.00074,
EURUSD,sell,2020-10-25T18:00:00+00:00,2020-10-26T08:00:00+00:00,1.18536,1.18299,1.18809,1.18098,0.1766,0.00042,
EURUSD,sell,2020-10-25T18:00:00+00:00,2020-10-26T09:00:00+00:00,1.18536,1.18245,1.18205,1.18098,0.0589,0.00017,
EURUSD,sell,2020-11-01T23:00:00+00:00,2020-11-03T06:00:00+00:00,1.16381,1.16689,1.16649,1.15950,0.2392,-0.00074,
EURUSD,buy,2020-11-01T22:00:00+00:00,2020-11-03T08:00:00+00:00,1.16474,1.16707,1.16206,1.16905,0.1794,0.00042,
EURUSD,buy,2020-11-01T22:00:00+00:00,2020-11-03T09:00:00+00:00,1.16474,1.16745,1.16785,1.16905,0.0598,0.00016,
EURUSD,buy,2020-11-03T06:00:00+00:00,2020-11-03T09:00:00+00:00,1.16639,1.16872,1.16371,1.17070,0.1768,0.00041,
EURUSD,buy,2020-11-03T06:00:00+00:00,2020-11-03T10:00:00+00:00,1.16639,1.16877,1.16917,1.17070,0.0589,0.00014,
EURUSD,sell,2020-11-08T08:00:00+00:00,2020-11-08T23:00:00+00:00,1.18664,1.18978,1.18937,1.18225,0.2363,-0.00074,
EURUSD,buy,2020-11-08T22:00:00+00:00,2020-11-09T11:00:00+00:00,1.18917,1.18603,1.18643,1.19357,0.2359,-0.00074,
EURUSD,sell,2020-11-09T19:00:00+00:00,2020-11-10T09:00:00+00:00,1.18288,1.18051,1.18560,1.17850,0.1731,0.00041,
EURUSD,sell,2020-11-09T19:00:00+00:00,2020-11-10T09:00:00+00:00,1.18288,1.18328,1.18288,1.17850,0.0577,-0.00002,
EURUSD,buy,2020-11-12T20:00:00+00:00,2020-11-15T22:00:00+00:00,1.18104,1.18340,1.17833,1.18541,0.1747,0.00041,
EURUSD,buy,2020-11-12T20:00:00+00:00,2020-11-15T23:00:00+00:00,1.18104,1.18329,1.18370,1.18541,0.0582,0.00013,
EURUSD,sell,2020-11-15T20:00:00+00:00,2020-11-16T07:00:00+00:00,1.18275,1.18587,1.18547,1.17837,0.2324,-0.00073,
EURUSD,buy,2020-11-15T22:00:00+00:00,2020-11-16T08:00:00+00:00,1.18405,1.18641,1.18132,1.18842,0.1755,0.00042,
EURUSD,buy,2020-11-15T22:00:00+00:00,2020-11-16T09:00:00+00:00,1.18405,1.18493,1.18534,1.18842,0.0585,0.00005,
EURUSD,sell,2020-11-19T01:00:00+00:00,2020-11-19T19:00:00+00:00,1.18391,1.18704,1.18664,1.17953,0.2334,-0.00073,
EURUSD,buy,2020-11-20T06:00:00+00:00,2020-11-20T09:00:00+00:00,1.18872,1.18558,1.18598,1.19311,0.2295,-0.00072,
EURUSD,sell,2020-11-21T07:00:00+00:00,2020-11-23T06:00:00+00:00,1.18508,1.18822,1.18781,1.18070,0.2270,-0.00071,
EURUSD,buy,2020-11-22T22:00:00+00:00,2020-11-23T10:00:00+00:00,1.18619,1.18856,1.18346,1.19057,0.1702,0.00040,
EURUSD,buy,2020-11-22T22:00:00+00:00,2020-11-23T11:00:00+00:00,1.18619,1.18880,1.18921,1.19057,0.0567,0.00015,
EURUSD,sell,2020-11-24T01:00:00+00:00,2020-11-24T08:00:00+00:00,1.18381,1.18694,1.18654,1.17943,0.2266,-0.00071,
EURUSD,buy,2020-11-24T19:00:00+00:00,2020-11-25T07:00:00+00:00,1.18865,1.19102,1.18591,1.19304,0.1671,0.00040,
EURUSD,buy,2020-11-24T19:00:00+00:00,2020-11-25T08:00:00+00:00,1.18865,1.18968,1.19009,1.19304,0.0557,0.00006,
EURUSD,sell,2020-11-27T02:00:00+00:00,2020-11-27T13:00:00+00:00,1.19112,1.19427,1.19386,1.18671,0.2242,-0.00071,
EURUSD,buy,2020-11-27T07:00:00+00:00,2020-11-27T16:00:00+00:00,1.19311,1.19549,1.19036,1.19752,0.1679,0.00040,
EURUSD,buy,2020-11-27T07:00:00+00:00,2020-11-27T17:00:00+00:00,1.19311,1.19463,1.19504,1.19752,0.0560,0.00009,
EURUSD,sell,2020-11-30T23:00:00+00:00,2020-12-01T07:00:00+00:00,1.19338,1.19654,1.19613,1.18897,0.2228,-0.00070,
EURUSD,buy,2020-12-01T16:00:00+00:00,2020-12-01T20:00:00+00:00,1.20412,1.20653,1.20135,1.20858,0.1635,0.00039,
EURUSD,buy,2020-12-01T16:00:00+00:00,2020-12-01T21:00:00+00:00,1.20412,1.20631,1.20672,1.20858,0.0545,0.00012,
EURUSD,buy,2020-12-06T22:00:00+00:00,2020-12-07T08:00:00+00:00,1.21306,1.20986,1.21027,1.21755,0.2185,-0.00070,
EURUSD,sell,2020-12-05T04:00:00+00:00,2020-12-07T09:00:00+00:00,1.21166,1.20923,1.21444,1.20717,0.1640,0.00040,
EURUSD,sell,2020-12-05T04:00:00+00:00,2020-12-07T10:00:00+00:00,1.21166,1.21017,1.20976,1.20717,0.0547,0.00008,
EURUSD,sell,2020-12-07T23:00:00+00:00,2020-12-08T09:00:00+00:00,1.21056,1.21376,1.21334,1.20608,0.2180,-0.00070,
EURUSD,buy,2020-12-09T09:00:00+00:00,2020-12-09T12:00:00+00:00,1.21290,1.20970,1.21011,1.21739,0.2148,-0.00069,
EURUSD,sell,2020-12-09T10:00:00+00:00,2020-12-09T15:00:00+00:00,1.21175,1.20932,1.21453,1.20726,0.1611,0.00039,
EURUSD,sell,2020-12-09T10:00:00+00:00,2020-12-09T16:00:00+00:00,1.21175,1.20871,1.20830,1.20726,0.0537,0.00016,
EURUSD,buy,2020-12-10T19:00:00+00:00,2020-12-11T15:00:00+00:00,1.21372,1.21052,1.21093,1.21821,0.2141,-0.00069,
EURUSD,sell,2020-12-12T01:00:00+00:00,2020-12-13T22:00:00+00:00,1.21050,1.21370,1.21328,1.20602,0.2117,-0.00068,
EURUSD,buy,2020-12-13T22:00:00+00:00,2020-12-14T12:00:00+00:00,1.21368,1.21611,1.21089,1.21817,0.1564,0.00038,
EURUSD,buy,2020-12-13T22:00:00+00:00,2020-12-14T13:00:00+00:00,1.21368,1.21524,1.21565,1.21817,0.0521,0.00008,
EURUSD,sell,2020-12-19T07:00:00+00:00,2020-12-20T22:00:00+00:00,1.22522,1.22277,1.22804,1.22069,0.1562,0.00038,
EURUSD,buy,2020-12-19T11:00:00+00:00,2020-12-20T22:00:00+00:00,1.22596,1.22272,1.22314,1.23049,0.2083,-0.00067,
EURUSD,sell,2020-12-19T07:00:00+00:00,2020-12-20T23:00:00+00:00,1.22522,1.22389,1.22347,1.22069,0.0521,0.00007,
EURUSD,sell,2020-12-20T22:00:00+00:00,2020-12-21T02:00:00+00:00,1.22259,1.22015,1.22541,1.21807,0.1556,0.00038,
EURUSD,sell,2020-12-20T22:00:00+00:00,2020-12-21T02:00:00+00:00,1.22259,1.21843,1.22259,1.21807,0.0519,0.00022,
EURUSD,buy,2020-12-22T08:00:00+00:00,2020-12-22T12:00:00+00:00,1.22255,1.22499,1.21974,1.22707,0.1578,0.00039,
EURUSD,buy,2020-12-22T08:00:00+00:00,2020-12-22T13:00:00+00:00,1.22255,1.22341,1.22383,1.22707,0.0526,0.00005,
EURUSD,sell,2020-12-22T19:00:00+00:00,2020-12-22T23:00:00+00:00,1.21569,1.21890,1.21848,1.21119,0.2132,-0.00068,
EURUSD,buy,2020-12-24T06:00:00+00:00,2020-12-24T14:00:00+00:00,1.22108,1.21785,1.21827,1.22559,0.2096,-0.00068,
EURUSD,sell,2020-12-25T00:00:00+00:00,2020-12-25T03:00:00+00:00,1.21716,1.22038,1.21997,1.21266,0.2074,-0.00067,
EURUSD,sell,2020-12-27T22:00:00+00:00,2020-12-28T03:00:00+00:00,1.21864,1.22186,1.22145,1.21413,0.2044,-0.00066,
EURUSD,sell,2020-12-25T23:00:00+00:00,2020-12-28T05:00:00+00:00,1.21885,1.22207,1.22166,1.21434,0.2043,-0.00066,
EURUSD,sell,2020-12-27T01:00:00+00:00,2020-12-28T05:00:00+00:00,1.21885,1.22207,1.22166,1.21434,0.2043,-0.00066,
EURUSD,buy,2020-12-25T20:00:00+00:00,2020-12-28T06:00:00+00:00,1.21959,1.22202,1.21678,1.22410,0.1533,0.00037,
EURUSD,buy,2020-12-26T04:00:00+00:00,2020-12-28T06:00:00+00:00,1.21959,1.22202,1.21678,1.22410,0.1533,0.00037,
EURUSD,buy,2020-12-25T20:00:00+00:00,2020-12-28T07:00:00+00:00,1.21959,1.22155,1.22197,1.22410,0.0511,0.00010,
EURUSD,buy,2020-12-26T04:00:00+00:00,2020-12-28T07:00:00+00:00,1.21959,1.22155,1.22197,1.22410,0.0511,0.00010,
EURUSD,buy,2020-12-27T23:00:00+00:00,2020-12-28T08:00:00+00:00,1.22075,1.22319,1.21794,1.22526,0.1531,0.00037,
EURUSD,buy,2020-12-27T23:00:00+00:00,2020-12-28T09:00:00+00:00,1.22075,1.22305,1.22347,1.22526,0.0510,0.00012,
EURUSD,sell,2020-12-31T19:00:00+00:00,2021-01-03T22:00:00+00:00,1.22061,1.22384,1.22342,1.21610,0.2019,-0.00065,
EURUSD,sell,2021-01-02T21:00:00+00:00,2021-01-03T22:00:00+00:00,1.22104,1.22427,1.22385,1.21652,0.2018,-0.00065,
EURUSD,buy,2021-01-02T19:00:00+00:00,2021-01-03T23:00:00+00:00,1.22178,1.22422,1.21897,1.22630,0.1513,0.00037,
EURUSD,buy,2021-01-02T19:00:00+00:00,2021-01-04T00:00:00+00:00,1.22178,1.22343,1.22385,1.22630,0.0504,0.00008,
EURUSD,buy,2021-01-03T22:00:00+00:00,2021-01-04T07:00:00+00:00,1.22370,1.22614,1.22088,1.22822,0.1471,0.00036,
EURUSD,buy,2021-01-03T22:00:00+00:00,2021-01-04T08:00:00+00:00,1.22370,1.22578,1.22620,1.22822,0.0490,0.00010,
EURUSD,sell,2021-01-07T15:00:00+00:00,2021-01-08T08:00:00+00:00,1.22555,1.22310,1.22837,1.22102,0.1496,0.00037,
EURUSD,sell,2021-01-07T15:00:00+00:00,2021-01-08T09:00:00+00:00,1.22555,1.22431,1.22389,1.22102,0.0499,0.00006,
EURUSD,buy,2021-01-10T18:00:00+00:00,2021-01-10T23:00:00+00:00,1.22211,1.21888,1.21930,1.22663,0.2019,-0.00065,
EURUSD,sell,2021-01-10T20:00:00+00:00,2021-01-10T23:00:00+00:00,1.22137,1.21893,1.22418,1.21685,0.1514,0.00037,
EURUSD,sell,2021-01-10T20:00:00+00:00,2021-01-10T23:00:00+00:00,1.22137,1.22179,1.22137,1.21685,0.0505,-0.00002,
EURUSD,buy,2021-01-12T23:00:00+00:00,2021-01-13T09:00:00+00:00,1.22122,1.21799,1.21841,1.22573,0.2008,-0.00065,
EURUSD,sell,2021-01-14T00:00:00+00:00,2021-01-14T12:00:00+00:00,1.21609,1.21365,1.21888,1.21158,0.1492,0.00036,
EURUSD,sell,2021-01-14T00:00:00+00:00,2021-01-14T13:00:00+00:00,1.21609,1.21361,1.21320,1.21158,0.0497,0.00012,
EURUSD,buy,2021-01-18T02:00:00+00:00,2021-01-18T10:00:00+00:00,1.20863,1.20544,1.20585,1.21310,0.2022,-0.00065,
EURUSD,sell,2021-01-17T23:00:00+00:00,2021-01-19T00:00:00+00:00,1.20626,1.20945,1.20903,1.20179,0.2025,-0.00065,
EURUSD,sell,2021-01-18T08:00:00+00:00,2021-01-19T01:00:00+00:00,1.20657,1.20976,1.20934,1.20210,0.2025,-0.00065,
EURUSD,buy,2021-01-17T22:00:00+00:00,2021-01-19T08:00:00+00:00,1.20810,1.21052,1.20532,1.21257,0.1517,0.00037,
EURUSD,buy,2021-01-17T22:00:00+00:00,2021-01-19T09:00:00+00:00,1.20810,1.20990,1.21031,1.21257,0.0506,0.00009,
EURUSD,buy,2021-01-19T03:00:00+00:00,2021-01-19T10:00:00+00:00,1.21005,1.21247,1.20727,1.21453,0.1455,0.00035,
EURUSD,buy,2021-01-19T03:00:00+00:00,2021-01-19T11:00:00+00:00,1.21005,1.21229,1.21270,1.21453,0.0485,0.00011,
EURUSD,sell,2021-01-21T00:00:00+00:00,2021-01-21T09:00:00+00:00,1.21137,1.21457,1.21415,1.20688,0.1975,-0.00063,
EURUSD,buy,2021-01-21T14:00:00+00:00,2021-01-22T08:00:00+00:00,1.21535,1.21778,1.21256,1.21985,0.1457,0.00035,
EURUSD,buy,2021-01-21T14:00:00+00:00,2021-01-22T08:00:00+00:00,1.21535,1.21494,1.21535,1.21985,0.0486,-0.00002,
EURUSD,buy,2021-01-25T02:00:00+00:00,2021-01-25T09:00:00+00:00,1.21739,1.21417,1.21459,1.22189,0.1954,-0.00063,
EURUSD,buy,2021-01-25T00:00:00+00:00,2021-01-25T10:00:00+00:00,1.21713,1.21391,1.21433,1.22163,0.1954,-0.00063,
EURUSD,sell,2021-01-23T17:00:00+00:00,2021-01-25T14:00:00+00:00,1.21630,1.21387,1.21910,1.21180,0.1466,0.00036,
EURUSD,sell,2021-01-25T01:00:00+00:00,2021-01-25T14:00:00+00:00,1.21605,1.21361,1.21884,1.21154,0.1466,0.00036,
EURUSD,sell,2021-01-23T17:00:00+00:00,2021-01-25T15:00:00+00:00,1.21630,1.21354,1.21313,1.21180,0.0489,0.00013,
EURUSD,sell,2021-01-25T01:00:00+00:00,2021-01-25T15:00:00+00:00,1.21605,1.21354,1.21313,1.21154,0.0489,0.00012,
EURUSD,sell,2021-01-25T13:00:00+00:00,2021-01-26T07:00:00+00:00,1.21433,1.21190,1.21712,1.20983,0.1429,0.00035,
EURUSD,sell,2021-01-25T13:00:00+00:00,2021-01-26T08:00:00+00:00,1.21433,1.21352,1.21311,1.20983,0.0476,0.00004,
EURUSD,buy,2021-01-27T02:00:00+00:00,2021-01-27T09:00:00+00:00,1.21627,1.21306,1.21348,1.22077,0.1960,-0.00063,
EURUSD,sell,2021-01-27T16:00:00+00:00,2021-01-27T19:00:00+00:00,1.20966,1.21285,1.21244,1.20518,0.1943,-0.00062,
EURUSD,buy,2021-01-29T04:00:00+00:00,2021-01-29T10:00:00+00:00,1.21031,1.21273,1.20753,1.21479,0.1438,0.00035,
EURUSD,buy,2021-01-29T04:00:00+00:00,2021-01-29T11:00:00+00:00,1.21031,1.21226,1.21267,1.21479,0.0479,0.00009,
EURUSD,sell,2021-01-31T08:00:00+00:00,2021-02-01T08:00:00+00:00,1.21262,1.21019,1.21541,1.20813,0.1448,0.00035,
EURUSD,sell,2021-01-31T08:00:00+00:00,2021-02-01T08:00:00+00:00,1.21262,1.21303,1.21262,1.20813,0.0483,-0.00002,
EURUSD,buy,2021-02-05T21:00:00+00:00,2021-02-08T09:00:00+00:00,1.20517,1.20199,1.20240,1.20963,0.1958,-0.00062,
EURUSD,sell,2021-02-07T21:00:00+00:00,2021-02-09T02:00:00+00:00,1.20445,1.20763,1.20722,1.19999,0.1958,-0.00062,
EURUSD,buy,2021-02-09T02:00:00+00:00,2021-02-09T09:00:00+00:00,1.20832,1.21074,1.20554,1.21279,0.1426,0.00034,
EURUSD,buy,2021-02-09T02:00:00+00:00,2021-02-09T10:00:00+00:00,1.20832,1.20988,1.21029,1.21279,0.0475,0.00007,
EURUSD,sell,2021-02-12T09:00:00+00:00,2021-02-15T02:00:00+00:00,1.21045,1.21365,1.21323,1.20597,0.1914,-0.00061,
EURUSD,sell,2021-02-14T16:00:00+00:00,2021-02-15T08:00:00+00:00,1.21141,1.21461,1.21419,1.20692,0.1913,-0.00061,
EURUSD,sell,2021-02-14T21:00:00+00:00,2021-02-15T08:00:00+00:00,1.21141,1.21461,1.21419,1.20692,0.1913,-0.00061,
EURUSD,buy,2021-02-13T22:00:00+00:00,2021-02-16T03:00:00+00:00,1.21213,1.21456,1.20935,1.21662,0.1434,0.00035,
EURUSD,buy,2021-02-14T20:00:00+00:00,2021-02-16T03:00:00+00:00,1.21213,1.21456,1.20935,1.21662,0.1434,0.00035,
EURUSD,buy,2021-02-13T22:00:00+00:00,2021-02-16T04:00:00+00:00,1.21213,1.21405,1.21446,1.21662,0.0478,0.00009,
EURUSD,buy,2021-02-14T20:00:00+00:00,2021-02-16T04:00:00+00:00,1.21213,1.21405,1.21446,1.21662,0.0478,0.00009,
EURUSD,buy,2021-02-14T22:00:00+00:00,2021-02-16T08:00:00+00:00,1.21267,1.21510,1.20989,1.21716,0.1434,0.00035,
EURUSD,buy,2021-02-14T22:00:00+00:00,2021-02-16T09:00:00+00:00,1.21267,1.21407,1.21448,1.21716,0.0478,0.00007,
EURUSD,sell,2021-02-16T22:00:00+00:00,2021-02-17T07:00:00+00:00,1.20989,1.20747,1.21267,1.20541,0.1419,0.00034,
EURUSD,sell,2021-02-16T22:00:00+00:00,2021-02-17T08:00:00+00:00,1.20989,1.20863,1.20822,1.20541,0.0473,0.00006,
EURUSD,buy,2021-02-18T21:00:00+00:00,2021-02-19T08:00:00+00:00,1.20944,1.21186,1.20666,1.21392,0.1433,0.00035,
EURUSD,buy,2021-02-18T21:00:00+00:00,2021-02-19T09:00:00+00:00,1.20944,1.21232,1.21273,1.21392,0.0478,0.00014,
EURUSD,buy,2021-02-21T19:00:00+00:00,2021-02-22T08:00:00+00:00,1.21203,1.20883,1.20925,1.21652,0.1927,-0.00062,
EURUSD,sell,2021-02-21T03:00:00+00:00,2021-02-22T11:00:00+00:00,1.21131,1.21451,1.21409,1.20682,0.1927,-0.00062,
EURUSD,sell,2021-02-24T07:00:00+00:00,2021-02-24T13:00:00+00:00,1.21518,1.21274,1.21797,1.21068,0.1402,0.00034,
EURUSD,sell,2021-02-24T07:00:00+00:00,2021-02-24T13:00:00+00:00,1.21518,1.21559,1.21518,1.21068,0.0467,-0.00002,
EURUSD,buy,2021-02-25T04:00:00+00:00,2021-02-25T08:00:00+00:00,1.21801,1.22044,1.21520,1.22251,0.1410,0.00034,
EURUSD,buy,2021-02-25T04:00:00+00:00,2021-02-25T09:00:00+00:00,1.21801,1.21996,1.22038,1.22251,0.0470,0.00009,
EURUSD,sell,2021-02-26T10:00:00+00:00,2021-02-26T15:00:00+00:00,1.21102,1.21422,1.21380,1.20653,0.1908,-0.00061,
EURUSD,buy,2021-02-28T21:00:00+00:00,2021-03-01T09:00:00+00:00,1.20740,1.20421,1.20463,1.21187,0.1889,-0.00060,
EURUSD,sell,2021-03-01T13:00:00+00:00,2021-03-02T02:00:00+00:00,1.20493,1.20252,1.20770,1.20047,0.1400,0.00034,
EURUSD,sell,2021-03-01T13:00:00+00:00,2021-03-02T03:00:00+00:00,1.20493,1.20318,1.20277,1.20047,0.0467,0.00008,
EURUSD,buy,2021-03-03T01:00:00+00:00,2021-03-03T11:00:00+00:00,1.20950,1.20631,1.20672,1.21398,0.1878,-0.00060,
EURUSD,sell,2021-03-04T06:00:00+00:00,2021-03-04T09:00:00+00:00,1.20577,1.20335,1.20854,1.20131,0.1394,0.00034,
EURUSD,sell,2021-03-04T06:00:00+00:00,2021-03-04T10:00:00+00:00,1.20577,1.20459,1.20418,1.20131,0.0465,0.00005,
EURUSD,buy,2021-03-07T15:00:00+00:00,2021-03-08T06:00:00+00:00,1.19164,1.18849,1.18890,1.19605,0.1898,-0.00060,
EURUSD,buy,2021-03-07T22:00:00+00:00,2021-03-08T06:00:00+00:00,1.19224,1.18909,1.18950,1.19665,0.1897,-0.00060,
EURUSD,sell,2021-03-07T17:00:00+00:00,2021-03-08T07:00:00+00:00,1.19092,1.18854,1.19366,1.18651,0.1423,0.00034,
EURUSD,sell,2021-03-07T17:00:00+00:00,2021-03-08T08:00:00+00:00,1.19092,1.19005,1.18964,1.18651,0.0474,0.00004,
EURUSD,sell,2021-03-08T07:00:00+00:00,2021-03-08T16:00:00+00:00,1.18825,1.18588,1.19099,1.18386,0.1399,0.00033,
EURUSD,sell,2021-03-08T07:00:00+00:00,2021-03-08T17:00:00+00:00,1.18825,1.18641,1.18600,1.18386,0.0466,0.00009,
EURUSD,buy,2021-03-09T20:00:00+00:00,2021-03-10T02:00:00+00:00,1.19051,1.18736,1.18777,1.19491,0.1883,-0.00059,
EURUSD,buy,2021-03-14T01:00:00+00:00,2021-03-15T07:00:00+00:00,1.19512,1.19196,1.19237,1.19954,0.1851,-0.00058,
EURUSD,buy,2021-03-14T22:00:00+00:00,2021-03-15T07:00:00+00:00,1.19516,1.19200,1.19241,1.19958,0.1851,-0.00058,
EURUSD,sell,2021-03-12T19:00:00+00:00,2021-03-15T13:00:00+00:00,1.19452,1.19213,1.19727,1.19010,0.1388,0.00033,
EURUSD,sell,2021-03-14T16:00:00+00:00,2021-03-15T13:00:00+00:00,1.19440,1.19201,1.19715,1.18998,0.1388,0.00033,
EURUSD,sell,2021-03-12T19:00:00+00:00,2021-03-15T14:00:00+00:00,1.19452,1.19344,1.19303,1.19010,0.0463,0.00005,
EURUSD,sell,2021-03-14T16:00:00+00:00,2021-03-15T14:00:00+00:00,1.19440,1.19344,1.19303,1.18998,0.0463,0.00004,
EURUSD,sell,2021-03-15T06:00:00+00:00,2021-03-16T13:00:00+00:00,1.19314,1.19075,1.19589,1.18873,0.1390,0.00033,
EURUSD,sell,2021-03-15T06:00:00+00:00,2021-03-16T14:00:00+00:00,1.19314,1.19178,1.19137,1.18873,0.0463,0.00006,
EURUSD,buy,2021-03-17T21:00:00+00:00,2021-03-18T04:00:00+00:00,1.19836,1.19520,1.19560,1.20279,0.1845,-0.00058,
EURUSD,sell,2021-03-19T01:00:00+00:00,2021-03-19T07:00:00+00:00,1.19061,1.19376,1.19335,1.18621,0.1832,-0.00058,
EURUSD,buy,2021-03-21T09:00:00+00:00,2021-03-21T21:00:00+00:00,1.19067,1.18752,1.18793,1.19507,0.1808,-0.00057,
EURUSD,sell,2021-03-21T15:00:00+00:00,2021-03-21T21:00:00+00:00,1.18995,1.18757,1.19269,1.18555,0.1356,0.00032,
EURUSD,sell,2021-03-21T15:00:00+00:00,2021-03-21T22:00:00+00:00,1.18995,1.18863,1.18822,1.18555,0.0452,0.00006,
EURUSD,buy,2021-03-22T17:00:00+00:00,2021-03-23T07:00:00+00:00,1.19450,1.19134,1.19175,1.19892,0.1795,-0.00057,
EURUSD,sell,2021-03-23T16:00:00+00:00,2021-03-24T07:00:00+00:00,1.18598,1.18361,1.18871,1.18159,0.1337,0.00032,
EURUSD,sell,2021-03-23T16:00:00+00:00,2021-03-24T08:00:00+00:00,1.18598,1.18365,1.18325,1.18159,0.0446,0.00010,
EURUSD,buy,2021-03-27T05:00:00+00:00,2021-03-29T08:00:00+00:00,1.17953,1.17642,1.17682,1.18390,0.1811,-0.00056,
EURUSD,sell,2021-03-28T14:00:00+00:00,2021-03-29T15:00:00+00:00,1.17883,1.17647,1.18154,1.17446,0.1359,0.00032,
EURUSD,sell,2021-03-28T14:00:00+00:00,2021-03-29T16:00:00+00:00,1.17883,1.17851,1.17811,1.17446,0.0453,0.00001,
EURUSD,buy,2021-04-01T01:00:00+00:00,2021-04-01T13:00:00+00:00,1.17331,1.17566,1.17061,1.17765,0.1358,0.00032,
EURUSD,buy,2021-04-01T01:00:00+00:00,2021-04-01T14:00:00+00:00,1.17331,1.17410,1.17450,1.17765,0.0453,0.00004,
EURUSD,buy,2021-04-04T23:00:00+00:00,2021-04-05T07:00:00+00:00,1.17711,1.17400,1.17441,1.18147,0.1821,-0.00057,
EURUSD,sell,2021-04-05T07:00:00+00:00,2021-04-05T12:00:00+00:00,1.17390,1.17700,1.17660,1.16955,0.1800,-0.00056,
EURUSD,sell,2021-04-03T06:00:00+00:00,2021-04-05T13:00:00+00:00,1.17568,1.17879,1.17838,1.17133,0.1822,-0.00057,
EURUSD,buy,2021-04-05T13:00:00+00:00,2021-04-06T12:00:00+00:00,1.18005,1.18241,1.17734,1.18442,0.1308,0.00031,
EURUSD,buy,2021-04-05T13:00:00+00:00,2021-04-06T13:00:00+00:00,1.18005,1.18221,1.18261,1.18442,0.0436,0.00009,
EURUSD,buy,2021-04-10T10:00:00+00:00,2021-04-12T07:00:00+00:00,1.19013,1.18698,1.18739,1.19453,0.1746,-0.00055,
EURUSD,buy,2021-04-11T01:00:00+00:00,2021-04-12T07:00:00+00:00,1.19013,1.18698,1.18739,1.19453,0.1746,-0.00055,
EURUSD,buy,2021-04-12T17:00:00+00:00,2021-04-13T03:00:00+00:00,1.19179,1.18864,1.18905,1.19620,0.1698,-0.00053,
EURUSD,sell,2021-04-10T02:00:00+00:00,2021-04-13T12:00:00+00:00,1.18941,1.19256,1.19215,1.18501,0.1746,-0.00055,
EURUSD,sell,2021-04-10T11:00:00+00:00,2021-04-13T12:00:00+00:00,1.18941,1.19256,1.19215,1.18501,0.1746,-0.00055,
EURUSD,sell,2021-04-11T15:00:00+00:00,2021-04-13T12:00:00+00:00,1.18941,1.19256,1.19215,1.18501,0.1746,-0.00055,
EURUSD,sell,2021-04-16T02:00:00+00:00,2021-04-16T07:00:00+00:00,1.19474,1.19790,1.19749,1.19032,0.1601,-0.00051,
EURUSD,buy,2021-04-16T19:00:00+00:00,2021-04-19T01:00:00+00:00,1.19848,1.19532,1.19572,1.20291,0.1576,-0.00050,
EURUSD,sell,2021-04-18T08:00:00+00:00,2021-04-19T01:00:00+00:00,1.19769,1.19529,1.20045,1.19326,0.1182,0.00028,
EURUSD,buy,2021-04-18T09:00:00+00:00,2021-04-19T01:00:00+00:00,1.19841,1.19525,1.19565,1.20284,0.1576,-0.00050,
EURUSD,sell,2021-04-18T10:00:00+00:00,2021-04-19T01:00:00+00:00,1.19769,1.19529,1.20045,1.19326,0.1182,0.00028,
EURUSD,buy,2021-04-18T12:00:00+00:00,2021-04-19T01:00:00+00:00,1.19841,1.19525,1.19565,1.20284,0.1576,-0.00050,
EURUSD,sell,2021-04-18T20:00:00+00:00,2021-04-19T01:00:00+00:00,1.19769,1.19529,1.20045,1.19326,0.1182,0.00028,
EURUSD,sell,2021-04-18T08:00:00+00:00,2021-04-19T02:00:00+00:00,1.19769,1.19577,1.19536,1.19326,0.0394,0.00008,
EURUSD,sell,2021-04-18T10:00:00+00:00,2021-04-19T02:00:00+00:00,1.19769,1.19577,1.19536,1.19326,0.0394,0.00008,
EURUSD,sell,2021-04-18T20:00:00+00:00,2021-04-19T02:00:00+00:00,1.19769,1.19577,1.19536,1.19326,0.0394,0.00008,
EURUSD,buy,2021-04-19T10:00:00+00:00,2021-04-19T14:00:00+00:00,1.20452,1.20134,1.20175,1.20898,0.1551,-0.00049,
EURUSD,sell,2021-04-21T06:00:00+00:00,2021-04-22T10:00:00+00:00,1.20250,1.20568,1.20527,1.19805,0.1532,-0.00049,
EURUSD,buy,2021-04-22T08:00:00+00:00,2021-04-22T11:00:00+00:00,1.20297,1.20538,1.20020,1.20742,0.1149,0.00028,
EURUSD,buy,2021-04-22T08:00:00+00:00,2021-04-22T12:00:00+00:00,1.20297,1.20381,1.20422,1.20742,0.0383,0.00003,
EURUSD,sell,2021-04-22T23:00:00+00:00,2021-04-23T07:00:00+00:00,1.20107,1.20424,1.20383,1.19662,0.1527,-0.00048,
EURUSD,buy,2021-04-23T13:00:00+00:00,2021-04-23T18:00:00+00:00,1.20649,1.20890,1.20372,1.21095,0.1125,0.00027,
EURUSD,buy,2021-04-23T13:00:00+00:00,2021-04-23T19:00:00+00:00,1.20649,1.20877,1.20918,1.21095,0.0375,0.00009,
EURUSD,sell,2021-04-25T22:00:00+00:00,2021-04-26T03:00:00+00:00,1.20882,1.21201,1.21160,1.20434,0.1512,-0.00048,
EURUSD,buy,2021-04-26T00:00:00+00:00,2021-04-26T12:00:00+00:00,1.21066,1.20747,1.20788,1.21514,0.1510,-0.00048,
EURUSD,sell,2021-04-25T19:00:00+00:00,2021-04-26T13:00:00+00:00,1.20902,1.20660,1.21180,1.20454,0.1133,0.00027,
EURUSD,buy,2021-04-25T21:00:00+00:00,2021-04-26T13:00:00+00:00,1.20979,1.20660,1.20701,1.21427,0.1511,-0.00048,
EURUSD,sell,2021-04-25T19:00:00+00:00,2021-04-26T14:00:00+00:00,1.20902,1.20868,1.20827,1.20454,0.0378,0.00001,
EURUSD,sell,2021-04-26T20:00:00+00:00,2021-04-28T18:00:00+00:00,1.20802,1.21121,1.21080,1.20355,0.1464,-0.00047,
EURUSD,buy,2021-04-28T19:00:00+00:00,2021-04-29T13:00:00+00:00,1.21333,1.21013,1.21054,1.21782,0.1440,-0.00046,
EURUSD,sell,2021-04-30T11:00:00+00:00,2021-04-30T14:00:00+00:00,1.20770,1.20528,1.21048,1.20323,0.1070,0.00026,
EURUSD,sell,2021-04-30T11:00:00+00:00,2021-04-30T14:00:00+00:00,1.20770,1.20811,1.20770,1.20323,0.0357,-0.00001,
EURUSD,buy,2021-05-02T21:00:00+00:00,2021-05-03T13:00:00+00:00,1.20308,1.20549,1.20031,1.20753,0.1082,0.00026,
EURUSD,buy,2021-05-02T21:00:00+00:00,2021-05-03T14:00:00+00:00,1.20308,1.20526,1.20567,1.20753,0.0361,0.00008,
EURUSD,sell,2021-05-04T15:00:00+00:00,2021-05-06T08:00:00+00:00,1.20107,1.20424,1.20383,1.19662,0.1459,-0.00046,
EURUSD,buy,2021-05-06T12:00:00+00:00,2021-05-07T07:00:00+00:00,1.20606,1.20847,1.20329,1.21052,0.1076,0.00026,
EURUSD,buy,2021-05-06T12:00:00+00:00,2021-05-07T07:00:00+00:00,1.20606,1.20565,1.20606,1.21052,0.0359,-0.00001,
EURUSD,buy,2021-05-09T17:00:00+00:00,2021-05-10T07:00:00+00:00,1.21651,1.21330,1.21372,1.22101,0.1432,-0.00046,
EURUSD,buy,2021-05-09T21:00:00+00:00,2021-05-10T07:00:00+00:00,1.21701,1.21380,1.21422,1.22152,0.1431,-0.00046,
EURUSD,sell,2021-05-09T16:00:00+00:00,2021-05-10T20:00:00+00:00,1.21579,1.21335,1.21858,1.21129,0.1074,0.00026,
EURUSD,sell,2021-05-09T18:00:00+00:00,2021-05-10T20:00:00+00:00,1.21579,1.21335,1.21858,1.21129,0.1074,0.00026,
EURUSD,sell,2021-05-09T16:00:00+00:00,2021-05-10T21:00:00+00:00,1.21579,1.21365,1.21324,1.21129,0.0358,0.00008,
EURUSD,sell,2021-05-09T18:00:00+00:00,2021-05-10T21:00:00+00:00,1.21579,1.21365,1.21324,1.21129,0.0358,0.00008,
EURUSD,sell,2021-05-10T03:00:00+00:00,2021-05-11T07:00:00+00:00,1.21512,1.21268,1.21791,1.21062,0.1075,0.00026,
EURUSD,sell,2021-05-10T03:00:00+00:00,2021-05-11T08:00:00+00:00,1.21512,1.21489,1.21448,1.21062,0.0358,0.00001,
EURUSD,buy,2021-05-11T22:00:00+00:00,2021-05-12T03:00:00+00:00,1.21504,1.21184,1.21225,1.21954,0.1435,-0.00046,
EURUSD,sell,2021-05-12T05:00:00+00:00,2021-05-12T12:00:00+00:00,1.21185,1.20942,1.21463,1.20736,0.1064,0.00026,
EURUSD,sell,2021-05-12T05:00:00+00:00,2021-05-12T12:00:00+00:00,1.21185,1.21226,1.21185,1.20736,0.0355,-0.00001,
EURUSD,buy,2021-05-14T10:00:00+00:00,2021-05-14T14:00:00+00:00,1.21173,1.21416,1.20895,1.21622,0.1072,0.00026,
EURUSD,buy,2021-05-14T10:00:00+00:00,2021-05-14T15:00:00+00:00,1.21173,1.21276,1.21317,1.21622,0.0357,0.00004,
EURUSD,sell,2021-05-17T01:00:00+00:00,2021-05-17T09:00:00+00:00,1.21289,1.21609,1.21568,1.20840,0.1440,-0.00046,
EURUSD,sell,2021-05-16T19:00:00+00:00,2021-05-17T10:00:00+00:00,1.21384,1.21704,1.21663,1.20934,0.1438,-0.00046,
EURUSD,buy,2021-05-16T22:00:00+00:00,2021-05-18T06:00:00+00:00,1.21494,1.21737,1.21215,1.21944,0.1079,0.00026,
EURUSD,buy,2021-05-17T15:00:00+00:00,2021-05-18T06:00:00+00:00,1.21582,1.21825,1.21303,1.22032,0.1049,0.00025,
EURUSD,buy,2021-05-16T22:00:00+00:00,2021-05-18T07:00:00+00:00,1.21494,1.21792,1.21834,1.21944,0.0360,0.00011,
EURUSD,buy,2021-05-17T15:00:00+00:00,2021-05-18T07:00:00+00:00,1.21582,1.21792,1.21834,1.22032,0.0350,0.00007,
EURUSD,sell,2021-05-20T00:00:00+00:00,2021-05-20T13:00:00+00:00,1.21812,1.22134,1.22093,1.21362,0.1424,-0.00046,
EURUSD,buy,2021-05-20T23:00:00+00:00,2021-05-21T11:00:00+00:00,1.22286,1.21963,1.22005,1.22738,0.1401,-0.00045,
EURUSD,sell,2021-05-21T22:00:00+00:00,2021-05-24T08:00:00+00:00,1.21741,1.22063,1.22022,1.21291,0.1388,-0.00045,
EURUSD,sell,2021-05-23T18:00:00+00:00,2021-05-24T08:00:00+00:00,1.21741,1.22063,1.22022,1.21291,0.1388,-0.00045,
EURUSD,buy,2021-05-23T16:00:00+00:00,2021-05-24T09:00:00+00:00,1.21815,1.22058,1.21534,1.22265,0.1041,0.00025,
EURUSD,buy,2021-05-23T22:00:00+00:00,2021-05-24T09:00:00+00:00,1.21826,1.22069,1.21545,1.22276,0.1041,0.00025,
EURUSD,buy,2021-05-23T16:00:00+00:00,2021-05-24T10:00:00+00:00,1.21815,1.22063,1.22105,1.22265,0.0347,0.00009,
EURUSD,buy,2021-05-23T22:00:00+00:00,2021-05-24T10:00:00+00:00,1.21826,1.22063,1.22105,1.22276,0.0347,0.00008,
EURUSD,sell,2021-05-26T18:00:00+00:00,2021-05-28T11:00:00+00:00,1.21891,1.21647,1.22172,1.21440,0.1033,0.00025,
EURUSD,sell,2021-05-26T18:00:00+00:00,2021-05-28T12:00:00+00:00,1.21891,1.21617,1.21576,1.21440,0.0344,0.00009,
EURUSD,buy,2021-05-29T08:00:00+00:00,2021-05-31T14:00:00+00:00,1.21942,1.22185,1.21661,1.22393,0.1044,0.00025,
EURUSD,sell,2021-05-30T15:00:00+00:00,2021-05-31T14:00:00+00:00,1.21868,1.22190,1.22149,1.21417,0.1391,-0.00045,
EURUSD,buy,2021-05-30T21:00:00+00:00,2021-05-31T14:00:00+00:00,1.21979,1.22222,1.21698,1.22430,0.1043,0.00025,
EURUSD,buy,2021-05-29T08:00:00+00:00,2021-05-31T15:00:00+00:00,1.21942,1.22158,1.22200,1.22393,0.0348,0.00008,
EURUSD,buy,2021-05-30T21:00:00+00:00,2021-05-31T15:00:00+00:00,1.21979,1.22158,1.22200,1.22430,0.0348,0.00006,
EURUSD,sell,2021-06-02T08:00:00+00:00,2021-06-02T14:00:00+00:00,1.21775,1.22097,1.22056,1.21325,0.1401,-0.00045,
EURUSD,sell,2021-06-06T13:00:00+00:00,2021-06-07T14:00:00+00:00,1.21608,1.21929,1.21887,1.21157,0.1384,-0.00044,
EURUSD,sell,2021-06-07T01:00:00+00:00,2021-06-07T14:00:00+00:00,1.21575,1.21896,1.21854,1.21125,0.1384,-0.00044,
EURUSD,sell,2021-06-07T05:00:00+00:00,2021-06-07T14:00:00+00:00,1.21542,1.21863,1.21821,1.21092,0.1385,-0.00044,
EURUSD,buy,2021-06-05T02:00:00+00:00,2021-06-07T15:00:00+00:00,1.21680,1.21924,1.21401,1.22131,0.1038,0.00025,
EURUSD,buy,2021-06-07T00:00:00+00:00,2021-06-07T15:00:00+00:00,1.21709,1.21952,1.21429,1.22159,0.1038,0.00025,
EURUSD,buy,2021-06-07T03:00:00+00:00,2021-06-07T15:00:00+00:00,1.21711,1.21954,1.21431,1.22161,0.1038,0.00025,
EURUSD,buy,2021-06-05T02:00:00+00:00,2021-06-07T16:00:00+00:00,1.21680,1.21895,1.21937,1.22131,0.0346,0.00007,
EURUSD,buy,2021-06-07T00:00:00+00:00,2021-06-07T16:00:00+00:00,1.21709,1.21895,1.21937,1.22159,0.0346,0.00006,
EURUSD,buy,2021-06-07T03:00:00+00:00,2021-06-07T16:00:00+00:00,1.21711,1.21895,1.21937,1.22161,0.0346,0.00006,
EURUSD,sell,2021-06-09T00:00:00+00:00,2021-06-09T13:00:00+00:00,1.21712,1.22034,1.21992,1.21262,0.1368,-0.00044,
EURUSD,buy,2021-06-07T14:00:00+00:00,2021-06-10T04:00:00+00:00,1.21912,1.21590,1.21631,1.22363,0.1327,-0.00043,
EURUSD,buy,2021-06-09T15:00:00+00:00,2021-06-10T07:00:00+00:00,1.21874,1.21552,1.21593,1.22324,0.1348,-0.00043,
EURUSD,sell,2021-06-10T06:00:00+00:00,2021-06-10T12:00:00+00:00,1.21637,1.21959,1.21917,1.21187,0.1333,-0.00043,
EURUSD,buy,2021-06-11T06:00:00+00:00,2021-06-11T09:00:00+00:00,1.21871,1.21549,1.21590,1.22321,0.1296,-0.00042,
EURUSD,sell,2021-06-11T08:00:00+00:00,2021-06-11T11:00:00+00:00,1.21622,1.21378,1.21901,1.21171,0.0973,0.00024,
EURUSD,sell,2021-06-11T08:00:00+00:00,2021-06-11T12:00:00+00:00,1.21622,1.21417,1.21376,1.21171,0.0324,0.00007,
EURUSD,sell,2021-06-14T00:00:00+00:00,2021-06-14T10:00:00+00:00,1.20964,1.21283,1.21242,1.20516,0.1300,-0.00042,
EURUSD,sell,2021-06-13T20:00:00+00:00,2021-06-15T06:00:00+00:00,1.21036,1.21356,1.21314,1.20588,0.1299,-0.00042,
EURUSD,buy,2021-06-13T14:00:00+00:00,2021-06-15T07:00:00+00:00,1.21108,1.21350,1.20830,1.21556,0.0974,0.00024,
EURUSD,buy,2021-06-13T21:00:00+00:00,2021-06-15T07:00:00+00:00,1.21128,1.21370,1.20850,1.21576,0.0974,0.00024,
EURUSD,buy,2021-06-13T14:00:00+00:00,2021-06-15T08:00:00+00:00,1.21108,1.21267,1.21308,1.21556,0.0325,0.00005,
EURUSD,buy,2021-06-13T21:00:00+00:00,2021-06-15T08:00:00+00:00,1.21128,1.21267,1.21308,1.21576,0.0325,0.00004,
EURUSD,buy,2021-06-14T10:00:00+00:00,2021-06-16T18:00:00+00:00,1.21245,1.20925,1.20967,1.21694,0.1280,-0.00041,
EURUSD,sell,2021-06-16T17:00:00+00:00,2021-06-16T18:00:00+00:00,1.21111,1.20868,1.21389,1.20662,0.0966,0.00023,
EURUSD,sell,2021-06-16T17:00:00+00:00,2021-06-16T18:00:00+00:00,1.21111,1.21152,1.21111,1.20662,0.0322,-0.00001,
EURUSD,buy,2021-06-20T21:00:00+00:00,2021-06-21T09:00:00+00:00,1.18673,1.18910,1.18400,1.19112,0.0980,0.00023,
EURUSD,buy,2021-06-20T21:00:00+00:00,2021-06-21T10:00:00+00:00,1.18673,1.18866,1.18907,1.19112,0.0327,0.00006,
EURUSD,sell,2021-06-24T13:00:00+00:00,2021-06-25T13:00:00+00:00,1.19463,1.19779,1.19738,1.19021,0.1310,-0.00041,
EURUSD,buy,2021-06-25T01:00:00+00:00,2021-06-25T13:00:00+00:00,1.19455,1.19694,1.19180,1.19897,0.0983,0.00023,
EURUSD,sell,2021-06-25T08:00:00+00:00,2021-06-25T13:00:00+00:00,1.19395,1.19711,1.19670,1.18953,0.1310,-0.00041,
EURUSD,buy,2021-06-25T11:00:00+00:00,2021-06-25T13:00:00+00:00,1.19448,1.19687,1.19173,1.19890,0.0983,0.00023,
EURUSD,buy,2021-06-25T01:00:00+00:00,2021-06-25T14:00:00+00:00,1.19455,1.19539,1.19580,1.19897,0.0328,0.00003,
EURUSD,buy,2021-06-25T11:00:00+00:00,2021-06-25T14:00:00+00:00,1.19448,1.19539,1.19580,1.19890,0.0328,0.00003,
EURUSD,buy,2021-06-27T17:00:00+00:00,2021-06-28T11:00:00+00:00,1.19383,1.19068,1.19108,1.19824,0.1299,-0.00041,
EURUSD,buy,2021-06-27T21:00:00+00:00,2021-06-28T11:00:00+00:00,1.19399,1.19084,1.19124,1.19840,0.1299,-0.00041,
EURUSD,sell,2021-06-26T09:00:00+00:00,2021-06-28T12:00:00+00:00,1.19311,1.19072,1.19586,1.18870,0.0974,0.00023,
EURUSD,sell,2021-06-27T19:00:00+00:00,2021-06-28T12:00:00+00:00,1.19311,1.19072,1.19586,1.18870,0.0974,0.00023,
EURUSD,sell,2021-06-26T09:00:00+00:00,2021-06-28T13:00:00+00:00,1.19311,1.19279,1.19238,1.18870,0.0325,0.00001,
EURUSD,sell,2021-06-27T19:00:00+00:00,2021-06-28T13:00:00+00:00,1.19311,1.19279,1.19238,1.18870,0.0325,0.00001,
EURUSD,sell,2021-06-28T02:00:00+00:00,2021-06-29T11:00:00+00:00,1.19202,1.18964,1.19476,1.18761,0.0975,0.00023,
EURUSD,sell,2021-06-28T02:00:00+00:00,2021-06-29T12:00:00+00:00,1.19202,1.18986,1.18945,1.18761,0.0325,0.00007,
EURUSD,sell,2021-07-04T23:00:00+00:00,2021-07-05T09:00:00+00:00,1.18520,1.18834,1.18793,1.18082,0.1306,-0.00041,
EURUSD,buy,2021-07-03T03:00:00+00:00,2021-07-06T06:00:00+00:00,1.18658,1.18895,1.18385,1.19096,0.0979,0.00023,
EURUSD,sell,2021-07-04T18:00:00+00:00,2021-07-06T06:00:00+00:00,1.18586,1.18900,1.18859,1.18148,0.1305,-0.00041,
EURUSD,buy,2021-07-03T03:00:00+00:00,2021-07-06T07:00:00+00:00,1.18658,1.18762,1.18803,1.19096,0.0326,0.00003,
EURUSD,buy,2021-07-04T21:00:00+00:00,2021-07-06T08:00:00+00:00,1.18707,1.18393,1.18434,1.19146,0.1305,-0.00041,
EURUSD,buy,2021-07-05T10:00:00+00:00,2021-07-06T08:00:00+00:00,1.18804,1.18490,1.18530,1.19243,0.1287,-0.00040,
EURUSD,sell,2021-07-06T12:00:00+00:00,2021-07-07T13:00:00+00:00,1.18324,1.18088,1.18597,1.17887,0.0938,0.00022,
EURUSD,sell,2021-07-06T12:00:00+00:00,2021-07-07T14:00:00+00:00,1.18324,1.18097,1.18057,1.17887,0.0313,0.00007,
EURUSD,buy,2021-07-08T16:00:00+00:00,2021-07-09T18:00:00+00:00,1.18480,1.18716,1.18207,1.18918,0.0947,0.00022,
EURUSD,buy,2021-07-08T16:00:00+00:00,2021-07-09T19:00:00+00:00,1.18480,1.18705,1.18746,1.18918,0.0316,0.00007,
EURUSD,buy,2021-07-11T21:00:00+00:00,2021-07-12T09:00:00+00:00,1.18792,1.18478,1.18518,1.19231,0.1271,-0.00040,
EURUSD,buy,2021-07-12T07:00:00+00:00,2021-07-12T09:00:00+00:00,1.18809,1.18495,1.18535,1.19248,0.1271,-0.00040,
EURUSD,sell,2021-07-11T16:00:00+00:00,2021-07-12T11:00:00+00:00,1.18674,1.18437,1.18947,1.18235,0.0954,0.00023,
EURUSD,sell,2021-07-11T16:00:00+00:00,2021-07-12T12:00:00+00:00,1.18674,1.18554,1.18513,1.18235,0.0318,0.00004,
EURUSD,sell,2021-07-12T06:00:00+00:00,2021-07-13T12:00:00+00:00,1.18586,1.18349,1.18859,1.18148,0.0955,0.00023,
EURUSD,sell,2021-07-12T06:00:00+00:00,2021-07-13T12:00:00+00:00,1.18586,1.18183,1.18586,1.18148,0.0318,0.00013,
EURUSD,sell,2021-07-12T09:00:00+00:00,2021-07-13T12:00:00+00:00,1.18491,1.18254,1.18764,1.18053,0.0930,0.00022,
EURUSD,sell,2021-07-12T09:00:00+00:00,2021-07-13T12:00:00+00:00,1.18491,1.18532,1.18491,1.18053,0.0310,-0.00001,
EURUSD,buy,2021-07-15T01:00:00+00:00,2021-07-15T16:00:00+00:00,1.18293,1.17981,1.18021,1.18731,0.1278,-0.00040,
EURUSD,buy,2021-07-18T20:00:00+00:00,2021-07-19T07:00:00+00:00,1.18082,1.17771,1.17811,1.18519,0.1263,-0.00039,
EURUSD,sell,2021-07-16T02:00:00+00:00,2021-07-19T08:00:00+00:00,1.18042,1.17805,1.18313,1.17605,0.0947,0.00022,
EURUSD,sell,2021-07-16T02:00:00+00:00,2021-07-19T09:00:00+00:00,1.18042,1.17844,1.17804,1.17605,0.0316,0.00006,
EURUSD,sell,2021-07-19T07:00:00+00:00,2021-07-19T13:00:00+00:00,1.17773,1.18084,1.18044,1.17337,0.1249,-0.00039,
EURUSD,buy,2021-07-21T23:00:00+00:00,2021-07-22T13:00:00+00:00,1.17957,1.18193,1.17686,1.18394,0.0933,0.00022,
EURUSD,buy,2021-07-21T23:00:00+00:00,2021-07-22T14:00:00+00:00,1.17957,1.17925,1.17965,1.18394,0.0311,-0.00001,
EURUSD,buy,2021-07-25T09:00:00+00:00,2021-07-26T07:00:00+00:00,1.17718,1.17954,1.17448,1.18154,0.0941,0.00022,
EURUSD,sell,2021-07-25T13:00:00+00:00,2021-07-26T07:00:00+00:00,1.17648,1.17959,1.17918,1.17212,0.1255,-0.00039,
EURUSD,buy,2021-07-25T14:00:00+00:00,2021-07-26T07:00:00+00:00,1.17718,1.17954,1.17448,1.18154,0.0941,0.00022,
EURUSD,sell,2021-07-25T17:00:00+00:00,2021-07-26T07:00:00+00:00,1.17648,1.17959,1.17918,1.17212,0.1255,-0.00039,
EURUSD,buy,2021-07-25T09:00:00+00:00,2021-07-26T08:00:00+00:00,1.17718,1.17679,1.17719,1.18154,0.0314,-0.00001,
EURUSD,buy,2021-07-25T14:00:00+00:00,2021-07-26T08:00:00+00:00,1.17718,1.17679,1.17719,1.18154,0.0314,-0.00001,
EURUSD,sell,2021-07-23T00:00:00+00:00,2021-07-26T13:00:00+00:00,1.17743,1.18054,1.18014,1.17307,0.1254,-0.00039,
EURUSD,buy,2021-07-25T21:00:00+00:00,2021-07-26T13:00:00+00:00,1.17739,1.17975,1.17469,1.18175,0.0941,0.00022,
EURUSD,buy,2021-07-25T21:00:00+00:00,2021-07-26T14:00:00+00:00,1.17739,1.17981,1.18021,1.18175,0.0314,0.00008,
EURUSD,sell,2021-08-02T01:00:00+00:00,2021-08-02T07:00:00+00:00,1.18596,1.18910,1.18869,1.18157,0.1226,-0.00038,
EURUSD,sell,2021-07-31T01:00:00+00:00,2021-08-02T09:00:00+00:00,1.18631,1.18945,1.18904,1.18192,0.1225,-0.00038,
EURUSD,sell,2021-08-01T21:00:00+00:00,2021-08-02T09:00:00+00:00,1.18614,1.18928,1.18887,1.18175,0.1226,-0.00038,
EURUSD,buy,2021-08-01T13:00:00+00:00,2021-08-04T08:00:00+00:00,1.18703,1.18389,1.18430,1.19142,0.1225,-0.00038,
EURUSD,buy,2021-08-02T00:00:00+00:00,2021-08-04T08:00:00+00:00,1.18725,1.18411,1.18452,1.19164,0.1225,-0.00038,
EURUSD,buy,2021-08-02T02:00:00+00:00,2021-08-04T08:00:00+00:00,1.18748,1.18434,1.18475,1.19187,0.1225,-0.00038,
EURUSD,sell,2021-08-03T20:00:00+00:00,2021-08-04T12:00:00+00:00,1.18596,1.18910,1.18869,1.18157,0.1177,-0.00037,
EURUSD,buy,2021-08-08T15:00:00+00:00,2021-08-09T19:00:00+00:00,1.17631,1.17321,1.17361,1.18066,0.1123,-0.00035,
EURUSD,sell,2021-08-08T21:00:00+00:00,2021-08-10T07:00:00+00:00,1.17551,1.17315,1.17821,1.17116,0.0842,0.00020,
EURUSD,sell,2021-08-08T21:00:00+00:00,2021-08-10T08:00:00+00:00,1.17551,1.17429,1.17389,1.17116,0.0281,0.00003,
EURUSD,sell,2021-08-13T08:00:00+00:00,2021-08-13T12:00:00+00:00,1.17386,1.17696,1.17656,1.16951,0.1120,-0.00035,
EURUSD,buy,2021-08-11T21:00:00+00:00,2021-08-13T13:00:00+00:00,1.17435,1.17670,1.17165,1.17870,0.0840,0.00020,
EURUSD,buy,2021-08-11T21:00:00+00:00,2021-08-13T14:00:00+00:00,1.17435,1.17607,1.17647,1.17870,0.0280,0.00005,
EURUSD,buy,2021-08-13T09:00:00+00:00,2021-08-13T14:00:00+00:00,1.17527,1.17762,1.17257,1.17962,0.0839,0.00020,
EURUSD,buy,2021-08-13T09:00:00+00:00,2021-08-13T15:00:00+00:00,1.17527,1.17853,1.17893,1.17962,0.0280,0.00009,
EURUSD,buy,2021-08-15T21:00:00+00:00,2021-08-16T11:00:00+00:00,1.17976,1.17665,1.17705,1.18413,0.1122,-0.00035,
EURUSD,sell,2021-08-15T15:00:00+00:00,2021-08-17T06:00:00+00:00,1.17898,1.17662,1.18169,1.17461,0.0842,0.00020,
EURUSD,sell,2021-08-15T15:00:00+00:00,2021-08-17T07:00:00+00:00,1.17898,1.17747,1.17707,1.17461,0.0281,0.00004,
EURUSD,sell,2021-08-16T06:00:00+00:00,2021-08-17T12:00:00+00:00,1.17819,1.17583,1.18090,1.17383,0.0842,0.00020,
EURUSD,sell,2021-08-16T06:00:00+00:00,2021-08-17T13:00:00+00:00,1.17819,1.17487,1.17447,1.17383,0.0281,0.00009,
EURUSD,sell,2021-08-22T16:00:00+00:00,2021-08-23T03:00:00+00:00,1.16916,1.17225,1.17185,1.16483,0.1140,-0.00035,
EURUSD,buy,2021-08-20T22:00:00+00:00,2021-08-23T07:00:00+00:00,1.16986,1.17220,1.16717,1.17419,0.0855,0.00020,
EURUSD,buy,2021-08-20T22:00:00+00:00,2021-08-23T08:00:00+00:00,1.16986,1.17167,1.17207,1.17419,0.0285,0.00005,
EURUSD,buy,2021-08-23T00:00:00+00:00,2021-08-23T08:00:00+00:00,1.17026,1.17260,1.16757,1.17459,0.0855,0.00020,
EURUSD,buy,2021-08-23T00:00:00+00:00,2021-08-23T09:00:00+00:00,1.17026,1.17174,1.17214,1.17459,0.0285,0.00004,
EURUSD,sell,2021-08-27T05:00:00+00:00,2021-08-27T14:00:00+00:00,1.17579,1.17890,1.17849,1.17144,0.1139,-0.00035,
EURUSD,sell,2021-08-29T15:00:00+00:00,2021-08-31T03:00:00+00:00,1.17875,1.18186,1.18146,1.17438,0.1121,-0.00035,
EURUSD,buy,2021-08-29T21:00:00+00:00,2021-08-31T05:00:00+00:00,1.17988,1.18224,1.17717,1.18425,0.0841,0.00020,
EURUSD,buy,2021-08-27T16:00:00+00:00,2021-08-31T06:00:00+00:00,1.18039,1.18275,1.17768,1.18476,0.0840,0.00020,
EURUSD,buy,2021-08-29T21:00:00+00:00,2021-08-31T06:00:00+00:00,1.17988,1.18192,1.18232,1.18425,0.0280,0.00006,
EURUSD,buy,2021-08-27T16:00:00+00:00,2021-08-31T07:00:00+00:00,1.18039,1.18200,1.18240,1.18476,0.0280,0.00004,
EURUSD,sell,2021-09-01T08:00:00+00:00,2021-09-01T12:00:00+00:00,1.18103,1.18415,1.18374,1.17665,0.1126,-0.00035,
EURUSD,buy,2021-09-01T12:00:00+00:00,2021-09-02T14:00:00+00:00,1.18413,1.18649,1.18140,1.18851,0.0831,0.00020,
EURUSD,buy,2021-09-01T12:00:00+00:00,2021-09-02T15:00:00+00:00,1.18413,1.18529,1.18570,1.18851,0.0277,0.00003,
EURUSD,buy,2021-09-05T21:00:00+00:00,2021-09-06T09:00:00+00:00,1.18837,1.18523,1.18563,1.19276,0.1114,-0.00035,
EURUSD,sell,2021-09-04T15:00:00+00:00,2021-09-07T13:00:00+00:00,1.18737,1.18500,1.19011,1.18298,0.0836,0.00020,
EURUSD,sell,2021-09-04T15:00:00+00:00,2021-09-07T14:00:00+00:00,1.18737,1.18619,1.18578,1.18298,0.0279,0.00003,
EURUSD,sell,2021-09-06T04:00:00+00:00,2021-09-07T14:00:00+00:00,1.18655,1.18418,1.18928,1.18216,0.0836,0.00020,
EURUSD,sell,2021-09-06T04:00:00+00:00,2021-09-07T15:00:00+00:00,1.18655,1.18542,1.18501,1.18216,0.0279,0.00003,
EURUSD,buy,2021-09-10T00:00:00+00:00,2021-09-13T04:00:00+00:00,1.18275,1.17963,1.18004,1.18713,0.1124,-0.00035,
EURUSD,buy,2021-09-12T21:00:00+00:00,2021-09-13T05:00:00+00:00,1.18174,1.17862,1.17903,1.18612,0.1125,-0.00035,
EURUSD,sell,2021-09-11T00:00:00+00:00,2021-09-13T06:00:00+00:00,1.18066,1.17829,1.18337,1.17629,0.0844,0.00020,
EURUSD,sell,2021-09-11T00:00:00+00:00,2021-09-13T07:00:00+00:00,1.18066,1.17917,1.17877,1.17629,0.0281,0.00004,
EURUSD,sell,2021-09-13T01:00:00+00:00,2021-09-13T11:00:00+00:00,1.17993,1.17756,1.18264,1.17556,0.0845,0.00020,
EURUSD,sell,2021-09-13T01:00:00+00:00,2021-09-13T12:00:00+00:00,1.17993,1.17815,1.17775,1.17556,0.0282,0.00005,
EURUSD,buy,2021-09-14T06:00:00+00:00,2021-09-14T12:00:00+00:00,1.18184,1.18421,1.17913,1.18622,0.0837,0.00020,
EURUSD,buy,2021-09-14T06:00:00+00:00,2021-09-14T12:00:00+00:00,1.18184,1.18144,1.18184,1.18622,0.0279,-0.00001,
EURUSD,buy,2021-09-15T20:00:00+00:00,2021-09-16T06:00:00+00:00,1.18195,1.17883,1.17924,1.18633,0.1124,-0.00035,
EURUSD,sell,2021-09-15T12:00:00+00:00,2021-09-16T07:00:00+00:00,1.18080,1.17843,1.18351,1.17643,0.0843,0.00020,
EURUSD,sell,2021-09-15T12:00:00+00:00,2021-09-16T08:00:00+00:00,1.18080,1.17884,1.17844,1.17643,0.0281,0.00005,
EURUSD,sell,2021-09-16T06:00:00+00:00,2021-09-16T12:00:00+00:00,1.17882,1.17646,1.18153,1.17445,0.0834,0.00020,
EURUSD,sell,2021-09-16T06:00:00+00:00,2021-09-16T13:00:00+00:00,1.17882,1.17655,1.17615,1.17445,0.0278,0.00006,
EURUSD,buy,2021-09-19T21:00:00+00:00,2021-09-20T09:00:00+00:00,1.17306,1.16996,1.17036,1.17740,0.1139,-0.00035,
EURUSD,sell,2021-09-20T02:00:00+00:00,2021-09-20T15:00:00+00:00,1.17088,1.17397,1.17357,1.16655,0.1141,-0.00035,
EURUSD,buy,2021-09-21T03:00:00+00:00,2021-09-22T18:00:00+00:00,1.17354,1.17044,1.17084,1.17788,0.1109,-0.00034,
EURUSD,sell,2021-09-22T08:00:00+00:00,2021-09-22T18:00:00+00:00,1.17307,1.17072,1.17577,1.16873,0.0831,0.00020,
EURUSD,sell,2021-09-22T08:00:00+00:00,2021-09-22T18:00:00+00:00,1.17307,1.17347,1.17307,1.16873,0.0277,-0.00001,
EURUSD,buy,2021-09-23T19:00:00+00:00,2021-09-24T11:00:00+00:00,1.17455,1.17145,1.17185,1.17890,0.1101,-0.00034,
EURUSD,buy,2021-09-26T10:00:00+00:00,2021-09-27T07:00:00+00:00,1.17216,1.16907,1.16947,1.17650,0.1089,-0.00034,
EURUSD,sell,2021-09-24T23:00:00+00:00,2021-09-27T08:00:00+00:00,1.17146,1.16911,1.17415,1.16712,0.0817,0.00019,
EURUSD,sell,2021-09-24T23:00:00+00:00,2021-09-27T09:00:00+00:00,1.17146,1.17019,1.16979,1.16712,0.0272,0.00003,
EURUSD,sell,2021-09-27T07:00:00+00:00,2021-09-29T07:00:00+00:00,1.16909,1.16675,1.17178,1.16476,0.0807,0.00019,
EURUSD,sell,2021-09-27T07:00:00+00:00,2021-09-29T08:00:00+00:00,1.16909,1.16759,1.16719,1.16476,0.0269,0.00004,
EURUSD,sell,2021-10-03T07:00:00+00:00,2021-10-04T08:00:00+00:00,1.15888,1.16195,1.16155,1.15459,0.1106,-0.00034,
EURUSD,buy,2021-10-01T21:00:00+00:00,2021-10-04T11:00:00+00:00,1.15958,1.16190,1.15691,1.16387,0.0829,0.00019,
EURUSD,buy,2021-10-03T21:00:00+00:00,2021-10-04T11:00:00+00:00,1.15987,1.16219,1.15720,1.16416,0.0829,0.00019,
EURUSD,buy,2021-10-01T21:00:00+00:00,2021-10-04T12:00:00+00:00,1.15958,1.16273,1.16313,1.16387,0.0276,0.00009,
EURUSD,buy,2021-10-03T21:00:00+00:00,2021-10-04T12:00:00+00:00,1.15987,1.16273,1.16313,1.16416,0.0276,0.00008,
EURUSD,sell,2021-10-05T14:00:00+00:00,2021-10-06T07:00:00+00:00,1.15886,1.15654,1.16153,1.15457,0.0836,0.00019,
EURUSD,sell,2021-10-05T14:00:00+00:00,2021-10-06T08:00:00+00:00,1.15886,1.15645,1.15605,1.15457,0.0279,0.00007,
EURUSD,buy,2021-10-08T04:00:00+00:00,2021-10-08T12:00:00+00:00,1.15516,1.15747,1.15250,1.15943,0.0848,0.00020,
EURUSD,buy,2021-10-08T04:00:00+00:00,2021-10-08T13:00:00+00:00,1.15516,1.15568,1.15608,1.15943,0.0283,0.00001,
EURUSD,buy,2021-10-11T06:00:00+00:00,2021-10-11T09:00:00+00:00,1.15864,1.15558,1.15597,1.16292,0.1136,-0.00035,
EURUSD,sell,2021-10-11T09:00:00+00:00,2021-10-11T13:00:00+00:00,1.15518,1.15824,1.15784,1.15091,0.1124,-0.00034,
EURUSD,buy,2021-10-10T20:00:00+00:00,2021-10-11T20:00:00+00:00,1.15756,1.15450,1.15490,1.16184,0.1137,-0.00035,
EURUSD,sell,2021-10-10T19:00:00+00:00,2021-10-12T12:00:00+00:00,1.15686,1.15455,1.15952,1.15258,0.0853,0.00020,
EURUSD,sell,2021-10-10T21:00:00+00:00,2021-10-12T12:00:00+00:00,1.15680,1.15449,1.15946,1.15252,0.0853,0.00020,
EURUSD,sell,2021-10-10T19:00:00+00:00,2021-10-12T13:00:00+00:00,1.15686,1.15519,1.15479,1.15258,0.0284,0.00005,
EURUSD,sell,2021-10-10T21:00:00+00:00,2021-10-12T13:00:00+00:00,1.15680,1.15519,1.15479,1.15252,0.0284,0.00005,
EURUSD,buy,2021-10-13T16:00:00+00:00,2021-10-14T07:00:00+00:00,1.15814,1.16045,1.15547,1.16242,0.0835,0.00019,
EURUSD,buy,2021-10-13T16:00:00+00:00,2021-10-14T08:00:00+00:00,1.15814,1.16026,1.16066,1.16242,0.0278,0.00006,
EURUSD,buy,2021-10-17T13:00:00+00:00,2021-10-18T06:00:00+00:00,1.16018,1.15711,1.15751,1.16447,0.1122,-0.00034,
EURUSD,buy,2021-10-17T21:00:00+00:00,2021-10-18T06:00:00+00:00,1.16029,1.15722,1.15762,1.16458,0.1122,-0.00034,
EURUSD,sell,2021-10-18T00:00:00+00:00,2021-10-18T12:00:00+00:00,1.15805,1.16112,1.16072,1.15377,0.1123,-0.00034,
EURUSD,sell,2021-10-16T03:00:00+00:00,2021-10-18T16:00:00+00:00,1.15948,1.16255,1.16215,1.15519,0.1122,-0.00034,
EURUSD,sell,2021-10-17T14:00:00+00:00,2021-10-18T16:00:00+00:00,1.15948,1.16255,1.16215,1.15519,0.1122,-0.00034,
EURUSD,buy,2021-10-18T22:00:00+00:00,2021-10-19T02:00:00+00:00,1.16135,1.16367,1.15868,1.16564,0.0785,0.00018,
EURUSD,buy,2021-10-18T22:00:00+00:00,2021-10-19T03:00:00+00:00,1.16135,1.16351,1.16391,1.16564,0.0262,0.00006,
EURUSD,sell,2021-10-21T21:00:00+00:00,2021-10-22T14:00:00+00:00,1.16221,1.16528,1.16489,1.15791,0.1055,-0.00032,
EURUSD,sell,2021-10-24T19:00:00+00:00,2021-10-25T03:00:00+00:00,1.16360,1.16668,1.16628,1.15929,0.1040,-0.00032,
EURUSD,buy,2021-10-24T22:00:00+00:00,2021-10-25T10:00:00+00:00,1.16481,1.16173,1.16213,1.16912,0.1040,-0.00032,
EURUSD,buy,2021-10-23T01:00:00+00:00,2021-10-25T11:00:00+00:00,1.16430,1.16122,1.16162,1.16861,0.1040,-0.00032,
EURUSD,sell,2021-10-25T13:00:00+00:00,2021-10-28T12:00:00+00:00,1.16080,1.16387,1.16347,1.15651,0.1001,-0.00031,
EURUSD,buy,2021-10-27T21:00:00+00:00,2021-10-28T12:00:00+00:00,1.16052,1.16284,1.15785,1.16481,0.0752,0.00017,
EURUSD,buy,2021-10-27T21:00:00+00:00,2021-10-28T12:00:00+00:00,1.16052,1.16012,1.16052,1.16481,0.0251,-0.00001,
EURUSD,sell,2021-10-31T17:00:00+00:00,2021-11-01T11:00:00+00:00,1.15494,1.15800,1.15760,1.15067,0.1000,-0.00031,
EURUSD,sell,2021-10-29T19:00:00+00:00,2021-11-01T14:00:00+00:00,1.15558,1.15864,1.15824,1.15131,0.1000,-0.00031,
EURUSD,buy,2021-10-31T16:00:00+00:00,2021-11-01T14:00:00+00:00,1.15564,1.15795,1.15298,1.15991,0.0750,0.00017,
EURUSD,buy,2021-10-31T16:00:00+00:00,2021-11-01T15:00:00+00:00,1.15564,1.15759,1.15799,1.15991,0.0250,0.00005,
EURUSD,buy,2021-10-31T21:00:00+00:00,2021-11-01T15:00:00+00:00,1.15663,1.15894,1.15397,1.16091,0.0750,0.00017,
EURUSD,buy,2021-10-31T21:00:00+00:00,2021-11-01T16:00:00+00:00,1.15663,1.15817,1.15857,1.16091,0.0250,0.00004,
EURUSD,sell,2021-11-03T04:00:00+00:00,2021-11-03T18:00:00+00:00,1.15800,1.16106,1.16067,1.15372,0.0990,-0.00030,
EURUSD,buy,2021-11-03T23:00:00+00:00,2021-11-04T04:00:00+00:00,1.16187,1.15880,1.15920,1.16617,0.0974,-0.00030,
EURUSD,sell,2021-11-04T14:00:00+00:00,2021-11-05T12:00:00+00:00,1.15409,1.15178,1.15675,1.14982,0.0725,0.00017,
EURUSD,sell,2021-11-04T14:00:00+00:00,2021-11-05T13:00:00+00:00,1.15409,1.15405,1.15365,1.14982,0.0242,0.00000,
EURUSD,sell,2021-11-08T01:00:00+00:00,2021-11-08T12:00:00+00:00,1.15514,1.15820,1.15780,1.15087,0.0974,-0.00030,
EURUSD,buy,2021-11-06T06:00:00+00:00,2021-11-08T15:00:00+00:00,1.15666,1.15897,1.15400,1.16094,0.0730,0.00017,
EURUSD,sell,2021-11-07T20:00:00+00:00,2021-11-08T15:00:00+00:00,1.15596,1.15902,1.15862,1.15168,0.0973,-0.00030,
EURUSD,sell,2021-11-07T22:00:00+00:00,2021-11-08T15:00:00+00:00,1.15585,1.15891,1.15851,1.15158,0.0973,-0.00030,
EURUSD,buy,2021-11-06T06:00:00+00:00,2021-11-08T16:00:00+00:00,1.15666,1.15806,1.15846,1.16094,0.0243,0.00003,
EURUSD,buy,2021-11-07T23:00:00+00:00,2021-11-09T04:00:00+00:00,1.15717,1.15948,1.15451,1.16145,0.0729,0.00017,
EURUSD,buy,2021-11-07T23:00:00+00:00,2021-11-09T05:00:00+00:00,1.15717,1.15927,1.15967,1.16145,0.0243,0.00005,
EURUSD,buy,2021-11-08T12:00:00+00:00,2021-11-09T05:00:00+00:00,1.15795,1.16026,1.15528,1.16223,0.0719,0.00017,
EURUSD,buy,2021-11-08T12:00:00+00:00,2021-11-09T06:00:00+00:00,1.15795,1.15929,1.15969,1.16223,0.0240,0.00003,
EURUSD,sell,2021-11-10T10:00:00+00:00,2021-11-10T13:00:00+00:00,1.15683,1.15452,1.15949,1.15255,0.0720,0.00017,
EURUSD,sell,2021-11-10T10:00:00+00:00,2021-11-10T14:00:00+00:00,1.15683,1.15684,1.15644,1.15255,0.0240,-0.00000,
EURUSD,buy,2021-11-14T22:00:00+00:00,2021-11-15T15:00:00+00:00,1.14463,1.14161,1.14200,1.14887,0.0979,-0.00030,
EURUSD,sell,2021-11-15T18:00:00+00:00,2021-11-16T10:00:00+00:00,1.13811,1.13583,1.14073,1.13390,0.0728,0.00017,
EURUSD,sell,2021-11-15T18:00:00+00:00,2021-11-16T11:00:00+00:00,1.13811,1.13671,1.13632,1.13390,0.0243,0.00003,
EURUSD,buy,2021-11-18T11:00:00+00:00,2021-11-18T17:00:00+00:00,1.13476,1.13703,1.13215,1.13896,0.0737,0.00017,
EURUSD,buy,2021-11-18T11:00:00+00:00,2021-11-18T18:00:00+00:00,1.13476,1.13629,1.13668,1.13896,0.0246,0.00004,
EURUSD,sell,2021-11-19T16:00:00+00:00,2021-11-19T18:00:00+00:00,1.13149,1.12923,1.13409,1.12730,0.0746,0.00017,
EURUSD,sell,2021-11-19T16:00:00+00:00,2021-11-19T19:00:00+00:00,1.13149,1.12958,1.12919,1.12730,0.0249,0.00005,
EURUSD,buy,2021-11-21T22:00:00+00:00,2021-11-22T07:00:00+00:00,1.12887,1.12589,1.12627,1.13304,0.1007,-0.00030,
EURUSD,sell,2021-11-22T01:00:00+00:00,2021-11-22T14:00:00+00:00,1.12690,1.12465,1.12949,1.12273,0.0756,0.00017,
EURUSD,sell,2021-11-22T01:00:00+00:00,2021-11-22T14:00:00+00:00,1.12690,1.12729,1.12690,1.12273,0.0252,-0.00001,
EURUSD,buy,2021-11-26T02:00:00+00:00,2021-11-26T08:00:00+00:00,1.12269,1.12493,1.12011,1.12684,0.0755,0.00017,
EURUSD,buy,2021-11-26T02:00:00+00:00,2021-11-26T08:00:00+00:00,1.12269,1.12650,1.12269,1.12684,0.0252,0.00010,
EURUSD,sell,2021-11-28T15:00:00+00:00,2021-11-29T02:00:00+00:00,1.13037,1.12811,1.13297,1.12619,0.0758,0.00017,
EURUSD,sell,2021-11-28T15:00:00+00:00,2021-11-29T03:00:00+00:00,1.13037,1.12878,1.12839,1.12619,0.0253,0.00004,
EURUSD,buy,2021-11-30T09:00:00+00:00,2021-11-30T15:00:00+00:00,1.13668,1.13368,1.13407,1.14089,0.1015,-0.00030,
EURUSD,sell,2021-12-02T01:00:00+00:00,2021-12-02T17:00:00+00:00,1.13248,1.13021,1.13509,1.12829,0.0753,0.00017,
EURUSD,sell,2021-12-02T01:00:00+00:00,2021-12-02T18:00:00+00:00,1.13248,1.13078,1.13039,1.12829,0.0251,0.00004,
EURUSD,buy,2021-12-02T16:00:00+00:00,2021-12-03T06:00:00+00:00,1.13112,1.12813,1.12852,1.13530,0.1006,-0.00030,
EURUSD,sell,2021-12-02T17:00:00+00:00,2021-12-03T13:00:00+00:00,1.12989,1.13288,1.13249,1.12571,0.1014,-0.00030,
EURUSD,buy,2021-12-04T08:00:00+00:00,2021-12-06T01:00:00+00:00,1.13151,1.12852,1.12891,1.13569,0.0989,-0.00030,
EURUSD,buy,2021-12-05T20:00:00+00:00,2021-12-06T01:00:00+00:00,1.13151,1.12852,1.12891,1.13569,0.0989,-0.00030,
EURUSD,sell,2021-12-05T17:00:00+00:00,2021-12-06T05:00:00+00:00,1.13083,1.12857,1.13343,1.12665,0.0741,0.00017,
EURUSD,sell,2021-12-05T17:00:00+00:00,2021-12-06T06:00:00+00:00,1.13083,1.12902,1.12863,1.12665,0.0247,0.00004,
EURUSD,sell,2021-12-05T22:00:00+00:00,2021-12-06T07:00:00+00:00,1.13052,1.12826,1.13312,1.12634,0.0742,0.00017,
EURUSD,sell,2021-12-05T22:00:00+00:00,2021-12-06T08:00:00+00:00,1.13052,1.12921,1.12882,1.12634,0.0247,0.00003,
EURUSD,buy,2021-12-08T12:00:00+00:00,2021-12-08T15:00:00+00:00,1.12944,1.13170,1.12684,1.13362,0.0737,0.00017,
EURUSD,buy,2021-12-08T12:00:00+00:00,2021-12-08T16:00:00+00:00,1.12944,1.13211,1.13250,1.13362,0.0246,0.00007,
EURUSD,sell,2021-12-09T23:00:00+00:00,2021-12-10T16:00:00+00:00,1.12902,1.13201,1.13162,1.12484,0.0992,-0.00030,
EURUSD,buy,2021-12-11T05:00:00+00:00,2021-12-13T06:00:00+00:00,1.13180,1.12881,1.12920,1.13599,0.0978,-0.00029,
EURUSD,sell,2021-12-12T17:00:00+00:00,2021-12-13T06:00:00+00:00,1.13112,1.12886,1.13372,1.12693,0.0733,0.00017,
EURUSD,buy,2021-12-12T19:00:00+00:00,2021-12-13T06:00:00+00:00,1.13180,1.12881,1.12920,1.13599,0.0978,-0.00029,
EURUSD,sell,2021-12-12T21:00:00+00:00,2021-12-13T06:00:00+00:00,1.13112,1.12886,1.13372,1.12693,0.0733,0.00017,
EURUSD,sell,2021-12-12T17:00:00+00:00,2021-12-13T07:00:00+00:00,1.13112,1.12955,1.12916,1.12693,0.0244,0.00004,
EURUSD,sell,2021-12-12T21:00:00+00:00,2021-12-13T07:00:00+00:00,1.13112,1.12955,1.12916,1.12693,0.0244,0.00004,
EURUSD,buy,2021-12-16T05:00:00+00:00,2021-12-16T08:00:00+00:00,1.12889,1.13114,1.12629,1.13306,0.0729,0.00016,
EURUSD,buy,2021-12-16T05:00:00+00:00,2021-12-16T09:00:00+00:00,1.12889,1.13077,1.13116,1.13306,0.0243,0.00005,
EURUSD,sell,2021-12-17T20:00:00+00:00,2021-12-20T07:00:00+00:00,1.12333,1.12631,1.12592,1.11918,0.0986,-0.00029,
EURUSD,buy,2021-12-19T21:00:00+00:00,2021-12-20T08:00:00+00:00,1.12404,1.12628,1.12145,1.12819,0.0739,0.00017,
EURUSD,buy,2021-12-19T21:00:00+00:00,2021-12-20T09:00:00+00:00,1.12404,1.12460,1.12499,1.12819,0.0246,0.00001,
EURUSD,sell,2021-12-22T06:00:00+00:00,2021-12-22T10:00:00+00:00,1.12632,1.12930,1.12891,1.12215,0.0978,-0.00029,
EURUSD,buy,2021-12-22T13:00:00+00:00,2021-12-22T16:00:00+00:00,1.13151,1.13377,1.12891,1.13569,0.0721,0.00016,
EURUSD,buy,2021-12-22T13:00:00+00:00,2021-12-22T17:00:00+00:00,1.13151,1.13187,1.13226,1.13569,0.0240,0.00001,
EURUSD,sell,2021-12-24T16:00:00+00:00,2021-12-27T08:00:00+00:00,1.13077,1.13376,1.13337,1.12659,0.0969,-0.00029,
EURUSD,buy,2021-12-26T23:00:00+00:00,2021-12-28T14:00:00+00:00,1.13265,1.12966,1.13005,1.13684,0.0968,-0.00029,
EURUSD,sell,2021-12-28T20:00:00+00:00,2021-12-29T08:00:00+00:00,1.13081,1.12855,1.13341,1.12663,0.0708,0.00016,
EURUSD,sell,2021-12-28T20:00:00+00:00,2021-12-29T09:00:00+00:00,1.13081,1.12915,1.12876,1.12663,0.0236,0.00004,
EURUSD,buy,2021-12-29T22:00:00+00:00,2021-12-30T05:00:00+00:00,1.13507,1.13207,1.13246,1.13927,0.0949,-0.00028,
EURUSD,sell,2021-12-30T23:00:00+00:00,2021-12-31T13:00:00+00:00,1.13188,1.13487,1.13448,1.12769,0.0939,-0.00028,
EURUSD,buy,2021-12-31T17:00:00+00:00,2022-01-03T00:00:00+00:00,1.13896,1.13595,1.13634,1.14317,0.0921,-0.00028,
EURUSD,buy,2022-01-02T22:00:00+00:00,2022-01-03T01:00:00+00:00,1.13763,1.13462,1.13502,1.14184,0.0922,-0.00028,
EURUSD,sell,2022-01-02T14:00:00+00:00,2022-01-03T05:00:00+00:00,1.13633,1.13405,1.13894,1.13212,0.0692,0.00016,
EURUSD,sell,2022-01-02T14:00:00+00:00,2022-01-03T06:00:00+00:00,1.13633,1.13450,1.13411,1.13212,0.0231,0.00004,
EURUSD,sell,2022-01-03T01:00:00+00:00,2022-01-03T14:00:00+00:00,1.13550,1.13323,1.13811,1.13130,0.0674,0.00015,
EURUSD,sell,2022-01-03T01:00:00+00:00,2022-01-03T14:00:00+00:00,1.13550,1.13164,1.13550,1.13130,0.0225,0.00009,
EURUSD,buy,2022-01-05T14:00:00+00:00,2022-01-05T19:00:00+00:00,1.13391,1.13091,1.13130,1.13810,0.0920,-0.00028,
EURUSD,sell,2022-01-06T20:00:00+00:00,2022-01-07T08:00:00+00:00,1.12876,1.13175,1.13136,1.12458,0.0912,-0.00027,
EURUSD,buy,2022-01-07T17:00:00+00:00,2022-01-10T03:00:00+00:00,1.13600,1.13300,1.13339,1.14020,0.0894,-0.00027,
EURUSD,sell,2022-01-09T18:00:00+00:00,2022-01-10T06:00:00+00:00,1.13559,1.13332,1.13820,1.13139,0.0671,0.00015,
EURUSD,sell,2022-01-09T18:00:00+00:00,2022-01-10T07:00:00+00:00,1.13559,1.13391,1.13352,1.13139,0.0224,0.00004,
EURUSD,buy,2022-01-11T17:00:00+00:00,2022-01-12T13:00:00+00:00,1.13575,1.13802,1.13314,1.13995,0.0668,0.00015,
EURUSD,buy,2022-01-11T17:00:00+00:00,2022-01-12T13:00:00+00:00,1.13575,1.13961,1.13575,1.13995,0.0223,0.00009,
EURUSD,sell,2022-01-14T18:00:00+00:00,2022-01-17T08:00:00+00:00,1.14062,1.14363,1.14324,1.13640,0.0897,-0.00027,
EURUSD,buy,2022-01-16T22:00:00+00:00,2022-01-17T13:00:00+00:00,1.14188,1.13887,1.13926,1.14611,0.0897,-0.00027,
EURUSD,sell,2022-01-18T03:00:00+00:00,2022-01-18T14:00:00+00:00,1.13891,1.13663,1.14153,1.13469,0.0656,0.00015,
EURUSD,sell,2022-01-18T03:00:00+00:00,2022-01-18T15:00:00+00:00,1.13891,1.13710,1.13671,1.13469,0.0219,0.00004,
EURUSD,buy,2022-01-20T07:00:00+00:00,2022-01-20T11:00:00+00:00,1.13631,1.13331,1.13370,1.14051,0.0886,-0.00027,
EURUSD,sell,2022-01-20T22:00:00+00:00,2022-01-21T02:00:00+00:00,1.13087,1.13386,1.13347,1.12669,0.0878,-0.00026,
EURUSD,buy,2022-01-21T21:00:00+00:00,2022-01-24T05:00:00+00:00,1.13452,1.13152,1.13191,1.13872,0.0864,-0.00026,
EURUSD,buy,2022-01-23T20:00:00+00:00,2022-01-24T05:00:00+00:00,1.13452,1.13152,1.13191,1.13872,0.0864,-0.00026,
EURUSD,sell,2022-01-23T09:00:00+00:00,2022-01-24T08:00:00+00:00,1.13384,1.13157,1.13645,1.12964,0.0648,0.00015,
EURUSD,sell,2022-01-23T22:00:00+00:00,2022-01-24T08:00:00+00:00,1.13375,1.13148,1.13636,1.12955,0.0648,0.00015,
EURUSD,sell,2022-01-23T09:00:00+00:00,2022-01-24T09:00:00+00:00,1.13384,1.13361,1.13322,1.12964,0.0216,0.00000,
EURUSD,sell,2022-01-23T22:00:00+00:00,2022-01-24T09:00:00+00:00,1.13375,1.13361,1.13322,1.12955,0.0216,0.00000,
EURUSD,buy,2022-01-30T23:00:00+00:00,2022-01-31T08:00:00+00:00,1.11552,1.11775,1.11296,1.11965,0.0652,0.00015,
EURUSD,buy,2022-01-30T23:00:00+00:00,2022-01-31T09:00:00+00:00,1.11552,1.11621,1.11659,1.11965,0.0217,0.00001,
EURUSD,buy,2022-02-06T22:00:00+00:00,2022-02-07T02:00:00+00:00,1.14597,1.14295,1.14334,1.15021,0.0853,-0.00026,
EURUSD,buy,2022-02-06T13:00:00+00:00,2022-02-07T03:00:00+00:00,1.14511,1.14209,1.14248,1.14935,0.0853,-0.00026,
EURUSD,sell,2022-02-05T16:00:00+00:00,2022-02-07T09:00:00+00:00,1.14443,1.14214,1.14706,1.14019,0.0640,0.00015,
EURUSD,sell,2022-02-06T16:00:00+00:00,2022-02-07T09:00:00+00:00,1.14443,1.14214,1.14706,1.14019,0.0640,0.00015,
EURUSD,sell,2022-02-05T16:00:00+00:00,2022-02-07T10:00:00+00:00,1.14443,1.14345,1.14306,1.14019,0.0213,0.00002,
EURUSD,sell,2022-02-06T16:00:00+00:00,2022-02-07T10:00:00+00:00,1.14443,1.14345,1.14306,1.14019,0.0213,0.00002,
EURUSD,sell,2022-02-07T02:00:00+00:00,2022-02-07T12:00:00+00:00,1.14243,1.14545,1.14506,1.13820,0.0843,-0.00025,
EURUSD,buy,2022-02-09T16:00:00+00:00,2022-02-10T13:00:00+00:00,1.14376,1.14074,1.14113,1.14799,0.0835,-0.00025,
EURUSD,sell,2022-02-11T05:00:00+00:00,2022-02-11T12:00:00+00:00,1.13831,1.14132,1.14093,1.13410,0.0828,-0.00025,
EURUSD,sell,2022-02-13T22:00:00+00:00,2022-02-13T23:00:00+00:00,1.13386,1.13686,1.13647,1.12966,0.0820,-0.00025,
EURUSD,buy,2022-02-13T23:00:00+00:00,2022-02-14T02:00:00+00:00,1.13677,1.13377,1.13416,1.14098,0.0807,-0.00024,
EURUSD,buy,2022-02-13T19:00:00+00:00,2022-02-14T08:00:00+00:00,1.13497,1.13197,1.13236,1.13917,0.0820,-0.00025,
EURUSD,sell,2022-02-14T08:00:00+00:00,2022-02-14T12:00:00+00:00,1.13058,1.13357,1.13318,1.12640,0.0790,-0.00024,
EURUSD,buy,2022-02-15T17:00:00+00:00,2022-02-16T08:00:00+00:00,1.13621,1.13848,1.13360,1.14041,0.0582,0.00013,
EURUSD,buy,2022-02-15T17:00:00+00:00,2022-02-16T09:00:00+00:00,1.13621,1.13691,1.13730,1.14041,0.0194,0.00001,
EURUSD,sell,2022-02-17T17:00:00+00:00,2022-02-18T15:00:00+00:00,1.13557,1.13330,1.13818,1.13137,0.0587,0.00013,
EURUSD,sell,2022-02-17T17:00:00+00:00,2022-02-18T16:00:00+00:00,1.13557,1.13461,1.13422,1.13137,0.0196,0.00002,
EURUSD,buy,2022-02-21T00:00:00+00:00,2022-02-21T03:00:00+00:00,1.13359,1.13586,1.13098,1.13778,0.0593,0.00013,
EURUSD,buy,2022-02-21T00:00:00+00:00,2022-02-21T04:00:00+00:00,1.13359,1.13543,1.13582,1.13778,0.0198,0.00004,
EURUSD,sell,2022-02-22T03:00:00+00:00,2022-02-22T08:00:00+00:00,1.12888,1.13187,1.13148,1.12470,0.0801,-0.00024,
EURUSD,buy,2022-02-23T03:00:00+00:00,2022-02-23T09:00:00+00:00,1.13291,1.13517,1.13030,1.13710,0.0591,0.00013,
EURUSD,buy,2022-02-23T03:00:00+00:00,2022-02-23T10:00:00+00:00,1.13291,1.13459,1.13498,1.13710,0.0197,0.00003,
EURUSD,sell,2022-02-24T00:00:00+00:00,2022-02-24T03:00:00+00:00,1.12726,1.12501,1.12986,1.12309,0.0599,0.00014,
EURUSD,sell,2022-02-24T00:00:00+00:00,2022-02-24T03:00:00+00:00,1.12726,1.12765,1.12726,1.12309,0.0200,-0.00001,
EURUSD,buy,2022-02-25T20:00:00+00:00,2022-02-27T22:00:00+00:00,1.12690,1.12392,1.12431,1.13107,0.0806,-0.00024,
EURUSD,sell,2022-02-27T22:00:00+00:00,2022-02-27T23:00:00+00:00,1.11469,1.11764,1.11725,1.11056,0.0803,-0.00024,
EURUSD,buy,2022-03-06T12:00:00+00:00,2022-03-06T23:00:00+00:00,1.09344,1.09055,1.09092,1.09748,0.0808,-0.00023,
EURUSD,sell,2022-03-06T21:00:00+00:00,2022-03-06T23:00:00+00:00,1.09278,1.09059,1.09530,1.08874,0.0606,0.00013,
EURUSD,sell,2022-03-06T21:00:00+00:00,2022-03-06T23:00:00+00:00,1.09278,1.08906,1.09278,1.08874,0.0202,0.00008,
EURUSD,buy,2022-03-08T17:00:00+00:00,2022-03-08T18:00:00+00:00,1.09453,1.09163,1.09201,1.09858,0.0806,-0.00023,
EURUSD,sell,2022-03-11T03:00:00+00:00,2022-03-11T08:00:00+00:00,1.10010,1.09790,1.10263,1.09603,0.0593,0.00013,
EURUSD,sell,2022-03-11T03:00:00+00:00,2022-03-11T09:00:00+00:00,1.10010,1.09896,1.09858,1.09603,0.0198,0.00002,
EURUSD,buy,2022-03-13T18:00:00+00:00,2022-03-13T23:00:00+00:00,1.09132,1.09350,1.08881,1.09535,0.0604,0.00013,
EURUSD,buy,2022-03-13T18:00:00+00:00,2022-03-14T00:00:00+00:00,1.09132,1.09218,1.09256,1.09535,0.0201,0.00002,
EURUSD,sell,2022-03-16T08:00:00+00:00,2022-03-16T10:00:00+00:00,1.09874,1.10165,1.10127,1.09467,0.0806,-0.00023,
EURUSD,buy,2022-03-16T12:00:00+00:00,2022-03-16T14:00:00+00:00,1.09924,1.10144,1.09671,1.10331,0.0597,0.00013,
EURUSD,buy,2022-03-16T12:00:00+00:00,2022-03-16T14:00:00+00:00,1.09924,1.09886,1.09924,1.10331,0.0199,-0.00001,
EURUSD,sell,2022-03-20T22:00:00+00:00,2022-03-21T09:00:00+00:00,1.10413,1.10705,1.10667,1.10004,0.0797,-0.00023,
EURUSD,buy,2022-03-20T08:00:00+00:00,2022-03-21T11:00:00+00:00,1.10525,1.10233,1.10271,1.10934,0.0797,-0.00023,
EURUSD,buy,2022-03-20T21:00:00+00:00,2022-03-21T11:00:00+00:00,1.10543,1.10251,1.10289,1.10952,0.0797,-0.00023,
EURUSD,sell,2022-03-18T20:00:00+00:00,2022-03-21T17:00:00+00:00,1.10459,1.10238,1.10713,1.10050,0.0598,0.00013,
EURUSD,sell,2022-03-20T15:00:00+00:00,2022-03-21T17:00:00+00:00,1.10459,1.10238,1.10713,1.10050,0.0598,0.00013,
EURUSD,sell,2022-03-18T20:00:00+00:00,2022-03-21T18:00:00+00:00,1.10459,1.10346,1.10308,1.10050,0.0199,0.00002,
EURUSD,sell,2022-03-20T15:00:00+00:00,2022-03-21T18:00:00+00:00,1.10459,1.10346,1.10308,1.10050,0.0199,0.00002,
EURUSD,buy,2022-03-23T04:00:00+00:00,2022-03-23T09:00:00+00:00,1.10307,1.10015,1.10053,1.10715,0.0781,-0.00023,
EURUSD,sell,2022-03-23T17:00:00+00:00,2022-03-24T05:00:00+00:00,1.10024,1.09804,1.10277,1.09617,0.0579,0.00013,
EURUSD,sell,2022-03-23T17:00:00+00:00,2022-03-24T06:00:00+00:00,1.10024,1.09898,1.09860,1.09617,0.0193,0.00002,
EURUSD,buy,2022-03-25T04:00:00+00:00,2022-03-25T09:00:00+00:00,1.10351,1.10059,1.10097,1.10759,0.0777,-0.00023,
EURUSD,buy,2022-03-27T21:00:00+00:00,2022-03-28T01:00:00+00:00,1.09871,1.09580,1.09618,1.10277,0.0770,-0.00022,
EURUSD,sell,2022-03-26T01:00:00+00:00,2022-03-28T02:00:00+00:00,1.09772,1.09552,1.10025,1.09366,0.0578,0.00013,
EURUSD,sell,2022-03-26T01:00:00+00:00,2022-03-28T03:00:00+00:00,1.09772,1.09627,1.09589,1.09366,0.0193,0.00003,
EURUSD,sell,2022-03-28T00:00:00+00:00,2022-03-28T08:00:00+00:00,1.09673,1.09963,1.09925,1.09267,0.0771,-0.00022,
EURUSD,buy,2022-03-29T01:00:00+00:00,2022-03-29T09:00:00+00:00,1.09953,1.10173,1.09700,1.10360,0.0567,0.00012,
EURUSD,buy,2022-03-29T01:00:00+00:00,2022-03-29T09:00:00+00:00,1.09953,1.09915,1.09953,1.10360,0.0189,-0.00001,
EURUSD,sell,2022-03-31T19:00:00+00:00,2022-04-01T14:00:00+00:00,1.10607,1.10385,1.10861,1.10197,0.0567,0.00013,
EURUSD,sell,2022-03-31T19:00:00+00:00,2022-04-01T15:00:00+00:00,1.10607,1.10484,1.10446,1.10197,0.0189,0.00002,
EURUSD,buy,2022-04-03T12:00:00+00:00,2022-04-04T08:00:00+00:00,1.10460,1.10168,1.10206,1.10869,0.0765,-0.00022,
EURUSD,buy,2022-04-04T00:00:00+00:00,2022-04-04T08:00:00+00:00,1.10523,1.10231,1.10269,1.10932,0.0764,-0.00022,
EURUSD,sell,2022-04-03T19:00:00+00:00,2022-04-04T09:00:00+00:00,1.10394,1.10173,1.10648,1.09985,0.0573,0.00013,
EURUSD,sell,2022-04-03T19:00:00+00:00,2022-04-04T10:00:00+00:00,1.10394,1.10177,1.10139,1.09985,0.0191,0.00004,
EURUSD,sell,2022-04-04T09:00:00+00:00,2022-04-04T14:00:00+00:00,1.10064,1.09844,1.10317,1.09657,0.0564,0.00012,
EURUSD,sell,2022-04-04T09:00:00+00:00,2022-04-04T15:00:00+00:00,1.10064,1.10021,1.09983,1.09657,0.0188,0.00001,
EURUSD,buy,2022-04-09T13:00:00+00:00,2022-04-10T21:00:00+00:00,1.08777,1.08994,1.08527,1.09179,0.0577,0.00013,
EURUSD,buy,2022-04-09T13:00:00+00:00,2022-04-10T21:00:00+00:00,1.08777,1.09146,1.08777,1.09179,0.0192,0.00007,
EURUSD,sell,2022-04-10T15:00:00+00:00,2022-04-10T21:00:00+00:00,1.08711,1.08999,1.08961,1.08309,0.0770,-0.00022,
EURUSD,buy,2022-04-10T21:00:00+00:00,2022-04-10T22:00:00+00:00,1.09117,1.08828,1.08866,1.09520,0.0766,-0.00022,
EURUSD,sell,2022-04-12T06:00:00+00:00,2022-04-12T12:00:00+00:00,1.08570,1.08858,1.08820,1.08169,0.0759,-0.00022,
EURUSD,buy,2022-04-13T23:00:00+00:00,2022-04-14T11:00:00+00:00,1.08983,1.08694,1.08732,1.09386,0.0747,-0.00022,
EURUSD,sell,2022-04-14T23:00:00+00:00,2022-04-18T03:00:00+00:00,1.08177,1.07960,1.08425,1.07776,0.0557,0.00012,
EURUSD,sell,2022-04-14T23:00:00+00:00,2022-04-18T04:00:00+00:00,1.08177,1.08002,1.07965,1.07776,0.0186,0.00003,
EURUSD,buy,2022-04-17T21:00:00+00:00,2022-04-18T08:00:00+00:00,1.08112,1.07826,1.07864,1.08512,0.0743,-0.00021,
EURUSD,sell,2022-04-18T04:00:00+00:00,2022-04-18T12:00:00+00:00,1.07891,1.08176,1.08139,1.07491,0.0751,-0.00021,
EURUSD,buy,2022-04-19T23:00:00+00:00,2022-04-20T03:00:00+00:00,1.07973,1.08189,1.07725,1.08373,0.0548,0.00012,
EURUSD,buy,2022-04-19T23:00:00+00:00,2022-04-20T04:00:00+00:00,1.07973,1.08111,1.08148,1.08373,0.0183,0.00003,
EURUSD,sell,2022-04-22T05:00:00+00:00,2022-04-22T07:00:00+00:00,1.08425,1.08208,1.08675,1.08024,0.0551,0.00012,
EURUSD,sell,2022-04-22T05:00:00+00:00,2022-04-22T08:00:00+00:00,1.08425,1.08149,1.08112,1.08024,0.0184,0.00005,
EURUSD,buy,2022-04-24T13:00:00+00:00,2022-04-25T04:00:00+00:00,1.07979,1.07694,1.07731,1.08379,0.0746,-0.00021,
EURUSD,sell,2022-04-25T04:00:00+00:00,2022-04-25T06:00:00+00:00,1.07709,1.07493,1.07956,1.07310,0.0553,0.00012,
EURUSD,sell,2022-04-25T04:00:00+00:00,2022-04-25T06:00:00+00:00,1.07709,1.07746,1.07709,1.07310,0.0184,-0.00001,
EURUSD,buy,2022-04-29T14:00:00+00:00,2022-04-29T17:00:00+00:00,1.05499,1.05709,1.05256,1.05889,0.0569,0.00012,
EURUSD,buy,2022-04-29T14:00:00+00:00,2022-04-29T17:00:00+00:00,1.05499,1.05462,1.05499,1.05889,0.0190,-0.00001,
EURUSD,buy,2022-05-01T21:00:00+00:00,2022-05-02T01:00:00+00:00,1.05485,1.05206,1.05242,1.05875,0.0764,-0.00021,
EURUSD,sell,2022-05-01T00:00:00+00:00,2022-05-02T05:00:00+00:00,1.05377,1.05166,1.05620,1.04987,0.0573,0.00012,
EURUSD,sell,2022-05-01T00:00:00+00:00,2022-05-02T06:00:00+00:00,1.05377,1.05248,1.05211,1.04987,0.0191,0.00002,
EURUSD,sell,2022-05-02T00:00:00+00:00,2022-05-02T06:00:00+00:00,1.05259,1.05538,1.05502,1.04870,0.0765,-0.00021,
EURUSD,buy,2022-05-03T19:00:00+00:00,2022-05-04T12:00:00+00:00,1.05281,1.05491,1.05039,1.05670,0.0564,0.00012,
EURUSD,buy,2022-05-03T19:00:00+00:00,2022-05-04T12:00:00+00:00,1.05281,1.05244,1.05281,1.05670,0.0188,-0.00001,
EURUSD,sell,2022-05-05T23:00:00+00:00,2022-05-06T06:00:00+00:00,1.05362,1.05152,1.05605,1.04972,0.0567,0.00012,
EURUSD,sell,2022-05-05T23:00:00+00:00,2022-05-06T06:00:00+00:00,1.05362,1.05004,1.05362,1.04972,0.0189,0.00007,
EURUSD,buy,2022-05-07T03:00:00+00:00,2022-05-09T00:00:00+00:00,1.05484,1.05205,1.05241,1.05874,0.0765,-0.00021,
EURUSD,sell,2022-05-07T19:00:00+00:00,2022-05-09T01:00:00+00:00,1.05420,1.05209,1.05663,1.05030,0.0574,0.00012,
EURUSD,sell,2022-05-07T19:00:00+00:00,2022-05-09T02:00:00+00:00,1.05420,1.05277,1.05240,1.05030,0.0191,0.00003,
EURUSD,buy,2022-05-09T23:00:00+00:00,2022-05-10T09:00:00+00:00,1.05663,1.05383,1.05420,1.06054,0.0761,-0.00021,
EURUSD,sell,2022-05-11T01:00:00+00:00,2022-05-11T07:00:00+00:00,1.05303,1.05582,1.05546,1.04914,0.0753,-0.00021,
EURUSD,buy,2022-05-14T06:00:00+00:00,2022-05-15T21:00:00+00:00,1.04147,1.03872,1.03908,1.04532,0.0751,-0.00021,
EURUSD,sell,2022-05-15T21:00:00+00:00,2022-05-16T07:00:00+00:00,1.03936,1.04211,1.04175,1.03551,0.0742,-0.00020,
EURUSD,buy,2022-05-16T17:00:00+00:00,2022-05-17T00:00:00+00:00,1.04283,1.04492,1.04043,1.04669,0.0548,0.00011,
EURUSD,buy,2022-05-16T17:00:00+00:00,2022-05-17T01:00:00+00:00,1.04283,1.04353,1.04389,1.04669,0.0183,0.00001,
EURUSD,sell,2022-05-18T22:00:00+00:00,2022-05-19T00:00:00+00:00,1.04713,1.04990,1.04953,1.04325,0.0733,-0.00020,
EURUSD,buy,2022-05-19T17:00:00+00:00,2022-05-19T19:00:00+00:00,1.06077,1.05796,1.05833,1.06469,0.0715,-0.00020,
EURUSD,sell,2022-05-21T06:00:00+00:00,2022-05-23T00:00:00+00:00,1.05578,1.05858,1.05821,1.05188,0.0708,-0.00020,
EURUSD,buy,2022-05-22T11:00:00+00:00,2022-05-23T00:00:00+00:00,1.05642,1.05853,1.05399,1.06032,0.0531,0.00011,
EURUSD,sell,2022-05-22T21:00:00+00:00,2022-05-23T00:00:00+00:00,1.05554,1.05834,1.05797,1.05164,0.0708,-0.00020,
EURUSD,buy,2022-05-22T11:00:00+00:00,2022-05-23T01:00:00+00:00,1.05642,1.05757,1.05794,1.06032,0.0177,0.00002,
EURUSD,buy,2022-05-22T22:00:00+00:00,2022-05-23T05:00:00+00:00,1.05795,1.06006,1.05551,1.06186,0.0530,0.00011,
EURUSD,buy,2022-05-22T22:00:00+00:00,2022-05-23T06:00:00+00:00,1.05795,1.05910,1.05947,1.06186,0.0177,0.00002,
EURUSD,sell,2022-05-25T15:00:00+00:00,2022-05-25T18:00:00+00:00,1.06536,1.06818,1.06781,1.06142,0.0696,-0.00020,
EURUSD,buy,2022-05-26T17:00:00+00:00,2022-05-27T01:00:00+00:00,1.07173,1.07387,1.06927,1.07570,0.0512,0.00011,
EURUSD,buy,2022-05-26T17:00:00+00:00,2022-05-27T01:00:00+00:00,1.07173,1.07537,1.07173,1.07570,0.0171,0.00006,
EURUSD,sell,2022-05-29T22:00:00+00:00,2022-05-30T01:00:00+00:00,1.07269,1.07553,1.07516,1.06872,0.0690,-0.00020,
EURUSD,sell,2022-05-29T19:00:00+00:00,2022-05-30T02:00:00+00:00,1.07285,1.07569,1.07532,1.06888,0.0690,-0.00020,
EURUSD,buy,2022-05-29T21:00:00+00:00,2022-05-30T06:00:00+00:00,1.07360,1.07575,1.07113,1.07757,0.0517,0.00011,
EURUSD,buy,2022-05-29T21:00:00+00:00,2022-05-30T07:00:00+00:00,1.07360,1.07473,1.07510,1.07757,0.0172,0.00002,
EURUSD,buy,2022-05-30T01:00:00+00:00,2022-05-30T11:00:00+00:00,1.07515,1.07730,1.07268,1.07913,0.0510,0.00011,
EURUSD,buy,2022-05-30T01:00:00+00:00,2022-05-30T12:00:00+00:00,1.07515,1.07606,1.07643,1.07913,0.0170,0.00002,
EURUSD,sell,2022-05-31T12:00:00+00:00,2022-05-31T13:00:00+00:00,1.06784,1.07067,1.07030,1.06389,0.0686,-0.00019,
EURUSD,buy,2022-06-02T20:00:00+00:00,2022-06-03T12:00:00+00:00,1.07483,1.07199,1.07236,1.07881,0.0673,-0.00019,
EURUSD,sell,2022-06-04T04:00:00+00:00,2022-06-06T07:00:00+00:00,1.07137,1.07421,1.07383,1.06740,0.0666,-0.00019,
EURUSD,buy,2022-06-05T21:00:00+00:00,2022-06-06T08:00:00+00:00,1.07228,1.07442,1.06982,1.07625,0.0500,0.00011,
EURUSD,buy,2022-06-05T21:00:00+00:00,2022-06-06T09:00:00+00:00,1.07228,1.07351,1.07388,1.07625,0.0167,0.00002,
EURUSD,sell,2022-06-06T21:00:00+00:00,2022-06-07T06:00:00+00:00,1.06915,1.06701,1.07161,1.06519,0.0499,0.00011,
EURUSD,sell,2022-06-06T21:00:00+00:00,2022-06-07T06:00:00+00:00,1.06915,1.06952,1.06915,1.06519,0.0166,-0.00001,
EURUSD,buy,2022-06-08T09:00:00+00:00,2022-06-08T11:00:00+00:00,1.07072,1.07286,1.06826,1.07468,0.0502,0.00011,
EURUSD,buy,2022-06-08T09:00:00+00:00,2022-06-08T12:00:00+00:00,1.07072,1.07151,1.07188,1.07468,0.0167,0.00001,
EURUSD,sell,2022-06-09T17:00:00+00:00,2022-06-09T20:00:00+00:00,1.06356,1.06143,1.06601,1.05962,0.0509,0.00011,
EURUSD,sell,2022-06-09T17:00:00+00:00,2022-06-09T21:00:00+00:00,1.06356,1.06224,1.06187,1.05962,0.0170,0.00002,
EURUSD,buy,2022-06-12T21:00:00+00:00,2022-06-12T23:00:00+00:00,1.05176,1.04897,1.04934,1.05565,0.0693,-0.00019,
EURUSD,sell,2022-06-12T22:00:00+00:00,2022-06-13T00:00:00+00:00,1.05049,1.04839,1.05291,1.04661,0.0520,0.00011,
EURUSD,sell,2022-06-12T22:00:00+00:00,2022-06-13T01:00:00+00:00,1.05049,1.04901,1.04865,1.04661,0.0173,0.00003,
EURUSD,buy,2022-06-15T09:00:00+00:00,2022-06-15T10:00:00+00:00,1.04976,1.04699,1.04735,1.05365,0.0691,-0.00019,
EURUSD,sell,2022-06-16T04:00:00+00:00,2022-06-16T06:00:00+00:00,1.04353,1.04144,1.04593,1.03966,0.0514,0.00011,
EURUSD,sell,2022-06-16T04:00:00+00:00,2022-06-16T06:00:00+00:00,1.04353,1.04389,1.04353,1.03966,0.0171,-0.00001,
EURUSD,buy,2022-06-16T14:00:00+00:00,2022-06-16T15:00:00+00:00,1.04976,1.05186,1.04735,1.05365,0.0515,0.00011,
EURUSD,buy,2022-06-16T14:00:00+00:00,2022-06-16T15:00:00+00:00,1.04976,1.04940,1.04976,1.05365,0.0172,-0.00001,
EURUSD,sell,2022-06-18T04:00:00+00:00,2022-06-20T02:00:00+00:00,1.04903,1.05180,1.05144,1.04514,0.0692,-0.00019,
EURUSD,buy,2022-06-19T09:00:00+00:00,2022-06-20T02:00:00+00:00,1.04965,1.05175,1.04724,1.05354,0.0519,0.00011,
EURUSD,buy,2022-06-19T09:00:00+00:00,2022-06-20T02:00:00+00:00,1.04965,1.04929,1.04965,1.05354,0.0173,-0.00001,
EURUSD,sell,2022-06-19T20:00:00+00:00,2022-06-20T02:00:00+00:00,1.04903,1.05180,1.05144,1.04514,0.0692,-0.00019,
EURUSD,buy,2022-06-20T02:00:00+00:00,2022-06-20T09:00:00+00:00,1.05214,1.05424,1.04972,1.05603,0.0508,0.00011,
EURUSD,buy,2022-06-20T02:00:00+00:00,2022-06-20T10:00:00+00:00,1.05214,1.05205,1.05242,1.05603,0.0169,-0.00000,
EURUSD,sell,2022-06-22T06:00:00+00:00,2022-06-22T08:00:00+00:00,1.04883,1.05160,1.05124,1.04494,0.0684,-0.00019,
EURUSD,buy,2022-06-22T21:00:00+00:00,2022-06-23T07:00:00+00:00,1.05673,1.05393,1.05430,1.06064,0.0670,-0.00019,
EURUSD,sell,2022-06-23T18:00:00+00:00,2022-06-24T04:00:00+00:00,1.05170,1.05449,1.05412,1.04781,0.0664,-0.00018,
EURUSD,sell,2022-06-26T19:00:00+00:00,2022-06-26T23:00:00+00:00,1.05487,1.05767,1.05730,1.05097,0.0653,-0.00018,
EURUSD,buy,2022-06-24T20:00:00+00:00,2022-06-27T07:00:00+00:00,1.05551,1.05762,1.05308,1.05941,0.0490,0.00010,
EURUSD,buy,2022-06-26T21:00:00+00:00,2022-06-27T07:00:00+00:00,1.05554,1.05765,1.05311,1.05944,0.0490,0.00010,
EURUSD,buy,2022-06-24T20:00:00+00:00,2022-06-27T08:00:00+00:00,1.05551,1.05713,1.05750,1.05941,0.0163,0.00003,
EURUSD,buy,2022-06-26T21:00:00+00:00,2022-06-27T08:00:00+00:00,1.05554,1.05713,1.05750,1.05944,0.0163,0.00003,
EURUSD,sell,2022-06-28T16:00:00+00:00,2022-06-29T06:00:00+00:00,1.05198,1.04988,1.05440,1.04809,0.0494,0.00010,
EURUSD,sell,2022-06-28T16:00:00+00:00,2022-06-29T07:00:00+00:00,1.05198,1.05083,1.05046,1.04809,0.0165,0.00002,
EURUSD,buy,2022-07-01T07:00:00+00:00,2022-07-01T10:00:00+00:00,1.04493,1.04702,1.04253,1.04880,0.0502,0.00010,
EURUSD,buy,2022-07-01T07:00:00+00:00,2022-07-01T10:00:00+00:00,1.04493,1.04457,1.04493,1.04880,0.0167,-0.00001,
EURUSD,sell,2022-07-01T16:00:00+00:00,2022-07-01T18:00:00+00:00,1.03981,1.04256,1.04220,1.03596,0.0677,-0.00019,
EURUSD,buy,2022-07-03T08:00:00+00:00,2022-07-04T09:00:00+00:00,1.04293,1.04502,1.04053,1.04679,0.0500,0.00010,
EURUSD,sell,2022-07-03T20:00:00+00:00,2022-07-04T09:00:00+00:00,1.04231,1.04507,1.04471,1.03845,0.0666,-0.00018,
EURUSD,buy,2022-07-03T08:00:00+00:00,2022-07-04T10:00:00+00:00,1.04293,1.04375,1.04411,1.04679,0.0167,0.00001,
EURUSD,buy,2022-07-03T22:00:00+00:00,2022-07-05T07:00:00+00:00,1.04395,1.04119,1.04155,1.04781,0.0666,-0.00018,
EURUSD,sell,2022-07-05T07:00:00+00:00,2022-07-05T08:00:00+00:00,1.03716,1.03508,1.03954,1.03332,0.0493,0.00010,
EURUSD,sell,2022-07-05T07:00:00+00:00,2022-07-05T08:00:00+00:00,1.03716,1.03752,1.03716,1.03332,0.0164,-0.00001,
EURUSD,buy,2022-07-09T05:00:00+00:00,2022-07-11T00:00:00+00:00,1.01853,1.01583,1.01618,1.02229,0.0675,-0.00018,
EURUSD,sell,2022-07-10T21:00:00+00:00,2022-07-11T01:00:00+00:00,1.01764,1.01561,1.01999,1.01388,0.0506,0.00010,
EURUSD,sell,2022-07-10T21:00:00+00:00,2022-07-11T01:00:00+00:00,1.01764,1.01418,1.01764,1.01388,0.0169,0.00006,
EURUSD,buy,2022-07-13T15:00:00+00:00,2022-07-13T19:00:00+00:00,1.00809,1.00542,1.00577,1.01182,0.0681,-0.00018,
EURUSD,sell,2022-07-14T10:00:00+00:00,2022-07-14T13:00:00+00:00,1.00127,0.99927,1.00357,0.99756,0.0507,0.00010,
EURUSD,sell,2022-07-14T10:00:00+00:00,2022-07-14T13:00:00+00:00,1.00127,0.99786,1.00127,0.99756,0.0169,0.00006,
EURUSD,buy,2022-07-15T14:00:00+00:00,2022-07-18T01:00:00+00:00,1.00834,1.01036,1.00602,1.01207,0.0510,0.00010,
EURUSD,sell,2022-07-17T20:00:00+00:00,2022-07-18T01:00:00+00:00,1.00791,1.01058,1.01023,1.00418,0.0679,-0.00018,
EURUSD,buy,2022-07-17T21:00:00+00:00,2022-07-18T01:00:00+00:00,1.00869,1.01071,1.00637,1.01242,0.0509,0.00010,
EURUSD,buy,2022-07-15T14:00:00+00:00,2022-07-18T02:00:00+00:00,1.00834,1.00974,1.01009,1.01207,0.0170,0.00002,
EURUSD,buy,2022-07-17T21:00:00+00:00,2022-07-18T02:00:00+00:00,1.00869,1.00974,1.01009,1.01242,0.0170,0.00002,
EURUSD,sell,2022-07-20T23:00:00+00:00,2022-07-21T02:00:00+00:00,1.01776,1.02046,1.02011,1.01400,0.0676,-0.00018,
EURUSD,buy,2022-07-22T06:00:00+00:00,2022-07-22T07:00:00+00:00,1.02116,1.01845,1.01881,1.02493,0.0665,-0.00018,
EURUSD,sell,2022-07-22T08:00:00+00:00,2022-07-22T11:00:00+00:00,1.01501,1.01770,1.01734,1.01125,0.0660,-0.00018,
EURUSD,buy,2022-07-22T14:00:00+00:00,2022-07-22T18:00:00+00:00,1.02336,1.02065,1.02100,1.02714,0.0646,-0.00018,
EURUSD,sell,2022-07-22T18:00:00+00:00,2022-07-22T20:00:00+00:00,1.01917,1.02188,1.02152,1.01540,0.0640,-0.00017,
EURUSD,buy,2022-07-23T03:00:00+00:00,2022-07-25T00:00:00+00:00,1.02150,1.01879,1.01915,1.02527,0.0630,-0.00017,
EURUSD,sell,2022-07-24T12:00:00+00:00,2022-07-25T00:00:00+00:00,1.02088,1.01884,1.02323,1.01711,0.0473,0.00010,
EURUSD,buy,2022-07-24T18:00:00+00:00,2022-07-25T00:00:00+00:00,1.02150,1.01879,1.01915,1.02527,0.0630,-0.00017,
EURUSD,buy,2022-07-24T21:00:00+00:00,2022-07-25T00:00:00+00:00,1.02199,1.01928,1.01964,1.02577,0.0630,-0.00017,
EURUSD,sell,2022-07-24T12:00:00+00:00,2022-07-25T01:00:00+00:00,1.02088,1.02054,1.02018,1.01711,0.0158,0.00001,
EURUSD,sell,2022-07-24T23:00:00+00:00,2022-07-25T07:00:00+00:00,1.01960,1.02231,1.02195,1.01583,0.0631,-0.00017,
EURUSD,buy,2022-07-25T12:00:00+00:00,2022-07-25T14:00:00+00:00,1.02485,1.02213,1.02249,1.02864,0.0600,-0.00016,
EURUSD,sell,2022-07-26T11:00:00+00:00,2022-07-26T13:00:00+00:00,1.01283,1.01551,1.01516,1.00908,0.0599,-0.00016,
EURUSD,buy,2022-07-28T02:00:00+00:00,2022-07-28T06:00:00+00:00,1.02080,1.02284,1.01845,1.02457,0.0440,0.00009,
EURUSD,buy,2022-07-28T02:00:00+00:00,2022-07-28T06:00:00+00:00,1.02080,1.02044,1.02080,1.02457,0.0147,-0.00001,
EURUSD,sell,2022-07-31T21:00:00+00:00,2022-08-01T02:00:00+00:00,1.02172,1.02443,1.02407,1.01794,0.0590,-0.00016,
EURUSD,buy,2022-08-01T08:00:00+00:00,2022-08-01T11:00:00+00:00,1.02588,1.02316,1.02352,1.02967,0.0580,-0.00016,
EURUSD,sell,2022-08-02T17:00:00+00:00,2022-08-02T23:00:00+00:00,1.01808,1.01605,1.02043,1.01432,0.0432,0.00009,
EURUSD,sell,2022-08-02T17:00:00+00:00,2022-08-03T00:00:00+00:00,1.01808,1.01674,1.01639,1.01432,0.0144,0.00002,
EURUSD,buy,2022-08-04T14:00:00+00:00,2022-08-04T16:00:00+00:00,1.02147,1.02351,1.01912,1.02524,0.0435,0.00009,
EURUSD,buy,2022-08-04T14:00:00+00:00,2022-08-04T17:00:00+00:00,1.02147,1.02269,1.02305,1.02524,0.0145,0.00002,
EURUSD,buy,2022-08-07T12:00:00+00:00,2022-08-08T00:00:00+00:00,1.01856,1.01586,1.01621,1.02232,0.0587,-0.00016,
EURUSD,sell,2022-08-05T23:00:00+00:00,2022-08-08T07:00:00+00:00,1.01794,1.02064,1.02029,1.01418,0.0587,-0.00016,
EURUSD,sell,2022-08-07T21:00:00+00:00,2022-08-08T07:00:00+00:00,1.01739,1.02009,1.01974,1.01363,0.0587,-0.00016,
EURUSD,buy,2022-08-08T10:00:00+00:00,2022-08-08T14:00:00+00:00,1.01947,1.02150,1.01712,1.02324,0.0422,0.00009,
EURUSD,buy,2022-08-08T10:00:00+00:00,2022-08-08T15:00:00+00:00,1.01947,1.02014,1.02050,1.02324,0.0141,0.00001,
EURUSD,sell,2022-08-12T11:00:00+00:00,2022-08-12T14:00:00+00:00,1.02745,1.02540,1.02982,1.02365,0.0422,0.00009,
EURUSD,sell,2022-08-12T11:00:00+00:00,2022-08-12T14:00:00+00:00,1.02745,1.02781,1.02745,1.02365,0.0141,-0.00001,
EURUSD,buy,2022-08-15T00:00:00+00:00,2022-08-15T02:00:00+00:00,1.02691,1.02419,1.02455,1.03071,0.0568,-0.00015,
EURUSD,buy,2022-08-14T15:00:00+00:00,2022-08-15T06:00:00+00:00,1.02621,1.02349,1.02385,1.03000,0.0568,-0.00015,
EURUSD,sell,2022-08-14T16:00:00+00:00,2022-08-15T06:00:00+00:00,1.02559,1.02354,1.02795,1.02180,0.0426,0.00009,
EURUSD,sell,2022-08-14T16:00:00+00:00,2022-08-15T07:00:00+00:00,1.02559,1.02481,1.02445,1.02180,0.0142,0.00001,
EURUSD,sell,2022-08-15T01:00:00+00:00,2022-08-15T07:00:00+00:00,1.02540,1.02335,1.02776,1.02161,0.0426,0.00009,
EURUSD,sell,2022-08-15T01:00:00+00:00,2022-08-15T08:00:00+00:00,1.02540,1.02400,1.02364,1.02161,0.0142,0.00002,
EURUSD,buy,2022-08-17T08:00:00+00:00,2022-08-17T12:00:00+00:00,1.01769,1.01499,1.01535,1.02145,0.0568,-0.00015,
EURUSD,sell,2022-08-18T14:00:00+00:00,2022-08-18T16:00:00+00:00,1.01256,1.01053,1.01489,1.00881,0.0422,0.00009,
EURUSD,sell,2022-08-18T14:00:00+00:00,2022-08-18T17:00:00+00:00,1.01256,1.00966,1.00931,1.00881,0.0141,0.00004,
EURUSD,buy,2022-08-21T21:00:00+00:00,2022-08-22T07:00:00+00:00,1.00415,1.00149,1.00184,1.00787,0.0574,-0.00015,
EURUSD,sell,2022-08-22T07:00:00+00:00,2022-08-22T13:00:00+00:00,1.00007,0.99807,1.00237,0.99637,0.0426,0.00009,
EURUSD,sell,2022-08-22T07:00:00+00:00,2022-08-22T13:00:00+00:00,1.00007,1.00042,1.00007,0.99637,0.0142,-0.00000,
EURUSD,buy,2022-08-24T06:00:00+00:00,2022-08-24T10:00:00+00:00,0.99521,0.99257,0.99292,0.99889,0.0576,-0.00015,
EURUSD,sell,2022-08-26T07:00:00+00:00,2022-08-26T09:00:00+00:00,0.99709,0.99973,0.99938,0.99340,0.0567,-0.00015,
EURUSD,buy,2022-08-26T09:00:00+00:00,2022-08-26T12:00:00+00:00,1.00060,1.00260,0.99830,1.00430,0.0418,0.00008,
EURUSD,buy,2022-08-26T09:00:00+00:00,2022-08-26T12:00:00+00:00,1.00060,1.00025,1.00060,1.00430,0.0139,-0.00000,
EURUSD,sell,2022-08-27T07:00:00+00:00,2022-08-28T23:00:00+00:00,0.99593,0.99394,0.99822,0.99225,0.0423,0.00008,
EURUSD,sell,2022-08-27T07:00:00+00:00,2022-08-29T00:00:00+00:00,0.99593,0.99487,0.99452,0.99225,0.0141,0.00001,
EURUSD,buy,2022-08-29T18:00:00+00:00,2022-08-30T07:00:00+00:00,0.99941,1.00141,0.99711,1.00311,0.0425,0.00008,
EURUSD,buy,2022-08-29T18:00:00+00:00,2022-08-30T07:00:00+00:00,0.99941,0.99906,0.99941,1.00311,0.0142,-0.00000,
EURUSD,sell,2022-09-01T14:00:00+00:00,2022-09-01T16:00:00+00:00,0.99290,0.99553,0.99519,0.98923,0.0574,-0.00015,
EURUSD,buy,2022-09-06T04:00:00+00:00,2022-09-06T06:00:00+00:00,0.99491,0.99690,0.99262,0.99859,0.0425,0.00008,
EURUSD,buy,2022-09-06T04:00:00+00:00,2022-09-06T07:00:00+00:00,0.99491,0.99609,0.99644,0.99859,0.0142,0.00002,
EURUSD,sell,2022-09-06T22:00:00+00:00,2022-09-07T07:00:00+00:00,0.98934,0.99197,0.99162,0.98568,0.0574,-0.00015,
EURUSD,buy,2022-09-07T21:00:00+00:00,2022-09-08T00:00:00+00:00,1.00107,0.99842,0.99877,1.00477,0.0560,-0.00015,
EURUSD,sell,2022-09-10T18:00:00+00:00,2022-09-11T21:00:00+00:00,1.00395,1.00661,1.00626,1.00023,0.0551,-0.00015,
EURUSD,buy,2022-09-11T21:00:00+00:00,2022-09-11T22:00:00+00:00,1.00939,1.00672,1.00707,1.01313,0.0541,-0.00014,
EURUSD,sell,2022-09-13T17:00:00+00:00,2022-09-13T22:00:00+00:00,0.99847,0.99647,1.00077,0.99477,0.0404,0.00008,
EURUSD,sell,2022-09-13T17:00:00+00:00,2022-09-13T23:00:00+00:00,0.99847,0.99810,0.99775,0.99477,0.0135,0.00001,
EURUSD,buy,2022-09-15T19:00:00+00:00,2022-09-16T07:00:00+00:00,0.99975,0.99710,0.99745,1.00345,0.0543,-0.00014,
EURUSD,sell,2022-09-16T13:00:00+00:00,2022-09-16T14:00:00+00:00,0.99705,0.99969,0.99934,0.99336,0.0537,-0.00014,
EURUSD,buy,2022-09-16T14:00:00+00:00,2022-09-16T15:00:00+00:00,1.00332,1.00066,1.00101,1.00703,0.0527,-0.00014,
EURUSD,buy,2022-09-18T22:00:00+00:00,2022-09-19T02:00:00+00:00,1.00234,0.99969,1.00004,1.00605,0.0520,-0.00014,
EURUSD,sell,2022-09-18T21:00:00+00:00,2022-09-19T05:00:00+00:00,1.00101,0.99901,1.00331,0.99730,0.0391,0.00008,
EURUSD,sell,2022-09-19T02:00:00+00:00,2022-09-19T05:00:00+00:00,0.99998,0.99798,1.00228,0.99628,0.0386,0.00008,
EURUSD,sell,2022-09-18T21:00:00+00:00,2022-09-19T06:00:00+00:00,1.00101,0.99903,0.99868,0.99730,0.0130,0.00003,
EURUSD,sell,2022-09-19T02:00:00+00:00,2022-09-19T06:00:00+00:00,0.99998,0.99903,0.99868,0.99628,0.0129,0.00001,
EURUSD,buy,2022-09-20T03:00:00+00:00,2022-09-20T08:00:00+00:00,1.00324,1.00058,1.00093,1.00695,0.0523,-0.00014,
EURUSD,sell,2022-09-20T19:00:00+00:00,2022-09-21T05:00:00+00:00,0.99726,0.99526,0.99956,0.99357,0.0389,0.00008,
EURUSD,sell,2022-09-20T19:00:00+00:00,2022-09-21T06:00:00+00:00,0.99726,0.99588,0.99553,0.99357,0.0130,0.00002,
EURUSD,buy,2022-09-25T18:00:00+00:00,2022-09-25T21:00:00+00:00,0.96914,0.96657,0.96691,0.97273,0.0539,-0.00014,
EURUSD,sell,2022-09-25T20:00:00+00:00,2022-09-25T22:00:00+00:00,0.96856,0.97113,0.97079,0.96497,0.0539,-0.00014,
EURUSD,buy,2022-09-28T21:00:00+00:00,2022-09-28T23:00:00+00:00,0.97364,0.97106,0.97140,0.97724,0.0522,-0.00013,
EURUSD,sell,2022-10-02T19:00:00+00:00,2022-10-03T01:00:00+00:00,0.97984,0.98243,0.98209,0.97621,0.0512,-0.00013,
EURUSD,buy,2022-10-02T20:00:00+00:00,2022-10-03T01:00:00+00:00,0.98042,0.98238,0.97817,0.98405,0.0384,0.00008,
EURUSD,buy,2022-10-02T20:00:00+00:00,2022-10-03T01:00:00+00:00,0.98042,0.98008,0.98042,0.98405,0.0128,-0.00000,
EURUSD,sell,2022-10-02T21:00:00+00:00,2022-10-03T01:00:00+00:00,0.97930,0.98189,0.98155,0.97567,0.0512,-0.00013,
EURUSD,buy,2022-10-03T01:00:00+00:00,2022-10-03T03:00:00+00:00,0.98283,0.98023,0.98057,0.98647,0.0501,-0.00013,
EURUSD,sell,2022-10-03T10:00:00+00:00,2022-10-03T14:00:00+00:00,0.97758,0.98017,0.97983,0.97396,0.0496,-0.00013,
EURUSD,buy,2022-10-03T23:00:00+00:00,2022-10-04T01:00:00+00:00,0.98364,0.98103,0.98137,0.98727,0.0487,-0.00013,
EURUSD,sell,2022-10-05T22:00:00+00:00,2022-10-05T23:00:00+00:00,0.98861,0.99124,0.99089,0.98495,0.0478,-0.00013,
EURUSD,sell,2022-10-09T21:00:00+00:00,2022-10-10T01:00:00+00:00,0.97304,0.97562,0.97528,0.96944,0.0479,-0.00012,
EURUSD,buy,2022-10-09T19:00:00+00:00,2022-10-10T05:00:00+00:00,0.97417,0.97159,0.97193,0.97778,0.0479,-0.00012,
EURUSD,buy,2022-10-11T23:00:00+00:00,2022-10-12T04:00:00+00:00,0.97033,0.97227,0.96810,0.97392,0.0351,0.00007,
EURUSD,buy,2022-10-11T23:00:00+00:00,2022-10-12T04:00:00+00:00,0.97033,0.96999,0.97033,0.97392,0.0117,-0.00000,
EURUSD,sell,2022-10-12T13:00:00+00:00,2022-10-12T18:00:00+00:00,0.96874,0.97131,0.97097,0.96515,0.0472,-0.00012,
EURUSD,buy,2022-10-13T15:00:00+00:00,2022-10-13T17:00:00+00:00,0.97817,0.98013,0.97592,0.98179,0.0346,0.00007,
EURUSD,buy,2022-10-13T15:00:00+00:00,2022-10-13T17:00:00+00:00,0.97817,0.97783,0.97817,0.98179,0.0115,-0.00000,
EURUSD,sell,2022-10-15T00:00:00+00:00,2022-10-16T22:00:00+00:00,0.97153,0.97411,0.97376,0.96793,0.0467,-0.00012,
EURUSD,buy,2022-10-16T21:00:00+00:00,2022-10-17T00:00:00+00:00,0.97252,0.97447,0.97029,0.97612,0.0350,0.00007,
EURUSD,buy,2022-10-16T21:00:00+00:00,2022-10-17T01:00:00+00:00,0.97252,0.97352,0.97386,0.97612,0.0117,0.00001,
EURUSD,sell,2022-10-19T13:00:00+00:00,2022-10-19T14:00:00+00:00,0.97708,0.97967,0.97932,0.97346,0.0463,-0.00012,
EURUSD,buy,2022-10-21T03:00:00+00:00,2022-10-21T07:00:00+00:00,0.97713,0.97909,0.97489,0.98075,0.0343,0.00007,
EURUSD,buy,2022-10-21T03:00:00+00:00,2022-10-21T07:00:00+00:00,0.97713,0.97679,0.97713,0.98075,0.0114,-0.00000,
EURUSD,sell,2022-10-21T10:00:00+00:00,2022-10-21T12:00:00+00:00,0.97467,0.97272,0.97691,0.97106,0.0346,0.00007,
EURUSD,sell,2022-10-21T10:00:00+00:00,2022-10-21T12:00:00+00:00,0.97467,0.97501,0.97467,0.97106,0.0115,-0.00000,
EURUSD,sell,2022-10-23T20:00:00+00:00,2022-10-23T21:00:00+00:00,0.98583,0.98845,0.98810,0.98219,0.0459,-0.00012,
EURUSD,buy,2022-10-21T19:00:00+00:00,2022-10-23T22:00:00+00:00,0.98646,0.98843,0.98419,0.99010,0.0344,0.00007,
EURUSD,buy,2022-10-21T19:00:00+00:00,2022-10-23T22:00:00+00:00,0.98646,0.98611,0.98646,0.99010,0.0115,-0.00000,
EURUSD,buy,2022-10-23T21:00:00+00:00,2022-10-23T22:00:00+00:00,0.98870,0.98608,0.98642,0.99235,0.0452,-0.00012,
EURUSD,sell,2022-10-24T00:00:00+00:00,2022-10-24T08:00:00+00:00,0.98460,0.98263,0.98687,0.98096,0.0338,0.00007,
EURUSD,sell,2022-10-24T00:00:00+00:00,2022-10-24T09:00:00+00:00,0.98460,0.98389,0.98354,0.98096,0.0113,0.00001,
EURUSD,buy,2022-10-24T23:00:00+00:00,2022-10-25T06:00:00+00:00,0.98872,0.98610,0.98644,0.99237,0.0453,-0.00012,
EURUSD,sell,2022-10-27T21:00:00+00:00,2022-10-28T01:00:00+00:00,0.99621,0.99885,0.99850,0.99252,0.0443,-0.00012,
EURUSD,buy,2022-10-29T18:00:00+00:00,2022-10-31T01:00:00+00:00,0.99661,0.99397,0.99432,1.00030,0.0437,-0.00012,
EURUSD,sell,2022-10-30T20:00:00+00:00,2022-10-31T07:00:00+00:00,0.99601,0.99402,0.99830,0.99232,0.0328,0.00007,
EURUSD,sell,2022-10-30T20:00:00+00:00,2022-10-31T08:00:00+00:00,0.99601,0.99368,0.99333,0.99232,0.0109,0.00003,
EURUSD,buy,2022-11-04T16:00:00+00:00,2022-11-04T18:00:00+00:00,0.99178,0.99376,0.98950,0.99545,0.0329,0.00007,
EURUSD,buy,2022-11-04T16:00:00+00:00,2022-11-04T18:00:00+00:00,0.99178,0.99143,0.99178,0.99545,0.0110,-0.00000,
EURUSD,sell,2022-11-06T20:00:00+00:00,2022-11-06T22:00:00+00:00,0.99530,0.99331,0.99759,0.99162,0.0330,0.00007,
EURUSD,sell,2022-11-06T20:00:00+00:00,2022-11-06T22:00:00+00:00,0.99530,0.99192,0.99530,0.99162,0.0110,0.00004,
EURUSD,buy,2022-11-07T15:00:00+00:00,2022-11-07T18:00:00+00:00,1.00038,1.00238,0.99808,1.00408,0.0332,0.00007,
EURUSD,buy,2022-11-07T15:00:00+00:00,2022-11-07T19:00:00+00:00,1.00038,1.00215,1.00250,1.00408,0.0111,0.00002,
EURUSD,sell,2022-11-10T00:00:00+00:00,2022-11-10T06:00:00+00:00,1.00178,1.00444,1.00408,0.99807,0.0446,-0.00012,
EURUSD,buy,2022-11-10T19:00:00+00:00,2022-11-10T21:00:00+00:00,1.01842,1.02045,1.01607,1.02218,0.0325,0.00007,
EURUSD,buy,2022-11-10T19:00:00+00:00,2022-11-10T22:00:00+00:00,1.01842,1.01916,1.01952,1.02218,0.0108,0.00001,
EURUSD,sell,2022-11-13T18:00:00+00:00,2022-11-13T22:00:00+00:00,1.03507,1.03300,1.03745,1.03124,0.0322,0.00007,
EURUSD,sell,2022-11-13T18:00:00+00:00,2022-11-13T23:00:00+00:00,1.03507,1.03377,1.03341,1.03124,0.0107,0.00001,
EURUSD,buy,2022-11-15T09:00:00+00:00,2022-11-15T10:00:00+00:00,1.04036,1.04244,1.03797,1.04421,0.0324,0.00007,
EURUSD,buy,2022-11-15T09:00:00+00:00,2022-11-15T10:00:00+00:00,1.04036,1.04000,1.04036,1.04421,0.0108,-0.00000,
EURUSD,sell,2022-11-17T10:00:00+00:00,2022-11-17T13:00:00+00:00,1.03349,1.03142,1.03587,1.02966,0.0328,0.00007,
EURUSD,sell,2022-11-17T10:00:00+00:00,2022-11-17T13:00:00+00:00,1.03349,1.03385,1.03349,1.02966,0.0109,-0.00000,
EURUSD,buy,2022-11-20T22:00:00+00:00,2022-11-21T01:00:00+00:00,1.03271,1.02998,1.03034,1.03653,0.0441,-0.00012,
EURUSD,sell,2022-11-21T00:00:00+00:00,2022-11-21T02:00:00+00:00,1.03128,1.02922,1.03365,1.02746,0.0331,0.00007,
EURUSD,sell,2022-11-21T00:00:00+00:00,2022-11-21T03:00:00+00:00,1.03128,1.03059,1.03023,1.02746,0.0110,0.00001,
EURUSD,buy,2022-11-22T19:00:00+00:00,2022-11-23T02:00:00+00:00,1.02983,1.03189,1.02746,1.03364,0.0330,0.00007,
EURUSD,buy,2022-11-22T19:00:00+00:00,2022-11-23T03:00:00+00:00,1.02983,1.03084,1.03120,1.03364,0.0110,0.00001,
EURUSD,sell,2022-11-25T15:00:00+00:00,2022-11-27T22:00:00+00:00,1.04035,1.03827,1.04274,1.03650,0.0329,0.00007,
EURUSD,sell,2022-11-25T15:00:00+00:00,2022-11-27T23:00:00+00:00,1.04035,1.03826,1.03790,1.03650,0.0110,0.00002,
EURUSD,buy,2022-11-28T12:00:00+00:00,2022-11-28T13:00:00+00:00,1.04758,1.04481,1.04518,1.05146,0.0441,-0.00012,
EURUSD,sell,2022-11-29T05:00:00+00:00,2022-11-29T06:00:00+00:00,1.03833,1.03625,1.04072,1.03449,0.0329,0.00007,
EURUSD,sell,2022-11-29T05:00:00+00:00,2022-11-29T06:00:00+00:00,1.03833,1.03869,1.03833,1.03449,0.0110,-0.00000,
EURUSD,buy,2022-11-30T19:00:00+00:00,2022-12-01T01:00:00+00:00,1.04165,1.04373,1.03926,1.04551,0.0330,0.00007,
EURUSD,buy,2022-11-30T19:00:00+00:00,2022-12-01T02:00:00+00:00,1.04165,1.04209,1.04245,1.04551,0.0110,0.00000,
EURUSD,sell,2022-12-04T20:00:00+00:00,2022-12-05T01:00:00+00:00,1.05293,1.05572,1.05536,1.04904,0.0439,-0.00012,
EURUSD,buy,2022-12-04T22:00:00+00:00,2022-12-05T01:00:00+00:00,1.05428,1.05638,1.05185,1.05818,0.0329,0.00007,
EURUSD,buy,2022-12-04T22:00:00+00:00,2022-12-05T01:00:00+00:00,1.05428,1.05391,1.05428,1.05818,0.0110,-0.00000,
EURUSD,sell,2022-12-05T23:00:00+00:00,2022-12-06T01:00:00+00:00,1.04932,1.05209,1.05173,1.04543,0.0438,-0.00012,
EURUSD,buy,2022-12-07T20:00:00+00:00,2022-12-08T14:00:00+00:00,1.05127,1.05337,1.04885,1.05515,0.0324,0.00007,
EURUSD,buy,2022-12-07T20:00:00+00:00,2022-12-08T15:00:00+00:00,1.05127,1.05312,1.05349,1.05515,0.0108,0.00002,
EURUSD,buy,2022-12-11T21:00:00+00:00,2022-12-12T00:00:00+00:00,1.05348,1.05069,1.05105,1.05737,0.0435,-0.00012,
EURUSD,sell,2022-12-11T23:00:00+00:00,2022-12-12T08:00:00+00:00,1.05177,1.05456,1.05419,1.04788,0.0435,-0.00012,
EURUSD,sell,2022-12-10T04:00:00+00:00,2022-12-12T09:00:00+00:00,1.05284,1.05563,1.05527,1.04895,0.0435,-0.00012,
EURUSD,buy,2022-12-12T12:00:00+00:00,2022-12-12T15:00:00+00:00,1.05587,1.05307,1.05344,1.05977,0.0416,-0.00012,
EURUSD,sell,2022-12-15T19:00:00+00:00,2022-12-16T02:00:00+00:00,1.06274,1.06556,1.06519,1.05881,0.0408,-0.00011,
EURUSD,buy,2022-12-18T22:00:00+00:00,2022-12-19T06:00:00+00:00,1.05952,1.06164,1.05708,1.06344,0.0303,0.00006,
EURUSD,buy,2022-12-18T22:00:00+00:00,2022-12-19T07:00:00+00:00,1.05952,1.06175,1.06212,1.06344,0.0101,0.00002,
EURUSD,sell,2022-12-21T19:00:00+00:00,2022-12-22T03:00:00+00:00,1.06112,1.06393,1.06356,1.05719,0.0407,-0.00011,
EURUSD,buy,2022-12-22T10:00:00+00:00,2022-12-22T13:00:00+00:00,1.06312,1.06031,1.06067,1.06705,0.0401,-0.00011,
EURUSD,sell,2022-12-22T22:00:00+00:00,2022-12-23T07:00:00+00:00,1.05929,1.06210,1.06173,1.05537,0.0397,-0.00011,
EURUSD,sell,2022-12-25T22:00:00+00:00,2022-12-26T00:00:00+00:00,1.06058,1.06339,1.06302,1.05666,0.0392,-0.00011,
EURUSD,buy,2022-12-24T00:00:00+00:00,2022-12-26T23:00:00+00:00,1.06204,1.06416,1.05960,1.06597,0.0293,0.00006,
EURUSD,sell,2022-12-25T17:00:00+00:00,2022-12-26T23:00:00+00:00,1.06140,1.06421,1.06384,1.05747,0.0391,-0.00011,
EURUSD,buy,2022-12-25T18:00:00+00:00,2022-12-26T23:00:00+00:00,1.06204,1.06416,1.05960,1.06597,0.0293,0.00006,
EURUSD,sell,2022-12-25T20:00:00+00:00,2022-12-26T23:00:00+00:00,1.06140,1.06421,1.06384,1.05747,0.0391,-0.00011,
EURUSD,buy,2022-12-25T21:00:00+00:00,2022-12-26T23:00:00+00:00,1.06204,1.06416,1.05960,1.06597,0.0293,0.00006,
EURUSD,buy,2022-12-24T00:00:00+00:00,2022-12-27T00:00:00+00:00,1.06204,1.06307,1.06344,1.06597,0.0098,0.00001,
EURUSD,buy,2022-12-25T18:00:00+00:00,2022-12-27T00:00:00+00:00,1.06204,1.06307,1.06344,1.06597,0.0098,0.00001,
EURUSD,buy,2022-12-25T21:00:00+00:00,2022-12-27T00:00:00+00:00,1.06204,1.06307,1.06344,1.06597,0.0098,0.00001,
EURUSD,buy,2022-12-26T05:00:00+00:00,2022-12-27T02:00:00+00:00,1.06321,1.06533,1.06076,1.06714,0.0289,0.00006,
EURUSD,buy,2022-12-26T05:00:00+00:00,2022-12-27T03:00:00+00:00,1.06321,1.06395,1.06432,1.06714,0.0096,0.00001,
EURUSD,sell,2022-12-28T14:00:00+00:00,2022-12-28T15:00:00+00:00,1.06540,1.06327,1.06785,1.06146,0.0291,0.00006,
EURUSD,sell,2022-12-28T14:00:00+00:00,2022-12-28T15:00:00+00:00,1.06540,1.06577,1.06540,1.06146,0.0097,-0.00000,
EURUSD,buy,2022-12-29T17:00:00+00:00,2022-12-29T21:00:00+00:00,1.06850,1.06567,1.06604,1.07245,0.0390,-0.00011,
EURUSD,buy,2023-01-01T19:00:00+00:00,2023-01-01T22:00:00+00:00,1.07058,1.06775,1.06812,1.07454,0.0384,-0.00011,
EURUSD,sell,2023-01-01T17:00:00+00:00,2023-01-02T06:00:00+00:00,1.06994,1.06780,1.07240,1.06598,0.0288,0.00006,
EURUSD,sell,2023-01-01T17:00:00+00:00,2023-01-02T06:00:00+00:00,1.06994,1.07031,1.06994,1.06598,0.0096,-0.00000,
EURUSD,sell,2023-01-01T21:00:00+00:00,2023-01-02T06:00:00+00:00,1.06994,1.06780,1.07240,1.06598,0.0288,0.00006,
EURUSD,sell,2023-01-01T21:00:00+00:00,2023-01-02T06:00:00+00:00,1.06994,1.07031,1.06994,1.06598,0.0096,-0.00000,
EURUSD,buy,2023-01-04T21:00:00+00:00,2023-01-05T00:00:00+00:00,1.06040,1.06252,1.05796,1.06432,0.0291,0.00006,
EURUSD,buy,2023-01-04T21:00:00+00:00,2023-01-05T00:00:00+00:00,1.06040,1.06003,1.06040,1.06432,0.0097,-0.00000,
EURUSD,sell,2023-01-05T19:00:00+00:00,2023-01-06T09:00:00+00:00,1.05268,1.05058,1.05511,1.04879,0.0295,0.00006,
EURUSD,sell,2023-01-05T19:00:00+00:00,2023-01-06T10:00:00+00:00,1.05268,1.05195,1.05158,1.04879,0.0098,0.00001,
EURUSD,sell,2023-01-08T18:00:00+00:00,2023-01-08T23:00:00+00:00,1.06381,1.06663,1.06626,1.05987,0.0392,-0.00011,
EURUSD,buy,2023-01-07T00:00:00+00:00,2023-01-09T01:00:00+00:00,1.06445,1.06658,1.06200,1.06839,0.0294,0.00006,
EURUSD,buy,2023-01-07T00:00:00+00:00,2023-01-09T02:00:00+00:00,1.06445,1.06625,1.06662,1.06839,0.0098,0.00002,
EURUSD,buy,2023-01-08T23:00:00+00:00,2023-01-09T07:00:00+00:00,1.06659,1.06872,1.06414,1.07054,0.0290,0.00006,
EURUSD,buy,2023-01-08T23:00:00+00:00,2023-01-09T08:00:00+00:00,1.06659,1.06688,1.06725,1.07054,0.0097,0.00000,
EURUSD,sell,2023-01-14T13:00:00+00:00,2023-01-16T01:00:00+00:00,1.08270,1.08556,1.08519,1.07869,0.0387,-0.00011,
EURUSD,buy,2023-01-15T05:00:00+00:00,2023-01-16T01:00:00+00:00,1.08334,1.08551,1.08085,1.08735,0.0290,0.00006,
EURUSD,sell,2023-01-15T19:00:00+00:00,2023-01-16T01:00:00+00:00,1.08270,1.08556,1.08519,1.07869,0.0387,-0.00011,
EURUSD,buy,2023-01-15T22:00:00+00:00,2023-01-16T01:00:00+00:00,1.08349,1.08566,1.08100,1.08750,0.0290,0.00006,
EURUSD,sell,2023-01-15T23:00:00+00:00,2023-01-16T01:00:00+00:00,1.08193,1.08479,1.08441,1.07792,0.0387,-0.00011,
EURUSD,buy,2023-01-16T00:00:00+00:00,2023-01-16T01:00:00+00:00,1.08449,1.08665,1.08199,1.08850,0.0290,0.00006,
EURUSD,buy,2023-01-16T00:00:00+00:00,2023-01-16T01:00:00+00:00,1.08449,1.08411,1.08449,1.08850,0.0097,-0.00000,
EURUSD,buy,2023-01-15T05:00:00+00:00,2023-01-16T02:00:00+00:00,1.08334,1.08616,1.08654,1.08735,0.0097,0.00003,
EURUSD,buy,2023-01-15T22:00:00+00:00,2023-01-16T02:00:00+00:00,1.08349,1.08616,1.08654,1.08750,0.0097,0.00003,
EURUSD,sell,2023-01-16T21:00:00+00:00,2023-01-17T12:00:00+00:00,1.08160,1.08446,1.08408,1.07759,0.0383,-0.00011,
EURUSD,sell,2023-01-19T05:00:00+00:00,2023-01-19T07:00:00+00:00,1.07882,1.08167,1.08130,1.07482,0.0379,-0.00011,
EURUSD,buy,2023-01-18T22:00:00+00:00,2023-01-19T08:00:00+00:00,1.07944,1.08160,1.07696,1.08344,0.0284,0.00006,
EURUSD,buy,2023-01-18T22:00:00+00:00,2023-01-19T09:00:00+00:00,1.07944,1.08120,1.08157,1.08344,0.0095,0.00002,
EURUSD,buy,2023-01-19T19:00:00+00:00,2023-01-20T08:00:00+00:00,1.08336,1.08553,1.08087,1.08737,0.0282,0.00006,
EURUSD,buy,2023-01-19T19:00:00+00:00,2023-01-20T09:00:00+00:00,1.08336,1.08344,1.08382,1.08737,0.0094,0.00000,
EURUSD,sell,2023-01-22T20:00:00+00:00,2023-01-23T00:00:00+00:00,1.08516,1.08804,1.08766,1.08115,0.0378,-0.00011,
EURUSD,buy,2023-01-22T22:00:00+00:00,2023-01-23T01:00:00+00:00,1.08686,1.08903,1.08436,1.09088,0.0283,0.00006,
EURUSD,buy,2023-01-22T22:00:00+00:00,2023-01-23T02:00:00+00:00,1.08686,1.08858,1.08896,1.09088,0.0094,0.00002,
EURUSD,sell,2023-01-24T06:00:00+00:00,2023-01-24T09:00:00+00:00,1.08843,1.08626,1.09094,1.08440,0.0282,0.00006,
EURUSD,sell,2023-01-24T06:00:00+00:00,2023-01-24T10:00:00+00:00,1.08843,1.08702,1.08664,1.08440,0.0094,0.00001,
EURUSD,buy,2023-01-25T05:00:00+00:00,2023-01-25T08:00:00+00:00,1.09006,1.08717,1.08755,1.09409,0.0379,-0.00011,
EURUSD,sell,2023-01-26T22:00:00+00:00,2023-01-27T13:00:00+00:00,1.08862,1.08644,1.09113,1.08459,0.0280,0.00006,
EURUSD,sell,2023-01-26T22:00:00+00:00,2023-01-27T14:00:00+00:00,1.08862,1.08803,1.08765,1.08459,0.0093,0.00001,
EURUSD,sell,2023-01-29T18:00:00+00:00,2023-01-30T08:00:00+00:00,1.08616,1.08904,1.08866,1.08214,0.0378,-0.00011,
EURUSD,buy,2023-01-29T12:00:00+00:00,2023-01-30T09:00:00+00:00,1.08682,1.08899,1.08432,1.09084,0.0283,0.00006,
EURUSD,buy,2023-01-29T22:00:00+00:00,2023-01-30T09:00:00+00:00,1.08683,1.08900,1.08433,1.09085,0.0283,0.00006,
EURUSD,buy,2023-01-29T12:00:00+00:00,2023-01-30T10:00:00+00:00,1.08682,1.08976,1.09014,1.09084,0.0094,0.00003,
EURUSD,buy,2023-01-29T22:00:00+00:00,2023-01-30T10:00:00+00:00,1.08683,1.08976,1.09014,1.09085,0.0094,0.00003,
EURUSD,sell,2023-01-31T04:00:00+00:00,2023-01-31T08:00:00+00:00,1.08427,1.08210,1.08677,1.08026,0.0286,0.00006,
EURUSD,sell,2023-01-31T04:00:00+00:00,2023-01-31T08:00:00+00:00,1.08427,1.08465,1.08427,1.08026,0.0095,-0.00000,
EURUSD,buy,2023-02-01T07:00:00+00:00,2023-02-01T13:00:00+00:00,1.08831,1.09048,1.08580,1.09233,0.0287,0.00006,
EURUSD,buy,2023-02-01T07:00:00+00:00,2023-02-01T14:00:00+00:00,1.08831,1.08973,1.09011,1.09233,0.0096,0.00001,
EURUSD,sell,2023-02-03T03:00:00+00:00,2023-02-03T09:00:00+00:00,1.08905,1.09194,1.09156,1.08502,0.0386,-0.00011,
EURUSD,buy,2023-02-08T10:00:00+00:00,2023-02-08T14:00:00+00:00,1.07495,1.07211,1.07248,1.07893,0.0386,-0.00011,
EURUSD,sell,2023-02-10T09:00:00+00:00,2023-02-10T15:00:00+00:00,1.07032,1.06818,1.07278,1.06636,0.0287,0.00006,
EURUSD,sell,2023-02-10T09:00:00+00:00,2023-02-10T15:00:00+00:00,1.07032,1.07069,1.07032,1.06636,0.0096,-0.00000,
EURUSD,buy,2023-02-12T22:00:00+00:00,2023-02-13T01:00:00+00:00,1.06809,1.06526,1.06563,1.07204,0.0386,-0.00011,
EURUSD,sell,2023-02-13T01:00:00+00:00,2023-02-13T07:00:00+00:00,1.06636,1.06918,1.06881,1.06241,0.0382,-0.00011,
EURUSD,buy,2023-02-12T16:00:00+00:00,2023-02-13T14:00:00+00:00,1.06786,1.06999,1.06540,1.07181,0.0290,0.00006,
EURUSD,buy,2023-02-12T16:00:00+00:00,2023-02-13T14:00:00+00:00,1.06786,1.06749,1.06786,1.07181,0.0097,-0.00000,
EURUSD,sell,2023-02-12T20:00:00+00:00,2023-02-13T14:00:00+00:00,1.06722,1.07005,1.06968,1.06327,0.0386,-0.00011,
EURUSD,buy,2023-02-13T14:00:00+00:00,2023-02-14T00:00:00+00:00,1.07081,1.07295,1.06835,1.07477,0.0280,0.00006,
EURUSD,buy,2023-02-13T14:00:00+00:00,2023-02-14T01:00:00+00:00,1.07081,1.07260,1.07297,1.07477,0.0093,0.00002,
EURUSD,sell,2023-02-15T10:00:00+00:00,2023-02-15T13:00:00+00:00,1.07122,1.06907,1.07368,1.06725,0.0282,0.00006,
EURUSD,sell,2023-02-15T10:00:00+00:00,2023-02-15T14:00:00+00:00,1.07122,1.06926,1.06889,1.06725,0.0094,0.00002,
EURUSD,buy,2023-02-18T05:00:00+00:00,2023-02-20T12:00:00+00:00,1.06961,1.06678,1.06715,1.07357,0.0381,-0.00011,
EURUSD,sell,2023-02-19T20:00:00+00:00,2023-02-21T02:00:00+00:00,1.06897,1.06683,1.07143,1.06501,0.0285,0.00006,
EURUSD,sell,2023-02-19T20:00:00+00:00,2023-02-21T03:00:00+00:00,1.06897,1.06704,1.06667,1.06501,0.0095,0.00002,
EURUSD,buy,2023-02-26T22:00:00+00:00,2023-02-27T13:00:00+00:00,1.05488,1.05698,1.05245,1.05878,0.0288,0.00006,
EURUSD,buy,2023-02-26T22:00:00+00:00,2023-02-27T14:00:00+00:00,1.05488,1.05722,1.05759,1.05878,0.0096,0.00002,
EURUSD,sell,2023-03-02T18:00:00+00:00,2023-03-03T01:00:00+00:00,1.05895,1.06176,1.06139,1.05503,0.0387,-0.00011,
EURUSD,sell,2023-03-05T20:00:00+00:00,2023-03-06T07:00:00+00:00,1.06305,1.06587,1.06550,1.05912,0.0380,-0.00011,
EURUSD,buy,2023-03-06T03:00:00+00:00,2023-03-06T11:00:00+00:00,1.06488,1.06206,1.06243,1.06882,0.0380,-0.00011,
EURUSD,buy,2023-03-04T00:00:00+00:00,2023-03-06T14:00:00+00:00,1.06369,1.06581,1.06124,1.06762,0.0285,0.00006,
EURUSD,buy,2023-03-04T00:00:00+00:00,2023-03-06T15:00:00+00:00,1.06369,1.06575,1.06612,1.06762,0.0095,0.00002,
EURUSD,sell,2023-03-07T19:00:00+00:00,2023-03-08T15:00:00+00:00,1.05482,1.05762,1.05725,1.05092,0.0377,-0.00011,
EURUSD,buy,2023-03-09T14:00:00+00:00,2023-03-10T07:00:00+00:00,1.05782,1.05993,1.05539,1.06173,0.0278,0.00006,
EURUSD,buy,2023-03-09T14:00:00+00:00,2023-03-10T08:00:00+00:00,1.05782,1.05798,1.05835,1.06173,0.0093,0.00000,
EURUSD,sell,2023-03-12T12:00:00+00:00,2023-03-12T21:00:00+00:00,1.06355,1.06637,1.06600,1.05961,0.0372,-0.00010,
EURUSD,buy,2023-03-12T21:00:00+00:00,2023-03-13T01:00:00+00:00,1.06972,1.06689,1.06726,1.07368,0.0365,-0.00010,
EURUSD,sell,2023-03-15T12:00:00+00:00,2023-03-15T13:00:00+00:00,1.05531,1.05320,1.05774,1.05141,0.0273,0.00006,
EURUSD,sell,2023-03-15T12:00:00+00:00,2023-03-15T13:00:00+00:00,1.05531,1.05568,1.05531,1.05141,0.0091,-0.00000,
EURUSD,buy,2023-03-17T05:00:00+00:00,2023-03-17T10:00:00+00:00,1.06516,1.06234,1.06271,1.06910,0.0364,-0.00010,
EURUSD,sell,2023-03-19T16:00:00+00:00,2023-03-19T21:00:00+00:00,1.06615,1.06897,1.06860,1.06220,0.0359,-0.00010,
EURUSD,buy,2023-03-19T20:00:00+00:00,2023-03-20T07:00:00+00:00,1.06679,1.06397,1.06434,1.07074,0.0359,-0.00010,
EURUSD,sell,2023-03-24T08:00:00+00:00,2023-03-24T09:00:00+00:00,1.07765,1.07549,1.08013,1.07366,0.0259,0.00006,
EURUSD,sell,2023-03-24T08:00:00+00:00,2023-03-24T09:00:00+00:00,1.07765,1.07802,1.07765,1.07366,0.0086,-0.00000,
EURUSD,sell,2023-03-26T13:00:00+00:00,2023-03-26T22:00:00+00:00,1.07534,1.07818,1.07781,1.07136,0.0349,-0.00010,
EURUSD,buy,2023-03-26T09:00:00+00:00,2023-03-27T13:00:00+00:00,1.07598,1.07813,1.07351,1.07996,0.0261,0.00006,
EURUSD,buy,2023-03-26T21:00:00+00:00,2023-03-27T13:00:00+00:00,1.07686,1.07902,1.07439,1.08085,0.0261,0.00006,
EURUSD,buy,2023-03-26T09:00:00+00:00,2023-03-27T14:00:00+00:00,1.07598,1.07718,1.07755,1.07996,0.0087,0.00001,
EURUSD,buy,2023-03-26T21:00:00+00:00,2023-03-27T14:00:00+00:00,1.07686,1.07718,1.07755,1.08085,0.0087,0.00000,
EURUSD,sell,2023-03-31T22:00:00+00:00,2023-04-02T22:00:00+00:00,1.08353,1.08137,1.08603,1.07952,0.0260,0.00006,
EURUSD,sell,2023-03-31T22:00:00+00:00,2023-04-02T22:00:00+00:00,1.08353,1.08391,1.08353,1.07952,0.0087,-0.00000,
EURUSD,buy,2023-04-02T21:00:00+00:00,2023-04-02T22:00:00+00:00,1.08451,1.08164,1.08201,1.08852,0.0347,-0.00010,
EURUSD,sell,2023-04-02T22:00:00+00:00,2023-04-03T03:00:00+00:00,1.08159,1.07942,1.08407,1.07758,0.0259,0.00006,
EURUSD,sell,2023-04-02T22:00:00+00:00,2023-04-03T04:00:00+00:00,1.08159,1.07995,1.07958,1.07758,0.0086,0.00001,
EURUSD,buy,2023-04-03T17:00:00+00:00,2023-04-04T07:00:00+00:00,1.08901,1.09118,1.08650,1.09303,0.0260,0.00006,
EURUSD,buy,2023-04-03T17:00:00+00:00,2023-04-04T07:00:00+00:00,1.08901,1.09271,1.08901,1.09303,0.0087,0.00003,
EURUSD,sell,2023-04-05T23:00:00+00:00,2023-04-06T15:00:00+00:00,1.08996,1.09285,1.09247,1.08593,0.0350,-0.00010,
EURUSD,buy,2023-04-07T05:00:00+00:00,2023-04-07T12:00:00+00:00,1.09203,1.08914,1.08952,1.09607,0.0345,-0.00010,
EURUSD,buy,2023-04-09T22:00:00+00:00,2023-04-10T11:00:00+00:00,1.09126,1.08837,1.08875,1.09529,0.0341,-0.00010,
EURUSD,buy,2023-04-10T07:00:00+00:00,2023-04-10T11:00:00+00:00,1.09199,1.08910,1.08948,1.09603,0.0341,-0.00010,
EURUSD,sell,2023-04-07T23:00:00+00:00,2023-04-10T12:00:00+00:00,1.08996,1.08778,1.09247,1.08593,0.0256,0.00006,
EURUSD,sell,2023-04-07T23:00:00+00:00,2023-04-10T12:00:00+00:00,1.08996,1.08625,1.08996,1.08593,0.0085,0.00003,
EURUSD,sell,2023-04-10T04:00:00+00:00,2023-04-10T12:00:00+00:00,1.08929,1.08711,1.09180,1.08526,0.0256,0.00006,
EURUSD,sell,2023-04-10T04:00:00+00:00,2023-04-10T12:00:00+00:00,1.08929,1.08559,1.08929,1.08526,0.0085,0.00003,
EURUSD,sell,2023-04-10T12:00:00+00:00,2023-04-11T00:00:00+00:00,1.08456,1.08744,1.08706,1.08055,0.0342,-0.00010,
EURUSD,buy,2023-04-11T15:00:00+00:00,2023-04-12T05:00:00+00:00,1.09079,1.09297,1.08828,1.09482,0.0252,0.00005,
EURUSD,buy,2023-04-11T15:00:00+00:00,2023-04-12T06:00:00+00:00,1.09079,1.09213,1.09251,1.09482,0.0084,0.00001,
EURUSD,sell,2023-04-14T23:00:00+00:00,2023-04-17T01:00:00+00:00,1.09889,1.09669,1.10142,1.09482,0.0252,0.00006,
EURUSD,buy,2023-04-16T15:00:00+00:00,2023-04-17T01:00:00+00:00,1.09955,1.09664,1.09702,1.10362,0.0336,-0.00010,
EURUSD,sell,2023-04-16T18:00:00+00:00,2023-04-17T01:00:00+00:00,1.09889,1.09669,1.10142,1.09482,0.0252,0.00006,
EURUSD,sell,2023-04-14T23:00:00+00:00,2023-04-17T02:00:00+00:00,1.09889,1.09796,1.09758,1.09482,0.0084,0.00001,
EURUSD,sell,2023-04-16T18:00:00+00:00,2023-04-17T02:00:00+00:00,1.09889,1.09796,1.09758,1.09482,0.0084,0.00001,
EURUSD,buy,2023-04-18T20:00:00+00:00,2023-04-19T06:00:00+00:00,1.09741,1.09451,1.09489,1.10147,0.0338,-0.00010,
EURUSD,sell,2023-04-19T21:00:00+00:00,2023-04-20T08:00:00+00:00,1.09520,1.09810,1.09772,1.09115,0.0334,-0.00010,
EURUSD,buy,2023-04-20T14:00:00+00:00,2023-04-20T19:00:00+00:00,1.09826,1.09536,1.09573,1.10232,0.0329,-0.00010,
EURUSD,buy,2023-04-23T22:00:00+00:00,2023-04-24T07:00:00+00:00,1.09955,1.09664,1.09702,1.10362,0.0324,-0.00009,
EURUSD,sell,2023-04-23T20:00:00+00:00,2023-04-24T08:00:00+00:00,1.09841,1.10132,1.10094,1.09435,0.0324,-0.00009,
EURUSD,sell,2023-04-24T04:00:00+00:00,2023-04-24T08:00:00+00:00,1.09770,1.10061,1.10023,1.09364,0.0324,-0.00009,
EURUSD,buy,2023-04-24T09:00:00+00:00,2023-04-24T13:00:00+00:00,1.10036,1.10256,1.09783,1.10443,0.0233,0.00005,
EURUSD,buy,2023-04-24T09:00:00+00:00,2023-04-24T14:00:00+00:00,1.10036,1.10167,1.10205,1.10443,0.0078,0.00001,
EURUSD,sell,2023-04-25T21:00:00+00:00,2023-04-26T06:00:00+00:00,1.09708,1.09998,1.09960,1.09302,0.0314,-0.00009,
EURUSD,buy,2023-04-26T19:00:00+00:00,2023-04-27T12:00:00+00:00,1.10389,1.10097,1.10135,1.10797,0.0309,-0.00009,
EURUSD,sell,2023-04-28T01:00:00+00:00,2023-04-28T07:00:00+00:00,1.10234,1.10013,1.10488,1.09826,0.0229,0.00005,
EURUSD,sell,2023-04-28T01:00:00+00:00,2023-04-28T07:00:00+00:00,1.10234,1.10272,1.10234,1.09826,0.0076,-0.00000,
EURUSD,buy,2023-04-30T21:00:00+00:00,2023-05-01T06:00:00+00:00,1.10224,1.09933,1.09971,1.10632,0.0307,-0.00009,
EURUSD,buy,2023-04-29T09:00:00+00:00,2023-05-01T08:00:00+00:00,1.10177,1.09886,1.09924,1.10585,0.0307,-0.00009,
EURUSD,buy,2023-04-29T22:00:00+00:00,2023-05-01T08:00:00+00:00,1.10177,1.09886,1.09924,1.10585,0.0307,-0.00009,
EURUSD,sell,2023-04-30T23:00:00+00:00,2023-05-01T12:00:00+00:00,1.10072,1.10363,1.10325,1.09665,0.0307,-0.00009,
EURUSD,sell,2023-04-29T12:00:00+00:00,2023-05-01T14:00:00+00:00,1.10111,1.09891,1.10364,1.09703,0.0230,0.00005,
EURUSD,sell,2023-04-29T12:00:00+00:00,2023-05-01T14:00:00+00:00,1.10111,1.10149,1.10111,1.09703,0.0077,-0.00000,
EURUSD,sell,2023-04-30T13:00:00+00:00,2023-05-01T14:00:00+00:00,1.10111,1.09891,1.10364,1.09703,0.0230,0.00005,
EURUSD,sell,2023-04-30T13:00:00+00:00,2023-05-01T14:00:00+00:00,1.10111,1.10149,1.10111,1.09703,0.0077,-0.00000,
EURUSD,buy,2023-05-03T03:00:00+00:00,2023-05-03T14:00:00+00:00,1.10327,1.10548,1.10073,1.10735,0.0221,0.00005,
EURUSD,buy,2023-05-03T03:00:00+00:00,2023-05-03T14:00:00+00:00,1.10327,1.10289,1.10327,1.10735,0.0074,-0.00000,
EURUSD,sell,2023-05-04T22:00:00+00:00,2023-05-05T03:00:00+00:00,1.10178,1.10470,1.10431,1.09770,0.0297,-0.00009,
EURUSD,sell,2023-05-07T15:00:00+00:00,2023-05-08T03:00:00+00:00,1.10129,1.10420,1.10382,1.09721,0.0293,-0.00009,
EURUSD,buy,2023-05-07T08:00:00+00:00,2023-05-08T06:00:00+00:00,1.10195,1.10415,1.09942,1.10603,0.0220,0.00005,
EURUSD,buy,2023-05-07T21:00:00+00:00,2023-05-08T06:00:00+00:00,1.10242,1.10462,1.09989,1.10650,0.0220,0.00005,
EURUSD,buy,2023-05-07T08:00:00+00:00,2023-05-08T07:00:00+00:00,1.10195,1.10345,1.10383,1.10603,0.0073,0.00001,
EURUSD,buy,2023-05-07T21:00:00+00:00,2023-05-08T07:00:00+00:00,1.10242,1.10345,1.10383,1.10650,0.0073,0.00001,
EURUSD,sell,2023-05-09T01:00:00+00:00,2023-05-09T12:00:00+00:00,1.09841,1.09621,1.10094,1.09435,0.0222,0.00005,
EURUSD,sell,2023-05-09T01:00:00+00:00,2023-05-09T13:00:00+00:00,1.09841,1.09672,1.09634,1.09435,0.0074,0.00001,
EURUSD,buy,2023-05-11T01:00:00+00:00,2023-05-11T06:00:00+00:00,1.09878,1.09587,1.09625,1.10284,0.0298,-0.00009,
EURUSD,sell,2023-05-11T11:00:00+00:00,2023-05-11T13:00:00+00:00,1.09282,1.09063,1.09534,1.08878,0.0222,0.00005,
EURUSD,sell,2023-05-11T11:00:00+00:00,2023-05-11T13:00:00+00:00,1.09282,1.09320,1.09282,1.08878,0.0074,-0.00000,
EURUSD,buy,2023-05-14T21:00:00+00:00,2023-05-15T12:00:00+00:00,1.08573,1.08790,1.08323,1.08974,0.0225,0.00005,
EURUSD,buy,2023-05-14T21:00:00+00:00,2023-05-15T13:00:00+00:00,1.08573,1.08698,1.08736,1.08974,0.0075,0.00001,
EURUSD,sell,2023-05-17T03:00:00+00:00,2023-05-17T07:00:00+00:00,1.08621,1.08404,1.08871,1.08219,0.0227,0.00005,
EURUSD,sell,2023-05-17T03:00:00+00:00,2023-05-17T07:00:00+00:00,1.08621,1.08659,1.08621,1.08219,0.0076,-0.00000,
EURUSD,sell,2023-05-21T08:00:00+00:00,2023-05-21T23:00:00+00:00,1.07987,1.08273,1.08235,1.07587,0.0306,-0.00009,
EURUSD,buy,2023-05-20T00:00:00+00:00,2023-05-22T12:00:00+00:00,1.08051,1.08267,1.07803,1.08451,0.0230,0.00005,
EURUSD,buy,2023-05-20T00:00:00+00:00,2023-05-22T13:00:00+00:00,1.08051,1.08120,1.08157,1.08451,0.0077,0.00001,
EURUSD,buy,2023-05-21T21:00:00+00:00,2023-05-23T09:00:00+00:00,1.08094,1.07809,1.07846,1.08494,0.0306,-0.00009,
EURUSD,sell,2023-05-23T08:00:00+00:00,2023-05-23T10:00:00+00:00,1.07999,1.07782,1.08247,1.07599,0.0229,0.00005,
EURUSD,sell,2023-05-23T08:00:00+00:00,2023-05-23T11:00:00+00:00,1.07999,1.07849,1.07812,1.07599,0.0076,0.00001,
EURUSD,buy,2023-05-29T01:00:00+00:00,2023-05-29T12:00:00+00:00,1.07348,1.07064,1.07101,1.07745,0.0306,-0.00009,
EURUSD,buy,2023-05-28T14:00:00+00:00,2023-05-30T05:00:00+00:00,1.07259,1.06975,1.07013,1.07656,0.0306,-0.00009,
EURUSD,sell,2023-05-28T16:00:00+00:00,2023-05-30T05:00:00+00:00,1.07195,1.06980,1.07441,1.06798,0.0229,0.00005,
EURUSD,sell,2023-05-29T15:00:00+00:00,2023-05-30T05:00:00+00:00,1.07106,1.06891,1.07352,1.06709,0.0227,0.00005,
EURUSD,sell,2023-05-28T16:00:00+00:00,2023-05-30T06:00:00+00:00,1.07195,1.07019,1.06982,1.06798,0.0076,0.00001,
EURUSD,sell,2023-05-29T15:00:00+00:00,2023-05-30T06:00:00+00:00,1.07106,1.07019,1.06982,1.06709,0.0076,0.00001,
EURUSD,buy,2023-05-30T23:00:00+00:00,2023-05-31T02:00:00+00:00,1.07348,1.07064,1.07101,1.07745,0.0303,-0.00009,
EURUSD,sell,2023-05-31T09:00:00+00:00,2023-05-31T13:00:00+00:00,1.06727,1.07010,1.06973,1.06332,0.0301,-0.00008,
EURUSD,buy,2023-06-01T15:00:00+00:00,2023-06-02T06:00:00+00:00,1.07539,1.07754,1.07292,1.07937,0.0221,0.00005,
EURUSD,buy,2023-06-01T15:00:00+00:00,2023-06-02T07:00:00+00:00,1.07539,1.07623,1.07660,1.07937,0.0074,0.00001,
EURUSD,sell,2023-06-03T02:00:00+00:00,2023-06-05T12:00:00+00:00,1.07031,1.06817,1.07277,1.06635,0.0224,0.00005,
EURUSD,sell,2023-06-03T02:00:00+00:00,2023-06-05T13:00:00+00:00,1.07031,1.06950,1.06913,1.06635,0.0075,0.00001,
EURUSD,sell,2023-06-04T22:00:00+00:00,2023-06-05T14:00:00+00:00,1.06977,1.07260,1.07223,1.06581,0.0298,-0.00008,
EURUSD,buy,2023-06-06T02:00:00+00:00,2023-06-06T08:00:00+00:00,1.07215,1.06932,1.06969,1.07612,0.0297,-0.00008,
EURUSD,sell,2023-06-06T18:00:00+00:00,2023-06-07T10:00:00+00:00,1.06909,1.07192,1.07155,1.06513,0.0293,-0.00008,
EURUSD,buy,2023-06-07T23:00:00+00:00,2023-06-08T11:00:00+00:00,1.07101,1.07315,1.06855,1.07497,0.0217,0.00005,
EURUSD,buy,2023-06-07T23:00:00+00:00,2023-06-08T12:00:00+00:00,1.07101,1.07296,1.07333,1.07497,0.0072,0.00001,
EURUSD,sell,2023-06-10T02:00:00+00:00,2023-06-12T07:00:00+00:00,1.07424,1.07708,1.07671,1.07026,0.0291,-0.00008,
EURUSD,sell,2023-06-11T21:00:00+00:00,2023-06-12T07:00:00+00:00,1.07423,1.07707,1.07670,1.07025,0.0291,-0.00008,
EURUSD,sell,2023-06-12T01:00:00+00:00,2023-06-12T07:00:00+00:00,1.07335,1.07619,1.07582,1.06938,0.0291,-0.00008,
EURUSD,buy,2023-06-11T20:00:00+00:00,2023-06-12T08:00:00+00:00,1.07488,1.07703,1.07241,1.07886,0.0218,0.00005,
EURUSD,buy,2023-06-11T23:00:00+00:00,2023-06-12T08:00:00+00:00,1.07531,1.07746,1.07284,1.07929,0.0218,0.00005,
EURUSD,buy,2023-06-11T20:00:00+00:00,2023-06-12T09:00:00+00:00,1.07488,1.07708,1.07745,1.07886,0.0073,0.00002,
EURUSD,buy,2023-06-11T23:00:00+00:00,2023-06-12T09:00:00+00:00,1.07531,1.07708,1.07745,1.07929,0.0073,0.00001,
EURUSD,buy,2023-06-12T07:00:00+00:00,2023-06-12T13:00:00+00:00,1.07726,1.07441,1.07479,1.08125,0.0279,-0.00008,
EURUSD,buy,2023-06-18T14:00:00+00:00,2023-06-19T09:00:00+00:00,1.09409,1.09120,1.09157,1.09814,0.0276,-0.00008,
EURUSD,buy,2023-06-18T20:00:00+00:00,2023-06-19T09:00:00+00:00,1.09409,1.09120,1.09157,1.09814,0.0276,-0.00008,
EURUSD,sell,2023-06-17T14:00:00+00:00,2023-06-19T10:00:00+00:00,1.09343,1.09124,1.09595,1.08938,0.0207,0.00005,
EURUSD,sell,2023-06-18T17:00:00+00:00,2023-06-19T10:00:00+00:00,1.09343,1.09124,1.09595,1.08938,0.0207,0.00005,
EURUSD,sell,2023-06-17T14:00:00+00:00,2023-06-19T11:00:00+00:00,1.09343,1.09234,1.09196,1.08938,0.0069,0.00001,
EURUSD,sell,2023-06-18T17:00:00+00:00,2023-06-19T11:00:00+00:00,1.09343,1.09234,1.09196,1.08938,0.0069,0.00001,
EURUSD,sell,2023-06-19T06:00:00+00:00,2023-06-20T14:00:00+00:00,1.09260,1.09042,1.09512,1.08856,0.0207,0.00005,
EURUSD,sell,2023-06-19T06:00:00+00:00,2023-06-20T15:00:00+00:00,1.09260,1.09133,1.09095,1.08856,0.0069,0.00001,
EURUSD,buy,2023-06-21T15:00:00+00:00,2023-06-21T17:00:00+00:00,1.09538,1.09757,1.09286,1.09943,0.0207,0.00005,
EURUSD,buy,2023-06-21T15:00:00+00:00,2023-06-21T18:00:00+00:00,1.09538,1.09723,1.09761,1.09943,0.0069,0.00001,
EURUSD,sell,2023-06-23T05:00:00+00:00,2023-06-23T07:00:00+00:00,1.09292,1.09073,1.09544,1.08888,0.0209,0.00005,
EURUSD,sell,2023-06-23T05:00:00+00:00,2023-06-23T07:00:00+00:00,1.09292,1.08920,1.09292,1.08888,0.0070,0.00003,
EURUSD,sell,2023-06-25T17:00:00+00:00,2023-06-26T11:00:00+00:00,1.08872,1.09161,1.09123,1.08469,0.0283,-0.00008,
EURUSD,buy,2023-06-25T05:00:00+00:00,2023-06-26T12:00:00+00:00,1.08938,1.09155,1.08687,1.09341,0.0213,0.00005,
EURUSD,buy,2023-06-25T05:00:00+00:00,2023-06-26T13:00:00+00:00,1.08938,1.09102,1.09140,1.09341,0.0071,0.00001,
EURUSD,buy,2023-06-25T21:00:00+00:00,2023-06-27T01:00:00+00:00,1.09037,1.09255,1.08786,1.09440,0.0212,0.00005,
EURUSD,buy,2023-06-25T21:00:00+00:00,2023-06-27T02:00:00+00:00,1.09037,1.09137,1.09175,1.09440,0.0071,0.00001,
EURUSD,sell,2023-06-28T19:00:00+00:00,2023-06-29T04:00:00+00:00,1.09126,1.08908,1.09377,1.08722,0.0213,0.00005,
EURUSD,sell,2023-06-28T19:00:00+00:00,2023-06-29T05:00:00+00:00,1.09126,1.08970,1.08932,1.08722,0.0071,0.00001,
EURUSD,buy,2023-06-30T23:00:00+00:00,2023-07-03T07:00:00+00:00,1.09128,1.08839,1.08877,1.09531,0.0287,-0.00008,
EURUSD,sell,2023-07-02T13:00:00+00:00,2023-07-03T07:00:00+00:00,1.09062,1.08844,1.09313,1.08659,0.0215,0.00005,
EURUSD,sell,2023-07-02T13:00:00+00:00,2023-07-03T08:00:00+00:00,1.09062,1.08928,1.08890,1.08659,0.0072,0.00001,
EURUSD,buy,2023-07-04T04:00:00+00:00,2023-07-04T20:00:00+00:00,1.09038,1.08749,1.08787,1.09441,0.0286,-0.00008,
EURUSD,sell,2023-07-04T12:00:00+00:00,2023-07-05T05:00:00+00:00,1.08973,1.08755,1.09224,1.08570,0.0215,0.00005,
EURUSD,sell,2023-07-04T12:00:00+00:00,2023-07-05T06:00:00+00:00,1.08973,1.08876,1.08838,1.08570,0.0072,0.00001,
EURUSD,buy,2023-07-06T22:00:00+00:00,2023-07-07T08:00:00+00:00,1.08945,1.08657,1.08694,1.09348,0.0285,-0.00008,
EURUSD,sell,2023-07-09T16:00:00+00:00,2023-07-10T15:00:00+00:00,1.09613,1.09903,1.09865,1.09207,0.0279,-0.00008,
EURUSD,sell,2023-07-10T01:00:00+00:00,2023-07-10T15:00:00+00:00,1.09570,1.09860,1.09822,1.09165,0.0279,-0.00008,
EURUSD,buy,2023-07-09T21:00:00+00:00,2023-07-10T17:00:00+00:00,1.09680,1.09899,1.09428,1.10086,0.0209,0.00005,
EURUSD,buy,2023-07-09T21:00:00+00:00,2023-07-10T18:00:00+00:00,1.09680,1.09875,1.09913,1.10086,0.0070,0.00001,
EURUSD,buy,2023-07-10T18:00:00+00:00,2023-07-11T12:00:00+00:00,1.10023,1.09732,1.09770,1.10430,0.0274,-0.00008,
EURUSD,sell,2023-07-15T14:00:00+00:00,2023-07-17T08:00:00+00:00,1.12201,1.12498,1.12459,1.11786,0.0265,-0.00008,
EURUSD,buy,2023-07-16T21:00:00+00:00,2023-07-17T13:00:00+00:00,1.12315,1.12018,1.12056,1.12730,0.0265,-0.00008,
EURUSD,sell,2023-07-19T01:00:00+00:00,2023-07-19T06:00:00+00:00,1.12217,1.11993,1.12476,1.11802,0.0193,0.00004,
EURUSD,sell,2023-07-19T01:00:00+00:00,2023-07-19T06:00:00+00:00,1.12217,1.12256,1.12217,1.11802,0.0064,-0.00000,
EURUSD,buy,2023-07-23T08:00:00+00:00,2023-07-24T07:00:00+00:00,1.11277,1.10983,1.11022,1.11689,0.0262,-0.00008,
EURUSD,sell,2023-07-23T17:00:00+00:00,2023-07-24T07:00:00+00:00,1.11211,1.10988,1.11466,1.10799,0.0196,0.00004,
EURUSD,sell,2023-07-23T17:00:00+00:00,2023-07-24T07:00:00+00:00,1.11211,1.11249,1.11211,1.10799,0.0065,-0.00000,
EURUSD,buy,2023-07-23T21:00:00+00:00,2023-07-24T07:00:00+00:00,1.11339,1.11045,1.11083,1.11751,0.0262,-0.00008,
EURUSD,sell,2023-07-24T07:00:00+00:00,2023-07-24T11:00:00+00:00,1.10777,1.11070,1.11032,1.10367,0.0258,-0.00008,
EURUSD,buy,2023-07-26T17:00:00+00:00,2023-07-26T18:00:00+00:00,1.10609,1.10830,1.10355,1.11018,0.0191,0.00004,
EURUSD,buy,2023-07-26T17:00:00+00:00,2023-07-26T18:00:00+00:00,1.10609,1.10571,1.10609,1.11018,0.0064,-0.00000,
EURUSD,sell,2023-07-27T20:00:00+00:00,2023-07-28T07:00:00+00:00,1.09716,1.09496,1.09968,1.09310,0.0194,0.00004,
EURUSD,sell,2023-07-27T20:00:00+00:00,2023-07-28T07:00:00+00:00,1.09716,1.09754,1.09716,1.09310,0.0065,-0.00000,
EURUSD,sell,2023-07-30T10:00:00+00:00,2023-07-31T08:00:00+00:00,1.10092,1.10383,1.10345,1.09684,0.0260,-0.00008,
EURUSD,buy,2023-07-29T06:00:00+00:00,2023-07-31T13:00:00+00:00,1.10158,1.10378,1.09905,1.10566,0.0195,0.00004,
EURUSD,buy,2023-07-29T06:00:00+00:00,2023-07-31T13:00:00+00:00,1.10158,1.10120,1.10158,1.10566,0.0065,-0.00000,
EURUSD,buy,2023-07-30T21:00:00+00:00,2023-07-31T19:00:00+00:00,1.10217,1.09926,1.09964,1.10625,0.0259,-0.00008,
EURUSD,sell,2023-08-01T00:00:00+00:00,2023-08-01T12:00:00+00:00,1.09855,1.09635,1.10108,1.09448,0.0191,0.00004,
EURUSD,sell,2023-08-01T00:00:00+00:00,2023-08-01T13:00:00+00:00,1.09855,1.09808,1.09770,1.09448,0.0064,0.00000,
EURUSD,buy,2023-08-04T07:00:00+00:00,2023-08-04T12:00:00+00:00,1.09506,1.09725,1.09254,1.09911,0.0194,0.00004,
EURUSD,buy,2023-08-04T07:00:00+00:00,2023-08-04T12:00:00+00:00,1.09506,1.09468,1.09506,1.09911,0.0065,-0.00000,
EURUSD,buy,2023-08-06T21:00:00+00:00,2023-08-07T05:00:00+00:00,1.10148,1.09857,1.09895,1.10555,0.0258,-0.00008,
EURUSD,sell,2023-08-06T12:00:00+00:00,2023-08-07T06:00:00+00:00,1.09996,1.09776,1.10249,1.09589,0.0194,0.00004,
EURUSD,sell,2023-08-06T12:00:00+00:00,2023-08-07T07:00:00+00:00,1.09996,1.09900,1.09862,1.09589,0.0065,0.00001,
EURUSD,sell,2023-08-07T04:00:00+00:00,2023-08-07T09:00:00+00:00,1.09931,1.09711,1.10184,1.09524,0.0194,0.00004,
EURUSD,sell,2023-08-07T04:00:00+00:00,2023-08-07T10:00:00+00:00,1.09931,1.09774,1.09736,1.09524,0.0065,0.00001,
EURUSD,buy,2023-08-09T19:00:00+00:00,2023-08-10T07:00:00+00:00,1.09768,1.09987,1.09516,1.10174,0.0195,0.00004,
EURUSD,buy,2023-08-09T19:00:00+00:00,2023-08-10T07:00:00+00:00,1.09768,1.10141,1.09768,1.10174,0.0065,0.00002,
EURUSD,sell,2023-08-11T10:00:00+00:00,2023-08-11T13:00:00+00:00,1.09898,1.09678,1.10151,1.09491,0.0197,0.00004,
EURUSD,sell,2023-08-11T10:00:00+00:00,2023-08-11T14:00:00+00:00,1.09898,1.09849,1.09811,1.09491,0.0066,0.00000,
EURUSD,buy,2023-08-13T21:00:00+00:00,2023-08-14T06:00:00+00:00,1.09514,1.09224,1.09262,1.09919,0.0266,-0.00008,
EURUSD,sell,2023-08-14T00:00:00+00:00,2023-08-14T08:00:00+00:00,1.09337,1.09627,1.09589,1.08933,0.0267,-0.00008,
EURUSD,buy,2023-08-20T21:00:00+00:00,2023-08-21T09:00:00+00:00,1.08774,1.08991,1.08524,1.09176,0.0196,0.00004,
EURUSD,buy,2023-08-20T21:00:00+00:00,2023-08-21T10:00:00+00:00,1.08774,1.08880,1.08918,1.09176,0.0065,0.00001,
EURUSD,sell,2023-08-22T19:00:00+00:00,2023-08-23T07:00:00+00:00,1.08424,1.08207,1.08674,1.08023,0.0198,0.00004,
EURUSD,sell,2023-08-22T19:00:00+00:00,2023-08-23T07:00:00+00:00,1.08424,1.08462,1.08424,1.08023,0.0066,-0.00000,
EURUSD,buy,2023-08-24T07:00:00+00:00,2023-08-24T12:00:00+00:00,1.08595,1.08307,1.08345,1.08996,0.0266,-0.00008,
EURUSD,sell,2023-08-24T19:00:00+00:00,2023-08-25T04:00:00+00:00,1.08026,1.07809,1.08274,1.07626,0.0198,0.00004,
EURUSD,sell,2023-08-24T19:00:00+00:00,2023-08-25T05:00:00+00:00,1.08026,1.07870,1.07833,1.07626,0.0066,0.00001,
EURUSD,buy,2023-08-27T21:00:00+00:00,2023-08-28T22:00:00+00:00,1.07984,1.08200,1.07736,1.08384,0.0200,0.00004,
EURUSD,buy,2023-08-27T21:00:00+00:00,2023-08-28T23:00:00+00:00,1.07984,1.08204,1.08241,1.08384,0.0067,0.00001,
EURUSD,sell,2023-08-31T17:00:00+00:00,2023-09-01T12:00:00+00:00,1.08455,1.08743,1.08705,1.08054,0.0267,-0.00008,
EURUSD,buy,2023-09-03T21:00:00+00:00,2023-09-04T07:00:00+00:00,1.07776,1.07992,1.07529,1.08175,0.0199,0.00004,
EURUSD,buy,2023-09-03T21:00:00+00:00,2023-09-04T08:00:00+00:00,1.07776,1.07870,1.07907,1.08175,0.0066,0.00001,
EURUSD,sell,2023-09-05T11:00:00+00:00,2023-09-06T14:00:00+00:00,1.07293,1.07078,1.07540,1.06896,0.0202,0.00004,
EURUSD,sell,2023-09-05T11:00:00+00:00,2023-09-06T14:00:00+00:00,1.07293,1.07330,1.07293,1.06896,0.0067,-0.00000,
EURUSD,buy,2023-09-10T21:00:00+00:00,2023-09-11T14:00:00+00:00,1.07182,1.07396,1.06936,1.07579,0.0204,0.00004,
EURUSD,buy,2023-09-10T21:00:00+00:00,2023-09-11T14:00:00+00:00,1.07182,1.07546,1.07182,1.07579,0.0068,0.00002,
EURUSD,sell,2023-09-12T19:00:00+00:00,2023-09-12T20:00:00+00:00,1.07249,1.07533,1.07496,1.06852,0.0274,-0.00008,
EURUSD,buy,2023-09-13T06:00:00+00:00,2023-09-13T12:00:00+00:00,1.07415,1.07131,1.07168,1.07813,0.0270,-0.00008,
EURUSD,sell,2023-09-14T11:00:00+00:00,2023-09-14T12:00:00+00:00,1.07271,1.07056,1.07518,1.06874,0.0200,0.00004,
EURUSD,sell,2023-09-14T11:00:00+00:00,2023-09-14T12:00:00+00:00,1.07271,1.07308,1.07271,1.06874,0.0067,-0.00000,
EURUSD,buy,2023-09-16T11:00:00+00:00,2023-09-18T15:00:00+00:00,1.06608,1.06821,1.06363,1.07002,0.0203,0.00004,
EURUSD,sell,2023-09-17T01:00:00+00:00,2023-09-18T15:00:00+00:00,1.06544,1.06826,1.06789,1.06150,0.0271,-0.00008,
EURUSD,buy,2023-09-17T21:00:00+00:00,2023-09-18T15:00:00+00:00,1.06662,1.06875,1.06417,1.07057,0.0203,0.00004,
EURUSD,buy,2023-09-16T11:00:00+00:00,2023-09-18T16:00:00+00:00,1.06608,1.06806,1.06843,1.07002,0.0068,0.00001,
EURUSD,buy,2023-09-17T21:00:00+00:00,2023-09-18T16:00:00+00:00,1.06662,1.06806,1.06843,1.07057,0.0068,0.00001,
EURUSD,sell,2023-09-21T02:00:00+00:00,2023-09-21T06:00:00+00:00,1.06239,1.06520,1.06484,1.05846,0.0273,-0.00008,
EURUSD,buy,2023-09-24T21:00:00+00:00,2023-09-25T12:00:00+00:00,1.06480,1.06198,1.06235,1.06874,0.0269,-0.00008,
EURUSD,sell,2023-09-25T12:00:00+00:00,2023-09-25T14:00:00+00:00,1.06189,1.05977,1.06433,1.05796,0.0199,0.00004,
EURUSD,sell,2023-09-25T12:00:00+00:00,2023-09-25T14:00:00+00:00,1.06189,1.05828,1.06189,1.05796,0.0066,0.00002,
EURUSD,buy,2023-09-28T22:00:00+00:00,2023-09-29T07:00:00+00:00,1.05680,1.05891,1.05437,1.06071,0.0203,0.00004,
EURUSD,buy,2023-09-28T22:00:00+00:00,2023-09-29T07:00:00+00:00,1.05680,1.06039,1.05680,1.06071,0.0068,0.00002,
EURUSD,sell,2023-09-30T10:00:00+00:00,2023-10-02T07:00:00+00:00,1.05662,1.05942,1.05905,1.05271,0.0274,-0.00008,
EURUSD,buy,2023-10-04T14:00:00+00:00,2023-10-04T16:00:00+00:00,1.04958,1.05168,1.04717,1.05347,0.0204,0.00004,
EURUSD,buy,2023-10-04T14:00:00+00:00,2023-10-04T17:00:00+00:00,1.04958,1.05073,1.05110,1.05347,0.0068,0.00001,
EURUSD,sell,2023-10-08T16:00:00+00:00,2023-10-08T21:00:00+00:00,1.05796,1.05585,1.06040,1.05405,0.0204,0.00004,
EURUSD,sell,2023-10-08T16:00:00+00:00,2023-10-08T22:00:00+00:00,1.05796,1.05620,1.05583,1.05405,0.0068,0.00001,
EURUSD,buy,2023-10-10T08:00:00+00:00,2023-10-10T11:00:00+00:00,1.06075,1.05794,1.05831,1.06467,0.0274,-0.00008,
EURUSD,sell,2023-10-12T16:00:00+00:00,2023-10-13T10:00:00+00:00,1.05453,1.05242,1.05696,1.05063,0.0204,0.00004,
EURUSD,sell,2023-10-12T16:00:00+00:00,2023-10-13T11:00:00+00:00,1.05453,1.05343,1.05306,1.05063,0.0068,0.00001,
EURUSD,sell,2023-10-15T16:00:00+00:00,2023-10-16T05:00:00+00:00,1.05041,1.05320,1.05283,1.04653,0.0275,-0.00008,
EURUSD,buy,2023-10-15T15:00:00+00:00,2023-10-16T06:00:00+00:00,1.05105,1.05315,1.04863,1.05493,0.0207,0.00004,
EURUSD,buy,2023-10-15T15:00:00+00:00,2023-10-16T07:00:00+00:00,1.05105,1.05228,1.05265,1.05493,0.0069,0.00001,
EURUSD,buy,2023-10-15T21:00:00+00:00,2023-10-16T14:00:00+00:00,1.05243,1.05453,1.05001,1.05632,0.0206,0.00004,
EURUSD,buy,2023-10-15T21:00:00+00:00,2023-10-16T15:00:00+00:00,1.05243,1.05357,1.05394,1.05632,0.0069,0.00001,
EURUSD,sell,2023-10-18T20:00:00+00:00,2023-10-19T11:00:00+00:00,1.05330,1.05609,1.05573,1.04941,0.0276,-0.00008,
EURUSD,buy,2023-10-22T19:00:00+00:00,2023-10-23T06:00:00+00:00,1.05959,1.05678,1.05715,1.06351,0.0271,-0.00008,
EURUSD,buy,2023-10-19T21:00:00+00:00,2023-10-23T08:00:00+00:00,1.05853,1.06064,1.05609,1.06244,0.0203,0.00004,
EURUSD,buy,2023-10-19T21:00:00+00:00,2023-10-23T09:00:00+00:00,1.05853,1.05912,1.05949,1.06244,0.0068,0.00000,
EURUSD,sell,2023-10-22T18:00:00+00:00,2023-10-23T09:00:00+00:00,1.05895,1.06176,1.06139,1.05503,0.0271,-0.00008,
EURUSD,sell,2023-10-22T22:00:00+00:00,2023-10-23T09:00:00+00:00,1.05881,1.06162,1.06125,1.05489,0.0271,-0.00008,
EURUSD,buy,2023-10-23T14:00:00+00:00,2023-10-23T16:00:00+00:00,1.06319,1.06531,1.06074,1.06712,0.0196,0.00004,
EURUSD,buy,2023-10-23T14:00:00+00:00,2023-10-23T17:00:00+00:00,1.06319,1.06558,1.06595,1.06712,0.0065,0.00002,
EURUSD,sell,2023-10-24T23:00:00+00:00,2023-10-25T09:00:00+00:00,1.05917,1.05705,1.06161,1.05525,0.0199,0.00004,
EURUSD,sell,2023-10-24T23:00:00+00:00,2023-10-25T10:00:00+00:00,1.05917,1.05809,1.05772,1.05525,0.0066,0.00001,
EURUSD,buy,2023-10-27T11:00:00+00:00,2023-10-27T12:00:00+00:00,1.05402,1.05612,1.05159,1.05791,0.0202,0.00004,
EURUSD,buy,2023-10-27T11:00:00+00:00,2023-10-27T12:00:00+00:00,1.05402,1.05365,1.05402,1.05791,0.0067,-0.00000,
EURUSD,sell,2023-10-28T15:00:00+00:00,2023-10-30T09:00:00+00:00,1.05573,1.05853,1.05816,1.05183,0.0270,-0.00008,
EURUSD,buy,2023-10-29T21:00:00+00:00,2023-10-30T11:00:00+00:00,1.05689,1.05900,1.05446,1.06080,0.0202,0.00004,
EURUSD,buy,2023-10-29T21:00:00+00:00,2023-10-30T12:00:00+00:00,1.05689,1.05782,1.05819,1.06080,0.0067,0.00001,
EURUSD,sell,2023-11-01T04:00:00+00:00,2023-11-01T12:00:00+00:00,1.05640,1.05429,1.05883,1.05249,0.0201,0.00004,
EURUSD,sell,2023-11-01T04:00:00+00:00,2023-11-01T13:00:00+00:00,1.05640,1.05433,1.05396,1.05249,0.0067,0.00001,
EURUSD,buy,2023-11-02T10:00:00+00:00,2023-11-02T12:00:00+00:00,1.06376,1.06589,1.06131,1.06769,0.0202,0.00004,
EURUSD,buy,2023-11-02T10:00:00+00:00,2023-11-02T12:00:00+00:00,1.06376,1.06339,1.06376,1.06769,0.0067,-0.00000,
EURUSD,sell,2023-11-05T15:00:00+00:00,2023-11-06T08:00:00+00:00,1.07263,1.07547,1.07510,1.06866,0.0269,-0.00008,
EURUSD,sell,2023-11-05T22:00:00+00:00,2023-11-06T08:00:00+00:00,1.07224,1.07508,1.07471,1.06827,0.0269,-0.00008,
EURUSD,buy,2023-11-06T04:00:00+00:00,2023-11-07T00:00:00+00:00,1.07388,1.07104,1.07141,1.07785,0.0269,-0.00008,
EURUSD,buy,2023-11-05T20:00:00+00:00,2023-11-07T01:00:00+00:00,1.07327,1.07043,1.07080,1.07724,0.0269,-0.00008,
EURUSD,sell,2023-11-07T04:00:00+00:00,2023-11-07T11:00:00+00:00,1.07032,1.06818,1.07278,1.06636,0.0192,0.00004,
EURUSD,sell,2023-11-07T04:00:00+00:00,2023-11-07T12:00:00+00:00,1.07032,1.06869,1.06832,1.06636,0.0064,0.00001,
EURUSD,buy,2023-11-09T02:00:00+00:00,2023-11-09T10:00:00+00:00,1.07127,1.06844,1.06881,1.07523,0.0258,-0.00007,
EURUSD,sell,2023-11-09T23:00:00+00:00,2023-11-10T11:00:00+00:00,1.06637,1.06919,1.06882,1.06242,0.0255,-0.00007,
EURUSD,buy,2023-11-12T23:00:00+00:00,2023-11-13T13:00:00+00:00,1.06937,1.06654,1.06691,1.07333,0.0251,-0.00007,
EURUSD,sell,2023-11-12T21:00:00+00:00,2023-11-14T07:00:00+00:00,1.06816,1.07099,1.07062,1.06421,0.0251,-0.00007,
EURUSD,buy,2023-11-11T10:00:00+00:00,2023-11-14T09:00:00+00:00,1.06880,1.07094,1.06634,1.07275,0.0189,0.00004,
EURUSD,buy,2023-11-11T10:00:00+00:00,2023-11-14T10:00:00+00:00,1.06880,1.07111,1.07148,1.07275,0.0063,0.00001,
EURUSD,sell,2023-11-16T11:00:00+00:00,2023-11-16T13:00:00+00:00,1.08489,1.08777,1.08739,1.08088,0.0244,-0.00007,
EURUSD,buy,2023-11-17T03:00:00+00:00,2023-11-17T08:00:00+00:00,1.08572,1.08284,1.08322,1.08973,0.0240,-0.00007,
EURUSD,sell,2023-11-19T22:00:00+00:00,2023-11-20T04:00:00+00:00,1.09059,1.09348,1.09310,1.08656,0.0236,-0.00007,
EURUSD,buy,2023-11-20T05:00:00+00:00,2023-11-20T17:00:00+00:00,1.09219,1.09437,1.08968,1.09623,0.0174,0.00004,
EURUSD,buy,2023-11-20T05:00:00+00:00,2023-11-20T18:00:00+00:00,1.09219,1.09331,1.09369,1.09623,0.0058,0.00001,
EURUSD,sell,2023-11-22T00:00:00+00:00,2023-11-22T08:00:00+00:00,1.09163,1.08945,1.09414,1.08759,0.0176,0.00004,
EURUSD,sell,2023-11-22T00:00:00+00:00,2023-11-22T08:00:00+00:00,1.09163,1.09201,1.09163,1.08759,0.0059,-0.00000,
EURUSD,buy,2023-11-23T16:00:00+00:00,2023-11-24T14:00:00+00:00,1.09094,1.09312,1.08843,1.09497,0.0177,0.00004,
EURUSD,buy,2023-11-23T16:00:00+00:00,2023-11-24T15:00:00+00:00,1.09094,1.09304,1.09342,1.09497,0.0059,0.00001,
EURUSD,sell,2023-11-26T13:00:00+00:00,2023-11-27T06:00:00+00:00,1.09308,1.09598,1.09560,1.08904,0.0238,-0.00007,
EURUSD,buy,2023-11-26T22:00:00+00:00,2023-11-28T13:00:00+00:00,1.09475,1.09694,1.09223,1.09880,0.0179,0.00004,
EURUSD,buy,2023-11-26T22:00:00+00:00,2023-11-28T13:00:00+00:00,1.09475,1.09437,1.09475,1.09880,0.0060,-0.00000,
EURUSD,sell,2023-11-30T03:00:00+00:00,2023-11-30T07:00:00+00:00,1.09709,1.09490,1.09961,1.09303,0.0177,0.00004,
EURUSD,sell,2023-11-30T03:00:00+00:00,2023-11-30T07:00:00+00:00,1.09709,1.09747,1.09709,1.09303,0.0059,-0.00000,
EURUSD,buy,2023-12-03T08:00:00+00:00,2023-12-04T07:00:00+00:00,1.08821,1.08533,1.08570,1.09223,0.0240,-0.00007,
EURUSD,sell,2023-12-03T17:00:00+00:00,2023-12-04T07:00:00+00:00,1.08755,1.08538,1.09006,1.08353,0.0180,0.00004,
EURUSD,buy,2023-12-03T20:00:00+00:00,2023-12-04T07:00:00+00:00,1.08821,1.08533,1.08570,1.09223,0.0240,-0.00007,
EURUSD,sell,2023-12-03T21:00:00+00:00,2023-12-04T07:00:00+00:00,1.08755,1.08538,1.09006,1.08353,0.0180,0.00004,
EURUSD,buy,2023-12-03T22:00:00+00:00,2023-12-04T07:00:00+00:00,1.08862,1.08574,1.08611,1.09264,0.0240,-0.00007,
EURUSD,buy,2023-12-04T02:00:00+00:00,2023-12-04T07:00:00+00:00,1.08859,1.08571,1.08608,1.09261,0.0240,-0.00007,
EURUSD,sell,2023-12-03T17:00:00+00:00,2023-12-04T08:00:00+00:00,1.08755,1.08728,1.08690,1.08353,0.0060,0.00000,
EURUSD,sell,2023-12-03T21:00:00+00:00,2023-12-04T08:00:00+00:00,1.08755,1.08728,1.08690,1.08353,0.0060,0.00000,
EURUSD,sell,2023-12-04T01:00:00+00:00,2023-12-04T14:00:00+00:00,1.08698,1.08481,1.08948,1.08296,0.0180,0.00004,
EURUSD,sell,2023-12-04T01:00:00+00:00,2023-12-04T14:00:00+00:00,1.08698,1.08329,1.08698,1.08296,0.0060,0.00002,
EURUSD,sell,2023-12-04T04:00:00+00:00,2023-12-04T14:00:00+00:00,1.08681,1.08464,1.08931,1.08279,0.0180,0.00004,
EURUSD,sell,2023-12-04T04:00:00+00:00,2023-12-04T14:00:00+00:00,1.08681,1.08312,1.08681,1.08279,0.0060,0.00002,
EURUSD,buy,2023-12-07T23:00:00+00:00,2023-12-08T13:00:00+00:00,1.07927,1.07642,1.07679,1.08327,0.0238,-0.00007,
EURUSD,sell,2023-12-08T17:00:00+00:00,2023-12-11T10:00:00+00:00,1.07528,1.07812,1.07775,1.07130,0.0236,-0.00007,
EURUSD,sell,2023-12-10T19:00:00+00:00,2023-12-12T07:00:00+00:00,1.07560,1.07845,1.07807,1.07162,0.0236,-0.00007,
EURUSD,buy,2023-12-10T13:00:00+00:00,2023-12-12T08:00:00+00:00,1.07624,1.07839,1.07377,1.08022,0.0177,0.00004,
EURUSD,buy,2023-12-10T22:00:00+00:00,2023-12-12T08:00:00+00:00,1.07643,1.07858,1.07396,1.08041,0.0177,0.00004,
EURUSD,sell,2023-12-12T02:00:00+00:00,2023-12-12T08:00:00+00:00,1.07585,1.07870,1.07832,1.07187,0.0233,-0.00007,
EURUSD,sell,2023-12-12T04:00:00+00:00,2023-12-12T08:00:00+00:00,1.07619,1.07904,1.07866,1.07220,0.0233,-0.00007,
EURUSD,buy,2023-12-10T13:00:00+00:00,2023-12-12T09:00:00+00:00,1.07624,1.07768,1.07805,1.08022,0.0059,0.00001,
EURUSD,buy,2023-12-10T22:00:00+00:00,2023-12-12T09:00:00+00:00,1.07643,1.07768,1.07805,1.08041,0.0059,0.00001,
EURUSD,buy,2023-12-12T03:00:00+00:00,2023-12-12T09:00:00+00:00,1.07714,1.07930,1.07467,1.08113,0.0174,0.00004,
EURUSD,buy,2023-12-12T03:00:00+00:00,2023-12-12T10:00:00+00:00,1.07714,1.07889,1.07926,1.08113,0.0058,0.00001,
EURUSD,buy,2023-12-12T08:00:00+00:00,2023-12-12T13:00:00+00:00,1.07884,1.08100,1.07636,1.08283,0.0170,0.00004,
EURUSD,buy,2023-12-12T08:00:00+00:00,2023-12-12T13:00:00+00:00,1.07884,1.07847,1.07884,1.08283,0.0057,-0.00000,
EURUSD,sell,2023-12-15T22:00:00+00:00,2023-12-18T05:00:00+00:00,1.08889,1.09178,1.09140,1.08486,0.0229,-0.00007,
EURUSD,buy,2023-12-17T22:00:00+00:00,2023-12-18T07:00:00+00:00,1.08983,1.09201,1.08732,1.09386,0.0172,0.00004,
EURUSD,buy,2023-12-17T22:00:00+00:00,2023-12-18T08:00:00+00:00,1.08983,1.09123,1.09161,1.09386,0.0057,0.00001,
EURUSD,sell,2023-12-21T00:00:00+00:00,2023-12-21T11:00:00+00:00,1.09464,1.09754,1.09716,1.09059,0.0227,-0.00007,
EURUSD,buy,2023-12-21T18:00:00+00:00,2023-12-22T10:00:00+00:00,1.09929,1.10149,1.09676,1.10336,0.0167,0.00004,
EURUSD,buy,2023-12-21T18:00:00+00:00,2023-12-22T11:00:00+00:00,1.09929,1.10130,1.10168,1.10336,0.0056,0.00001,
EURUSD,sell,2023-12-25T00:00:00+00:00,2023-12-25T23:00:00+00:00,1.09964,1.10255,1.10217,1.09557,0.0225,-0.00007,
EURUSD,sell,2023-12-24T07:00:00+00:00,2023-12-26T16:00:00+00:00,1.10102,1.10393,1.10355,1.09694,0.0224,-0.00007,
EURUSD,sell,2023-12-24T18:00:00+00:00,2023-12-26T16:00:00+00:00,1.10102,1.10393,1.10355,1.09694,0.0224,-0.00007,
EURUSD,buy,2023-12-24T16:00:00+00:00,2023-12-26T19:00:00+00:00,1.10168,1.10388,1.09915,1.10576,0.0168,0.00004,
EURUSD,buy,2023-12-24T21:00:00+00:00,2023-12-26T19:00:00+00:00,1.10168,1.10388,1.09915,1.10576,0.0168,0.00004,
EURUSD,buy,2023-12-24T23:00:00+00:00,2023-12-26T19:00:00+00:00,1.10182,1.10402,1.09929,1.10590,0.0168,0.00004,
EURUSD,buy,2023-12-24T16:00:00+00:00,2023-12-26T20:00:00+00:00,1.10168,1.10364,1.10402,1.10576,0.0056,0.00001,
EURUSD,buy,2023-12-24T21:00:00+00:00,2023-12-26T20:00:00+00:00,1.10168,1.10364,1.10402,1.10576,0.0056,0.00001,
EURUSD,buy,2023-12-24T23:00:00+00:00,2023-12-26T20:00:00+00:00,1.10182,1.10364,1.10402,1.10590,0.0056,0.00001,
EURUSD,buy,2023-12-26T01:00:00+00:00,2023-12-27T08:00:00+00:00,1.10253,1.10473,1.10000,1.10661,0.0166,0.00004,
EURUSD,buy,2023-12-26T01:00:00+00:00,2023-12-27T09:00:00+00:00,1.10253,1.10425,1.10463,1.10661,0.0055,0.00001,
EURUSD,sell,2023-12-29T03:00:00+00:00,2023-12-29T21:00:00+00:00,1.10618,1.10396,1.10872,1.10208,0.0167,0.00004,
EURUSD,sell,2023-12-29T03:00:00+00:00,2023-12-29T22:00:00+00:00,1.10618,1.10412,1.10374,1.10208,0.0056,0.00001,
EURUSD,buy,2024-01-01T22:00:00+00:00,2024-01-02T02:00:00+00:00,1.10471,1.10179,1.10217,1.10880,0.0226,-0.00007,
EURUSD,sell,2024-01-02T02:00:00+00:00,2024-01-02T11:00:00+00:00,1.10154,1.09933,1.10407,1.09746,0.0167,0.00004,
EURUSD,sell,2024-01-02T02:00:00+00:00,2024-01-02T11:00:00+00:00,1.10154,1.09779,1.10154,1.09746,0.0056,0.00002,
EURUSD,buy,2024-01-04T16:00:00+00:00,2024-01-05T06:00:00+00:00,1.09593,1.09303,1.09341,1.09998,0.0227,-0.00007,
EURUSD,sell,2024-01-06T13:00:00+00:00,2024-01-08T14:00:00+00:00,1.09359,1.09649,1.09611,1.08954,0.0225,-0.00007,
EURUSD,sell,2024-01-07T11:00:00+00:00,2024-01-08T14:00:00+00:00,1.09359,1.09649,1.09611,1.08954,0.0225,-0.00007,
EURUSD,sell,2024-01-05T19:00:00+00:00,2024-01-08T15:00:00+00:00,1.09419,1.09709,1.09671,1.09014,0.0224,-0.00007,
EURUSD,buy,2024-01-06T07:00:00+00:00,2024-01-08T15:00:00+00:00,1.09425,1.09644,1.09173,1.09830,0.0168,0.00004,
EURUSD,buy,2024-01-06T18:00:00+00:00,2024-01-08T15:00:00+00:00,1.09425,1.09644,1.09173,1.09830,0.0168,0.00004,
EURUSD,buy,2024-01-07T22:00:00+00:00,2024-01-08T15:00:00+00:00,1.09477,1.09696,1.09225,1.09882,0.0168,0.00004,
EURUSD,buy,2024-01-06T07:00:00+00:00,2024-01-08T16:00:00+00:00,1.09425,1.09645,1.09683,1.09830,0.0056,0.00001,
EURUSD,buy,2024-01-06T18:00:00+00:00,2024-01-08T16:00:00+00:00,1.09425,1.09645,1.09683,1.09830,0.0056,0.00001,
EURUSD,buy,2024-01-07T22:00:00+00:00,2024-01-08T16:00:00+00:00,1.09477,1.09645,1.09683,1.09882,0.0056,0.00001,
EURUSD,sell,2024-01-09T18:00:00+00:00,2024-01-10T09:00:00+00:00,1.09208,1.09497,1.09459,1.08804,0.0223,-0.00006,
EURUSD,buy,2024-01-10T19:00:00+00:00,2024-01-11T13:00:00+00:00,1.09736,1.09955,1.09484,1.10142,0.0164,0.00004,
EURUSD,buy,2024-01-10T19:00:00+00:00,2024-01-11T13:00:00+00:00,1.09736,1.09698,1.09736,1.10142,0.0055,-0.00000,
EURUSD,sell,2024-01-14T23:00:00+00:00,2024-01-15T03:00:00+00:00,1.09418,1.09708,1.09670,1.09013,0.0221,-0.00006,
EURUSD,sell,2024-01-12T16:00:00+00:00,2024-01-16T00:00:00+00:00,1.09550,1.09331,1.09802,1.09145,0.0165,0.00004,
EURUSD,buy,2024-01-14T22:00:00+00:00,2024-01-16T00:00:00+00:00,1.09528,1.09238,1.09276,1.09933,0.0221,-0.00006,
EURUSD,buy,2024-01-15T00:00:00+00:00,2024-01-16T00:00:00+00:00,1.09567,1.09277,1.09315,1.09972,0.0221,-0.00006,
EURUSD,sell,2024-01-12T16:00:00+00:00,2024-01-16T01:00:00+00:00,1.09550,1.09353,1.09315,1.09145,0.0055,0.00001,
EURUSD,sell,2024-01-16T00:00:00+00:00,2024-01-16T09:00:00+00:00,1.09163,1.08945,1.09414,1.08759,0.0161,0.00004,
EURUSD,sell,2024-01-16T00:00:00+00:00,2024-01-16T10:00:00+00:00,1.09163,1.08931,1.08893,1.08759,0.0054,0.00001,
EURUSD,buy,2024-01-18T07:00:00+00:00,2024-01-18T13:00:00+00:00,1.08914,1.08626,1.08663,1.09317,0.0217,-0.00006,
EURUSD,sell,2024-01-19T01:00:00+00:00,2024-01-22T02:00:00+00:00,1.08822,1.09110,1.09073,1.08420,0.0215,-0.00006,
EURUSD,buy,2024-01-22T01:00:00+00:00,2024-01-22T22:00:00+00:00,1.09051,1.08762,1.08800,1.09454,0.0214,-0.00006,
EURUSD,sell,2024-01-22T15:00:00+00:00,2024-01-23T05:00:00+00:00,1.08819,1.09107,1.09070,1.08417,0.0212,-0.00006,
EURUSD,buy,2024-01-19T12:00:00+00:00,2024-01-23T06:00:00+00:00,1.08859,1.09076,1.08608,1.09261,0.0161,0.00004,
EURUSD,buy,2024-01-19T12:00:00+00:00,2024-01-23T07:00:00+00:00,1.08859,1.09000,1.09038,1.09261,0.0054,0.00001,
EURUSD,sell,2024-01-21T22:00:00+00:00,2024-01-23T07:00:00+00:00,1.08891,1.09180,1.09142,1.08488,0.0214,-0.00006,
EURUSD,buy,2024-01-24T16:00:00+00:00,2024-01-24T21:00:00+00:00,1.09038,1.08749,1.08787,1.09441,0.0205,-0.00006,
EURUSD,sell,2024-01-25T18:00:00+00:00,2024-01-26T10:00:00+00:00,1.08269,1.08555,1.08518,1.07868,0.0204,-0.00006,
EURUSD,buy,2024-01-27T04:00:00+00:00,2024-01-29T09:00:00+00:00,1.08537,1.08250,1.08287,1.08938,0.0200,-0.00006,
EURUSD,buy,2024-01-27T11:00:00+00:00,2024-01-29T09:00:00+00:00,1.08537,1.08250,1.08287,1.08938,0.0200,-0.00006,
EURUSD,sell,2024-01-27T10:00:00+00:00,2024-01-29T10:00:00+00:00,1.08471,1.08254,1.08721,1.08070,0.0150,0.00003,
EURUSD,sell,2024-01-27T20:00:00+00:00,2024-01-29T10:00:00+00:00,1.08471,1.08254,1.08721,1.08070,0.0150,0.00003,
EURUSD,sell,2024-01-27T10:00:00+00:00,2024-01-29T11:00:00+00:00,1.08471,1.08290,1.08253,1.08070,0.0050,0.00001,
EURUSD,sell,2024-01-27T20:00:00+00:00,2024-01-29T11:00:00+00:00,1.08471,1.08290,1.08253,1.08070,0.0050,0.00001,
EURUSD,buy,2024-01-30T17:00:00+00:00,2024-01-31T02:00:00+00:00,1.08421,1.08134,1.08171,1.08822,0.0199,-0.00006,
EURUSD,sell,2024-01-31T20:00:00+00:00,2024-02-01T14:00:00+00:00,1.08045,1.08331,1.08293,1.07645,0.0197,-0.00006,
EURUSD,buy,2024-02-01T23:00:00+00:00,2024-02-02T13:00:00+00:00,1.08775,1.08487,1.08525,1.09177,0.0193,-0.00006,
EURUSD,sell,2024-02-02T23:00:00+00:00,2024-02-05T09:00:00+00:00,1.07817,1.07601,1.08065,1.07418,0.0144,0.00003,
EURUSD,sell,2024-02-02T23:00:00+00:00,2024-02-05T10:00:00+00:00,1.07817,1.07597,1.07560,1.07418,0.0048,0.00001,
EURUSD,buy,2024-02-07T05:00:00+00:00,2024-02-09T13:00:00+00:00,1.07658,1.07873,1.07411,1.08057,0.0146,0.00003,
EURUSD,buy,2024-02-07T05:00:00+00:00,2024-02-09T13:00:00+00:00,1.07658,1.07621,1.07658,1.08057,0.0049,-0.00000,
EURUSD,sell,2024-02-09T04:00:00+00:00,2024-02-09T13:00:00+00:00,1.07679,1.07964,1.07926,1.07280,0.0195,-0.00006,
EURUSD,buy,2024-02-09T09:00:00+00:00,2024-02-09T14:00:00+00:00,1.07702,1.07918,1.07455,1.08101,0.0146,0.00003,
EURUSD,buy,2024-02-09T09:00:00+00:00,2024-02-09T15:00:00+00:00,1.07702,1.07761,1.07798,1.08101,0.0049,0.00000,
EURUSD,sell,2024-02-11T13:00:00+00:00,2024-02-12T07:00:00+00:00,1.07789,1.08074,1.08037,1.07390,0.0195,-0.00006,
EURUSD,buy,2024-02-11T22:00:00+00:00,2024-02-12T13:00:00+00:00,1.07871,1.07586,1.07623,1.08270,0.0195,-0.00006,
EURUSD,sell,2024-02-12T19:00:00+00:00,2024-02-13T13:00:00+00:00,1.07661,1.07445,1.07908,1.07262,0.0142,0.00003,
EURUSD,sell,2024-02-12T19:00:00+00:00,2024-02-13T13:00:00+00:00,1.07661,1.07698,1.07661,1.07262,0.0047,-0.00000,
EURUSD,buy,2024-02-15T07:00:00+00:00,2024-02-15T13:00:00+00:00,1.07360,1.07575,1.07113,1.07757,0.0144,0.00003,
EURUSD,buy,2024-02-15T07:00:00+00:00,2024-02-15T14:00:00+00:00,1.07360,1.07554,1.07591,1.07757,0.0048,0.00001,
EURUSD,buy,2024-02-18T23:00:00+00:00,2024-02-19T15:00:00+00:00,1.07872,1.07587,1.07624,1.08271,0.0193,-0.00006,
EURUSD,sell,2024-02-18T16:00:00+00:00,2024-02-20T09:00:00+00:00,1.07717,1.08002,1.07964,1.07318,0.0193,-0.00006,
EURUSD,sell,2024-02-20T00:00:00+00:00,2024-02-20T09:00:00+00:00,1.07664,1.07949,1.07911,1.07265,0.0190,-0.00005,
EURUSD,buy,2024-02-20T11:00:00+00:00,2024-02-20T14:00:00+00:00,1.08015,1.08231,1.07767,1.08415,0.0139,0.00003,
EURUSD,buy,2024-02-20T11:00:00+00:00,2024-02-20T15:00:00+00:00,1.08015,1.08146,1.08183,1.08415,0.0046,0.00001,
EURUSD,sell,2024-02-23T08:00:00+00:00,2024-02-26T10:00:00+00:00,1.08218,1.08504,1.08466,1.07817,0.0186,-0.00005,
EURUSD,buy,2024-02-25T22:00:00+00:00,2024-02-26T11:00:00+00:00,1.08259,1.08476,1.08011,1.08660,0.0140,0.00003,
EURUSD,buy,2024-02-25T22:00:00+00:00,2024-02-26T12:00:00+00:00,1.08259,1.08449,1.08487,1.08660,0.0047,0.00001,
EURUSD,sell,2024-02-28T05:00:00+00:00,2024-02-28T09:00:00+00:00,1.08234,1.08017,1.08483,1.07833,0.0139,0.00003,
EURUSD,sell,2024-02-28T05:00:00+00:00,2024-02-28T10:00:00+00:00,1.08234,1.08163,1.08126,1.07833,0.0046,0.00000,
EURUSD,buy,2024-02-29T10:00:00+00:00,2024-02-29T16:00:00+00:00,1.08411,1.08124,1.08161,1.08812,0.0187,-0.00005,
EURUSD,sell,2024-02-29T17:00:00+00:00,2024-03-01T02:00:00+00:00,1.07966,1.08251,1.08214,1.07566,0.0185,-0.00005,
EURUSD,sell,2024-03-03T16:00:00+00:00,2024-03-04T14:00:00+00:00,1.08335,1.08622,1.08585,1.07935,0.0182,-0.00005,
EURUSD,buy,2024-03-02T01:00:00+00:00,2024-03-04T16:00:00+00:00,1.08401,1.08617,1.08151,1.08801,0.0136,0.00003,
EURUSD,buy,2024-03-02T01:00:00+00:00,2024-03-04T17:00:00+00:00,1.08401,1.08529,1.08567,1.08801,0.0045,0.00001,
EURUSD,buy,2024-03-03T22:00:00+00:00,2024-03-05T15:00:00+00:00,1.08431,1.08647,1.08181,1.08832,0.0136,0.00003,
EURUSD,buy,2024-03-03T22:00:00+00:00,2024-03-05T16:00:00+00:00,1.08431,1.08542,1.08580,1.08832,0.0045,0.00001,
EURUSD,buy,2024-03-10T21:00:00+00:00,2024-03-11T14:00:00+00:00,1.09426,1.09136,1.09174,1.09831,0.0181,-0.00005,
EURUSD,sell,2024-03-09T12:00:00+00:00,2024-03-12T12:00:00+00:00,1.09315,1.09096,1.09567,1.08911,0.0136,0.00003,
EURUSD,sell,2024-03-09T12:00:00+00:00,2024-03-12T12:00:00+00:00,1.09315,1.09353,1.09315,1.08911,0.0045,-0.00000,
EURUSD,sell,2024-03-11T19:00:00+00:00,2024-03-13T16:00:00+00:00,1.09228,1.09517,1.09480,1.08824,0.0179,-0.00005,
EURUSD,buy,2024-03-13T13:00:00+00:00,2024-03-14T13:00:00+00:00,1.09404,1.09115,1.09152,1.09808,0.0180,-0.00005,
EURUSD,sell,2024-03-17T23:00:00+00:00,2024-03-18T11:00:00+00:00,1.08802,1.09090,1.09053,1.08400,0.0176,-0.00005,
EURUSD,buy,2024-03-17T21:00:00+00:00,2024-03-18T17:00:00+00:00,1.08919,1.08631,1.08668,1.09322,0.0176,-0.00005,
EURUSD,buy,2024-03-18T02:00:00+00:00,2024-03-18T17:00:00+00:00,1.08924,1.08636,1.08673,1.09327,0.0176,-0.00005,
EURUSD,buy,2024-03-18T06:00:00+00:00,2024-03-18T17:00:00+00:00,1.08921,1.08633,1.08670,1.09324,0.0176,-0.00005,
EURUSD,buy,2024-03-16T13:00:00+00:00,2024-03-19T05:00:00+00:00,1.08902,1.08614,1.08651,1.09304,0.0176,-0.00005,
EURUSD,sell,2024-03-14T17:00:00+00:00,2024-03-19T07:00:00+00:00,1.08831,1.08614,1.09082,1.08429,0.0132,0.00003,
EURUSD,sell,2024-03-17T07:00:00+00:00,2024-03-19T07:00:00+00:00,1.08836,1.08619,1.09087,1.08434,0.0132,0.00003,
EURUSD,sell,2024-03-18T03:00:00+00:00,2024-03-19T07:00:00+00:00,1.08821,1.08604,1.09072,1.08419,0.0132,0.00003,
EURUSD,sell,2024-03-14T17:00:00+00:00,2024-03-19T08:00:00+00:00,1.08831,1.08599,1.08561,1.08429,0.0044,0.00001,
EURUSD,sell,2024-03-17T07:00:00+00:00,2024-03-19T08:00:00+00:00,1.08836,1.08599,1.08561,1.08434,0.0044,0.00001,
EURUSD,sell,2024-03-18T03:00:00+00:00,2024-03-19T08:00:00+00:00,1.08821,1.08599,1.08561,1.08419,0.0044,0.00001,
EURUSD,sell,2024-03-18T19:00:00+00:00,2024-03-19T09:00:00+00:00,1.08660,1.08443,1.08910,1.08258,0.0125,0.00003,
EURUSD,sell,2024-03-18T19:00:00+00:00,2024-03-19T10:00:00+00:00,1.08660,1.08496,1.08458,1.08258,0.0042,0.00001,
EURUSD,buy,2024-03-20T19:00:00+00:00,2024-03-21T08:00:00+00:00,1.09242,1.08953,1.08991,1.09646,0.0171,-0.00005,
EURUSD,sell,2024-03-22T01:00:00+00:00,2024-03-22T07:00:00+00:00,1.08471,1.08254,1.08721,1.08070,0.0127,0.00003,
EURUSD,sell,2024-03-22T01:00:00+00:00,2024-03-22T08:00:00+00:00,1.08471,1.08331,1.08294,1.08070,0.0042,0.00001,
EURUSD,buy,2024-03-24T17:00:00+00:00,2024-03-25T13:00:00+00:00,1.08097,1.08313,1.07849,1.08497,0.0129,0.00003,
EURUSD,buy,2024-03-24T17:00:00+00:00,2024-03-25T14:00:00+00:00,1.08097,1.08301,1.08338,1.08497,0.0043,0.00001,
EURUSD,sell,2024-03-27T06:00:00+00:00,2024-03-28T07:00:00+00:00,1.08289,1.08072,1.08538,1.07888,0.0130,0.00003,
EURUSD,sell,2024-03-27T06:00:00+00:00,2024-03-28T08:00:00+00:00,1.08289,1.08057,1.08020,1.07888,0.0043,0.00001,
EURUSD,buy,2024-03-30T06:00:00+00:00,2024-04-01T14:00:00+00:00,1.07930,1.07645,1.07682,1.08330,0.0176,-0.00005,
EURUSD,sell,2024-03-31T10:00:00+00:00,2024-04-01T14:00:00+00:00,1.07866,1.07650,1.08114,1.07466,0.0132,0.00003,
EURUSD,sell,2024-03-31T10:00:00+00:00,2024-04-01T14:00:00+00:00,1.07866,1.07499,1.07866,1.07466,0.0044,0.00002,
EURUSD,buy,2024-03-31T16:00:00+00:00,2024-04-01T14:00:00+00:00,1.07930,1.07645,1.07682,1.08330,0.0176,-0.00005,
EURUSD,sell,2024-03-31T19:00:00+00:00,2024-04-01T14:00:00+00:00,1.07866,1.07650,1.08114,1.07466,0.0132,0.00003,
EURUSD,sell,2024-03-31T19:00:00+00:00,2024-04-01T14:00:00+00:00,1.07866,1.07499,1.07866,1.07466,0.0044,0.00002,
EURUSD,buy,2024-03-31T21:00:00+00:00,2024-04-01T14:00:00+00:00,1.07958,1.07673,1.07710,1.08358,0.0176,-0.00005,
EURUSD,sell,2024-03-31T22:00:00+00:00,2024-04-01T14:00:00+00:00,1.07833,1.07617,1.08081,1.07434,0.0132,0.00003,
EURUSD,sell,2024-03-31T22:00:00+00:00,2024-04-01T14:00:00+00:00,1.07833,1.07466,1.07833,1.07434,0.0044,0.00002,
EURUSD,buy,2024-03-31T23:00:00+00:00,2024-04-01T14:00:00+00:00,1.07962,1.07677,1.07714,1.08362,0.0176,-0.00005,
EURUSD,sell,2024-04-01T02:00:00+00:00,2024-04-01T14:00:00+00:00,1.07845,1.07629,1.08093,1.07445,0.0132,0.00003,
EURUSD,sell,2024-04-01T02:00:00+00:00,2024-04-01T14:00:00+00:00,1.07845,1.07478,1.07845,1.07445,0.0044,0.00002,
EURUSD,buy,2024-04-03T02:00:00+00:00,2024-04-03T14:00:00+00:00,1.07774,1.07990,1.07527,1.08173,0.0131,0.00003,
EURUSD,buy,2024-04-03T02:00:00+00:00,2024-04-03T14:00:00+00:00,1.07774,1.08141,1.07774,1.08173,0.0044,0.00002,
EURUSD,sell,2024-04-05T12:00:00+00:00,2024-04-05T15:00:00+00:00,1.08061,1.08347,1.08309,1.07661,0.0176,-0.00005,
EURUSD,sell,2024-04-07T22:00:00+00:00,2024-04-08T13:00:00+00:00,1.08248,1.08534,1.08497,1.07847,0.0174,-0.00005,
EURUSD,sell,2024-04-07T16:00:00+00:00,2024-04-08T15:00:00+00:00,1.08319,1.08606,1.08569,1.07919,0.0174,-0.00005,
EURUSD,sell,2024-04-07T20:00:00+00:00,2024-04-08T15:00:00+00:00,1.08319,1.08606,1.08569,1.07919,0.0174,-0.00005,
EURUSD,buy,2024-04-06T16:00:00+00:00,2024-04-08T23:00:00+00:00,1.08385,1.08601,1.08135,1.08785,0.0130,0.00003,
EURUSD,buy,2024-04-07T17:00:00+00:00,2024-04-08T23:00:00+00:00,1.08385,1.08601,1.08135,1.08785,0.0130,0.00003,
EURUSD,buy,2024-04-06T16:00:00+00:00,2024-04-09T00:00:00+00:00,1.08385,1.08566,1.08604,1.08785,0.0043,0.00001,
EURUSD,buy,2024-04-07T17:00:00+00:00,2024-04-09T00:00:00+00:00,1.08385,1.08566,1.08604,1.08785,0.0043,0.00001,
EURUSD,buy,2024-04-07T21:00:00+00:00,2024-04-09T09:00:00+00:00,1.08404,1.08620,1.08154,1.08804,0.0130,0.00003,
EURUSD,buy,2024-04-07T21:00:00+00:00,2024-04-09T10:00:00+00:00,1.08404,1.08612,1.08650,1.08804,0.0043,0.00001,
EURUSD,buy,2024-04-08T16:00:00+00:00,2024-04-09T12:00:00+00:00,1.08534,1.08750,1.08284,1.08935,0.0125,0.00003,
EURUSD,buy,2024-04-08T16:00:00+00:00,2024-04-09T13:00:00+00:00,1.08534,1.08722,1.08760,1.08935,0.0042,0.00001,
EURUSD,sell,2024-04-10T11:00:00+00:00,2024-04-10T12:00:00+00:00,1.08523,1.08306,1.08773,1.08122,0.0130,0.00003,
EURUSD,sell,2024-04-10T11:00:00+00:00,2024-04-10T12:00:00+00:00,1.08523,1.08561,1.08523,1.08122,0.0043,-0.00000,
EURUSD,sell,2024-04-14T21:00:00+00:00,2024-04-15T05:00:00+00:00,1.06315,1.06597,1.06560,1.05922,0.0178,-0.00005,
EURUSD,buy,2024-04-14T22:00:00+00:00,2024-04-15T14:00:00+00:00,1.06529,1.06247,1.06284,1.06923,0.0178,-0.00005,
EURUSD,buy,2024-04-14T20:00:00+00:00,2024-04-16T01:00:00+00:00,1.06417,1.06135,1.06172,1.06811,0.0178,-0.00005,
EURUSD,sell,2024-04-16T00:00:00+00:00,2024-04-16T11:00:00+00:00,1.06151,1.06432,1.06395,1.05758,0.0173,-0.00005,
EURUSD,buy,2024-04-17T12:00:00+00:00,2024-04-17T17:00:00+00:00,1.06380,1.06593,1.06135,1.06773,0.0126,0.00003,
EURUSD,buy,2024-04-17T12:00:00+00:00,2024-04-17T18:00:00+00:00,1.06380,1.06633,1.06670,1.06773,0.0042,0.00001,
EURUSD,sell,2024-04-19T02:00:00+00:00,2024-04-19T03:00:00+00:00,1.06149,1.06430,1.06393,1.05756,0.0170,-0.00005,
EURUSD,buy,2024-04-21T21:00:00+00:00,2024-04-22T11:00:00+00:00,1.06595,1.06313,1.06350,1.06989,0.0168,-0.00005,
EURUSD,buy,2024-04-20T04:00:00+00:00,2024-04-22T12:00:00+00:00,1.06558,1.06276,1.06313,1.06952,0.0168,-0.00005,
EURUSD,sell,2024-04-21T06:00:00+00:00,2024-04-22T13:00:00+00:00,1.06494,1.06281,1.06739,1.06100,0.0126,0.00003,
EURUSD,sell,2024-04-21T06:00:00+00:00,2024-04-22T14:00:00+00:00,1.06494,1.06445,1.06408,1.06100,0.0042,0.00000,
EURUSD,sell,2024-04-22T21:00:00+00:00,2024-04-23T07:00:00+00:00,1.06487,1.06769,1.06732,1.06093,0.0165,-0.00005,
EURUSD,buy,2024-04-23T09:00:00+00:00,2024-04-23T13:00:00+00:00,1.06624,1.06837,1.06379,1.07018,0.0122,0.00003,
EURUSD,buy,2024-04-23T09:00:00+00:00,2024-04-23T13:00:00+00:00,1.06624,1.06587,1.06624,1.07018,0.0041,-0.00000,
EURUSD,sell,2024-04-26T20:00:00+00:00,2024-04-29T01:00:00+00:00,1.06879,1.07162,1.07125,1.06483,0.0163,-0.00005,
EURUSD,buy,2024-04-28T21:00:00+00:00,2024-04-29T04:00:00+00:00,1.06976,1.07190,1.06730,1.07372,0.0122,0.00003,
EURUSD,buy,2024-04-28T21:00:00+00:00,2024-04-29T05:00:00+00:00,1.06976,1.07201,1.07238,1.07372,0.0041,0.00001,
EURUSD,sell,2024-04-30T16:00:00+00:00,2024-05-01T06:00:00+00:00,1.06757,1.06543,1.07003,1.06362,0.0122,0.00003,
EURUSD,sell,2024-04-30T16:00:00+00:00,2024-05-01T07:00:00+00:00,1.06757,1.06620,1.06583,1.06362,0.0041,0.00001,
EURUSD,buy,2024-05-02T01:00:00+00:00,2024-05-02T12:00:00+00:00,1.07186,1.06903,1.06940,1.07583,0.0164,-0.00005,
EURUSD,sell,2024-05-05T08:00:00+00:00,2024-05-06T12:00:00+00:00,1.07562,1.07847,1.07809,1.07164,0.0161,-0.00005,
EURUSD,buy,2024-05-05T21:00:00+00:00,2024-05-08T01:00:00+00:00,1.07666,1.07382,1.07419,1.08065,0.0161,-0.00005,
EURUSD,sell,2024-05-07T17:00:00+00:00,2024-05-09T08:00:00+00:00,1.07534,1.07319,1.07781,1.07136,0.0119,0.00003,
EURUSD,sell,2024-05-07T17:00:00+00:00,2024-05-09T09:00:00+00:00,1.07534,1.07352,1.07315,1.07136,0.0040,0.00001,
EURUSD,sell,2024-05-11T09:00:00+00:00,2024-05-13T11:00:00+00:00,1.07662,1.07947,1.07909,1.07263,0.0158,-0.00005,
EURUSD,buy,2024-05-12T21:00:00+00:00,2024-05-13T12:00:00+00:00,1.07743,1.07959,1.07496,1.08142,0.0118,0.00003,
EURUSD,buy,2024-05-09T17:00:00+00:00,2024-05-13T13:00:00+00:00,1.07806,1.08022,1.07558,1.08205,0.0118,0.00003,
EURUSD,buy,2024-05-12T21:00:00+00:00,2024-05-13T13:00:00+00:00,1.07743,1.07931,1.07968,1.08142,0.0039,0.00001,
EURUSD,buy,2024-05-09T17:00:00+00:00,2024-05-13T14:00:00+00:00,1.07806,1.07931,1.07968,1.08205,0.0039,0.00000,
EURUSD,sell,2024-05-17T06:00:00+00:00,2024-05-20T06:00:00+00:00,1.08593,1.08881,1.08843,1.08191,0.0157,-0.00005,
EURUSD,buy,2024-05-18T06:00:00+00:00,2024-05-21T13:00:00+00:00,1.08707,1.08419,1.08457,1.09109,0.0157,-0.00005,
EURUSD,buy,2024-05-19T21:00:00+00:00,2024-05-21T13:00:00+00:00,1.08719,1.08431,1.08469,1.09121,0.0157,-0.00005,
EURUSD,sell,2024-05-19T14:00:00+00:00,2024-05-22T10:00:00+00:00,1.08641,1.08424,1.08891,1.08239,0.0118,0.00003,
EURUSD,sell,2024-05-19T14:00:00+00:00,2024-05-22T11:00:00+00:00,1.08641,1.08422,1.08384,1.08239,0.0039,0.00001,
EURUSD,sell,2024-05-20T21:00:00+00:00,2024-05-22T11:00:00+00:00,1.08563,1.08346,1.08813,1.08162,0.0116,0.00003,
EURUSD,sell,2024-05-20T21:00:00+00:00,2024-05-22T12:00:00+00:00,1.08563,1.08405,1.08367,1.08162,0.0039,0.00001,
EURUSD,sell,2024-05-26T11:00:00+00:00,2024-05-28T00:00:00+00:00,1.08427,1.08715,1.08677,1.08026,0.0154,-0.00004,
EURUSD,buy,2024-05-24T18:00:00+00:00,2024-05-28T03:00:00+00:00,1.08529,1.08745,1.08279,1.08930,0.0116,0.00003,
EURUSD,buy,2024-05-24T18:00:00+00:00,2024-05-28T04:00:00+00:00,1.08529,1.08718,1.08756,1.08930,0.0039,0.00001,
EURUSD,buy,2024-05-26T22:00:00+00:00,2024-05-28T04:00:00+00:00,1.08537,1.08753,1.08287,1.08938,0.0116,0.00003,
EURUSD,buy,2024-05-26T22:00:00+00:00,2024-05-28T05:00:00+00:00,1.08537,1.08718,1.08756,1.08938,0.0039,0.00001,
EURUSD,sell,2024-05-29T05:00:00+00:00,2024-05-29T14:00:00+00:00,1.08413,1.08196,1.08663,1.08012,0.0116,0.00003,
EURUSD,sell,2024-05-29T05:00:00+00:00,2024-05-29T14:00:00+00:00,1.08413,1.08451,1.08413,1.08012,0.0039,-0.00000,
EURUSD,buy,2024-05-31T01:00:00+00:00,2024-05-31T10:00:00+00:00,1.08236,1.08453,1.07988,1.08637,0.0118,0.00003,
EURUSD,buy,2024-05-31T01:00:00+00:00,2024-05-31T11:00:00+00:00,1.08236,1.08443,1.08481,1.08637,0.0039,0.00001,
EURUSD,sell,2024-06-02T06:00:00+00:00,2024-06-03T14:00:00+00:00,1.08417,1.08705,1.08667,1.08016,0.0158,-0.00005,
EURUSD,buy,2024-06-02T21:00:00+00:00,2024-06-03T14:00:00+00:00,1.08499,1.08715,1.08249,1.08900,0.0118,0.00003,
EURUSD,buy,2024-06-02T21:00:00+00:00,2024-06-03T15:00:00+00:00,1.08499,1.08658,1.08696,1.08900,0.0039,0.00001,
EURUSD,sell,2024-06-05T03:00:00+00:00,2024-06-06T12:00:00+00:00,1.08751,1.09039,1.09002,1.08349,0.0157,-0.00005,
EURUSD,buy,2024-06-06T07:00:00+00:00,2024-06-07T12:00:00+00:00,1.08815,1.08527,1.08564,1.09217,0.0157,-0.00005,
EURUSD,sell,2024-06-07T15:00:00+00:00,2024-06-09T21:00:00+00:00,1.08032,1.07815,1.08280,1.07632,0.0115,0.00002,
EURUSD,buy,2024-06-09T20:00:00+00:00,2024-06-09T21:00:00+00:00,1.08049,1.07764,1.07801,1.08449,0.0154,-0.00004,
EURUSD,sell,2024-06-07T15:00:00+00:00,2024-06-09T22:00:00+00:00,1.08032,1.07818,1.07781,1.07632,0.0038,0.00001,
EURUSD,sell,2024-06-09T21:00:00+00:00,2024-06-10T09:00:00+00:00,1.07683,1.07467,1.07930,1.07284,0.0115,0.00002,
EURUSD,sell,2024-06-09T21:00:00+00:00,2024-06-10T10:00:00+00:00,1.07683,1.07476,1.07439,1.07284,0.0038,0.00001,
EURUSD,buy,2024-06-12T13:00:00+00:00,2024-06-12T18:00:00+00:00,1.08399,1.08112,1.08149,1.08799,0.0154,-0.00004,
EURUSD,sell,2024-06-13T21:00:00+00:00,2024-06-14T07:00:00+00:00,1.07356,1.07141,1.07603,1.06958,0.0115,0.00002,
EURUSD,sell,2024-06-13T21:00:00+00:00,2024-06-14T08:00:00+00:00,1.07356,1.07154,1.07117,1.06958,0.0038,0.00001,
EURUSD,sell,2024-06-16T19:00:00+00:00,2024-06-17T15:00:00+00:00,1.06993,1.07276,1.07239,1.06597,0.0156,-0.00004,
EURUSD,buy,2024-06-16T05:00:00+00:00,2024-06-17T18:00:00+00:00,1.07057,1.07271,1.06811,1.07453,0.0117,0.00002,
EURUSD,buy,2024-06-16T21:00:00+00:00,2024-06-17T18:00:00+00:00,1.07077,1.07291,1.06831,1.07473,0.0117,0.00002,
EURUSD,buy,2024-06-16T05:00:00+00:00,2024-06-17T19:00:00+00:00,1.07057,1.07265,1.07302,1.07453,0.0039,0.00001,
EURUSD,buy,2024-06-16T21:00:00+00:00,2024-06-17T19:00:00+00:00,1.07077,1.07265,1.07302,1.07473,0.0039,0.00001,
EURUSD,sell,2024-06-20T11:00:00+00:00,2024-06-21T07:00:00+00:00,1.07115,1.06900,1.07361,1.06718,0.0117,0.00003,
EURUSD,sell,2024-06-20T11:00:00+00:00,2024-06-21T07:00:00+00:00,1.07115,1.06750,1.07115,1.06718,0.0039,0.00001,
EURUSD,sell,2024-06-23T16:00:00+00:00,2024-06-24T07:00:00+00:00,1.06886,1.07169,1.07132,1.06490,0.0159,-0.00004,
EURUSD,sell,2024-06-23T21:00:00+00:00,2024-06-24T07:00:00+00:00,1.06869,1.07152,1.07115,1.06473,0.0159,-0.00004,
EURUSD,sell,2024-06-23T23:00:00+00:00,2024-06-24T07:00:00+00:00,1.06845,1.07128,1.07091,1.06449,0.0159,-0.00004,
EURUSD,buy,2024-06-23T07:00:00+00:00,2024-06-24T09:00:00+00:00,1.06950,1.07164,1.06704,1.07346,0.0119,0.00003,
EURUSD,buy,2024-06-23T20:00:00+00:00,2024-06-24T09:00:00+00:00,1.06950,1.07164,1.06704,1.07346,0.0119,0.00003,
EURUSD,buy,2024-06-23T22:00:00+00:00,2024-06-24T09:00:00+00:00,1.06969,1.07183,1.06723,1.07365,0.0119,0.00003,
EURUSD,buy,2024-06-24T05:00:00+00:00,2024-06-24T09:00:00+00:00,1.07018,1.07232,1.06772,1.07414,0.0119,0.00003,
EURUSD,buy,2024-06-23T07:00:00+00:00,2024-06-24T10:00:00+00:00,1.06950,1.07158,1.07195,1.07346,0.0040,0.00001,
EURUSD,buy,2024-06-23T20:00:00+00:00,2024-06-24T10:00:00+00:00,1.06950,1.07158,1.07195,1.07346,0.0040,0.00001,
EURUSD,buy,2024-06-23T22:00:00+00:00,2024-06-24T10:00:00+00:00,1.06969,1.07158,1.07195,1.07365,0.0040,0.00001,
EURUSD,buy,2024-06-24T05:00:00+00:00,2024-06-24T10:00:00+00:00,1.07018,1.07158,1.07195,1.07414,0.0040,0.00001,
EURUSD,sell,2024-06-25T23:00:00+00:00,2024-06-26T11:00:00+00:00,1.07059,1.06845,1.07305,1.06663,0.0119,0.00003,
EURUSD,sell,2024-06-25T23:00:00+00:00,2024-06-26T12:00:00+00:00,1.07059,1.06981,1.06944,1.06663,0.0040,0.00000,
EURUSD,buy,2024-06-27T18:00:00+00:00,2024-06-30T21:00:00+00:00,1.07087,1.07301,1.06841,1.07483,0.0120,0.00003,
EURUSD,sell,2024-06-30T15:00:00+00:00,2024-06-30T21:00:00+00:00,1.07087,1.07370,1.07333,1.06691,0.0160,-0.00005,
EURUSD,buy,2024-06-30T19:00:00+00:00,2024-06-30T21:00:00+00:00,1.07151,1.07365,1.06905,1.07547,0.0120,0.00003,
EURUSD,buy,2024-06-27T18:00:00+00:00,2024-06-30T22:00:00+00:00,1.07087,1.07318,1.07355,1.07483,0.0040,0.00001,
EURUSD,buy,2024-06-30T19:00:00+00:00,2024-06-30T22:00:00+00:00,1.07151,1.07318,1.07355,1.07547,0.0040,0.00001,
EURUSD,sell,2024-07-02T08:00:00+00:00,2024-07-02T13:00:00+00:00,1.07172,1.07456,1.07418,1.06775,0.0160,-0.00005,
EURUSD,buy,2024-07-03T05:00:00+00:00,2024-07-03T12:00:00+00:00,1.07416,1.07631,1.07169,1.07814,0.0119,0.00003,
EURUSD,buy,2024-07-03T05:00:00+00:00,2024-07-03T13:00:00+00:00,1.07416,1.07683,1.07720,1.07814,0.0040,0.00001,
EURUSD,sell,2024-07-07T19:00:00+00:00,2024-07-07T21:00:00+00:00,1.08337,1.08121,1.08587,1.07937,0.0119,0.00003,
EURUSD,sell,2024-07-07T19:00:00+00:00,2024-07-07T22:00:00+00:00,1.08337,1.08262,1.08225,1.07937,0.0040,0.00000,
EURUSD,buy,2024-07-10T19:00:00+00:00,2024-07-11T11:00:00+00:00,1.08319,1.08536,1.08070,1.08720,0.0120,0.00003,
EURUSD,buy,2024-07-10T19:00:00+00:00,2024-07-11T12:00:00+00:00,1.08319,1.08448,1.08486,1.08720,0.0040,0.00001,
EURUSD,buy,2024-07-14T16:00:00+00:00,2024-07-14T21:00:00+00:00,1.09087,1.08798,1.08836,1.09490,0.0160,-0.00005,
EURUSD,sell,2024-07-14T15:00:00+00:00,2024-07-16T12:00:00+00:00,1.09021,1.08803,1.09272,1.08618,0.0120,0.00003,
EURUSD,sell,2024-07-14T15:00:00+00:00,2024-07-16T12:00:00+00:00,1.09021,1.09059,1.09021,1.08618,0.0040,-0.00000,
EURUSD,sell,2024-07-14T17:00:00+00:00,2024-07-16T12:00:00+00:00,1.09021,1.08803,1.09272,1.08618,0.0120,0.00003,
EURUSD,sell,2024-07-14T17:00:00+00:00,2024-07-16T12:00:00+00:00,1.09021,1.09059,1.09021,1.08618,0.0040,-0.00000,
EURUSD,buy,2024-07-15T23:00:00+00:00,2024-07-16T12:00:00+00:00,1.09014,1.08725,1.08763,1.09417,0.0158,-0.00005,
EURUSD,sell,2024-07-16T05:00:00+00:00,2024-07-17T07:00:00+00:00,1.08851,1.09140,1.09102,1.08448,0.0158,-0.00005,
EURUSD,buy,2024-07-17T08:00:00+00:00,2024-07-18T13:00:00+00:00,1.09449,1.09159,1.09197,1.09854,0.0155,-0.00005,
EURUSD,sell,2024-07-18T21:00:00+00:00,2024-07-23T08:00:00+00:00,1.08944,1.08726,1.09195,1.08541,0.0116,0.00003,
EURUSD,sell,2024-07-18T21:00:00+00:00,2024-07-23T09:00:00+00:00,1.08944,1.08821,1.08783,1.08541,0.0039,0.00000,
EURUSD,buy,2024-07-21T21:00:00+00:00,2024-07-23T10:00:00+00:00,1.08872,1.08584,1.08621,1.09274,0.0154,-0.00004,
EURUSD,sell,2024-07-23T12:00:00+00:00,2024-07-24T07:00:00+00:00,1.08526,1.08309,1.08776,1.08125,0.0115,0.00003,
EURUSD,sell,2024-07-23T12:00:00+00:00,2024-07-24T07:00:00+00:00,1.08526,1.08564,1.08526,1.08125,0.0038,-0.00000,
EURUSD,buy,2024-07-28T21:00:00+00:00,2024-07-29T08:00:00+00:00,1.08582,1.08294,1.08332,1.08983,0.0155,-0.00004,
EURUSD,buy,2024-07-29T00:00:00+00:00,2024-07-29T08:00:00+00:00,1.08666,1.08378,1.08416,1.09068,0.0155,-0.00004,
EURUSD,buy,2024-07-25T19:00:00+00:00,2024-07-29T11:00:00+00:00,1.08492,1.08205,1.08242,1.08893,0.0155,-0.00004,
EURUSD,sell,2024-07-27T15:00:00+00:00,2024-07-29T11:00:00+00:00,1.08514,1.08297,1.08764,1.08113,0.0116,0.00003,
EURUSD,sell,2024-07-28T23:00:00+00:00,2024-07-29T11:00:00+00:00,1.08494,1.08277,1.08744,1.08093,0.0116,0.00003,
EURUSD,sell,2024-07-27T15:00:00+00:00,2024-07-29T12:00:00+00:00,1.08514,1.08252,1.08215,1.08113,0.0039,0.00001,
EURUSD,sell,2024-07-28T23:00:00+00:00,2024-07-29T12:00:00+00:00,1.08494,1.08252,1.08215,1.08093,0.0039,0.00001,
EURUSD,sell,2024-07-29T09:00:00+00:00,2024-07-29T14:00:00+00:00,1.08338,1.08122,1.08588,1.07938,0.0113,0.00002,
EURUSD,sell,2024-07-29T09:00:00+00:00,2024-07-29T15:00:00+00:00,1.08338,1.08198,1.08161,1.07938,0.0038,0.00001,
EURUSD,buy,2024-07-31T11:00:00+00:00,2024-07-31T16:00:00+00:00,1.08313,1.08027,1.08064,1.08714,0.0154,-0.00004,
EURUSD,sell,2024-08-01T09:00:00+00:00,2024-08-01T12:00:00+00:00,1.07746,1.08031,1.07994,1.07347,0.0153,-0.00004,
EURUSD,sell,2024-08-04T13:00:00+00:00,2024-08-05T04:00:00+00:00,1.09065,1.09354,1.09316,1.08662,0.0149,-0.00004,
EURUSD,buy,2024-08-02T14:00:00+00:00,2024-08-05T06:00:00+00:00,1.09256,1.08967,1.09005,1.09660,0.0149,-0.00004,
EURUSD,buy,2024-08-04T21:00:00+00:00,2024-08-05T06:00:00+00:00,1.09235,1.08946,1.08984,1.09639,0.0149,-0.00004,
EURUSD,sell,2024-08-06T17:00:00+00:00,2024-08-08T12:00:00+00:00,1.09226,1.09008,1.09478,1.08822,0.0107,0.00002,
EURUSD,sell,2024-08-06T17:00:00+00:00,2024-08-08T12:00:00+00:00,1.09226,1.09264,1.09226,1.08822,0.0036,-0.00000,
EURUSD,buy,2024-08-08T05:00:00+00:00,2024-08-08T12:00:00+00:00,1.09390,1.09101,1.09138,1.09794,0.0143,-0.00004,
EURUSD,sell,2024-08-08T21:00:00+00:00,2024-08-12T15:00:00+00:00,1.09129,1.09418,1.09380,1.08725,0.0142,-0.00004,
EURUSD,sell,2024-08-10T14:00:00+00:00,2024-08-12T15:00:00+00:00,1.09134,1.09423,1.09385,1.08730,0.0142,-0.00004,
EURUSD,sell,2024-08-11T22:00:00+00:00,2024-08-12T15:00:00+00:00,1.09095,1.09384,1.09346,1.08691,0.0142,-0.00004,
EURUSD,sell,2024-08-12T03:00:00+00:00,2024-08-12T15:00:00+00:00,1.09107,1.09396,1.09358,1.08703,0.0142,-0.00004,
EURUSD,buy,2024-08-10T08:00:00+00:00,2024-08-13T12:00:00+00:00,1.09200,1.09418,1.08949,1.09604,0.0106,0.00002,
EURUSD,buy,2024-08-12T02:00:00+00:00,2024-08-13T12:00:00+00:00,1.09211,1.09429,1.08960,1.09615,0.0106,0.00002,
EURUSD,buy,2024-08-10T08:00:00+00:00,2024-08-13T13:00:00+00:00,1.09200,1.09342,1.09380,1.09604,0.0035,0.00001,
EURUSD,buy,2024-08-11T21:00:00+00:00,2024-08-13T13:00:00+00:00,1.09222,1.09440,1.08971,1.09626,0.0106,0.00002,
EURUSD,buy,2024-08-12T02:00:00+00:00,2024-08-13T13:00:00+00:00,1.09211,1.09342,1.09380,1.09615,0.0035,0.00000,
EURUSD,buy,2024-08-12T04:00:00+00:00,2024-08-13T13:00:00+00:00,1.09222,1.09440,1.08971,1.09626,0.0106,0.00002,
EURUSD,buy,2024-08-11T21:00:00+00:00,2024-08-13T14:00:00+00:00,1.09222,1.09463,1.09501,1.09626,0.0035,0.00001,
EURUSD,buy,2024-08-12T04:00:00+00:00,2024-08-13T14:00:00+00:00,1.09222,1.09463,1.09501,1.09626,0.0035,0.00001,
EURUSD,sell,2024-08-15T16:00:00+00:00,2024-08-16T13:00:00+00:00,1.09745,1.10036,1.09998,1.09339,0.0139,-0.00004,
EURUSD,sell,2024-08-18T19:00:00+00:00,2024-08-19T05:00:00+00:00,1.10178,1.10470,1.10431,1.09770,0.0137,-0.00004,
EURUSD,buy,2024-08-16T21:00:00+00:00,2024-08-19T06:00:00+00:00,1.10244,1.10464,1.09991,1.10652,0.0103,0.00002,
EURUSD,buy,2024-08-16T21:00:00+00:00,2024-08-19T07:00:00+00:00,1.10244,1.10369,1.10407,1.10652,0.0034,0.00000,
EURUSD,buy,2024-08-18T21:00:00+00:00,2024-08-19T14:00:00+00:00,1.10291,1.10512,1.10037,1.10699,0.0102,0.00002,
EURUSD,buy,2024-08-18T21:00:00+00:00,2024-08-19T14:00:00+00:00,1.10291,1.10666,1.10291,1.10699,0.0034,0.00001,
EURUSD,sell,2024-08-22T20:00:00+00:00,2024-08-23T14:00:00+00:00,1.11085,1.11379,1.11340,1.10674,0.0137,-0.00004,
EURUSD,buy,2024-08-26T00:00:00+00:00,2024-08-26T10:00:00+00:00,1.11971,1.11675,1.11713,1.12385,0.0134,-0.00004,
EURUSD,buy,2024-08-23T18:00:00+00:00,2024-08-26T11:00:00+00:00,1.11906,1.11610,1.11648,1.12319,0.0134,-0.00004,
EURUSD,sell,2024-08-25T20:00:00+00:00,2024-08-26T12:00:00+00:00,1.11876,1.11653,1.12134,1.11462,0.0100,0.00002,
EURUSD,sell,2024-08-26T01:00:00+00:00,2024-08-26T12:00:00+00:00,1.11860,1.11637,1.12118,1.11446,0.0100,0.00002,
EURUSD,sell,2024-08-25T20:00:00+00:00,2024-08-26T13:00:00+00:00,1.11876,1.11663,1.11625,1.11462,0.0033,0.00001,
EURUSD,sell,2024-08-26T01:00:00+00:00,2024-08-26T13:00:00+00:00,1.11860,1.11663,1.11625,1.11446,0.0033,0.00001,
EURUSD,buy,2024-08-28T01:00:00+00:00,2024-08-28T05:00:00+00:00,1.11771,1.11475,1.11514,1.12184,0.0133,-0.00004,
EURUSD,sell,2024-08-28T10:00:00+00:00,2024-08-29T08:00:00+00:00,1.11219,1.10996,1.11475,1.10807,0.0099,0.00002,
EURUSD,sell,2024-08-28T10:00:00+00:00,2024-08-29T08:00:00+00:00,1.11219,1.11257,1.11219,1.10807,0.0033,-0.00000,
EURUSD,buy,2024-09-01T21:00:00+00:00,2024-09-02T08:00:00+00:00,1.10513,1.10734,1.10259,1.10922,0.0100,0.00002,
EURUSD,buy,2024-09-01T21:00:00+00:00,2024-09-02T09:00:00+00:00,1.10513,1.10602,1.10640,1.10922,0.0033,0.00000,
EURUSD,sell,2024-09-03T15:00:00+00:00,2024-09-04T14:00:00+00:00,1.10389,1.10681,1.10643,1.09980,0.0135,-0.00004,
EURUSD,buy,2024-09-04T16:00:00+00:00,2024-09-05T12:00:00+00:00,1.10878,1.11100,1.10623,1.11288,0.0100,0.00002,
EURUSD,buy,2024-09-04T16:00:00+00:00,2024-09-05T12:00:00+00:00,1.10878,1.10840,1.10878,1.11288,0.0033,-0.00000,
EURUSD,buy,2024-09-08T21:00:00+00:00,2024-09-09T06:00:00+00:00,1.10863,1.10570,1.10608,1.11273,0.0134,-0.00004,
EURUSD,sell,2024-09-07T01:00:00+00:00,2024-09-09T08:00:00+00:00,1.10792,1.10570,1.11047,1.10382,0.0100,0.00002,
EURUSD,sell,2024-09-09T04:00:00+00:00,2024-09-09T08:00:00+00:00,1.10723,1.10501,1.10978,1.10313,0.0100,0.00002,
EURUSD,sell,2024-09-07T01:00:00+00:00,2024-09-09T09:00:00+00:00,1.10792,1.10629,1.10591,1.10382,0.0033,0.00001,
EURUSD,sell,2024-09-09T04:00:00+00:00,2024-09-09T09:00:00+00:00,1.10723,1.10629,1.10591,1.10313,0.0033,0.00000,
EURUSD,buy,2024-09-12T19:00:00+00:00,2024-09-13T09:00:00+00:00,1.10736,1.10958,1.10482,1.11146,0.0101,0.00002,
EURUSD,buy,2024-09-12T19:00:00+00:00,2024-09-13T10:00:00+00:00,1.10736,1.10844,1.10882,1.11146,0.0034,0.00000,
EURUSD,sell,2024-09-14T13:00:00+00:00,2024-09-16T03:00:00+00:00,1.10699,1.10992,1.10953,1.10289,0.0136,-0.00004,
EURUSD,buy,2024-09-15T21:00:00+00:00,2024-09-16T03:00:00+00:00,1.10784,1.11006,1.10529,1.11194,0.0102,0.00002,
EURUSD,buy,2024-09-15T21:00:00+00:00,2024-09-16T04:00:00+00:00,1.10784,1.10931,1.10969,1.11194,0.0034,0.00000,
EURUSD,sell,2024-09-18T04:00:00+00:00,2024-09-18T18:00:00+00:00,1.11167,1.11461,1.11422,1.10755,0.0134,-0.00004,
EURUSD,buy,2024-09-18T18:00:00+00:00,2024-09-18T19:00:00+00:00,1.11525,1.11231,1.11269,1.11938,0.0132,-0.00004,
EURUSD,sell,2024-09-18T21:00:00+00:00,2024-09-19T00:00:00+00:00,1.11131,1.10908,1.11386,1.10719,0.0098,0.00002,
EURUSD,sell,2024-09-18T21:00:00+00:00,2024-09-19T00:00:00+00:00,1.11131,1.11169,1.11131,1.10719,0.0033,-0.00000,
EURUSD,buy,2024-09-19T10:00:00+00:00,2024-09-19T12:00:00+00:00,1.11736,1.11440,1.11479,1.12149,0.0131,-0.00004,
EURUSD,sell,2024-09-22T02:00:00+00:00,2024-09-23T07:00:00+00:00,1.11593,1.11369,1.11849,1.11179,0.0097,0.00002,
EURUSD,sell,2024-09-22T02:00:00+00:00,2024-09-23T07:00:00+00:00,1.11593,1.11631,1.11593,1.11179,0.0032,-0.00000,
EURUSD,buy,2024-09-22T08:00:00+00:00,2024-09-23T07:00:00+00:00,1.11659,1.11364,1.11403,1.12073,0.0130,-0.00004,
EURUSD,sell,2024-09-22T16:00:00+00:00,2024-09-23T07:00:00+00:00,1.11593,1.11369,1.11849,1.11179,0.0097,0.00002,
EURUSD,sell,2024-09-22T16:00:00+00:00,2024-09-23T07:00:00+00:00,1.11593,1.11631,1.11593,1.11179,0.0032,-0.00000,
EURUSD,buy,2024-09-22T18:00:00+00:00,2024-09-23T07:00:00+00:00,1.11659,1.11364,1.11403,1.12073,0.0130,-0.00004,
EURUSD,sell,2024-09-22T19:00:00+00:00,2024-09-23T07:00:00+00:00,1.11593,1.11369,1.11849,1.11179,0.0097,0.00002,
EURUSD,sell,2024-09-22T19:00:00+00:00,2024-09-23T07:00:00+00:00,1.11593,1.11631,1.11593,1.11179,0.0032,-0.00000,
EURUSD,buy,2024-09-22T20:00:00+00:00,2024-09-23T07:00:00+00:00,1.11659,1.11364,1.11403,1.12073,0.0130,-0.00004,
EURUSD,sell,2024-09-22T21:00:00+00:00,2024-09-23T07:00:00+00:00,1.11579,1.11355,1.11835,1.11166,0.0097,0.00002,
EURUSD,sell,2024-09-22T21:00:00+00:00,2024-09-23T07:00:00+00:00,1.11579,1.11617,1.11579,1.11166,0.0032,-0.00000,
EURUSD,buy,2024-09-24T20:00:00+00:00,2024-09-25T13:00:00+00:00,1.11828,1.12051,1.11570,1.12241,0.0096,0.00002,
EURUSD,buy,2024-09-24T20:00:00+00:00,2024-09-25T14:00:00+00:00,1.11828,1.11913,1.11952,1.12241,0.0032,0.00000,
EURUSD,sell,2024-09-26T03:00:00+00:00,2024-09-26T12:00:00+00:00,1.11372,1.11666,1.11628,1.10959,0.0129,-0.00004,
EURUSD,buy,2024-09-27T02:00:00+00:00,2024-09-27T06:00:00+00:00,1.11723,1.11427,1.11466,1.12136,0.0127,-0.00004,
EURUSD,sell,2024-09-28T09:00:00+00:00,2024-09-30T08:00:00+00:00,1.11586,1.11881,1.11842,1.11173,0.0126,-0.00004,
EURUSD,buy,2024-09-29T16:00:00+00:00,2024-09-30T08:00:00+00:00,1.11652,1.11876,1.11396,1.12065,0.0094,0.00002,
EURUSD,buy,2024-09-29T16:00:00+00:00,2024-09-30T08:00:00+00:00,1.11652,1.12032,1.11652,1.12065,0.0031,0.00001,
EURUSD,sell,2024-09-29T18:00:00+00:00,2024-09-30T08:00:00+00:00,1.11586,1.11881,1.11842,1.11173,0.0126,-0.00004,
EURUSD,buy,2024-09-29T22:00:00+00:00,2024-09-30T08:00:00+00:00,1.11741,1.11964,1.11484,1.12154,0.0094,0.00002,
EURUSD,buy,2024-09-29T22:00:00+00:00,2024-09-30T08:00:00+00:00,1.11741,1.11702,1.11741,1.12154,0.0031,-0.00000,
EURUSD,sell,2024-09-30T22:00:00+00:00,2024-10-01T07:00:00+00:00,1.11382,1.11159,1.11638,1.10969,0.0094,0.00002,
EURUSD,sell,2024-09-30T22:00:00+00:00,2024-10-01T08:00:00+00:00,1.11382,1.11239,1.11201,1.10969,0.0031,0.00000,
EURUSD,sell,2024-10-06T19:00:00+00:00,2024-10-08T08:00:00+00:00,1.09706,1.09996,1.09958,1.09300,0.0128,-0.00004,
EURUSD,buy,2024-10-06T13:00:00+00:00,2024-10-09T07:00:00+00:00,1.09772,1.09482,1.09520,1.10178,0.0128,-0.00004,
EURUSD,buy,2024-10-08T00:00:00+00:00,2024-10-09T07:00:00+00:00,1.09850,1.09559,1.09597,1.10256,0.0128,-0.00004,
EURUSD,sell,2024-10-09T04:00:00+00:00,2024-10-10T07:00:00+00:00,1.09598,1.09379,1.09850,1.09192,0.0095,0.00002,
EURUSD,sell,2024-10-09T04:00:00+00:00,2024-10-10T08:00:00+00:00,1.09598,1.09430,1.09392,1.09192,0.0032,0.00001,
EURUSD,buy,2024-10-11T14:00:00+00:00,2024-10-14T00:00:00+00:00,1.09462,1.09172,1.09210,1.09867,0.0125,-0.00004,
EURUSD,buy,2024-10-13T20:00:00+00:00,2024-10-14T11:00:00+00:00,1.09386,1.09097,1.09134,1.09790,0.0125,-0.00004,
EURUSD,sell,2024-10-12T18:00:00+00:00,2024-10-14T13:00:00+00:00,1.09320,1.09101,1.09572,1.08916,0.0094,0.00002,
EURUSD,sell,2024-10-12T18:00:00+00:00,2024-10-14T14:00:00+00:00,1.09320,1.09229,1.09191,1.08916,0.0031,0.00000,
EURUSD,sell,2024-10-13T21:00:00+00:00,2024-10-14T16:00:00+00:00,1.09283,1.09064,1.09535,1.08879,0.0094,0.00002,
EURUSD,sell,2024-10-13T21:00:00+00:00,2024-10-14T17:00:00+00:00,1.09283,1.09080,1.09042,1.08879,0.0031,0.00001,
EURUSD,buy,2024-10-18T19:00:00+00:00,2024-10-21T14:00:00+00:00,1.08671,1.08383,1.08421,1.09073,0.0125,-0.00004,
EURUSD,sell,2024-10-21T04:00:00+00:00,2024-10-21T15:00:00+00:00,1.08554,1.08337,1.08804,1.08153,0.0093,0.00002,
EURUSD,sell,2024-10-21T04:00:00+00:00,2024-10-21T16:00:00+00:00,1.08554,1.08266,1.08229,1.08153,0.0031,0.00001,
EURUSD,buy,2024-10-24T15:00:00+00:00,2024-10-25T08:00:00+00:00,1.08081,1.08297,1.07833,1.08481,0.0094,0.00002,
EURUSD,buy,2024-10-24T15:00:00+00:00,2024-10-25T09:00:00+00:00,1.08081,1.08184,1.08221,1.08481,0.0031,0.00000,
EURUSD,sell,2024-10-26T03:00:00+00:00,2024-10-28T08:00:00+00:00,1.07913,1.08198,1.08161,1.07513,0.0126,-0.00004,
EURUSD,sell,2024-10-28T01:00:00+00:00,2024-10-28T08:00:00+00:00,1.07878,1.08163,1.08126,1.07478,0.0126,-0.00004,
EURUSD,buy,2024-10-27T22:00:00+00:00,2024-10-28T12:00:00+00:00,1.07988,1.08204,1.07740,1.08388,0.0095,0.00002,
EURUSD,buy,2024-10-27T22:00:00+00:00,2024-10-28T13:00:00+00:00,1.07988,1.08103,1.08140,1.08388,0.0032,0.00000,
EURUSD,buy,2024-10-28T08:00:00+00:00,2024-10-29T11:00:00+00:00,1.08223,1.07937,1.07975,1.08624,0.0122,-0.00004,
EURUSD,sell,2024-10-29T21:00:00+00:00,2024-10-30T08:00:00+00:00,1.08121,1.08407,1.08369,1.07720,0.0122,-0.00003,
EURUSD,buy,2024-10-30T08:00:00+00:00,2024-10-30T12:00:00+00:00,1.08377,1.08090,1.08127,1.08777,0.0120,-0.00003,
EURUSD,sell,2024-11-01T20:00:00+00:00,2024-11-03T22:00:00+00:00,1.08295,1.08581,1.08544,1.07894,0.0119,-0.00003,
EURUSD,buy,2024-11-03T22:00:00+00:00,2024-11-04T11:00:00+00:00,1.08839,1.09056,1.08588,1.09241,0.0087,0.00002,
EURUSD,buy,2024-11-03T22:00:00+00:00,2024-11-04T12:00:00+00:00,1.08839,1.08977,1.09015,1.09241,0.0029,0.00000,
EURUSD,sell,2024-11-06T04:00:00+00:00,2024-11-06T06:00:00+00:00,1.07743,1.07527,1.07991,1.07344,0.0089,0.00002,
EURUSD,sell,2024-11-06T04:00:00+00:00,2024-11-06T06:00:00+00:00,1.07743,1.07376,1.07743,1.07344,0.0030,0.00001,
EURUSD,buy,2024-11-07T21:00:00+00:00,2024-11-08T01:00:00+00:00,1.08070,1.07785,1.07822,1.08470,0.0120,-0.00003,
EURUSD,buy,2024-11-10T16:00:00+00:00,2024-11-11T07:00:00+00:00,1.07214,1.06931,1.06968,1.07611,0.0119,-0.00003,
EURUSD,sell,2024-11-08T19:00:00+00:00,2024-11-11T08:00:00+00:00,1.07104,1.06890,1.07350,1.06707,0.0089,0.00002,
EURUSD,sell,2024-11-10T22:00:00+00:00,2024-11-11T08:00:00+00:00,1.07047,1.06833,1.07293,1.06651,0.0089,0.00002,
EURUSD,sell,2024-11-08T19:00:00+00:00,2024-11-11T09:00:00+00:00,1.07104,1.06933,1.06896,1.06707,0.0030,0.00001,
EURUSD,sell,2024-11-10T22:00:00+00:00,2024-11-11T09:00:00+00:00,1.07047,1.06933,1.06896,1.06651,0.0030,0.00000,
EURUSD,buy,2024-11-15T18:00:00+00:00,2024-11-15T20:00:00+00:00,1.05547,1.05267,1.05304,1.05937,0.0122,-0.00003,
EURUSD,sell,2024-11-17T22:00:00+00:00,2024-11-18T08:00:00+00:00,1.05283,1.05562,1.05526,1.04894,0.0120,-0.00003,
EURUSD,sell,2024-11-18T03:00:00+00:00,2024-11-18T08:00:00+00:00,1.05309,1.05588,1.05552,1.04920,0.0120,-0.00003,
EURUSD,sell,2024-11-16T07:00:00+00:00,2024-11-18T09:00:00+00:00,1.05362,1.05641,1.05605,1.04972,0.0120,-0.00003,
EURUSD,buy,2024-11-17T19:00:00+00:00,2024-11-18T09:00:00+00:00,1.05426,1.05636,1.05183,1.05816,0.0090,0.00002,
EURUSD,buy,2024-11-18T01:00:00+00:00,2024-11-18T09:00:00+00:00,1.05453,1.05663,1.05210,1.05843,0.0090,0.00002,
EURUSD,buy,2024-11-18T01:00:00+00:00,2024-11-18T09:00:00+00:00,1.05453,1.05416,1.05453,1.05843,0.0030,-0.00000,
EURUSD,buy,2024-11-18T06:00:00+00:00,2024-11-18T09:00:00+00:00,1.05459,1.05669,1.05216,1.05849,0.0090,0.00002,
EURUSD,buy,2024-11-18T06:00:00+00:00,2024-11-18T09:00:00+00:00,1.05459,1.05422,1.05459,1.05849,0.0030,-0.00000,
EURUSD,buy,2024-11-17T19:00:00+00:00,2024-11-18T10:00:00+00:00,1.05426,1.05421,1.05458,1.05816,0.0030,-0.00000,
EURUSD,sell,2024-11-20T14:00:00+00:00,2024-11-21T00:00:00+00:00,1.05217,1.05496,1.05459,1.04828,0.0118,-0.00003,
EURUSD,buy,2024-11-24T09:00:00+00:00,2024-11-24T22:00:00+00:00,1.04224,1.04433,1.03985,1.04610,0.0088,0.00002,
EURUSD,buy,2024-11-24T09:00:00+00:00,2024-11-24T22:00:00+00:00,1.04224,1.04578,1.04224,1.04610,0.0029,0.00001,
EURUSD,sell,2024-11-27T09:00:00+00:00,2024-11-27T12:00:00+00:00,1.05133,1.05412,1.05375,1.04744,0.0118,-0.00003,
EURUSD,buy,2024-11-27T11:00:00+00:00,2024-11-27T13:00:00+00:00,1.05293,1.05503,1.05050,1.05682,0.0088,0.00002,
EURUSD,buy,2024-11-27T11:00:00+00:00,2024-11-27T13:00:00+00:00,1.05293,1.05256,1.05293,1.05682,0.0029,-0.00000,
EURUSD,sell,2024-12-01T18:00:00+00:00,2024-12-01T23:00:00+00:00,1.05716,1.05505,1.05959,1.05325,0.0088,0.00002,
EURUSD,sell,2024-12-01T18:00:00+00:00,2024-12-02T00:00:00+00:00,1.05716,1.05500,1.05463,1.05325,0.0029,0.00001,
EURUSD,buy,2024-12-03T22:00:00+00:00,2024-12-04T09:00:00+00:00,1.05111,1.04832,1.04869,1.05499,0.0119,-0.00003,
EURUSD,sell,2024-12-07T08:00:00+00:00,2024-12-09T03:00:00+00:00,1.05641,1.05430,1.05884,1.05250,0.0087,0.00002,
EURUSD,buy,2024-12-08T14:00:00+00:00,2024-12-09T03:00:00+00:00,1.05705,1.05425,1.05462,1.06096,0.0116,-0.00003,
EURUSD,sell,2024-12-07T08:00:00+00:00,2024-12-09T04:00:00+00:00,1.05641,1.05436,1.05399,1.05250,0.0029,0.00001,
EURUSD,sell,2024-12-08T22:00:00+00:00,2024-12-09T04:00:00+00:00,1.05592,1.05381,1.05835,1.05202,0.0087,0.00002,
EURUSD,sell,2024-12-08T22:00:00+00:00,2024-12-09T05:00:00+00:00,1.05592,1.05419,1.05382,1.05202,0.0029,0.00001,
EURUSD,buy,2024-12-10T01:00:00+00:00,2024-12-10T09:00:00+00:00,1.05561,1.05281,1.05318,1.05951,0.0117,-0.00003,
EURUSD,sell,2024-12-10T07:00:00+00:00,2024-12-10T12:00:00+00:00,1.05456,1.05245,1.05699,1.05066,0.0088,0.00002,
EURUSD,sell,2024-12-10T07:00:00+00:00,2024-12-10T13:00:00+00:00,1.05456,1.05355,1.05318,1.05066,0.0029,0.00000,
EURUSD,sell,2024-12-15T22:00:00+00:00,2024-12-16T00:00:00+00:00,1.04900,1.05177,1.05141,1.04511,0.0117,-0.00003,
EURUSD,buy,2024-12-16T00:00:00+00:00,2024-12-16T10:00:00+00:00,1.05175,1.04896,1.04933,1.05564,0.0116,-0.00003,
EURUSD,buy,2024-12-14T01:00:00+00:00,2024-12-16T14:00:00+00:00,1.05049,1.04771,1.04807,1.05437,0.0117,-0.00003,
EURUSD,sell,2024-12-17T15:00:00+00:00,2024-12-18T15:00:00+00:00,1.04958,1.04747,1.05199,1.04569,0.0085,0.00002,
EURUSD,sell,2024-12-17T15:00:00+00:00,2024-12-18T15:00:00+00:00,1.04958,1.04994,1.04958,1.04569,0.0028,-0.00000,
EURUSD,buy,2024-12-20T18:00:00+00:00,2024-12-23T07:00:00+00:00,1.04399,1.04123,1.04159,1.04785,0.0114,-0.00003,
EURUSD,buy,2024-12-22T22:00:00+00:00,2024-12-23T08:00:00+00:00,1.04349,1.04073,1.04109,1.04735,0.0114,-0.00003,
EURUSD,sell,2024-12-22T16:00:00+00:00,2024-12-23T10:00:00+00:00,1.04223,1.04014,1.04463,1.03837,0.0086,0.00002,
EURUSD,sell,2024-12-22T16:00:00+00:00,2024-12-23T11:00:00+00:00,1.04223,1.04047,1.04011,1.03837,0.0029,0.00001,
EURUSD,sell,2024-12-23T12:00:00+00:00,2024-12-23T17:00:00+00:00,1.03923,1.04198,1.04162,1.03538,0.0113,-0.00003,
EURUSD,buy,2024-12-25T12:00:00+00:00,2024-12-26T18:00:00+00:00,1.04035,1.04243,1.03796,1.04420,0.0083,0.00002,
EURUSD,buy,2024-12-25T12:00:00+00:00,2024-12-26T19:00:00+00:00,1.04035,1.04106,1.04142,1.04420,0.0028,0.00000,
EURUSD,buy,2024-12-29T22:00:00+00:00,2024-12-30T08:00:00+00:00,1.04338,1.04062,1.04098,1.04724,0.0112,-0.00003,
EURUSD,sell,2024-12-29T06:00:00+00:00,2024-12-30T10:00:00+00:00,1.04194,1.04470,1.04433,1.03808,0.0112,-0.00003,
EURUSD,sell,2024-12-30T16:00:00+00:00,2024-12-30T18:00:00+00:00,1.03826,1.04101,1.04065,1.03442,0.0109,-0.00003,
EURUSD,sell,2025-01-05T22:00:00+00:00,2025-01-06T07:00:00+00:00,1.02978,1.03251,1.03215,1.02597,0.0109,-0.00003,
EURUSD,buy,2025-01-04T04:00:00+00:00,2025-01-06T08:00:00+00:00,1.03097,1.03303,1.02860,1.03478,0.0081,0.00002,
EURUSD,buy,2025-01-04T04:00:00+00:00,2025-01-06T08:00:00+00:00,1.03097,1.03447,1.03097,1.03478,0.0027,0.00001,
EURUSD,buy,2025-01-06T02:00:00+00:00,2025-01-06T08:00:00+00:00,1.03191,1.03397,1.02954,1.03573,0.0081,0.00002,
EURUSD,buy,2025-01-06T02:00:00+00:00,2025-01-06T09:00:00+00:00,1.03191,1.03365,1.03401,1.03573,0.0027,0.00000,
EURUSD,sell,2025-01-08T03:00:00+00:00,2025-01-08T08:00:00+00:00,1.03446,1.03239,1.03684,1.03063,0.0082,0.00002,
EURUSD,sell,2025-01-08T03:00:00+00:00,2025-01-08T09:00:00+00:00,1.03446,1.03299,1.03263,1.03063,0.0027,0.00000,
EURUSD,buy,2025-01-12T22:00:00+00:00,2025-01-13T03:00:00+00:00,1.02493,1.02221,1.02257,1.02872,0.0111,-0.00003,
EURUSD,sell,2025-01-13T03:00:00+00:00,2025-01-13T09:00:00+00:00,1.02122,1.01918,1.02357,1.01744,0.0083,0.00002,
EURUSD,sell,2025-01-13T03:00:00+00:00,2025-01-13T09:00:00+00:00,1.02122,1.02158,1.02122,1.01744,0.0028,-0.00000,
EURUSD,buy,2025-01-14T07:00:00+00:00,2025-01-14T15:00:00+00:00,1.02574,1.02779,1.02338,1.02953,0.0083,0.00002,
EURUSD,buy,2025-01-14T07:00:00+00:00,2025-01-14T15:00:00+00:00,1.02574,1.02922,1.02574,1.02953,0.0028,0.00001,
EURUSD,sell,2025-01-16T10:00:00+00:00,2025-01-16T16:00:00+00:00,1.02824,1.03097,1.03061,1.02444,0.0111,-0.00003,
EURUSD,buy,2025-01-17T08:00:00+00:00,2025-01-17T14:00:00+00:00,1.03000,1.02727,1.02763,1.03381,0.0110,-0.00003,
EURUSD,sell,2025-01-17T20:00:00+00:00,2025-01-20T03:00:00+00:00,1.02722,1.02994,1.02959,1.02342,0.0109,-0.00003,
EURUSD,buy,2025-01-19T22:00:00+00:00,2025-01-20T03:00:00+00:00,1.02804,1.03009,1.02567,1.03184,0.0081,0.00002,
EURUSD,buy,2025-01-19T22:00:00+00:00,2025-01-20T04:00:00+00:00,1.02804,1.02982,1.03018,1.03184,0.0027,0.00000,
EURUSD,sell,2025-01-23T10:00:00+00:00,2025-01-23T16:00:00+00:00,1.04081,1.03872,1.04320,1.03696,0.0080,0.00002,
EURUSD,sell,2025-01-23T10:00:00+00:00,2025-01-23T16:00:00+00:00,1.04081,1.04117,1.04081,1.03696,0.0027,-0.00000,
EURUSD,buy,2025-01-24T04:00:00+00:00,2025-01-24T08:00:00+00:00,1.04503,1.04712,1.04263,1.04890,0.0080,0.00002,
EURUSD,buy,2025-01-24T04:00:00+00:00,2025-01-24T08:00:00+00:00,1.04503,1.04858,1.04503,1.04890,0.0027,0.00001,
EURUSD,sell,2025-01-26T09:00:00+00:00,2025-01-27T01:00:00+00:00,1.04888,1.04678,1.05129,1.04499,0.0081,0.00002,
EURUSD,sell,2025-01-26T09:00:00+00:00,2025-01-27T02:00:00+00:00,1.04888,1.04701,1.04665,1.04499,0.0027,0.00001,
EURUSD,buy,2025-01-27T22:00:00+00:00,2025-01-27T23:00:00+00:00,1.04914,1.04637,1.04673,1.05303,0.0109,-0.00003,
EURUSD,sell,2025-01-27T23:00:00+00:00,2025-01-29T09:00:00+00:00,1.04338,1.04129,1.04578,1.03952,0.0081,0.00002,
EURUSD,sell,2025-01-27T23:00:00+00:00,2025-01-29T10:00:00+00:00,1.04338,1.04118,1.04082,1.03952,0.0027,0.00001,
EURUSD,buy,2025-02-04T08:00:00+00:00,2025-02-04T14:00:00+00:00,1.03373,1.03580,1.03135,1.03755,0.0083,0.00002,
EURUSD,buy,2025-02-04T08:00:00+00:00,2025-02-04T15:00:00+00:00,1.03373,1.03540,1.03576,1.03755,0.0028,0.00000,
EURUSD,sell,2025-02-06T13:00:00+00:00,2025-02-06T18:00:00+00:00,1.03570,1.03844,1.03808,1.03187,0.0111,-0.00003,
EURUSD,buy,2025-02-11T18:00:00+00:00,2025-02-11T19:00:00+00:00,1.03484,1.03691,1.03246,1.03867,0.0082,0.00002,
EURUSD,buy,2025-02-11T18:00:00+00:00,2025-02-11T19:00:00+00:00,1.03484,1.03448,1.03484,1.03867,0.0027,-0.00000,
EURUSD,buy,2025-02-17T01:00:00+00:00,2025-02-17T07:00:00+00:00,1.05083,1.04804,1.04841,1.05471,0.0109,-0.00003,
EURUSD,sell,2025-02-16T11:00:00+00:00,2025-02-18T01:00:00+00:00,1.04882,1.04672,1.05123,1.04493,0.0082,0.00002,
EURUSD,sell,2025-02-16T11:00:00+00:00,2025-02-18T02:00:00+00:00,1.04882,1.04741,1.04705,1.04493,0.0027,0.00000,
EURUSD,sell,2025-02-17T08:00:00+00:00,2025-02-18T13:00:00+00:00,1.04712,1.04502,1.04952,1.04324,0.0081,0.00002,
EURUSD,sell,2025-02-17T08:00:00+00:00,2025-02-18T14:00:00+00:00,1.04712,1.04584,1.04548,1.04324,0.0027,0.00000,
EURUSD,buy,2025-02-20T17:00:00+00:00,2025-02-21T08:00:00+00:00,1.04922,1.04645,1.04681,1.05311,0.0110,-0.00003,
EURUSD,sell,2025-02-22T02:00:00+00:00,2025-02-23T22:00:00+00:00,1.04539,1.04816,1.04779,1.04152,0.0108,-0.00003,
EURUSD,buy,2025-02-23T22:00:00+00:00,2025-02-24T00:00:00+00:00,1.04758,1.04968,1.04518,1.05146,0.0080,0.00002,
EURUSD,buy,2025-02-23T22:00:00+00:00,2025-02-24T00:00:00+00:00,1.04758,1.04722,1.04758,1.05146,0.0027,-0.00000,
EURUSD,sell,2025-02-25T02:00:00+00:00,2025-02-25T12:00:00+00:00,1.04712,1.04989,1.04952,1.04324,0.0108,-0.00003,
EURUSD,buy,2025-02-25T17:00:00+00:00,2025-02-26T12:00:00+00:00,1.05052,1.04774,1.04810,1.05440,0.0106,-0.00003,
EURUSD,sell,2025-02-27T00:00:00+00:00,2025-02-27T13:00:00+00:00,1.04740,1.04530,1.04981,1.04352,0.0079,0.00002,
EURUSD,sell,2025-02-27T00:00:00+00:00,2025-02-27T13:00:00+00:00,1.04740,1.04776,1.04740,1.04352,0.0026,-0.00000,
EURUSD,buy,2025-03-02T19:00:00+00:00,2025-03-02T22:00:00+00:00,1.03778,1.03986,1.03540,1.04162,0.0080,0.00002,
EURUSD,buy,2025-03-02T19:00:00+00:00,2025-03-02T23:00:00+00:00,1.03778,1.03961,1.03997,1.04162,0.0027,0.00000,
EURUSD,buy,2025-03-02T22:00:00+00:00,2025-03-03T10:00:00+00:00,1.04063,1.04271,1.03824,1.04448,0.0080,0.00002,
EURUSD,buy,2025-03-02T22:00:00+00:00,2025-03-03T11:00:00+00:00,1.04063,1.04367,1.04403,1.04448,0.0027,0.00001,
EURUSD,sell,2025-03-08T23:00:00+00:00,2025-03-09T22:00:00+00:00,1.08260,1.08546,1.08509,1.07859,0.0104,-0.00003,
EURUSD,buy,2025-03-09T22:00:00+00:00,2025-03-10T07:00:00+00:00,1.08523,1.08236,1.08273,1.08924,0.0103,-0.00003,
EURUSD,sell,2025-03-13T01:00:00+00:00,2025-03-13T07:00:00+00:00,1.08856,1.08638,1.09107,1.08453,0.0076,0.00002,
EURUSD,sell,2025-03-13T01:00:00+00:00,2025-03-13T08:00:00+00:00,1.08856,1.08875,1.08837,1.08453,0.0025,-0.00000,
EURUSD,sell,2025-03-16T09:00:00+00:00,2025-03-17T09:00:00+00:00,1.08732,1.09020,1.08983,1.08330,0.0102,-0.00003,
EURUSD,buy,2025-03-14T22:00:00+00:00,2025-03-17T10:00:00+00:00,1.08798,1.09015,1.08547,1.09200,0.0076,0.00002,
EURUSD,buy,2025-03-16T21:00:00+00:00,2025-03-17T10:00:00+00:00,1.08834,1.09051,1.08583,1.09236,0.0076,0.00002,
EURUSD,buy,2025-03-14T22:00:00+00:00,2025-03-17T11:00:00+00:00,1.08798,1.08925,1.08963,1.09200,0.0025,0.00000,
EURUSD,buy,2025-03-16T21:00:00+00:00,2025-03-17T11:00:00+00:00,1.08834,1.08925,1.08963,1.09236,0.0025,0.00000,
EURUSD,sell,2025-03-19T14:00:00+00:00,2025-03-19T18:00:00+00:00,1.08805,1.09093,1.09056,1.08403,0.0102,-0.00003,
EURUSD,buy,2025-03-23T21:00:00+00:00,2025-03-24T07:00:00+00:00,1.08202,1.08419,1.07954,1.08603,0.0076,0.00002,
EURUSD,buy,2025-03-23T21:00:00+00:00,2025-03-24T08:00:00+00:00,1.08202,1.08333,1.08371,1.08603,0.0025,0.00000,
EURUSD,sell,2025-03-24T23:00:00+00:00,2025-03-25T10:00:00+00:00,1.07990,1.08276,1.08238,1.07590,0.0102,-0.00003,
EURUSD,buy,2025-03-27T19:00:00+00:00,2025-03-28T09:00:00+00:00,1.07979,1.07694,1.07731,1.08379,0.0101,-0.00003,
EURUSD,sell,2025-03-30T19:00:00+00:00,2025-03-31T01:00:00+00:00,1.08205,1.08491,1.08453,1.07804,0.0100,-0.00003,
EURUSD,buy,2025-03-31T00:00:00+00:00,2025-03-31T08:00:00+00:00,1.08448,1.08161,1.08198,1.08849,0.0099,-0.00003,
EURUSD,sell,2025-03-31T15:00:00+00:00,2025-03-31T16:00:00+00:00,1.07908,1.08193,1.08156,1.07508,0.0097,-0.00003,
EURUSD,buy,2025-04-02T16:00:00+00:00,2025-04-02T20:00:00+00:00,1.08552,1.08769,1.08302,1.08953,0.0072,0.00002,
EURUSD,buy,2025-04-02T16:00:00+00:00,2025-04-02T20:00:00+00:00,1.08552,1.08514,1.08552,1.08953,0.0024,-0.00000,
EURUSD,sell,2025-04-04T23:00:00+00:00,2025-04-06T21:00:00+00:00,1.09540,1.09321,1.09792,1.09135,0.0071,0.00002,
EURUSD,sell,2025-04-04T23:00:00+00:00,2025-04-06T21:00:00+00:00,1.09540,1.09167,1.09540,1.09135,0.0024,0.00001,
EURUSD,buy,2025-04-06T17:00:00+00:00,2025-04-06T21:00:00+00:00,1.09606,1.09316,1.09354,1.10011,0.0095,-0.00003,
EURUSD,sell,2025-04-06T21:00:00+00:00,2025-04-06T22:00:00+00:00,1.09115,1.09404,1.09366,1.08711,0.0095,-0.00003,
EURUSD,buy,2025-04-06T23:00:00+00:00,2025-04-07T00:00:00+00:00,1.09865,1.09574,1.09612,1.10271,0.0093,-0.00003,
